[0.017s] Invoking command in '/home/avcpp/AV-CPP2025/Vehicle/build/vehicle_core': CMAKE_PREFIX_PATH=${CMAKE_PREFIX_PATH}:/opt/ros/humble /usr/bin/cmake /home/avcpp/AV-CPP2025/Vehicle/src/vehicle_core -DAMENT_CMAKE_SYMLINK_INSTALL=1 -DCMAKE_INSTALL_PREFIX=/home/avcpp/AV-CPP2025/Vehicle/install/vehicle_core
[0.052s] -- Found ament_cmake: 1.3.12 (/opt/ros/humble/share/ament_cmake/cmake)
[0.320s] -- Override CMake install command with custom implementation using symlinks instead of copying resources
[0.330s] -- Found rclcpp: 16.0.15 (/opt/ros/humble/share/rclcpp/cmake)
[0.364s] -- Found rosidl_generator_c: 3.1.7 (/opt/ros/humble/share/rosidl_generator_c/cmake)
[0.368s] -- Found rosidl_adapter: 3.1.7 (/opt/ros/humble/share/rosidl_adapter/cmake)
[0.376s] -- Found rosidl_generator_cpp: 3.1.7 (/opt/ros/humble/share/rosidl_generator_cpp/cmake)
[0.390s] -- Using all available rosidl_typesupport_c: rosidl_typesupport_fastrtps_c;rosidl_typesupport_introspection_c
[0.406s] -- Using all available rosidl_typesupport_cpp: rosidl_typesupport_fastrtps_cpp;rosidl_typesupport_introspection_cpp
[0.450s] -- Found rmw_implementation_cmake: 6.1.2 (/opt/ros/humble/share/rmw_implementation_cmake/cmake)
[0.452s] -- Found rmw_fastrtps_cpp: 6.2.8 (/opt/ros/humble/share/rmw_fastrtps_cpp/cmake)
[0.606s] -- Using RMW implementation 'rmw_fastrtps_cpp' as default
[0.680s] -- Found rclcpp_components: 16.0.15 (/opt/ros/humble/share/rclcpp_components/cmake)
[0.708s] -- Found std_srvs: 4.9.0 (/opt/ros/humble/share/std_srvs/cmake)
[0.720s] -- Found rosidl_default_generators: 1.2.0 (/opt/ros/humble/share/rosidl_default_generators/cmake)
[0.729s] -- Found geometry_msgs: 4.9.0 (/opt/ros/humble/share/geometry_msgs/cmake)
[0.748s] -- Found nav_msgs: 4.9.0 (/opt/ros/humble/share/nav_msgs/cmake)
[0.774s] -- Found sensor_msgs: 4.9.0 (/opt/ros/humble/share/sensor_msgs/cmake)
[0.800s] -- Found tf2: 0.25.16 (/opt/ros/humble/share/tf2/cmake)
[0.805s] -- Found cv_bridge: 3.2.1 (/opt/ros/humble/share/cv_bridge/cmake)
[0.820s] -- Found robot_localization: 3.5.4 (/opt/ros/humble/share/robot_localization/cmake)
[1.638s] -- Found ament_cmake_ros: 0.10.0 (/opt/ros/humble/share/ament_cmake_ros/cmake)
[2.379s] -- Using all available rosidl_typesupport_c: rosidl_typesupport_fastrtps_c;rosidl_typesupport_introspection_c
[2.681s] -- Using all available rosidl_typesupport_cpp: rosidl_typesupport_fastrtps_cpp;rosidl_typesupport_introspection_cpp
[2.743s] -- Found PythonInterp: /usr/bin/python3 (found suitable version "3.10.12", minimum required is "3.6") 
[2.745s] -- Found python_cmake_module: 0.10.0 (/opt/ros/humble/share/python_cmake_module/cmake)
[2.808s] -- Found PythonLibs: /usr/lib/aarch64-linux-gnu/libpython3.10.so (found suitable version "3.10.12", minimum required is "3.5") 
[2.809s] -- Using PYTHON_EXECUTABLE: /usr/bin/python3
[2.809s] -- Using PYTHON_INCLUDE_DIRS: /usr/include/python3.10
[2.809s] -- Using PYTHON_LIBRARIES: /usr/lib/aarch64-linux-gnu/libpython3.10.so
[2.876s] -- Found PythonExtra: .so  
[2.980s] [0mCMake Deprecation Warning at /opt/ros/humble/share/rosidl_cmake/cmake/rosidl_target_interfaces.cmake:32 (message):
[2.980s]   Use rosidl_get_typesupport_target() and target_link_libraries() instead of
[2.981s]   rosidl_target_interfaces()
[2.981s] Call Stack (most recent call first):
[2.982s]   CMakeLists.txt:145 (rosidl_target_interfaces)
[2.982s] 
[2.982s] [0m
[2.985s] [0mCMake Deprecation Warning at /opt/ros/humble/share/rosidl_cmake/cmake/rosidl_target_interfaces.cmake:32 (message):
[2.985s]   Use rosidl_get_typesupport_target() and target_link_libraries() instead of
[2.985s]   rosidl_target_interfaces()
[2.985s] Call Stack (most recent call first):
[2.985s]   CMakeLists.txt:160 (rosidl_target_interfaces)
[2.985s] 
[2.985s] [0m
[2.987s] [0mCMake Deprecation Warning at /opt/ros/humble/share/rosidl_cmake/cmake/rosidl_target_interfaces.cmake:32 (message):
[2.987s]   Use rosidl_get_typesupport_target() and target_link_libraries() instead of
[2.988s]   rosidl_target_interfaces()
[2.988s] Call Stack (most recent call first):
[2.989s]   CMakeLists.txt:175 (rosidl_target_interfaces)
[2.989s] 
[2.989s] [0m
[2.990s] [0mCMake Deprecation Warning at /opt/ros/humble/share/rosidl_cmake/cmake/rosidl_target_interfaces.cmake:32 (message):
[2.990s]   Use rosidl_get_typesupport_target() and target_link_libraries() instead of
[2.990s]   rosidl_target_interfaces()
[2.991s] Call Stack (most recent call first):
[2.991s]   CMakeLists.txt:196 (rosidl_target_interfaces)
[2.992s] 
[2.992s] [0m
[2.992s] [0mCMake Deprecation Warning at /opt/ros/humble/share/rosidl_cmake/cmake/rosidl_target_interfaces.cmake:32 (message):
[2.993s]   Use rosidl_get_typesupport_target() and target_link_libraries() instead of
[2.993s]   rosidl_target_interfaces()
[2.993s] Call Stack (most recent call first):
[2.994s]   CMakeLists.txt:215 (rosidl_target_interfaces)
[2.994s] 
[2.995s] [0m
[2.995s] [0mCMake Deprecation Warning at /opt/ros/humble/share/rosidl_cmake/cmake/rosidl_target_interfaces.cmake:32 (message):
[2.995s]   Use rosidl_get_typesupport_target() and target_link_libraries() instead of
[2.996s]   rosidl_target_interfaces()
[2.996s] Call Stack (most recent call first):
[2.996s]   CMakeLists.txt:241 (rosidl_target_interfaces)
[2.997s] 
[2.997s] [0m
[2.999s] [0mCMake Deprecation Warning at /opt/ros/humble/share/rosidl_cmake/cmake/rosidl_target_interfaces.cmake:32 (message):
[3.000s]   Use rosidl_get_typesupport_target() and target_link_libraries() instead of
[3.000s]   rosidl_target_interfaces()
[3.000s] Call Stack (most recent call first):
[3.001s]   CMakeLists.txt:262 (rosidl_target_interfaces)
[3.001s] 
[3.002s] [0m
[3.002s] [0mCMake Deprecation Warning at /opt/ros/humble/share/rosidl_cmake/cmake/rosidl_target_interfaces.cmake:32 (message):
[3.002s]   Use rosidl_get_typesupport_target() and target_link_libraries() instead of
[3.003s]   rosidl_target_interfaces()
[3.003s] Call Stack (most recent call first):
[3.004s]   CMakeLists.txt:287 (rosidl_target_interfaces)
[3.004s] 
[3.004s] [0m
[3.018s] -- Configuring done
[3.192s] -- Generating done
[3.238s] -- Build files have been written to: /home/avcpp/AV-CPP2025/Vehicle/build/vehicle_core
[3.288s] Invoked command in '/home/avcpp/AV-CPP2025/Vehicle/build/vehicle_core' returned '0': CMAKE_PREFIX_PATH=${CMAKE_PREFIX_PATH}:/opt/ros/humble /usr/bin/cmake /home/avcpp/AV-CPP2025/Vehicle/src/vehicle_core -DAMENT_CMAKE_SYMLINK_INSTALL=1 -DCMAKE_INSTALL_PREFIX=/home/avcpp/AV-CPP2025/Vehicle/install/vehicle_core
[3.292s] Invoking command in '/home/avcpp/AV-CPP2025/Vehicle/build/vehicle_core': CMAKE_PREFIX_PATH=${CMAKE_PREFIX_PATH}:/opt/ros/humble /usr/bin/cmake --build /home/avcpp/AV-CPP2025/Vehicle/build/vehicle_core -- -j8 -l8
[3.477s] [  1%] [34m[1mGenerating C code for ROS interfaces[0m
[3.492s] [  1%] Built target ament_cmake_python_symlink_vehicle_core
[3.502s] [  1%] [32mBuilding CXX object CMakeFiles/vehicle_core_container.dir/src/vehicle_core_container.cpp.o[0m
[3.528s] [  1%] [34m[1mGenerating C++ code for ROS interfaces[0m
[3.922s] running egg_info
[3.925s] creating vehicle_core.egg-info
[3.925s] writing vehicle_core.egg-info/PKG-INFO
[3.926s] writing dependency_links to vehicle_core.egg-info/dependency_links.txt
[3.926s] writing top-level names to vehicle_core.egg-info/top_level.txt
[3.926s] writing manifest file 'vehicle_core.egg-info/SOURCES.txt'
[3.933s] reading manifest file 'vehicle_core.egg-info/SOURCES.txt'
[3.934s] writing manifest file 'vehicle_core.egg-info/SOURCES.txt'
[4.058s] [  1%] Built target ament_cmake_python_build_vehicle_core_egg
[6.323s] [  1%] Built target vehicle_core__cpp
[6.354s] [  1%] [34m[1mGenerating C++ type support for eProsima Fast-RTPS[0m
[6.355s] [  1%] [34m[1mGenerating C++ type support dispatch for ROS interfaces[0m
[6.361s] [  1%] [34m[1mGenerating C++ introspection for ROS interfaces[0m
[6.386s] [  3%] [32mBuilding C object CMakeFiles/vehicle_core__rosidl_generator_c.dir/rosidl_generator_c/vehicle_core/msg/detail/lights_command__functions.c.o[0m
[6.389s] [  3%] [32mBuilding C object CMakeFiles/vehicle_core__rosidl_generator_c.dir/rosidl_generator_c/vehicle_core/msg/detail/internal_drive_command__functions.c.o[0m
[6.397s] [  3%] [32mBuilding C object CMakeFiles/vehicle_core__rosidl_generator_c.dir/rosidl_generator_c/vehicle_core/msg/detail/drive_target__functions.c.o[0m
[6.401s] [  3%] [32mBuilding C object CMakeFiles/vehicle_core__rosidl_generator_c.dir/rosidl_generator_c/vehicle_core/msg/detail/manual_drive_command__functions.c.o[0m
[6.595s] [  3%] [32mBuilding C object CMakeFiles/vehicle_core__rosidl_generator_c.dir/rosidl_generator_c/vehicle_core/msg/detail/max_speed__functions.c.o[0m
[6.601s] [  4%] [32mBuilding C object CMakeFiles/vehicle_core__rosidl_generator_c.dir/rosidl_generator_c/vehicle_core/msg/detail/autopilot_command__functions.c.o[0m
[6.614s] [  4%] [32mBuilding C object CMakeFiles/vehicle_core__rosidl_generator_c.dir/rosidl_generator_c/vehicle_core/msg/detail/lights_status__functions.c.o[0m
[6.636s] [  4%] [32mBuilding C object CMakeFiles/vehicle_core__rosidl_generator_c.dir/rosidl_generator_c/vehicle_core/msg/detail/general_status__functions.c.o[0m
[6.787s] [  5%] [32mBuilding C object CMakeFiles/vehicle_core__rosidl_generator_c.dir/rosidl_generator_c/vehicle_core/msg/detail/drive_status__functions.c.o[0m
[6.805s] [  5%] [32mBuilding C object CMakeFiles/vehicle_core__rosidl_generator_c.dir/rosidl_generator_c/vehicle_core/msg/detail/autopilot_status__functions.c.o[0m
[6.817s] [  6%] [32mBuilding C object CMakeFiles/vehicle_core__rosidl_generator_c.dir/rosidl_generator_c/vehicle_core/msg/detail/telemetry_data__functions.c.o[0m
[6.824s] [  6%] [32mBuilding C object CMakeFiles/vehicle_core__rosidl_generator_c.dir/rosidl_generator_c/vehicle_core/msg/detail/error__functions.c.o[0m
[6.906s] [  7%] [32mBuilding C object CMakeFiles/vehicle_core__rosidl_generator_c.dir/rosidl_generator_c/vehicle_core/msg/detail/server_init__functions.c.o[0m
[6.977s] [  7%] [32mBuilding C object CMakeFiles/vehicle_core__rosidl_generator_c.dir/rosidl_generator_c/vehicle_core/msg/detail/autopilot_config__functions.c.o[0m
[7.007s] [  8%] [32mBuilding C object CMakeFiles/vehicle_core__rosidl_generator_c.dir/rosidl_generator_c/vehicle_core/msg/detail/perception_profile__functions.c.o[0m
[7.012s] [  8%] [32mBuilding C object CMakeFiles/vehicle_core__rosidl_generator_c.dir/rosidl_generator_c/vehicle_core/msg/detail/state_mode__functions.c.o[0m
[7.028s] [  8%] [32mBuilding C object CMakeFiles/vehicle_core__rosidl_generator_c.dir/rosidl_generator_c/vehicle_core/msg/detail/state_event__functions.c.o[0m
[7.223s] [  9%] [32mBuilding C object CMakeFiles/vehicle_core__rosidl_generator_c.dir/rosidl_generator_c/vehicle_core/msg/detail/drive_feedback__functions.c.o[0m
[7.249s] [  9%] [32mBuilding C object CMakeFiles/vehicle_core__rosidl_generator_c.dir/rosidl_generator_c/vehicle_core/msg/detail/imu_status__functions.c.o[0m
[7.286s] [ 10%] [32mBuilding C object CMakeFiles/vehicle_core__rosidl_generator_c.dir/rosidl_generator_c/vehicle_core/srv/detail/request_internal_control__functions.c.o[0m
[7.318s] [ 10%] [32mBuilding C object CMakeFiles/vehicle_core__rosidl_generator_c.dir/rosidl_generator_c/vehicle_core/srv/detail/release_internal_control__functions.c.o[0m
[7.349s] [ 11%] [32mBuilding C object CMakeFiles/vehicle_core__rosidl_generator_c.dir/rosidl_generator_c/vehicle_core/srv/detail/set_autopilot_profile__functions.c.o[0m
[7.534s] [ 11%] [32m[1mLinking C shared library libvehicle_core__rosidl_generator_c.so[0m
[7.720s] [ 11%] Built target vehicle_core__rosidl_generator_c
[7.755s] [ 13%] [34m[1mGenerating C type support dispatch for ROS interfaces[0m
[7.756s] [ 13%] [34m[1mGenerating C type support for eProsima Fast-RTPS[0m
[7.757s] [ 14%] [34m[1mGenerating C introspection for ROS interfaces[0m
[8.249s] [ 14%] [32mBuilding CXX object CMakeFiles/vehicle_core__rosidl_typesupport_cpp.dir/rosidl_typesupport_cpp/vehicle_core/msg/internal_drive_command__type_support.cpp.o[0m
[8.272s] [ 15%] [32mBuilding CXX object CMakeFiles/vehicle_core__rosidl_typesupport_cpp.dir/rosidl_typesupport_cpp/vehicle_core/msg/drive_target__type_support.cpp.o[0m
[8.796s] [ 16%] [32mBuilding CXX object CMakeFiles/vehicle_core__rosidl_typesupport_cpp.dir/rosidl_typesupport_cpp/vehicle_core/msg/manual_drive_command__type_support.cpp.o[0m
[8.870s] [ 16%] [32mBuilding CXX object CMakeFiles/vehicle_core__rosidl_typesupport_cpp.dir/rosidl_typesupport_cpp/vehicle_core/msg/lights_command__type_support.cpp.o[0m
[9.487s] [ 16%] [32mBuilding CXX object CMakeFiles/vehicle_core__rosidl_typesupport_cpp.dir/rosidl_typesupport_cpp/vehicle_core/msg/max_speed__type_support.cpp.o[0m
[9.524s] [ 17%] [32mBuilding CXX object CMakeFiles/vehicle_core__rosidl_typesupport_introspection_cpp.dir/rosidl_typesupport_introspection_cpp/vehicle_core/msg/detail/drive_target__type_support.cpp.o[0m
[9.674s] [ 18%] [32mBuilding CXX object CMakeFiles/vehicle_core__rosidl_typesupport_cpp.dir/rosidl_typesupport_cpp/vehicle_core/msg/autopilot_command__type_support.cpp.o[0m
[9.860s] [ 19%] [32mBuilding CXX object CMakeFiles/vehicle_core__rosidl_typesupport_fastrtps_cpp.dir/rosidl_typesupport_fastrtps_cpp/vehicle_core/msg/detail/dds_fastrtps/drive_target__type_support.cpp.o[0m
[10.075s] [ 19%] [32mBuilding CXX object CMakeFiles/vehicle_core__rosidl_typesupport_cpp.dir/rosidl_typesupport_cpp/vehicle_core/msg/lights_status__type_support.cpp.o[0m
[10.350s] [ 20%] [32mBuilding CXX object CMakeFiles/vehicle_core__rosidl_typesupport_cpp.dir/rosidl_typesupport_cpp/vehicle_core/msg/general_status__type_support.cpp.o[0m
[10.509s] [ 20%] [32mBuilding CXX object CMakeFiles/vehicle_core__rosidl_typesupport_cpp.dir/rosidl_typesupport_cpp/vehicle_core/msg/drive_status__type_support.cpp.o[0m
[10.699s] [ 20%] [32mBuilding CXX object CMakeFiles/vehicle_core__rosidl_typesupport_c.dir/rosidl_typesupport_c/vehicle_core/msg/drive_target__type_support.cpp.o[0m
[10.800s] [ 21%] [32mBuilding CXX object CMakeFiles/vehicle_core__rosidl_typesupport_c.dir/rosidl_typesupport_c/vehicle_core/msg/internal_drive_command__type_support.cpp.o[0m
[10.838s] [ 21%] [32mBuilding CXX object CMakeFiles/vehicle_core__rosidl_typesupport_introspection_cpp.dir/rosidl_typesupport_introspection_cpp/vehicle_core/msg/detail/internal_drive_command__type_support.cpp.o[0m
[10.851s] [ 21%] [32mBuilding CXX object CMakeFiles/vehicle_core__rosidl_typesupport_c.dir/rosidl_typesupport_c/vehicle_core/msg/manual_drive_command__type_support.cpp.o[0m
[10.879s] [ 21%] [32mBuilding CXX object CMakeFiles/vehicle_core__rosidl_typesupport_c.dir/rosidl_typesupport_c/vehicle_core/msg/lights_command__type_support.cpp.o[0m
[10.950s] [ 22%] [32mBuilding CXX object CMakeFiles/vehicle_core__rosidl_typesupport_c.dir/rosidl_typesupport_c/vehicle_core/msg/max_speed__type_support.cpp.o[0m
[10.996s] [ 23%] [32mBuilding CXX object CMakeFiles/vehicle_core__rosidl_typesupport_cpp.dir/rosidl_typesupport_cpp/vehicle_core/msg/autopilot_status__type_support.cpp.o[0m
[10.997s] [ 23%] [32mBuilding CXX object CMakeFiles/vehicle_core__rosidl_typesupport_c.dir/rosidl_typesupport_c/vehicle_core/msg/autopilot_command__type_support.cpp.o[0m
[10.998s] [ 23%] [32mBuilding CXX object CMakeFiles/vehicle_core__rosidl_typesupport_fastrtps_cpp.dir/rosidl_typesupport_fastrtps_cpp/vehicle_core/msg/detail/dds_fastrtps/internal_drive_command__type_support.cpp.o[0m
[11.041s] [ 24%] [32mBuilding CXX object CMakeFiles/vehicle_core__rosidl_typesupport_c.dir/rosidl_typesupport_c/vehicle_core/msg/lights_status__type_support.cpp.o[0m
[11.088s] [ 24%] [32mBuilding CXX object CMakeFiles/vehicle_core__rosidl_typesupport_c.dir/rosidl_typesupport_c/vehicle_core/msg/general_status__type_support.cpp.o[0m
[11.131s] [ 25%] [32m[1mLinking CXX executable vehicle_core_container[0m
[11.153s] [ 26%] [32mBuilding CXX object CMakeFiles/vehicle_core__rosidl_typesupport_c.dir/rosidl_typesupport_c/vehicle_core/msg/drive_status__type_support.cpp.o[0m
[11.193s] [ 26%] [32mBuilding CXX object CMakeFiles/vehicle_core__rosidl_typesupport_cpp.dir/rosidl_typesupport_cpp/vehicle_core/msg/telemetry_data__type_support.cpp.o[0m
[11.208s] [ 26%] [32mBuilding CXX object CMakeFiles/vehicle_core__rosidl_typesupport_c.dir/rosidl_typesupport_c/vehicle_core/msg/autopilot_status__type_support.cpp.o[0m
[11.262s] [ 27%] [32mBuilding CXX object CMakeFiles/vehicle_core__rosidl_typesupport_c.dir/rosidl_typesupport_c/vehicle_core/msg/telemetry_data__type_support.cpp.o[0m
[11.369s] [ 27%] [32mBuilding CXX object CMakeFiles/vehicle_core__rosidl_typesupport_c.dir/rosidl_typesupport_c/vehicle_core/msg/error__type_support.cpp.o[0m
[11.485s] [ 27%] [32mBuilding CXX object CMakeFiles/vehicle_core__rosidl_typesupport_c.dir/rosidl_typesupport_c/vehicle_core/msg/server_init__type_support.cpp.o[0m
[11.513s] [ 28%] [32mBuilding CXX object CMakeFiles/vehicle_core__rosidl_typesupport_introspection_cpp.dir/rosidl_typesupport_introspection_cpp/vehicle_core/msg/detail/manual_drive_command__type_support.cpp.o[0m
[11.582s] [ 28%] [32mBuilding CXX object CMakeFiles/vehicle_core__rosidl_typesupport_introspection_cpp.dir/rosidl_typesupport_introspection_cpp/vehicle_core/msg/detail/lights_command__type_support.cpp.o[0m
[11.613s] [ 29%] [32mBuilding CXX object CMakeFiles/vehicle_core__rosidl_typesupport_c.dir/rosidl_typesupport_c/vehicle_core/msg/autopilot_config__type_support.cpp.o[0m
[11.720s] [ 30%] [32mBuilding CXX object CMakeFiles/vehicle_core__rosidl_typesupport_cpp.dir/rosidl_typesupport_cpp/vehicle_core/msg/error__type_support.cpp.o[0m
[11.727s] [ 30%] [32mBuilding CXX object CMakeFiles/vehicle_core__rosidl_typesupport_c.dir/rosidl_typesupport_c/vehicle_core/msg/perception_profile__type_support.cpp.o[0m
[11.868s] [ 31%] [32mBuilding CXX object CMakeFiles/vehicle_core__rosidl_typesupport_c.dir/rosidl_typesupport_c/vehicle_core/msg/state_mode__type_support.cpp.o[0m
[11.873s] [ 31%] Built target vehicle_core_container
[11.902s] [ 31%] [32mBuilding CXX object CMakeFiles/vehicle_core__rosidl_typesupport_c.dir/rosidl_typesupport_c/vehicle_core/msg/state_event__type_support.cpp.o[0m
[12.000s] [ 32%] [32mBuilding CXX object CMakeFiles/vehicle_core__rosidl_typesupport_c.dir/rosidl_typesupport_c/vehicle_core/msg/drive_feedback__type_support.cpp.o[0m
[12.056s] [ 32%] [32mBuilding CXX object CMakeFiles/vehicle_core__rosidl_typesupport_c.dir/rosidl_typesupport_c/vehicle_core/msg/imu_status__type_support.cpp.o[0m
[12.124s] [ 33%] [32mBuilding CXX object CMakeFiles/vehicle_core__rosidl_typesupport_c.dir/rosidl_typesupport_c/vehicle_core/srv/request_internal_control__type_support.cpp.o[0m
[12.167s] [ 33%] [32mBuilding CXX object CMakeFiles/vehicle_core__rosidl_typesupport_c.dir/rosidl_typesupport_c/vehicle_core/srv/release_internal_control__type_support.cpp.o[0m
[12.179s] [ 34%] [32mBuilding CXX object CMakeFiles/vehicle_core__rosidl_typesupport_introspection_cpp.dir/rosidl_typesupport_introspection_cpp/vehicle_core/msg/detail/max_speed__type_support.cpp.o[0m
[12.195s] [ 35%] [32mBuilding CXX object CMakeFiles/vehicle_core__rosidl_typesupport_fastrtps_cpp.dir/rosidl_typesupport_fastrtps_cpp/vehicle_core/msg/detail/dds_fastrtps/manual_drive_command__type_support.cpp.o[0m
[12.286s] [ 35%] [32mBuilding CXX object CMakeFiles/vehicle_core__rosidl_typesupport_fastrtps_cpp.dir/rosidl_typesupport_fastrtps_cpp/vehicle_core/msg/detail/dds_fastrtps/lights_command__type_support.cpp.o[0m
[12.315s] [ 35%] [32mBuilding CXX object CMakeFiles/vehicle_core__rosidl_typesupport_c.dir/rosidl_typesupport_c/vehicle_core/srv/set_autopilot_profile__type_support.cpp.o[0m
[12.326s] [ 35%] [32mBuilding CXX object CMakeFiles/vehicle_core__rosidl_typesupport_introspection_cpp.dir/rosidl_typesupport_introspection_cpp/vehicle_core/msg/detail/autopilot_command__type_support.cpp.o[0m
[12.356s] [ 35%] [32mBuilding CXX object CMakeFiles/vehicle_core__rosidl_typesupport_cpp.dir/rosidl_typesupport_cpp/vehicle_core/msg/server_init__type_support.cpp.o[0m
[12.457s] [ 36%] [32m[1mLinking CXX shared library libvehicle_core__rosidl_typesupport_c.so[0m
[12.521s] [ 36%] Built target vehicle_core__rosidl_typesupport_c
[12.537s] [ 36%] [32mBuilding CXX object CMakeFiles/vehicle_core__rosidl_typesupport_fastrtps_c.dir/rosidl_typesupport_fastrtps_c/vehicle_core/msg/detail/drive_target__type_support_c.cpp.o[0m
[12.678s] [ 37%] [32mBuilding CXX object CMakeFiles/vehicle_core__rosidl_typesupport_fastrtps_c.dir/rosidl_typesupport_fastrtps_c/vehicle_core/msg/detail/internal_drive_command__type_support_c.cpp.o[0m
[12.792s] [ 37%] [32mBuilding C object CMakeFiles/vehicle_core__rosidl_typesupport_introspection_c.dir/rosidl_typesupport_introspection_c/vehicle_core/msg/detail/drive_target__type_support.c.o[0m
[12.851s] [ 38%] [32mBuilding CXX object CMakeFiles/vehicle_core__rosidl_typesupport_introspection_cpp.dir/rosidl_typesupport_introspection_cpp/vehicle_core/msg/detail/lights_status__type_support.cpp.o[0m
[12.956s] [ 39%] [32mBuilding CXX object CMakeFiles/vehicle_core__rosidl_typesupport_fastrtps_cpp.dir/rosidl_typesupport_fastrtps_cpp/vehicle_core/msg/detail/dds_fastrtps/max_speed__type_support.cpp.o[0m
[12.957s] [ 40%] [32mBuilding C object CMakeFiles/vehicle_core__rosidl_typesupport_introspection_c.dir/rosidl_typesupport_introspection_c/vehicle_core/msg/detail/internal_drive_command__type_support.c.o[0m
[13.075s] [ 40%] [32mBuilding C object CMakeFiles/vehicle_core__rosidl_typesupport_introspection_c.dir/rosidl_typesupport_introspection_c/vehicle_core/msg/detail/manual_drive_command__type_support.c.o[0m
[13.087s] [ 40%] [32mBuilding CXX object CMakeFiles/vehicle_core__rosidl_typesupport_cpp.dir/rosidl_typesupport_cpp/vehicle_core/msg/autopilot_config__type_support.cpp.o[0m
[13.229s] [ 41%] [32mBuilding C object CMakeFiles/vehicle_core__rosidl_typesupport_introspection_c.dir/rosidl_typesupport_introspection_c/vehicle_core/msg/detail/lights_command__type_support.c.o[0m
[13.271s] [ 41%] [32mBuilding C object CMakeFiles/vehicle_core__rosidl_typesupport_introspection_c.dir/rosidl_typesupport_introspection_c/vehicle_core/msg/detail/max_speed__type_support.c.o[0m
[13.304s] [ 42%] [32mBuilding C object CMakeFiles/vehicle_core__rosidl_typesupport_introspection_c.dir/rosidl_typesupport_introspection_c/vehicle_core/msg/detail/autopilot_command__type_support.c.o[0m
[13.396s] [ 43%] [32mBuilding CXX object CMakeFiles/vehicle_core__rosidl_typesupport_cpp.dir/rosidl_typesupport_cpp/vehicle_core/msg/perception_profile__type_support.cpp.o[0m
[13.408s] [ 43%] [32mBuilding C object CMakeFiles/vehicle_core__rosidl_typesupport_introspection_c.dir/rosidl_typesupport_introspection_c/vehicle_core/msg/detail/lights_status__type_support.c.o[0m
[13.494s] [ 43%] [32mBuilding CXX object CMakeFiles/vehicle_core__rosidl_typesupport_introspection_cpp.dir/rosidl_typesupport_introspection_cpp/vehicle_core/msg/detail/general_status__type_support.cpp.o[0m
[13.580s] [ 43%] [32mBuilding C object CMakeFiles/vehicle_core__rosidl_typesupport_introspection_c.dir/rosidl_typesupport_introspection_c/vehicle_core/msg/detail/general_status__type_support.c.o[0m
[13.612s] [ 43%] [32mBuilding CXX object CMakeFiles/vehicle_core__rosidl_typesupport_fastrtps_c.dir/rosidl_typesupport_fastrtps_c/vehicle_core/msg/detail/manual_drive_command__type_support_c.cpp.o[0m
[13.629s] [ 44%] [32mBuilding C object CMakeFiles/vehicle_core__rosidl_typesupport_introspection_c.dir/rosidl_typesupport_introspection_c/vehicle_core/msg/detail/drive_status__type_support.c.o[0m
[13.678s] [ 44%] [32mBuilding CXX object CMakeFiles/vehicle_core__rosidl_typesupport_fastrtps_cpp.dir/rosidl_typesupport_fastrtps_cpp/vehicle_core/msg/detail/dds_fastrtps/autopilot_command__type_support.cpp.o[0m
[13.701s] [ 44%] [32mBuilding C object CMakeFiles/vehicle_core__rosidl_typesupport_introspection_c.dir/rosidl_typesupport_introspection_c/vehicle_core/msg/detail/autopilot_status__type_support.c.o[0m
[13.864s] [ 45%] [32mBuilding C object CMakeFiles/vehicle_core__rosidl_typesupport_introspection_c.dir/rosidl_typesupport_introspection_c/vehicle_core/msg/detail/telemetry_data__type_support.c.o[0m
[13.915s] [ 45%] [32mBuilding C object CMakeFiles/vehicle_core__rosidl_typesupport_introspection_c.dir/rosidl_typesupport_introspection_c/vehicle_core/msg/detail/error__type_support.c.o[0m
[13.970s] [ 46%] [32mBuilding C object CMakeFiles/vehicle_core__rosidl_typesupport_introspection_c.dir/rosidl_typesupport_introspection_c/vehicle_core/msg/detail/server_init__type_support.c.o[0m
[14.004s] [ 46%] [32mBuilding CXX object CMakeFiles/vehicle_core__rosidl_typesupport_cpp.dir/rosidl_typesupport_cpp/vehicle_core/msg/state_mode__type_support.cpp.o[0m
[14.019s] [ 46%] [32mBuilding CXX object CMakeFiles/vehicle_core__rosidl_typesupport_fastrtps_cpp.dir/rosidl_typesupport_fastrtps_cpp/vehicle_core/msg/detail/dds_fastrtps/lights_status__type_support.cpp.o[0m
[14.031s] [ 46%] [32mBuilding C object CMakeFiles/vehicle_core__rosidl_typesupport_introspection_c.dir/rosidl_typesupport_introspection_c/vehicle_core/msg/detail/autopilot_config__type_support.c.o[0m
[14.099s] [ 47%] [32mBuilding C object CMakeFiles/vehicle_core__rosidl_typesupport_introspection_c.dir/rosidl_typesupport_introspection_c/vehicle_core/msg/detail/perception_profile__type_support.c.o[0m
[14.150s] [ 47%] [32mBuilding C object CMakeFiles/vehicle_core__rosidl_typesupport_introspection_c.dir/rosidl_typesupport_introspection_c/vehicle_core/msg/detail/state_mode__type_support.c.o[0m
[14.171s] [ 47%] [32mBuilding CXX object CMakeFiles/vehicle_core__rosidl_typesupport_introspection_cpp.dir/rosidl_typesupport_introspection_cpp/vehicle_core/msg/detail/drive_status__type_support.cpp.o[0m
[14.229s] [ 48%] [32mBuilding CXX object CMakeFiles/vehicle_core__rosidl_typesupport_introspection_cpp.dir/rosidl_typesupport_introspection_cpp/vehicle_core/msg/detail/autopilot_status__type_support.cpp.o[0m
[14.280s] [ 49%] [32mBuilding CXX object CMakeFiles/vehicle_core__rosidl_typesupport_fastrtps_c.dir/rosidl_typesupport_fastrtps_c/vehicle_core/msg/detail/lights_command__type_support_c.cpp.o[0m
[14.284s] [ 49%] [32mBuilding C object CMakeFiles/vehicle_core__rosidl_typesupport_introspection_c.dir/rosidl_typesupport_introspection_c/vehicle_core/msg/detail/state_event__type_support.c.o[0m
[14.362s] [ 49%] [32mBuilding CXX object CMakeFiles/vehicle_core__rosidl_typesupport_fastrtps_c.dir/rosidl_typesupport_fastrtps_c/vehicle_core/msg/detail/max_speed__type_support_c.cpp.o[0m
[14.460s] [ 50%] [32mBuilding C object CMakeFiles/vehicle_core__rosidl_typesupport_introspection_c.dir/rosidl_typesupport_introspection_c/vehicle_core/msg/detail/drive_feedback__type_support.c.o[0m
[14.570s] [ 50%] [32mBuilding C object CMakeFiles/vehicle_core__rosidl_typesupport_introspection_c.dir/rosidl_typesupport_introspection_c/vehicle_core/msg/detail/imu_status__type_support.c.o[0m
[14.674s] [ 51%] [32mBuilding C object CMakeFiles/vehicle_core__rosidl_typesupport_introspection_c.dir/rosidl_typesupport_introspection_c/vehicle_core/srv/detail/request_internal_control__type_support.c.o[0m
[14.720s] [ 52%] [32mBuilding CXX object CMakeFiles/vehicle_core__rosidl_typesupport_cpp.dir/rosidl_typesupport_cpp/vehicle_core/msg/state_event__type_support.cpp.o[0m
[14.766s] [ 52%] [32mBuilding C object CMakeFiles/vehicle_core__rosidl_typesupport_introspection_c.dir/rosidl_typesupport_introspection_c/vehicle_core/srv/detail/release_internal_control__type_support.c.o[0m
[14.833s] [ 53%] [32mBuilding C object CMakeFiles/vehicle_core__rosidl_typesupport_introspection_c.dir/rosidl_typesupport_introspection_c/vehicle_core/srv/detail/set_autopilot_profile__type_support.c.o[0m
[14.836s] [ 53%] [32mBuilding CXX object CMakeFiles/vehicle_core__rosidl_typesupport_introspection_cpp.dir/rosidl_typesupport_introspection_cpp/vehicle_core/msg/detail/telemetry_data__type_support.cpp.o[0m
[14.849s] [ 53%] [32mBuilding CXX object CMakeFiles/vehicle_core__rosidl_typesupport_cpp.dir/rosidl_typesupport_cpp/vehicle_core/msg/drive_feedback__type_support.cpp.o[0m
[14.957s] [ 53%] [32m[1mLinking C shared library libvehicle_core__rosidl_typesupport_introspection_c.so[0m
[14.996s] [ 54%] [32mBuilding CXX object CMakeFiles/vehicle_core__rosidl_typesupport_fastrtps_cpp.dir/rosidl_typesupport_fastrtps_cpp/vehicle_core/msg/detail/dds_fastrtps/general_status__type_support.cpp.o[0m
[15.119s] [ 54%] Built target vehicle_core__rosidl_typesupport_introspection_c
[15.176s] [ 55%] [32mBuilding CXX object CMakeFiles/vehicle_core__rosidl_typesupport_introspection_cpp.dir/rosidl_typesupport_introspection_cpp/vehicle_core/msg/detail/error__type_support.cpp.o[0m
[15.281s] [ 56%] [32mBuilding CXX object CMakeFiles/vehicle_core__rosidl_typesupport_cpp.dir/rosidl_typesupport_cpp/vehicle_core/msg/imu_status__type_support.cpp.o[0m
[15.392s] [ 56%] [32mBuilding CXX object CMakeFiles/vehicle_core__rosidl_typesupport_introspection_cpp.dir/rosidl_typesupport_introspection_cpp/vehicle_core/msg/detail/server_init__type_support.cpp.o[0m
[15.407s] [ 56%] [32mBuilding CXX object CMakeFiles/vehicle_core__rosidl_typesupport_cpp.dir/rosidl_typesupport_cpp/vehicle_core/srv/request_internal_control__type_support.cpp.o[0m
[15.475s] [ 57%] [32mBuilding CXX object CMakeFiles/vehicle_core__rosidl_typesupport_introspection_cpp.dir/rosidl_typesupport_introspection_cpp/vehicle_core/msg/detail/autopilot_config__type_support.cpp.o[0m
[15.604s] [ 57%] [32mBuilding CXX object CMakeFiles/vehicle_core__rosidl_typesupport_fastrtps_c.dir/rosidl_typesupport_fastrtps_c/vehicle_core/msg/detail/autopilot_command__type_support_c.cpp.o[0m
[15.965s] [ 57%] [32mBuilding CXX object CMakeFiles/vehicle_core__rosidl_typesupport_introspection_cpp.dir/rosidl_typesupport_introspection_cpp/vehicle_core/msg/detail/perception_profile__type_support.cpp.o[0m
[16.001s] [ 57%] [32mBuilding CXX object CMakeFiles/vehicle_core__rosidl_typesupport_fastrtps_cpp.dir/rosidl_typesupport_fastrtps_cpp/vehicle_core/msg/detail/dds_fastrtps/drive_status__type_support.cpp.o[0m
[16.002s] [ 57%] [32mBuilding CXX object CMakeFiles/vehicle_core__rosidl_typesupport_cpp.dir/rosidl_typesupport_cpp/vehicle_core/srv/release_internal_control__type_support.cpp.o[0m
[16.094s] [ 58%] [32mBuilding CXX object CMakeFiles/vehicle_core__rosidl_typesupport_cpp.dir/rosidl_typesupport_cpp/vehicle_core/srv/set_autopilot_profile__type_support.cpp.o[0m
[16.298s] [ 59%] [32mBuilding CXX object CMakeFiles/vehicle_core__rosidl_typesupport_introspection_cpp.dir/rosidl_typesupport_introspection_cpp/vehicle_core/msg/detail/state_mode__type_support.cpp.o[0m
[16.387s] [ 60%] [32mBuilding CXX object CMakeFiles/vehicle_core__rosidl_typesupport_fastrtps_c.dir/rosidl_typesupport_fastrtps_c/vehicle_core/msg/detail/lights_status__type_support_c.cpp.o[0m
[16.435s] [ 60%] [32mBuilding CXX object CMakeFiles/vehicle_core__rosidl_typesupport_fastrtps_c.dir/rosidl_typesupport_fastrtps_c/vehicle_core/msg/detail/general_status__type_support_c.cpp.o[0m
[16.469s] [ 60%] [32mBuilding CXX object CMakeFiles/vehicle_core__rosidl_typesupport_introspection_cpp.dir/rosidl_typesupport_introspection_cpp/vehicle_core/msg/detail/state_event__type_support.cpp.o[0m
[16.562s] [ 60%] [32mBuilding CXX object CMakeFiles/vehicle_core__rosidl_typesupport_introspection_cpp.dir/rosidl_typesupport_introspection_cpp/vehicle_core/msg/detail/drive_feedback__type_support.cpp.o[0m
[16.956s] [ 61%] [32mBuilding CXX object CMakeFiles/vehicle_core__rosidl_typesupport_fastrtps_c.dir/rosidl_typesupport_fastrtps_c/vehicle_core/msg/detail/drive_status__type_support_c.cpp.o[0m
[17.199s] [ 62%] [32mBuilding CXX object CMakeFiles/vehicle_core__rosidl_typesupport_introspection_cpp.dir/rosidl_typesupport_introspection_cpp/vehicle_core/msg/detail/imu_status__type_support.cpp.o[0m
[17.276s] [ 62%] [32mBuilding CXX object CMakeFiles/vehicle_core__rosidl_typesupport_fastrtps_c.dir/rosidl_typesupport_fastrtps_c/vehicle_core/msg/detail/autopilot_status__type_support_c.cpp.o[0m
[17.278s] [ 63%] [32mBuilding CXX object CMakeFiles/vehicle_core__rosidl_typesupport_fastrtps_c.dir/rosidl_typesupport_fastrtps_c/vehicle_core/msg/detail/telemetry_data__type_support_c.cpp.o[0m
[17.287s] [ 63%] [32m[1mLinking CXX shared library libvehicle_core__rosidl_typesupport_cpp.so[0m
[17.476s] [ 63%] Built target vehicle_core__rosidl_typesupport_cpp
[17.488s] [ 63%] [32mBuilding CXX object CMakeFiles/vehicle_core__rosidl_typesupport_fastrtps_c.dir/rosidl_typesupport_fastrtps_c/vehicle_core/msg/detail/error__type_support_c.cpp.o[0m
[17.579s] [ 64%] [32mBuilding CXX object CMakeFiles/vehicle_core__rosidl_typesupport_fastrtps_c.dir/rosidl_typesupport_fastrtps_c/vehicle_core/msg/detail/server_init__type_support_c.cpp.o[0m
[17.736s] [ 64%] [32mBuilding CXX object CMakeFiles/vehicle_core__rosidl_typesupport_introspection_cpp.dir/rosidl_typesupport_introspection_cpp/vehicle_core/srv/detail/request_internal_control__type_support.cpp.o[0m
[17.877s] [ 64%] [32mBuilding CXX object CMakeFiles/vehicle_core__rosidl_typesupport_fastrtps_c.dir/rosidl_typesupport_fastrtps_c/vehicle_core/msg/detail/autopilot_config__type_support_c.cpp.o[0m
[17.899s] [ 64%] [32mBuilding CXX object CMakeFiles/vehicle_core__rosidl_typesupport_fastrtps_c.dir/rosidl_typesupport_fastrtps_c/vehicle_core/msg/detail/perception_profile__type_support_c.cpp.o[0m
[17.993s] [ 65%] [32mBuilding CXX object CMakeFiles/vehicle_core__rosidl_typesupport_introspection_cpp.dir/rosidl_typesupport_introspection_cpp/vehicle_core/srv/detail/release_internal_control__type_support.cpp.o[0m
[18.118s] [ 66%] [32mBuilding CXX object CMakeFiles/vehicle_core__rosidl_typesupport_fastrtps_cpp.dir/rosidl_typesupport_fastrtps_cpp/vehicle_core/msg/detail/dds_fastrtps/autopilot_status__type_support.cpp.o[0m
[18.177s] [ 66%] [32mBuilding CXX object CMakeFiles/vehicle_core__rosidl_typesupport_introspection_cpp.dir/rosidl_typesupport_introspection_cpp/vehicle_core/srv/detail/set_autopilot_profile__type_support.cpp.o[0m
[18.365s] [ 67%] [32mBuilding CXX object CMakeFiles/vehicle_core__rosidl_typesupport_fastrtps_c.dir/rosidl_typesupport_fastrtps_c/vehicle_core/msg/detail/state_mode__type_support_c.cpp.o[0m
[18.498s] [ 67%] [32mBuilding CXX object CMakeFiles/vehicle_core__rosidl_typesupport_fastrtps_c.dir/rosidl_typesupport_fastrtps_c/vehicle_core/msg/detail/state_event__type_support_c.cpp.o[0m
[18.785s] [ 68%] [32mBuilding CXX object CMakeFiles/vehicle_core__rosidl_typesupport_fastrtps_c.dir/rosidl_typesupport_fastrtps_c/vehicle_core/msg/detail/drive_feedback__type_support_c.cpp.o[0m
[18.891s] [ 68%] [32mBuilding CXX object CMakeFiles/vehicle_core__rosidl_typesupport_fastrtps_cpp.dir/rosidl_typesupport_fastrtps_cpp/vehicle_core/msg/detail/dds_fastrtps/telemetry_data__type_support.cpp.o[0m
[19.008s] [ 68%] [32mBuilding CXX object CMakeFiles/vehicle_core__rosidl_typesupport_fastrtps_c.dir/rosidl_typesupport_fastrtps_c/vehicle_core/msg/detail/imu_status__type_support_c.cpp.o[0m
[19.183s] [ 69%] [32mBuilding CXX object CMakeFiles/vehicle_core__rosidl_typesupport_fastrtps_c.dir/rosidl_typesupport_fastrtps_c/vehicle_core/srv/detail/request_internal_control__type_support_c.cpp.o[0m
[19.266s] [ 69%] [32mBuilding CXX object CMakeFiles/vehicle_core__rosidl_typesupport_fastrtps_c.dir/rosidl_typesupport_fastrtps_c/vehicle_core/srv/detail/release_internal_control__type_support_c.cpp.o[0m
[19.319s] [ 70%] [32mBuilding CXX object CMakeFiles/vehicle_core__rosidl_typesupport_fastrtps_c.dir/rosidl_typesupport_fastrtps_c/vehicle_core/srv/detail/set_autopilot_profile__type_support_c.cpp.o[0m
[19.501s] [ 71%] [32mBuilding CXX object CMakeFiles/vehicle_core__rosidl_typesupport_fastrtps_cpp.dir/rosidl_typesupport_fastrtps_cpp/vehicle_core/msg/detail/dds_fastrtps/error__type_support.cpp.o[0m
[19.662s] [ 71%] [32mBuilding CXX object CMakeFiles/vehicle_core__rosidl_typesupport_fastrtps_cpp.dir/rosidl_typesupport_fastrtps_cpp/vehicle_core/msg/detail/dds_fastrtps/server_init__type_support.cpp.o[0m
[19.676s] [ 72%] [32mBuilding CXX object CMakeFiles/vehicle_core__rosidl_typesupport_fastrtps_cpp.dir/rosidl_typesupport_fastrtps_cpp/vehicle_core/msg/detail/dds_fastrtps/autopilot_config__type_support.cpp.o[0m
[19.885s] [ 72%] [32mBuilding CXX object CMakeFiles/vehicle_core__rosidl_typesupport_fastrtps_cpp.dir/rosidl_typesupport_fastrtps_cpp/vehicle_core/msg/detail/dds_fastrtps/perception_profile__type_support.cpp.o[0m
[19.963s] [ 73%] [32m[1mLinking CXX shared library libvehicle_core__rosidl_typesupport_introspection_cpp.so[0m
[19.999s] [ 73%] [32mBuilding CXX object CMakeFiles/vehicle_core__rosidl_typesupport_fastrtps_cpp.dir/rosidl_typesupport_fastrtps_cpp/vehicle_core/msg/detail/dds_fastrtps/state_mode__type_support.cpp.o[0m
[20.219s] [ 73%] Built target vehicle_core__rosidl_typesupport_introspection_cpp
[20.252s] [ 74%] [32mBuilding CXX object CMakeFiles/vehicle_core__rosidl_typesupport_fastrtps_cpp.dir/rosidl_typesupport_fastrtps_cpp/vehicle_core/msg/detail/dds_fastrtps/state_event__type_support.cpp.o[0m
[20.287s] [ 74%] [32mBuilding CXX object CMakeFiles/vehicle_core__rosidl_typesupport_fastrtps_cpp.dir/rosidl_typesupport_fastrtps_cpp/vehicle_core/msg/detail/dds_fastrtps/drive_feedback__type_support.cpp.o[0m
[20.478s] [ 75%] [32mBuilding CXX object CMakeFiles/vehicle_core__rosidl_typesupport_fastrtps_cpp.dir/rosidl_typesupport_fastrtps_cpp/vehicle_core/msg/detail/dds_fastrtps/imu_status__type_support.cpp.o[0m
[20.583s] [ 75%] [32mBuilding CXX object CMakeFiles/vehicle_core__rosidl_typesupport_fastrtps_cpp.dir/rosidl_typesupport_fastrtps_cpp/vehicle_core/srv/detail/dds_fastrtps/request_internal_control__type_support.cpp.o[0m
[20.747s] [ 75%] [32m[1mLinking CXX shared library libvehicle_core__rosidl_typesupport_fastrtps_c.so[0m
[20.764s] [ 76%] [32mBuilding CXX object CMakeFiles/vehicle_core__rosidl_typesupport_fastrtps_cpp.dir/rosidl_typesupport_fastrtps_cpp/vehicle_core/srv/detail/dds_fastrtps/release_internal_control__type_support.cpp.o[0m
[20.988s] [ 76%] [32mBuilding CXX object CMakeFiles/vehicle_core__rosidl_typesupport_fastrtps_cpp.dir/rosidl_typesupport_fastrtps_cpp/vehicle_core/srv/detail/dds_fastrtps/set_autopilot_profile__type_support.cpp.o[0m
[21.138s] [ 76%] Built target vehicle_core__rosidl_typesupport_fastrtps_c
[22.022s] [ 76%] [32m[1mLinking CXX shared library libvehicle_core__rosidl_typesupport_fastrtps_cpp.so[0m
[22.283s] [ 76%] Built target vehicle_core__rosidl_typesupport_fastrtps_cpp
[22.351s] [ 76%] Built target vehicle_core
[22.402s] [ 78%] [32mBuilding CXX object CMakeFiles/drive_arbiter_node_component.dir/src/drive_arbiter.cpp.o[0m
[22.402s] [ 78%] [32mBuilding CXX object CMakeFiles/i2c_bridge_node.dir/src/i2c_bridge_node.cpp.o[0m
[22.413s] [ 78%] [32mBuilding CXX object CMakeFiles/tcp_server_node_component.dir/src/tcp_server_node.cpp.o[0m
[22.419s] [ 78%] [32mBuilding CXX object CMakeFiles/autopilot_node_component.dir/src/Autopilot/autopilot_node.cpp.o[0m
[22.423s] [ 78%] [34m[1mGenerating Python code for ROS interfaces[0m
[22.424s] [ 79%] [32mBuilding CXX object CMakeFiles/heading_calibrator_node_component.dir/src/heading_calibrator_node.cpp.o[0m
[22.427s] [ 79%] [32mBuilding CXX object CMakeFiles/state_manager_node_component.dir/src/state_manager.cpp.o[0m
[22.428s] [ 79%] [32mBuilding CXX object CMakeFiles/gt_u7_gps_node_component.dir/src/gt_u7_gps_node.cpp.o[0m
[32.777s] [ 79%] Built target vehicle_core__py
[32.807s] [ 80%] [32mBuilding CXX object CMakeFiles/gst_camera_component.dir/src/gst_camera_node.cpp.o[0m
[34.438s] [ 81%] [32mBuilding CXX object CMakeFiles/gt_u7_gps_node_component.dir/src/Devices/GtU7Gps.cpp.o[0m
[36.000s] [ 81%] [32m[1mLinking CXX shared library libgt_u7_gps_node_component.so[0m
[36.787s] [ 81%] Built target gt_u7_gps_node_component
[36.852s] [ 82%] [32mBuilding C object CMakeFiles/vehicle_core__rosidl_generator_py.dir/rosidl_generator_py/vehicle_core/msg/_drive_target_s.c.o[0m
[37.258s] [ 82%] [32mBuilding C object CMakeFiles/vehicle_core__rosidl_generator_py.dir/rosidl_generator_py/vehicle_core/msg/_internal_drive_command_s.c.o[0m
[37.639s] [ 82%] [32mBuilding C object CMakeFiles/vehicle_core__rosidl_generator_py.dir/rosidl_generator_py/vehicle_core/msg/_manual_drive_command_s.c.o[0m
[37.942s] [ 83%] [32mBuilding C object CMakeFiles/vehicle_core__rosidl_generator_py.dir/rosidl_generator_py/vehicle_core/msg/_lights_command_s.c.o[0m
[38.320s] [ 83%] [32mBuilding C object CMakeFiles/vehicle_core__rosidl_generator_py.dir/rosidl_generator_py/vehicle_core/msg/_max_speed_s.c.o[0m
[38.825s] [ 84%] [32mBuilding C object CMakeFiles/vehicle_core__rosidl_generator_py.dir/rosidl_generator_py/vehicle_core/msg/_autopilot_command_s.c.o[0m
[39.106s] [ 84%] [32mBuilding C object CMakeFiles/vehicle_core__rosidl_generator_py.dir/rosidl_generator_py/vehicle_core/msg/_lights_status_s.c.o[0m
[39.555s] [ 85%] [32mBuilding C object CMakeFiles/vehicle_core__rosidl_generator_py.dir/rosidl_generator_py/vehicle_core/msg/_general_status_s.c.o[0m
[39.772s] [ 85%] [32mBuilding C object CMakeFiles/vehicle_core__rosidl_generator_py.dir/rosidl_generator_py/vehicle_core/msg/_drive_status_s.c.o[0m
[40.023s] [ 85%] [32mBuilding C object CMakeFiles/vehicle_core__rosidl_generator_py.dir/rosidl_generator_py/vehicle_core/msg/_autopilot_status_s.c.o[0m
[40.444s] [ 86%] [32mBuilding C object CMakeFiles/vehicle_core__rosidl_generator_py.dir/rosidl_generator_py/vehicle_core/msg/_telemetry_data_s.c.o[0m
[40.878s] [ 86%] [32mBuilding C object CMakeFiles/vehicle_core__rosidl_generator_py.dir/rosidl_generator_py/vehicle_core/msg/_error_s.c.o[0m
[41.288s] [ 87%] [32mBuilding C object CMakeFiles/vehicle_core__rosidl_generator_py.dir/rosidl_generator_py/vehicle_core/msg/_server_init_s.c.o[0m
[41.642s] [ 87%] [32mBuilding C object CMakeFiles/vehicle_core__rosidl_generator_py.dir/rosidl_generator_py/vehicle_core/msg/_autopilot_config_s.c.o[0m
[42.049s] [ 88%] [32mBuilding C object CMakeFiles/vehicle_core__rosidl_generator_py.dir/rosidl_generator_py/vehicle_core/msg/_perception_profile_s.c.o[0m
[42.422s] [ 88%] [32mBuilding C object CMakeFiles/vehicle_core__rosidl_generator_py.dir/rosidl_generator_py/vehicle_core/msg/_state_mode_s.c.o[0m
[42.699s] [ 89%] [32mBuilding C object CMakeFiles/vehicle_core__rosidl_generator_py.dir/rosidl_generator_py/vehicle_core/msg/_state_event_s.c.o[0m
[42.991s] [ 89%] [32mBuilding C object CMakeFiles/vehicle_core__rosidl_generator_py.dir/rosidl_generator_py/vehicle_core/msg/_drive_feedback_s.c.o[0m
[43.212s] [ 89%] [32mBuilding C object CMakeFiles/vehicle_core__rosidl_generator_py.dir/rosidl_generator_py/vehicle_core/msg/_imu_status_s.c.o[0m
[43.531s] [ 90%] [32mBuilding C object CMakeFiles/vehicle_core__rosidl_generator_py.dir/rosidl_generator_py/vehicle_core/srv/_request_internal_control_s.c.o[0m
[44.246s] [ 90%] [32mBuilding C object CMakeFiles/vehicle_core__rosidl_generator_py.dir/rosidl_generator_py/vehicle_core/srv/_release_internal_control_s.c.o[0m
[44.646s] [ 91%] [32mBuilding C object CMakeFiles/vehicle_core__rosidl_generator_py.dir/rosidl_generator_py/vehicle_core/srv/_set_autopilot_profile_s.c.o[0m
[45.152s] [ 91%] [32m[1mLinking C shared library rosidl_generator_py/vehicle_core/libvehicle_core__rosidl_generator_py.so[0m
[45.417s] [ 91%] Built target vehicle_core__rosidl_generator_py
[45.531s] [ 91%] [32mBuilding C object CMakeFiles/vehicle_core__rosidl_typesupport_fastrtps_c__pyext.dir/rosidl_generator_py/vehicle_core/_vehicle_core_s.ep.rosidl_typesupport_fastrtps_c.c.o[0m
[46.191s] [ 92%] [32m[1mLinking C shared library rosidl_generator_py/vehicle_core/vehicle_core_s__rosidl_typesupport_fastrtps_c.cpython-310-aarch64-linux-gnu.so[0m
[46.417s] [ 92%] Built target vehicle_core__rosidl_typesupport_fastrtps_c__pyext
[46.467s] [ 92%] [32mBuilding CXX object CMakeFiles/autopilot_node_component.dir/src/Autopilot/KmlPathLoader.cpp.o[0m
[48.553s] [ 93%] [32mBuilding CXX object CMakeFiles/autopilot_node_component.dir/src/Autopilot/PurePursuit.cpp.o[0m
[49.586s] [ 93%] [32mBuilding CXX object CMakeFiles/i2c_bridge_node.dir/src/Devices/I2C/I2CBus.cpp.o[0m
[50.873s] [ 94%] [32mBuilding CXX object CMakeFiles/i2c_bridge_node.dir/src/Devices/I2C/I2CBusRegistry.cpp.o[0m
[53.869s] [ 94%] [32mBuilding CXX object CMakeFiles/i2c_bridge_node.dir/src/Devices/I2C/I2CDevice.cpp.o[0m
[54.190s] [ 95%] [32m[1mLinking CXX shared library libstate_manager_node_component.so[0m
[54.815s] [ 95%] [32mBuilding CXX object CMakeFiles/i2c_bridge_node.dir/src/Devices/BNO055.cpp.o[0m
[54.930s] [ 95%] [32m[1mLinking CXX shared library libgst_camera_component.so[0m
[57.253s] [ 95%] Built target gst_camera_component
[57.268s] [ 96%] [32mBuilding CXX object CMakeFiles/i2c_bridge_node.dir/src/Devices/DriveSubsys.cpp.o[0m
[57.380s] [ 96%] [32mBuilding CXX object CMakeFiles/i2c_bridge_node.dir/src/Devices/LightingSubsys.cpp.o[0m
[58.519s] [ 97%] [32mBuilding C object CMakeFiles/vehicle_core__rosidl_typesupport_introspection_c__pyext.dir/rosidl_generator_py/vehicle_core/_vehicle_core_s.ep.rosidl_typesupport_introspection_c.c.o[0m
[58.653s] [ 97%] Built target state_manager_node_component
[58.749s] [ 97%] [32mBuilding C object CMakeFiles/vehicle_core__rosidl_typesupport_c__pyext.dir/rosidl_generator_py/vehicle_core/_vehicle_core_s.ep.rosidl_typesupport_c.c.o[0m
[59.090s] [ 97%] [32m[1mLinking C shared library rosidl_generator_py/vehicle_core/vehicle_core_s__rosidl_typesupport_introspection_c.cpython-310-aarch64-linux-gnu.so[0m
[59.242s] [ 97%] Built target vehicle_core__rosidl_typesupport_introspection_c__pyext
[59.594s] [ 98%] [32m[1mLinking C shared library rosidl_generator_py/vehicle_core/vehicle_core_s__rosidl_typesupport_c.cpython-310-aarch64-linux-gnu.so[0m
[59.808s] [ 98%] Built target vehicle_core__rosidl_typesupport_c__pyext
[60.664s] [ 98%] [32m[1mLinking CXX shared library libautopilot_node_component.so[0m
[66.471s] [ 98%] Built target autopilot_node_component
[76.407s] [ 99%] [32m[1mLinking CXX shared library libi2c_bridge_node.so[0m
[77.600s] [ 99%] [32m[1mLinking CXX shared library libdrive_arbiter_node_component.so[0m
[78.228s] [ 99%] [32m[1mLinking CXX shared library libheading_calibrator_node_component.so[0m
[79.539s] [ 99%] Built target i2c_bridge_node
[81.030s] [ 99%] Built target drive_arbiter_node_component
[81.670s] [ 99%] Built target heading_calibrator_node_component
[81.938s] [100%] [32m[1mLinking CXX shared library libtcp_server_node_component.so[0m
[85.473s] [100%] Built target tcp_server_node_component
[85.517s] Invoked command in '/home/avcpp/AV-CPP2025/Vehicle/build/vehicle_core' returned '0': CMAKE_PREFIX_PATH=${CMAKE_PREFIX_PATH}:/opt/ros/humble /usr/bin/cmake --build /home/avcpp/AV-CPP2025/Vehicle/build/vehicle_core -- -j8 -l8
[85.565s] Invoking command in '/home/avcpp/AV-CPP2025/Vehicle/build/vehicle_core': CMAKE_PREFIX_PATH=${CMAKE_PREFIX_PATH}:/opt/ros/humble /usr/bin/cmake --install /home/avcpp/AV-CPP2025/Vehicle/build/vehicle_core
[85.604s] -- Install configuration: ""
[85.610s] -- Execute custom install script
[85.612s] -- Symlinking: /home/avcpp/AV-CPP2025/Vehicle/install/vehicle_core/share/ament_index/resource_index/rosidl_interfaces/vehicle_core
[85.649s] -- Symlinking: /home/avcpp/AV-CPP2025/Vehicle/install/vehicle_core/include/vehicle_core/vehicle_core/msg/autopilot_command.h
[85.678s] -- Symlinking: /home/avcpp/AV-CPP2025/Vehicle/install/vehicle_core/include/vehicle_core/vehicle_core/msg/autopilot_config.h
[85.712s] -- Symlinking: /home/avcpp/AV-CPP2025/Vehicle/install/vehicle_core/include/vehicle_core/vehicle_core/msg/autopilot_status.h
[85.741s] -- Symlinking: /home/avcpp/AV-CPP2025/Vehicle/install/vehicle_core/include/vehicle_core/vehicle_core/msg/detail/autopilot_command__functions.h
[85.769s] -- Symlinking: /home/avcpp/AV-CPP2025/Vehicle/install/vehicle_core/include/vehicle_core/vehicle_core/msg/detail/autopilot_command__struct.h
[85.803s] -- Symlinking: /home/avcpp/AV-CPP2025/Vehicle/install/vehicle_core/include/vehicle_core/vehicle_core/msg/detail/autopilot_command__type_support.h
[85.834s] -- Symlinking: /home/avcpp/AV-CPP2025/Vehicle/install/vehicle_core/include/vehicle_core/vehicle_core/msg/detail/autopilot_config__functions.h
[85.861s] -- Symlinking: /home/avcpp/AV-CPP2025/Vehicle/install/vehicle_core/include/vehicle_core/vehicle_core/msg/detail/autopilot_config__struct.h
[85.895s] -- Symlinking: /home/avcpp/AV-CPP2025/Vehicle/install/vehicle_core/include/vehicle_core/vehicle_core/msg/detail/autopilot_config__type_support.h
[85.929s] -- Symlinking: /home/avcpp/AV-CPP2025/Vehicle/install/vehicle_core/include/vehicle_core/vehicle_core/msg/detail/autopilot_status__functions.h
[85.962s] -- Symlinking: /home/avcpp/AV-CPP2025/Vehicle/install/vehicle_core/include/vehicle_core/vehicle_core/msg/detail/autopilot_status__struct.h
[85.996s] -- Symlinking: /home/avcpp/AV-CPP2025/Vehicle/install/vehicle_core/include/vehicle_core/vehicle_core/msg/detail/autopilot_status__type_support.h
[86.025s] -- Symlinking: /home/avcpp/AV-CPP2025/Vehicle/install/vehicle_core/include/vehicle_core/vehicle_core/msg/detail/drive_feedback__functions.h
[86.060s] -- Symlinking: /home/avcpp/AV-CPP2025/Vehicle/install/vehicle_core/include/vehicle_core/vehicle_core/msg/detail/drive_feedback__struct.h
[86.098s] -- Symlinking: /home/avcpp/AV-CPP2025/Vehicle/install/vehicle_core/include/vehicle_core/vehicle_core/msg/detail/drive_feedback__type_support.h
[86.134s] -- Symlinking: /home/avcpp/AV-CPP2025/Vehicle/install/vehicle_core/include/vehicle_core/vehicle_core/msg/detail/drive_status__functions.h
[86.164s] -- Symlinking: /home/avcpp/AV-CPP2025/Vehicle/install/vehicle_core/include/vehicle_core/vehicle_core/msg/detail/drive_status__struct.h
[86.187s] -- Symlinking: /home/avcpp/AV-CPP2025/Vehicle/install/vehicle_core/include/vehicle_core/vehicle_core/msg/detail/drive_status__type_support.h
[86.205s] -- Symlinking: /home/avcpp/AV-CPP2025/Vehicle/install/vehicle_core/include/vehicle_core/vehicle_core/msg/detail/drive_target__functions.h
[86.240s] -- Symlinking: /home/avcpp/AV-CPP2025/Vehicle/install/vehicle_core/include/vehicle_core/vehicle_core/msg/detail/drive_target__struct.h
[86.273s] -- Symlinking: /home/avcpp/AV-CPP2025/Vehicle/install/vehicle_core/include/vehicle_core/vehicle_core/msg/detail/drive_target__type_support.h
[86.306s] -- Symlinking: /home/avcpp/AV-CPP2025/Vehicle/install/vehicle_core/include/vehicle_core/vehicle_core/msg/detail/error__functions.h
[86.345s] -- Symlinking: /home/avcpp/AV-CPP2025/Vehicle/install/vehicle_core/include/vehicle_core/vehicle_core/msg/detail/error__struct.h
[86.381s] -- Symlinking: /home/avcpp/AV-CPP2025/Vehicle/install/vehicle_core/include/vehicle_core/vehicle_core/msg/detail/error__type_support.h
[86.399s] -- Symlinking: /home/avcpp/AV-CPP2025/Vehicle/install/vehicle_core/include/vehicle_core/vehicle_core/msg/detail/general_status__functions.h
[86.431s] -- Symlinking: /home/avcpp/AV-CPP2025/Vehicle/install/vehicle_core/include/vehicle_core/vehicle_core/msg/detail/general_status__struct.h
[86.454s] -- Symlinking: /home/avcpp/AV-CPP2025/Vehicle/install/vehicle_core/include/vehicle_core/vehicle_core/msg/detail/general_status__type_support.h
[86.491s] -- Symlinking: /home/avcpp/AV-CPP2025/Vehicle/install/vehicle_core/include/vehicle_core/vehicle_core/msg/detail/imu_status__functions.h
[86.525s] -- Symlinking: /home/avcpp/AV-CPP2025/Vehicle/install/vehicle_core/include/vehicle_core/vehicle_core/msg/detail/imu_status__struct.h
[86.543s] -- Symlinking: /home/avcpp/AV-CPP2025/Vehicle/install/vehicle_core/include/vehicle_core/vehicle_core/msg/detail/imu_status__type_support.h
[86.558s] -- Symlinking: /home/avcpp/AV-CPP2025/Vehicle/install/vehicle_core/include/vehicle_core/vehicle_core/msg/detail/internal_drive_command__functions.h
[86.586s] -- Symlinking: /home/avcpp/AV-CPP2025/Vehicle/install/vehicle_core/include/vehicle_core/vehicle_core/msg/detail/internal_drive_command__struct.h
[86.620s] -- Symlinking: /home/avcpp/AV-CPP2025/Vehicle/install/vehicle_core/include/vehicle_core/vehicle_core/msg/detail/internal_drive_command__type_support.h
[86.638s] -- Symlinking: /home/avcpp/AV-CPP2025/Vehicle/install/vehicle_core/include/vehicle_core/vehicle_core/msg/detail/lights_command__functions.h
[86.653s] -- Symlinking: /home/avcpp/AV-CPP2025/Vehicle/install/vehicle_core/include/vehicle_core/vehicle_core/msg/detail/lights_command__struct.h
[86.669s] -- Symlinking: /home/avcpp/AV-CPP2025/Vehicle/install/vehicle_core/include/vehicle_core/vehicle_core/msg/detail/lights_command__type_support.h
[86.706s] -- Symlinking: /home/avcpp/AV-CPP2025/Vehicle/install/vehicle_core/include/vehicle_core/vehicle_core/msg/detail/lights_status__functions.h
[86.724s] -- Symlinking: /home/avcpp/AV-CPP2025/Vehicle/install/vehicle_core/include/vehicle_core/vehicle_core/msg/detail/lights_status__struct.h
[86.746s] -- Symlinking: /home/avcpp/AV-CPP2025/Vehicle/install/vehicle_core/include/vehicle_core/vehicle_core/msg/detail/lights_status__type_support.h
[86.781s] -- Symlinking: /home/avcpp/AV-CPP2025/Vehicle/install/vehicle_core/include/vehicle_core/vehicle_core/msg/detail/manual_drive_command__functions.h
[86.800s] -- Symlinking: /home/avcpp/AV-CPP2025/Vehicle/install/vehicle_core/include/vehicle_core/vehicle_core/msg/detail/manual_drive_command__struct.h
[86.835s] -- Symlinking: /home/avcpp/AV-CPP2025/Vehicle/install/vehicle_core/include/vehicle_core/vehicle_core/msg/detail/manual_drive_command__type_support.h
[86.852s] -- Symlinking: /home/avcpp/AV-CPP2025/Vehicle/install/vehicle_core/include/vehicle_core/vehicle_core/msg/detail/max_speed__functions.h
[86.869s] -- Symlinking: /home/avcpp/AV-CPP2025/Vehicle/install/vehicle_core/include/vehicle_core/vehicle_core/msg/detail/max_speed__struct.h
[86.887s] -- Symlinking: /home/avcpp/AV-CPP2025/Vehicle/install/vehicle_core/include/vehicle_core/vehicle_core/msg/detail/max_speed__type_support.h
[86.904s] -- Symlinking: /home/avcpp/AV-CPP2025/Vehicle/install/vehicle_core/include/vehicle_core/vehicle_core/msg/detail/perception_profile__functions.h
[86.921s] -- Symlinking: /home/avcpp/AV-CPP2025/Vehicle/install/vehicle_core/include/vehicle_core/vehicle_core/msg/detail/perception_profile__struct.h
[86.939s] -- Symlinking: /home/avcpp/AV-CPP2025/Vehicle/install/vehicle_core/include/vehicle_core/vehicle_core/msg/detail/perception_profile__type_support.h
[86.973s] -- Symlinking: /home/avcpp/AV-CPP2025/Vehicle/install/vehicle_core/include/vehicle_core/vehicle_core/msg/detail/server_init__functions.h
[87.009s] -- Symlinking: /home/avcpp/AV-CPP2025/Vehicle/install/vehicle_core/include/vehicle_core/vehicle_core/msg/detail/server_init__struct.h
[87.049s] -- Symlinking: /home/avcpp/AV-CPP2025/Vehicle/install/vehicle_core/include/vehicle_core/vehicle_core/msg/detail/server_init__type_support.h
[87.080s] -- Symlinking: /home/avcpp/AV-CPP2025/Vehicle/install/vehicle_core/include/vehicle_core/vehicle_core/msg/detail/state_event__functions.h
[87.112s] -- Symlinking: /home/avcpp/AV-CPP2025/Vehicle/install/vehicle_core/include/vehicle_core/vehicle_core/msg/detail/state_event__struct.h
[87.136s] -- Symlinking: /home/avcpp/AV-CPP2025/Vehicle/install/vehicle_core/include/vehicle_core/vehicle_core/msg/detail/state_event__type_support.h
[87.164s] -- Symlinking: /home/avcpp/AV-CPP2025/Vehicle/install/vehicle_core/include/vehicle_core/vehicle_core/msg/detail/state_mode__functions.h
[87.186s] -- Symlinking: /home/avcpp/AV-CPP2025/Vehicle/install/vehicle_core/include/vehicle_core/vehicle_core/msg/detail/state_mode__struct.h
[87.203s] -- Symlinking: /home/avcpp/AV-CPP2025/Vehicle/install/vehicle_core/include/vehicle_core/vehicle_core/msg/detail/state_mode__type_support.h
[87.220s] -- Symlinking: /home/avcpp/AV-CPP2025/Vehicle/install/vehicle_core/include/vehicle_core/vehicle_core/msg/detail/telemetry_data__functions.h
[87.237s] -- Symlinking: /home/avcpp/AV-CPP2025/Vehicle/install/vehicle_core/include/vehicle_core/vehicle_core/msg/detail/telemetry_data__struct.h
[87.254s] -- Symlinking: /home/avcpp/AV-CPP2025/Vehicle/install/vehicle_core/include/vehicle_core/vehicle_core/msg/detail/telemetry_data__type_support.h
[87.285s] -- Symlinking: /home/avcpp/AV-CPP2025/Vehicle/install/vehicle_core/include/vehicle_core/vehicle_core/msg/drive_feedback.h
[87.305s] -- Symlinking: /home/avcpp/AV-CPP2025/Vehicle/install/vehicle_core/include/vehicle_core/vehicle_core/msg/drive_status.h
[87.321s] -- Symlinking: /home/avcpp/AV-CPP2025/Vehicle/install/vehicle_core/include/vehicle_core/vehicle_core/msg/drive_target.h
[87.339s] -- Symlinking: /home/avcpp/AV-CPP2025/Vehicle/install/vehicle_core/include/vehicle_core/vehicle_core/msg/error.h
[87.356s] -- Symlinking: /home/avcpp/AV-CPP2025/Vehicle/install/vehicle_core/include/vehicle_core/vehicle_core/msg/general_status.h
[87.374s] -- Symlinking: /home/avcpp/AV-CPP2025/Vehicle/install/vehicle_core/include/vehicle_core/vehicle_core/msg/imu_status.h
[87.407s] -- Symlinking: /home/avcpp/AV-CPP2025/Vehicle/install/vehicle_core/include/vehicle_core/vehicle_core/msg/internal_drive_command.h
[87.437s] -- Symlinking: /home/avcpp/AV-CPP2025/Vehicle/install/vehicle_core/include/vehicle_core/vehicle_core/msg/lights_command.h
[87.467s] -- Symlinking: /home/avcpp/AV-CPP2025/Vehicle/install/vehicle_core/include/vehicle_core/vehicle_core/msg/lights_status.h
[87.501s] -- Symlinking: /home/avcpp/AV-CPP2025/Vehicle/install/vehicle_core/include/vehicle_core/vehicle_core/msg/manual_drive_command.h
[87.539s] -- Symlinking: /home/avcpp/AV-CPP2025/Vehicle/install/vehicle_core/include/vehicle_core/vehicle_core/msg/max_speed.h
[87.573s] -- Symlinking: /home/avcpp/AV-CPP2025/Vehicle/install/vehicle_core/include/vehicle_core/vehicle_core/msg/perception_profile.h
[87.610s] -- Symlinking: /home/avcpp/AV-CPP2025/Vehicle/install/vehicle_core/include/vehicle_core/vehicle_core/msg/rosidl_generator_c__visibility_control.h
[87.647s] -- Symlinking: /home/avcpp/AV-CPP2025/Vehicle/install/vehicle_core/include/vehicle_core/vehicle_core/msg/server_init.h
[87.665s] -- Symlinking: /home/avcpp/AV-CPP2025/Vehicle/install/vehicle_core/include/vehicle_core/vehicle_core/msg/state_event.h
[87.681s] -- Symlinking: /home/avcpp/AV-CPP2025/Vehicle/install/vehicle_core/include/vehicle_core/vehicle_core/msg/state_mode.h
[87.698s] -- Symlinking: /home/avcpp/AV-CPP2025/Vehicle/install/vehicle_core/include/vehicle_core/vehicle_core/msg/telemetry_data.h
[87.715s] -- Symlinking: /home/avcpp/AV-CPP2025/Vehicle/install/vehicle_core/include/vehicle_core/vehicle_core/srv/detail/release_internal_control__functions.h
[87.744s] -- Symlinking: /home/avcpp/AV-CPP2025/Vehicle/install/vehicle_core/include/vehicle_core/vehicle_core/srv/detail/release_internal_control__struct.h
[87.772s] -- Symlinking: /home/avcpp/AV-CPP2025/Vehicle/install/vehicle_core/include/vehicle_core/vehicle_core/srv/detail/release_internal_control__type_support.h
[87.808s] -- Symlinking: /home/avcpp/AV-CPP2025/Vehicle/install/vehicle_core/include/vehicle_core/vehicle_core/srv/detail/request_internal_control__functions.h
[87.844s] -- Symlinking: /home/avcpp/AV-CPP2025/Vehicle/install/vehicle_core/include/vehicle_core/vehicle_core/srv/detail/request_internal_control__struct.h
[87.879s] -- Symlinking: /home/avcpp/AV-CPP2025/Vehicle/install/vehicle_core/include/vehicle_core/vehicle_core/srv/detail/request_internal_control__type_support.h
[87.918s] -- Symlinking: /home/avcpp/AV-CPP2025/Vehicle/install/vehicle_core/include/vehicle_core/vehicle_core/srv/detail/set_autopilot_profile__functions.h
[87.954s] -- Symlinking: /home/avcpp/AV-CPP2025/Vehicle/install/vehicle_core/include/vehicle_core/vehicle_core/srv/detail/set_autopilot_profile__struct.h
[87.990s] -- Symlinking: /home/avcpp/AV-CPP2025/Vehicle/install/vehicle_core/include/vehicle_core/vehicle_core/srv/detail/set_autopilot_profile__type_support.h
[88.007s] -- Symlinking: /home/avcpp/AV-CPP2025/Vehicle/install/vehicle_core/include/vehicle_core/vehicle_core/srv/release_internal_control.h
[88.041s] -- Symlinking: /home/avcpp/AV-CPP2025/Vehicle/install/vehicle_core/include/vehicle_core/vehicle_core/srv/request_internal_control.h
[88.070s] -- Symlinking: /home/avcpp/AV-CPP2025/Vehicle/install/vehicle_core/include/vehicle_core/vehicle_core/srv/set_autopilot_profile.h
[88.111s] -- Symlinking: /home/avcpp/AV-CPP2025/Vehicle/install/vehicle_core/share/vehicle_core/environment/library_path.sh
[88.148s] -- Symlinking: /home/avcpp/AV-CPP2025/Vehicle/install/vehicle_core/share/vehicle_core/environment/library_path.dsv
[88.181s] -- Symlinking: /home/avcpp/AV-CPP2025/Vehicle/install/vehicle_core/include/vehicle_core/vehicle_core/msg/detail/autopilot_command__rosidl_typesupport_fastrtps_c.h
[88.207s] -- Symlinking: /home/avcpp/AV-CPP2025/Vehicle/install/vehicle_core/include/vehicle_core/vehicle_core/msg/detail/autopilot_config__rosidl_typesupport_fastrtps_c.h
[88.235s] -- Symlinking: /home/avcpp/AV-CPP2025/Vehicle/install/vehicle_core/include/vehicle_core/vehicle_core/msg/detail/autopilot_status__rosidl_typesupport_fastrtps_c.h
[88.267s] -- Symlinking: /home/avcpp/AV-CPP2025/Vehicle/install/vehicle_core/include/vehicle_core/vehicle_core/msg/detail/drive_feedback__rosidl_typesupport_fastrtps_c.h
[88.299s] -- Symlinking: /home/avcpp/AV-CPP2025/Vehicle/install/vehicle_core/include/vehicle_core/vehicle_core/msg/detail/drive_status__rosidl_typesupport_fastrtps_c.h
[88.332s] -- Symlinking: /home/avcpp/AV-CPP2025/Vehicle/install/vehicle_core/include/vehicle_core/vehicle_core/msg/detail/drive_target__rosidl_typesupport_fastrtps_c.h
[88.352s] -- Symlinking: /home/avcpp/AV-CPP2025/Vehicle/install/vehicle_core/include/vehicle_core/vehicle_core/msg/detail/error__rosidl_typesupport_fastrtps_c.h
[88.368s] -- Symlinking: /home/avcpp/AV-CPP2025/Vehicle/install/vehicle_core/include/vehicle_core/vehicle_core/msg/detail/general_status__rosidl_typesupport_fastrtps_c.h
[88.385s] -- Symlinking: /home/avcpp/AV-CPP2025/Vehicle/install/vehicle_core/include/vehicle_core/vehicle_core/msg/detail/imu_status__rosidl_typesupport_fastrtps_c.h
[88.413s] -- Symlinking: /home/avcpp/AV-CPP2025/Vehicle/install/vehicle_core/include/vehicle_core/vehicle_core/msg/detail/internal_drive_command__rosidl_typesupport_fastrtps_c.h
[88.441s] -- Symlinking: /home/avcpp/AV-CPP2025/Vehicle/install/vehicle_core/include/vehicle_core/vehicle_core/msg/detail/lights_command__rosidl_typesupport_fastrtps_c.h
[88.477s] -- Symlinking: /home/avcpp/AV-CPP2025/Vehicle/install/vehicle_core/include/vehicle_core/vehicle_core/msg/detail/lights_status__rosidl_typesupport_fastrtps_c.h
[88.510s] -- Symlinking: /home/avcpp/AV-CPP2025/Vehicle/install/vehicle_core/include/vehicle_core/vehicle_core/msg/detail/manual_drive_command__rosidl_typesupport_fastrtps_c.h
[88.545s] -- Symlinking: /home/avcpp/AV-CPP2025/Vehicle/install/vehicle_core/include/vehicle_core/vehicle_core/msg/detail/max_speed__rosidl_typesupport_fastrtps_c.h
[88.578s] -- Symlinking: /home/avcpp/AV-CPP2025/Vehicle/install/vehicle_core/include/vehicle_core/vehicle_core/msg/detail/perception_profile__rosidl_typesupport_fastrtps_c.h
[88.608s] -- Symlinking: /home/avcpp/AV-CPP2025/Vehicle/install/vehicle_core/include/vehicle_core/vehicle_core/msg/detail/server_init__rosidl_typesupport_fastrtps_c.h
[88.630s] -- Symlinking: /home/avcpp/AV-CPP2025/Vehicle/install/vehicle_core/include/vehicle_core/vehicle_core/msg/detail/state_event__rosidl_typesupport_fastrtps_c.h
[88.644s] -- Symlinking: /home/avcpp/AV-CPP2025/Vehicle/install/vehicle_core/include/vehicle_core/vehicle_core/msg/detail/state_mode__rosidl_typesupport_fastrtps_c.h
[88.660s] -- Symlinking: /home/avcpp/AV-CPP2025/Vehicle/install/vehicle_core/include/vehicle_core/vehicle_core/msg/detail/telemetry_data__rosidl_typesupport_fastrtps_c.h
[88.675s] -- Symlinking: /home/avcpp/AV-CPP2025/Vehicle/install/vehicle_core/include/vehicle_core/vehicle_core/msg/rosidl_typesupport_fastrtps_c__visibility_control.h
[88.690s] -- Symlinking: /home/avcpp/AV-CPP2025/Vehicle/install/vehicle_core/include/vehicle_core/vehicle_core/srv/detail/release_internal_control__rosidl_typesupport_fastrtps_c.h
[88.724s] -- Symlinking: /home/avcpp/AV-CPP2025/Vehicle/install/vehicle_core/include/vehicle_core/vehicle_core/srv/detail/request_internal_control__rosidl_typesupport_fastrtps_c.h
[88.755s] -- Symlinking: /home/avcpp/AV-CPP2025/Vehicle/install/vehicle_core/include/vehicle_core/vehicle_core/srv/detail/set_autopilot_profile__rosidl_typesupport_fastrtps_c.h
[88.795s] -- Symlinking: /home/avcpp/AV-CPP2025/Vehicle/install/vehicle_core/include/vehicle_core/vehicle_core/msg/autopilot_command.hpp
[88.828s] -- Symlinking: /home/avcpp/AV-CPP2025/Vehicle/install/vehicle_core/include/vehicle_core/vehicle_core/msg/autopilot_config.hpp
[88.859s] -- Symlinking: /home/avcpp/AV-CPP2025/Vehicle/install/vehicle_core/include/vehicle_core/vehicle_core/msg/autopilot_status.hpp
[88.888s] -- Symlinking: /home/avcpp/AV-CPP2025/Vehicle/install/vehicle_core/include/vehicle_core/vehicle_core/msg/detail/autopilot_command__builder.hpp
[88.924s] -- Symlinking: /home/avcpp/AV-CPP2025/Vehicle/install/vehicle_core/include/vehicle_core/vehicle_core/msg/detail/autopilot_command__struct.hpp
[88.953s] -- Symlinking: /home/avcpp/AV-CPP2025/Vehicle/install/vehicle_core/include/vehicle_core/vehicle_core/msg/detail/autopilot_command__traits.hpp
[88.985s] -- Symlinking: /home/avcpp/AV-CPP2025/Vehicle/install/vehicle_core/include/vehicle_core/vehicle_core/msg/detail/autopilot_command__type_support.hpp
[89.020s] -- Symlinking: /home/avcpp/AV-CPP2025/Vehicle/install/vehicle_core/include/vehicle_core/vehicle_core/msg/detail/autopilot_config__builder.hpp
[89.051s] -- Symlinking: /home/avcpp/AV-CPP2025/Vehicle/install/vehicle_core/include/vehicle_core/vehicle_core/msg/detail/autopilot_config__struct.hpp
[89.082s] -- Symlinking: /home/avcpp/AV-CPP2025/Vehicle/install/vehicle_core/include/vehicle_core/vehicle_core/msg/detail/autopilot_config__traits.hpp
[89.112s] -- Symlinking: /home/avcpp/AV-CPP2025/Vehicle/install/vehicle_core/include/vehicle_core/vehicle_core/msg/detail/autopilot_config__type_support.hpp
[89.131s] -- Symlinking: /home/avcpp/AV-CPP2025/Vehicle/install/vehicle_core/include/vehicle_core/vehicle_core/msg/detail/autopilot_status__builder.hpp
[89.147s] -- Symlinking: /home/avcpp/AV-CPP2025/Vehicle/install/vehicle_core/include/vehicle_core/vehicle_core/msg/detail/autopilot_status__struct.hpp
[89.164s] -- Symlinking: /home/avcpp/AV-CPP2025/Vehicle/install/vehicle_core/include/vehicle_core/vehicle_core/msg/detail/autopilot_status__traits.hpp
[89.182s] -- Symlinking: /home/avcpp/AV-CPP2025/Vehicle/install/vehicle_core/include/vehicle_core/vehicle_core/msg/detail/autopilot_status__type_support.hpp
[89.199s] -- Symlinking: /home/avcpp/AV-CPP2025/Vehicle/install/vehicle_core/include/vehicle_core/vehicle_core/msg/detail/drive_feedback__builder.hpp
[89.216s] -- Symlinking: /home/avcpp/AV-CPP2025/Vehicle/install/vehicle_core/include/vehicle_core/vehicle_core/msg/detail/drive_feedback__struct.hpp
[89.234s] -- Symlinking: /home/avcpp/AV-CPP2025/Vehicle/install/vehicle_core/include/vehicle_core/vehicle_core/msg/detail/drive_feedback__traits.hpp
[89.266s] -- Symlinking: /home/avcpp/AV-CPP2025/Vehicle/install/vehicle_core/include/vehicle_core/vehicle_core/msg/detail/drive_feedback__type_support.hpp
[89.296s] -- Symlinking: /home/avcpp/AV-CPP2025/Vehicle/install/vehicle_core/include/vehicle_core/vehicle_core/msg/detail/drive_status__builder.hpp
[89.328s] -- Symlinking: /home/avcpp/AV-CPP2025/Vehicle/install/vehicle_core/include/vehicle_core/vehicle_core/msg/detail/drive_status__struct.hpp
[89.363s] -- Symlinking: /home/avcpp/AV-CPP2025/Vehicle/install/vehicle_core/include/vehicle_core/vehicle_core/msg/detail/drive_status__traits.hpp
[89.397s] -- Symlinking: /home/avcpp/AV-CPP2025/Vehicle/install/vehicle_core/include/vehicle_core/vehicle_core/msg/detail/drive_status__type_support.hpp
[89.428s] -- Symlinking: /home/avcpp/AV-CPP2025/Vehicle/install/vehicle_core/include/vehicle_core/vehicle_core/msg/detail/drive_target__builder.hpp
[89.462s] -- Symlinking: /home/avcpp/AV-CPP2025/Vehicle/install/vehicle_core/include/vehicle_core/vehicle_core/msg/detail/drive_target__struct.hpp
[89.495s] -- Symlinking: /home/avcpp/AV-CPP2025/Vehicle/install/vehicle_core/include/vehicle_core/vehicle_core/msg/detail/drive_target__traits.hpp
[89.537s] -- Symlinking: /home/avcpp/AV-CPP2025/Vehicle/install/vehicle_core/include/vehicle_core/vehicle_core/msg/detail/drive_target__type_support.hpp
[89.569s] -- Symlinking: /home/avcpp/AV-CPP2025/Vehicle/install/vehicle_core/include/vehicle_core/vehicle_core/msg/detail/error__builder.hpp
[89.602s] -- Symlinking: /home/avcpp/AV-CPP2025/Vehicle/install/vehicle_core/include/vehicle_core/vehicle_core/msg/detail/error__struct.hpp
[89.635s] -- Symlinking: /home/avcpp/AV-CPP2025/Vehicle/install/vehicle_core/include/vehicle_core/vehicle_core/msg/detail/error__traits.hpp
[89.663s] -- Symlinking: /home/avcpp/AV-CPP2025/Vehicle/install/vehicle_core/include/vehicle_core/vehicle_core/msg/detail/error__type_support.hpp
[89.692s] -- Symlinking: /home/avcpp/AV-CPP2025/Vehicle/install/vehicle_core/include/vehicle_core/vehicle_core/msg/detail/general_status__builder.hpp
[89.729s] -- Symlinking: /home/avcpp/AV-CPP2025/Vehicle/install/vehicle_core/include/vehicle_core/vehicle_core/msg/detail/general_status__struct.hpp
[89.748s] -- Symlinking: /home/avcpp/AV-CPP2025/Vehicle/install/vehicle_core/include/vehicle_core/vehicle_core/msg/detail/general_status__traits.hpp
[89.764s] -- Symlinking: /home/avcpp/AV-CPP2025/Vehicle/install/vehicle_core/include/vehicle_core/vehicle_core/msg/detail/general_status__type_support.hpp
[89.797s] -- Symlinking: /home/avcpp/AV-CPP2025/Vehicle/install/vehicle_core/include/vehicle_core/vehicle_core/msg/detail/imu_status__builder.hpp
[89.835s] -- Symlinking: /home/avcpp/AV-CPP2025/Vehicle/install/vehicle_core/include/vehicle_core/vehicle_core/msg/detail/imu_status__struct.hpp
[89.854s] -- Symlinking: /home/avcpp/AV-CPP2025/Vehicle/install/vehicle_core/include/vehicle_core/vehicle_core/msg/detail/imu_status__traits.hpp
[89.870s] -- Symlinking: /home/avcpp/AV-CPP2025/Vehicle/install/vehicle_core/include/vehicle_core/vehicle_core/msg/detail/imu_status__type_support.hpp
[89.889s] -- Symlinking: /home/avcpp/AV-CPP2025/Vehicle/install/vehicle_core/include/vehicle_core/vehicle_core/msg/detail/internal_drive_command__builder.hpp
[89.925s] -- Symlinking: /home/avcpp/AV-CPP2025/Vehicle/install/vehicle_core/include/vehicle_core/vehicle_core/msg/detail/internal_drive_command__struct.hpp
[89.957s] -- Symlinking: /home/avcpp/AV-CPP2025/Vehicle/install/vehicle_core/include/vehicle_core/vehicle_core/msg/detail/internal_drive_command__traits.hpp
[89.994s] -- Symlinking: /home/avcpp/AV-CPP2025/Vehicle/install/vehicle_core/include/vehicle_core/vehicle_core/msg/detail/internal_drive_command__type_support.hpp
[90.030s] -- Symlinking: /home/avcpp/AV-CPP2025/Vehicle/install/vehicle_core/include/vehicle_core/vehicle_core/msg/detail/lights_command__builder.hpp
[90.058s] -- Symlinking: /home/avcpp/AV-CPP2025/Vehicle/install/vehicle_core/include/vehicle_core/vehicle_core/msg/detail/lights_command__struct.hpp
[90.092s] -- Symlinking: /home/avcpp/AV-CPP2025/Vehicle/install/vehicle_core/include/vehicle_core/vehicle_core/msg/detail/lights_command__traits.hpp
[90.121s] -- Symlinking: /home/avcpp/AV-CPP2025/Vehicle/install/vehicle_core/include/vehicle_core/vehicle_core/msg/detail/lights_command__type_support.hpp
[90.144s] -- Symlinking: /home/avcpp/AV-CPP2025/Vehicle/install/vehicle_core/include/vehicle_core/vehicle_core/msg/detail/lights_status__builder.hpp
[90.160s] -- Symlinking: /home/avcpp/AV-CPP2025/Vehicle/install/vehicle_core/include/vehicle_core/vehicle_core/msg/detail/lights_status__struct.hpp
[90.177s] -- Symlinking: /home/avcpp/AV-CPP2025/Vehicle/install/vehicle_core/include/vehicle_core/vehicle_core/msg/detail/lights_status__traits.hpp
[90.195s] -- Symlinking: /home/avcpp/AV-CPP2025/Vehicle/install/vehicle_core/include/vehicle_core/vehicle_core/msg/detail/lights_status__type_support.hpp
[90.228s] -- Symlinking: /home/avcpp/AV-CPP2025/Vehicle/install/vehicle_core/include/vehicle_core/vehicle_core/msg/detail/manual_drive_command__builder.hpp
[90.255s] -- Symlinking: /home/avcpp/AV-CPP2025/Vehicle/install/vehicle_core/include/vehicle_core/vehicle_core/msg/detail/manual_drive_command__struct.hpp
[90.271s] -- Symlinking: /home/avcpp/AV-CPP2025/Vehicle/install/vehicle_core/include/vehicle_core/vehicle_core/msg/detail/manual_drive_command__traits.hpp
[90.287s] -- Symlinking: /home/avcpp/AV-CPP2025/Vehicle/install/vehicle_core/include/vehicle_core/vehicle_core/msg/detail/manual_drive_command__type_support.hpp
[90.304s] -- Symlinking: /home/avcpp/AV-CPP2025/Vehicle/install/vehicle_core/include/vehicle_core/vehicle_core/msg/detail/max_speed__builder.hpp
[90.332s] -- Symlinking: /home/avcpp/AV-CPP2025/Vehicle/install/vehicle_core/include/vehicle_core/vehicle_core/msg/detail/max_speed__struct.hpp
[90.363s] -- Symlinking: /home/avcpp/AV-CPP2025/Vehicle/install/vehicle_core/include/vehicle_core/vehicle_core/msg/detail/max_speed__traits.hpp
[90.397s] -- Symlinking: /home/avcpp/AV-CPP2025/Vehicle/install/vehicle_core/include/vehicle_core/vehicle_core/msg/detail/max_speed__type_support.hpp
[90.429s] -- Symlinking: /home/avcpp/AV-CPP2025/Vehicle/install/vehicle_core/include/vehicle_core/vehicle_core/msg/detail/perception_profile__builder.hpp
[90.464s] -- Symlinking: /home/avcpp/AV-CPP2025/Vehicle/install/vehicle_core/include/vehicle_core/vehicle_core/msg/detail/perception_profile__struct.hpp
[90.498s] -- Symlinking: /home/avcpp/AV-CPP2025/Vehicle/install/vehicle_core/include/vehicle_core/vehicle_core/msg/detail/perception_profile__traits.hpp
[90.533s] -- Symlinking: /home/avcpp/AV-CPP2025/Vehicle/install/vehicle_core/include/vehicle_core/vehicle_core/msg/detail/perception_profile__type_support.hpp
[90.563s] -- Symlinking: /home/avcpp/AV-CPP2025/Vehicle/install/vehicle_core/include/vehicle_core/vehicle_core/msg/detail/server_init__builder.hpp
[90.583s] -- Symlinking: /home/avcpp/AV-CPP2025/Vehicle/install/vehicle_core/include/vehicle_core/vehicle_core/msg/detail/server_init__struct.hpp
[90.615s] -- Symlinking: /home/avcpp/AV-CPP2025/Vehicle/install/vehicle_core/include/vehicle_core/vehicle_core/msg/detail/server_init__traits.hpp
[90.645s] -- Symlinking: /home/avcpp/AV-CPP2025/Vehicle/install/vehicle_core/include/vehicle_core/vehicle_core/msg/detail/server_init__type_support.hpp
[90.680s] -- Symlinking: /home/avcpp/AV-CPP2025/Vehicle/install/vehicle_core/include/vehicle_core/vehicle_core/msg/detail/state_event__builder.hpp
[90.717s] -- Symlinking: /home/avcpp/AV-CPP2025/Vehicle/install/vehicle_core/include/vehicle_core/vehicle_core/msg/detail/state_event__struct.hpp
[90.752s] -- Symlinking: /home/avcpp/AV-CPP2025/Vehicle/install/vehicle_core/include/vehicle_core/vehicle_core/msg/detail/state_event__traits.hpp
[90.790s] -- Symlinking: /home/avcpp/AV-CPP2025/Vehicle/install/vehicle_core/include/vehicle_core/vehicle_core/msg/detail/state_event__type_support.hpp
[90.808s] -- Symlinking: /home/avcpp/AV-CPP2025/Vehicle/install/vehicle_core/include/vehicle_core/vehicle_core/msg/detail/state_mode__builder.hpp
[90.824s] -- Symlinking: /home/avcpp/AV-CPP2025/Vehicle/install/vehicle_core/include/vehicle_core/vehicle_core/msg/detail/state_mode__struct.hpp
[90.854s] -- Symlinking: /home/avcpp/AV-CPP2025/Vehicle/install/vehicle_core/include/vehicle_core/vehicle_core/msg/detail/state_mode__traits.hpp
[90.880s] -- Symlinking: /home/avcpp/AV-CPP2025/Vehicle/install/vehicle_core/include/vehicle_core/vehicle_core/msg/detail/state_mode__type_support.hpp
[90.913s] -- Symlinking: /home/avcpp/AV-CPP2025/Vehicle/install/vehicle_core/include/vehicle_core/vehicle_core/msg/detail/telemetry_data__builder.hpp
[90.948s] -- Symlinking: /home/avcpp/AV-CPP2025/Vehicle/install/vehicle_core/include/vehicle_core/vehicle_core/msg/detail/telemetry_data__struct.hpp
[90.967s] -- Symlinking: /home/avcpp/AV-CPP2025/Vehicle/install/vehicle_core/include/vehicle_core/vehicle_core/msg/detail/telemetry_data__traits.hpp
[90.985s] -- Symlinking: /home/avcpp/AV-CPP2025/Vehicle/install/vehicle_core/include/vehicle_core/vehicle_core/msg/detail/telemetry_data__type_support.hpp
[91.001s] -- Symlinking: /home/avcpp/AV-CPP2025/Vehicle/install/vehicle_core/include/vehicle_core/vehicle_core/msg/drive_feedback.hpp
[91.035s] -- Symlinking: /home/avcpp/AV-CPP2025/Vehicle/install/vehicle_core/include/vehicle_core/vehicle_core/msg/drive_status.hpp
[91.067s] -- Symlinking: /home/avcpp/AV-CPP2025/Vehicle/install/vehicle_core/include/vehicle_core/vehicle_core/msg/drive_target.hpp
[91.087s] -- Symlinking: /home/avcpp/AV-CPP2025/Vehicle/install/vehicle_core/include/vehicle_core/vehicle_core/msg/error.hpp
[91.123s] -- Symlinking: /home/avcpp/AV-CPP2025/Vehicle/install/vehicle_core/include/vehicle_core/vehicle_core/msg/general_status.hpp
[91.142s] -- Symlinking: /home/avcpp/AV-CPP2025/Vehicle/install/vehicle_core/include/vehicle_core/vehicle_core/msg/imu_status.hpp
[91.159s] -- Symlinking: /home/avcpp/AV-CPP2025/Vehicle/install/vehicle_core/include/vehicle_core/vehicle_core/msg/internal_drive_command.hpp
[91.178s] -- Symlinking: /home/avcpp/AV-CPP2025/Vehicle/install/vehicle_core/include/vehicle_core/vehicle_core/msg/lights_command.hpp
[91.210s] -- Symlinking: /home/avcpp/AV-CPP2025/Vehicle/install/vehicle_core/include/vehicle_core/vehicle_core/msg/lights_status.hpp
[91.238s] -- Symlinking: /home/avcpp/AV-CPP2025/Vehicle/install/vehicle_core/include/vehicle_core/vehicle_core/msg/manual_drive_command.hpp
[91.273s] -- Symlinking: /home/avcpp/AV-CPP2025/Vehicle/install/vehicle_core/include/vehicle_core/vehicle_core/msg/max_speed.hpp
[91.307s] -- Symlinking: /home/avcpp/AV-CPP2025/Vehicle/install/vehicle_core/include/vehicle_core/vehicle_core/msg/perception_profile.hpp
[91.340s] -- Symlinking: /home/avcpp/AV-CPP2025/Vehicle/install/vehicle_core/include/vehicle_core/vehicle_core/msg/rosidl_generator_cpp__visibility_control.hpp
[91.375s] -- Symlinking: /home/avcpp/AV-CPP2025/Vehicle/install/vehicle_core/include/vehicle_core/vehicle_core/msg/server_init.hpp
[91.403s] -- Symlinking: /home/avcpp/AV-CPP2025/Vehicle/install/vehicle_core/include/vehicle_core/vehicle_core/msg/state_event.hpp
[91.420s] -- Symlinking: /home/avcpp/AV-CPP2025/Vehicle/install/vehicle_core/include/vehicle_core/vehicle_core/msg/state_mode.hpp
[91.452s] -- Symlinking: /home/avcpp/AV-CPP2025/Vehicle/install/vehicle_core/include/vehicle_core/vehicle_core/msg/telemetry_data.hpp
[91.481s] -- Symlinking: /home/avcpp/AV-CPP2025/Vehicle/install/vehicle_core/include/vehicle_core/vehicle_core/srv/detail/release_internal_control__builder.hpp
[91.515s] -- Symlinking: /home/avcpp/AV-CPP2025/Vehicle/install/vehicle_core/include/vehicle_core/vehicle_core/srv/detail/release_internal_control__struct.hpp
[91.543s] -- Symlinking: /home/avcpp/AV-CPP2025/Vehicle/install/vehicle_core/include/vehicle_core/vehicle_core/srv/detail/release_internal_control__traits.hpp
[91.574s] -- Symlinking: /home/avcpp/AV-CPP2025/Vehicle/install/vehicle_core/include/vehicle_core/vehicle_core/srv/detail/release_internal_control__type_support.hpp
[91.593s] -- Symlinking: /home/avcpp/AV-CPP2025/Vehicle/install/vehicle_core/include/vehicle_core/vehicle_core/srv/detail/request_internal_control__builder.hpp
[91.610s] -- Symlinking: /home/avcpp/AV-CPP2025/Vehicle/install/vehicle_core/include/vehicle_core/vehicle_core/srv/detail/request_internal_control__struct.hpp
[91.645s] -- Symlinking: /home/avcpp/AV-CPP2025/Vehicle/install/vehicle_core/include/vehicle_core/vehicle_core/srv/detail/request_internal_control__traits.hpp
[91.675s] -- Symlinking: /home/avcpp/AV-CPP2025/Vehicle/install/vehicle_core/include/vehicle_core/vehicle_core/srv/detail/request_internal_control__type_support.hpp
[91.692s] -- Symlinking: /home/avcpp/AV-CPP2025/Vehicle/install/vehicle_core/include/vehicle_core/vehicle_core/srv/detail/set_autopilot_profile__builder.hpp
[91.721s] -- Symlinking: /home/avcpp/AV-CPP2025/Vehicle/install/vehicle_core/include/vehicle_core/vehicle_core/srv/detail/set_autopilot_profile__struct.hpp
[91.747s] -- Symlinking: /home/avcpp/AV-CPP2025/Vehicle/install/vehicle_core/include/vehicle_core/vehicle_core/srv/detail/set_autopilot_profile__traits.hpp
[91.763s] -- Symlinking: /home/avcpp/AV-CPP2025/Vehicle/install/vehicle_core/include/vehicle_core/vehicle_core/srv/detail/set_autopilot_profile__type_support.hpp
[91.780s] -- Symlinking: /home/avcpp/AV-CPP2025/Vehicle/install/vehicle_core/include/vehicle_core/vehicle_core/srv/release_internal_control.hpp
[91.797s] -- Symlinking: /home/avcpp/AV-CPP2025/Vehicle/install/vehicle_core/include/vehicle_core/vehicle_core/srv/request_internal_control.hpp
[91.829s] -- Symlinking: /home/avcpp/AV-CPP2025/Vehicle/install/vehicle_core/include/vehicle_core/vehicle_core/srv/set_autopilot_profile.hpp
[91.860s] -- Symlinking: /home/avcpp/AV-CPP2025/Vehicle/install/vehicle_core/include/vehicle_core/vehicle_core/msg/detail/autopilot_command__rosidl_typesupport_fastrtps_cpp.hpp
[91.894s] -- Symlinking: /home/avcpp/AV-CPP2025/Vehicle/install/vehicle_core/include/vehicle_core/vehicle_core/msg/detail/autopilot_config__rosidl_typesupport_fastrtps_cpp.hpp
[91.926s] -- Symlinking: /home/avcpp/AV-CPP2025/Vehicle/install/vehicle_core/include/vehicle_core/vehicle_core/msg/detail/autopilot_status__rosidl_typesupport_fastrtps_cpp.hpp
[91.957s] -- Symlinking: /home/avcpp/AV-CPP2025/Vehicle/install/vehicle_core/include/vehicle_core/vehicle_core/msg/detail/drive_feedback__rosidl_typesupport_fastrtps_cpp.hpp
[91.989s] -- Symlinking: /home/avcpp/AV-CPP2025/Vehicle/install/vehicle_core/include/vehicle_core/vehicle_core/msg/detail/drive_status__rosidl_typesupport_fastrtps_cpp.hpp
[92.008s] -- Symlinking: /home/avcpp/AV-CPP2025/Vehicle/install/vehicle_core/include/vehicle_core/vehicle_core/msg/detail/drive_target__rosidl_typesupport_fastrtps_cpp.hpp
[92.040s] -- Symlinking: /home/avcpp/AV-CPP2025/Vehicle/install/vehicle_core/include/vehicle_core/vehicle_core/msg/detail/error__rosidl_typesupport_fastrtps_cpp.hpp
[92.074s] -- Symlinking: /home/avcpp/AV-CPP2025/Vehicle/install/vehicle_core/include/vehicle_core/vehicle_core/msg/detail/general_status__rosidl_typesupport_fastrtps_cpp.hpp
[92.108s] -- Symlinking: /home/avcpp/AV-CPP2025/Vehicle/install/vehicle_core/include/vehicle_core/vehicle_core/msg/detail/imu_status__rosidl_typesupport_fastrtps_cpp.hpp
[92.156s] -- Symlinking: /home/avcpp/AV-CPP2025/Vehicle/install/vehicle_core/include/vehicle_core/vehicle_core/msg/detail/internal_drive_command__rosidl_typesupport_fastrtps_cpp.hpp
[92.188s] -- Symlinking: /home/avcpp/AV-CPP2025/Vehicle/install/vehicle_core/include/vehicle_core/vehicle_core/msg/detail/lights_command__rosidl_typesupport_fastrtps_cpp.hpp
[92.218s] -- Symlinking: /home/avcpp/AV-CPP2025/Vehicle/install/vehicle_core/include/vehicle_core/vehicle_core/msg/detail/lights_status__rosidl_typesupport_fastrtps_cpp.hpp
[92.252s] -- Symlinking: /home/avcpp/AV-CPP2025/Vehicle/install/vehicle_core/include/vehicle_core/vehicle_core/msg/detail/manual_drive_command__rosidl_typesupport_fastrtps_cpp.hpp
[92.283s] -- Symlinking: /home/avcpp/AV-CPP2025/Vehicle/install/vehicle_core/include/vehicle_core/vehicle_core/msg/detail/max_speed__rosidl_typesupport_fastrtps_cpp.hpp
[92.303s] -- Symlinking: /home/avcpp/AV-CPP2025/Vehicle/install/vehicle_core/include/vehicle_core/vehicle_core/msg/detail/perception_profile__rosidl_typesupport_fastrtps_cpp.hpp
[92.319s] -- Symlinking: /home/avcpp/AV-CPP2025/Vehicle/install/vehicle_core/include/vehicle_core/vehicle_core/msg/detail/server_init__rosidl_typesupport_fastrtps_cpp.hpp
[92.335s] -- Symlinking: /home/avcpp/AV-CPP2025/Vehicle/install/vehicle_core/include/vehicle_core/vehicle_core/msg/detail/state_event__rosidl_typesupport_fastrtps_cpp.hpp
[92.372s] -- Symlinking: /home/avcpp/AV-CPP2025/Vehicle/install/vehicle_core/include/vehicle_core/vehicle_core/msg/detail/state_mode__rosidl_typesupport_fastrtps_cpp.hpp
[92.406s] -- Symlinking: /home/avcpp/AV-CPP2025/Vehicle/install/vehicle_core/include/vehicle_core/vehicle_core/msg/detail/telemetry_data__rosidl_typesupport_fastrtps_cpp.hpp
[92.440s] -- Symlinking: /home/avcpp/AV-CPP2025/Vehicle/install/vehicle_core/include/vehicle_core/vehicle_core/msg/rosidl_typesupport_fastrtps_cpp__visibility_control.h
[92.471s] -- Symlinking: /home/avcpp/AV-CPP2025/Vehicle/install/vehicle_core/include/vehicle_core/vehicle_core/srv/detail/release_internal_control__rosidl_typesupport_fastrtps_cpp.hpp
[92.503s] -- Symlinking: /home/avcpp/AV-CPP2025/Vehicle/install/vehicle_core/include/vehicle_core/vehicle_core/srv/detail/request_internal_control__rosidl_typesupport_fastrtps_cpp.hpp
[92.532s] -- Symlinking: /home/avcpp/AV-CPP2025/Vehicle/install/vehicle_core/include/vehicle_core/vehicle_core/srv/detail/set_autopilot_profile__rosidl_typesupport_fastrtps_cpp.hpp
[92.564s] -- Symlinking: /home/avcpp/AV-CPP2025/Vehicle/install/vehicle_core/include/vehicle_core/vehicle_core/msg/detail/autopilot_command__rosidl_typesupport_introspection_c.h
[92.592s] -- Symlinking: /home/avcpp/AV-CPP2025/Vehicle/install/vehicle_core/include/vehicle_core/vehicle_core/msg/detail/autopilot_config__rosidl_typesupport_introspection_c.h
[92.628s] -- Symlinking: /home/avcpp/AV-CPP2025/Vehicle/install/vehicle_core/include/vehicle_core/vehicle_core/msg/detail/autopilot_status__rosidl_typesupport_introspection_c.h
[92.661s] -- Symlinking: /home/avcpp/AV-CPP2025/Vehicle/install/vehicle_core/include/vehicle_core/vehicle_core/msg/detail/drive_feedback__rosidl_typesupport_introspection_c.h
[92.694s] -- Symlinking: /home/avcpp/AV-CPP2025/Vehicle/install/vehicle_core/include/vehicle_core/vehicle_core/msg/detail/drive_status__rosidl_typesupport_introspection_c.h
[92.730s] -- Symlinking: /home/avcpp/AV-CPP2025/Vehicle/install/vehicle_core/include/vehicle_core/vehicle_core/msg/detail/drive_target__rosidl_typesupport_introspection_c.h
[92.763s] -- Symlinking: /home/avcpp/AV-CPP2025/Vehicle/install/vehicle_core/include/vehicle_core/vehicle_core/msg/detail/error__rosidl_typesupport_introspection_c.h
[92.796s] -- Symlinking: /home/avcpp/AV-CPP2025/Vehicle/install/vehicle_core/include/vehicle_core/vehicle_core/msg/detail/general_status__rosidl_typesupport_introspection_c.h
[92.823s] -- Symlinking: /home/avcpp/AV-CPP2025/Vehicle/install/vehicle_core/include/vehicle_core/vehicle_core/msg/detail/imu_status__rosidl_typesupport_introspection_c.h
[92.840s] -- Symlinking: /home/avcpp/AV-CPP2025/Vehicle/install/vehicle_core/include/vehicle_core/vehicle_core/msg/detail/internal_drive_command__rosidl_typesupport_introspection_c.h
[92.855s] -- Symlinking: /home/avcpp/AV-CPP2025/Vehicle/install/vehicle_core/include/vehicle_core/vehicle_core/msg/detail/lights_command__rosidl_typesupport_introspection_c.h
[92.872s] -- Symlinking: /home/avcpp/AV-CPP2025/Vehicle/install/vehicle_core/include/vehicle_core/vehicle_core/msg/detail/lights_status__rosidl_typesupport_introspection_c.h
[92.889s] -- Symlinking: /home/avcpp/AV-CPP2025/Vehicle/install/vehicle_core/include/vehicle_core/vehicle_core/msg/detail/manual_drive_command__rosidl_typesupport_introspection_c.h
[92.924s] -- Symlinking: /home/avcpp/AV-CPP2025/Vehicle/install/vehicle_core/include/vehicle_core/vehicle_core/msg/detail/max_speed__rosidl_typesupport_introspection_c.h
[92.960s] -- Symlinking: /home/avcpp/AV-CPP2025/Vehicle/install/vehicle_core/include/vehicle_core/vehicle_core/msg/detail/perception_profile__rosidl_typesupport_introspection_c.h
[92.994s] -- Symlinking: /home/avcpp/AV-CPP2025/Vehicle/install/vehicle_core/include/vehicle_core/vehicle_core/msg/detail/server_init__rosidl_typesupport_introspection_c.h
[93.022s] -- Symlinking: /home/avcpp/AV-CPP2025/Vehicle/install/vehicle_core/include/vehicle_core/vehicle_core/msg/detail/state_event__rosidl_typesupport_introspection_c.h
[93.038s] -- Symlinking: /home/avcpp/AV-CPP2025/Vehicle/install/vehicle_core/include/vehicle_core/vehicle_core/msg/detail/state_mode__rosidl_typesupport_introspection_c.h
[93.070s] -- Symlinking: /home/avcpp/AV-CPP2025/Vehicle/install/vehicle_core/include/vehicle_core/vehicle_core/msg/detail/telemetry_data__rosidl_typesupport_introspection_c.h
[93.109s] -- Symlinking: /home/avcpp/AV-CPP2025/Vehicle/install/vehicle_core/include/vehicle_core/vehicle_core/msg/rosidl_typesupport_introspection_c__visibility_control.h
[93.145s] -- Symlinking: /home/avcpp/AV-CPP2025/Vehicle/install/vehicle_core/include/vehicle_core/vehicle_core/srv/detail/release_internal_control__rosidl_typesupport_introspection_c.h
[93.179s] -- Symlinking: /home/avcpp/AV-CPP2025/Vehicle/install/vehicle_core/include/vehicle_core/vehicle_core/srv/detail/request_internal_control__rosidl_typesupport_introspection_c.h
[93.195s] -- Symlinking: /home/avcpp/AV-CPP2025/Vehicle/install/vehicle_core/include/vehicle_core/vehicle_core/srv/detail/set_autopilot_profile__rosidl_typesupport_introspection_c.h
[93.226s] -- Symlinking: /home/avcpp/AV-CPP2025/Vehicle/install/vehicle_core/include/vehicle_core/vehicle_core/msg/detail/autopilot_command__rosidl_typesupport_introspection_cpp.hpp
[93.259s] -- Symlinking: /home/avcpp/AV-CPP2025/Vehicle/install/vehicle_core/include/vehicle_core/vehicle_core/msg/detail/autopilot_config__rosidl_typesupport_introspection_cpp.hpp
[93.278s] -- Symlinking: /home/avcpp/AV-CPP2025/Vehicle/install/vehicle_core/include/vehicle_core/vehicle_core/msg/detail/autopilot_status__rosidl_typesupport_introspection_cpp.hpp
[93.295s] -- Symlinking: /home/avcpp/AV-CPP2025/Vehicle/install/vehicle_core/include/vehicle_core/vehicle_core/msg/detail/drive_feedback__rosidl_typesupport_introspection_cpp.hpp
[93.313s] -- Symlinking: /home/avcpp/AV-CPP2025/Vehicle/install/vehicle_core/include/vehicle_core/vehicle_core/msg/detail/drive_status__rosidl_typesupport_introspection_cpp.hpp
[93.341s] -- Symlinking: /home/avcpp/AV-CPP2025/Vehicle/install/vehicle_core/include/vehicle_core/vehicle_core/msg/detail/drive_target__rosidl_typesupport_introspection_cpp.hpp
[93.368s] -- Symlinking: /home/avcpp/AV-CPP2025/Vehicle/install/vehicle_core/include/vehicle_core/vehicle_core/msg/detail/error__rosidl_typesupport_introspection_cpp.hpp
[93.386s] -- Symlinking: /home/avcpp/AV-CPP2025/Vehicle/install/vehicle_core/include/vehicle_core/vehicle_core/msg/detail/general_status__rosidl_typesupport_introspection_cpp.hpp
[93.405s] -- Symlinking: /home/avcpp/AV-CPP2025/Vehicle/install/vehicle_core/include/vehicle_core/vehicle_core/msg/detail/imu_status__rosidl_typesupport_introspection_cpp.hpp
[93.422s] -- Symlinking: /home/avcpp/AV-CPP2025/Vehicle/install/vehicle_core/include/vehicle_core/vehicle_core/msg/detail/internal_drive_command__rosidl_typesupport_introspection_cpp.hpp
[93.438s] -- Symlinking: /home/avcpp/AV-CPP2025/Vehicle/install/vehicle_core/include/vehicle_core/vehicle_core/msg/detail/lights_command__rosidl_typesupport_introspection_cpp.hpp
[93.469s] -- Symlinking: /home/avcpp/AV-CPP2025/Vehicle/install/vehicle_core/include/vehicle_core/vehicle_core/msg/detail/lights_status__rosidl_typesupport_introspection_cpp.hpp
[93.501s] -- Symlinking: /home/avcpp/AV-CPP2025/Vehicle/install/vehicle_core/include/vehicle_core/vehicle_core/msg/detail/manual_drive_command__rosidl_typesupport_introspection_cpp.hpp
[93.533s] -- Symlinking: /home/avcpp/AV-CPP2025/Vehicle/install/vehicle_core/include/vehicle_core/vehicle_core/msg/detail/max_speed__rosidl_typesupport_introspection_cpp.hpp
[93.553s] -- Symlinking: /home/avcpp/AV-CPP2025/Vehicle/install/vehicle_core/include/vehicle_core/vehicle_core/msg/detail/perception_profile__rosidl_typesupport_introspection_cpp.hpp
[93.569s] -- Symlinking: /home/avcpp/AV-CPP2025/Vehicle/install/vehicle_core/include/vehicle_core/vehicle_core/msg/detail/server_init__rosidl_typesupport_introspection_cpp.hpp
[93.586s] -- Symlinking: /home/avcpp/AV-CPP2025/Vehicle/install/vehicle_core/include/vehicle_core/vehicle_core/msg/detail/state_event__rosidl_typesupport_introspection_cpp.hpp
[93.602s] -- Symlinking: /home/avcpp/AV-CPP2025/Vehicle/install/vehicle_core/include/vehicle_core/vehicle_core/msg/detail/state_mode__rosidl_typesupport_introspection_cpp.hpp
[93.635s] -- Symlinking: /home/avcpp/AV-CPP2025/Vehicle/install/vehicle_core/include/vehicle_core/vehicle_core/msg/detail/telemetry_data__rosidl_typesupport_introspection_cpp.hpp
[93.666s] -- Symlinking: /home/avcpp/AV-CPP2025/Vehicle/install/vehicle_core/include/vehicle_core/vehicle_core/srv/detail/release_internal_control__rosidl_typesupport_introspection_cpp.hpp
[93.694s] -- Symlinking: /home/avcpp/AV-CPP2025/Vehicle/install/vehicle_core/include/vehicle_core/vehicle_core/srv/detail/request_internal_control__rosidl_typesupport_introspection_cpp.hpp
[93.725s] -- Symlinking: /home/avcpp/AV-CPP2025/Vehicle/install/vehicle_core/include/vehicle_core/vehicle_core/srv/detail/set_autopilot_profile__rosidl_typesupport_introspection_cpp.hpp
[93.755s] -- Symlinking: /home/avcpp/AV-CPP2025/Vehicle/install/vehicle_core/share/vehicle_core/environment/pythonpath.sh
[93.775s] -- Symlinking: /home/avcpp/AV-CPP2025/Vehicle/install/vehicle_core/share/vehicle_core/environment/pythonpath.dsv
[93.808s] -- Symlinking: /home/avcpp/AV-CPP2025/Vehicle/install/vehicle_core/lib/python3.10/site-packages/vehicle_core-0.0.0-py3.10.egg-info/PKG-INFO
[93.831s] -- Symlinking: /home/avcpp/AV-CPP2025/Vehicle/install/vehicle_core/lib/python3.10/site-packages/vehicle_core-0.0.0-py3.10.egg-info/SOURCES.txt
[93.846s] -- Symlinking: /home/avcpp/AV-CPP2025/Vehicle/install/vehicle_core/lib/python3.10/site-packages/vehicle_core-0.0.0-py3.10.egg-info/dependency_links.txt
[93.863s] -- Symlinking: /home/avcpp/AV-CPP2025/Vehicle/install/vehicle_core/lib/python3.10/site-packages/vehicle_core-0.0.0-py3.10.egg-info/top_level.txt
[93.885s] -- Symlinking: /home/avcpp/AV-CPP2025/Vehicle/install/vehicle_core/lib/python3.10/site-packages/vehicle_core/__init__.py
[93.911s] -- Symlinking: /home/avcpp/AV-CPP2025/Vehicle/install/vehicle_core/lib/python3.10/site-packages/vehicle_core/_vehicle_core_s.ep.rosidl_typesupport_c.c
[93.929s] -- Symlinking: /home/avcpp/AV-CPP2025/Vehicle/install/vehicle_core/lib/python3.10/site-packages/vehicle_core/_vehicle_core_s.ep.rosidl_typesupport_fastrtps_c.c
[93.946s] -- Symlinking: /home/avcpp/AV-CPP2025/Vehicle/install/vehicle_core/lib/python3.10/site-packages/vehicle_core/_vehicle_core_s.ep.rosidl_typesupport_introspection_c.c
[93.974s] -- Symlinking: /home/avcpp/AV-CPP2025/Vehicle/install/vehicle_core/lib/python3.10/site-packages/vehicle_core/libvehicle_core__rosidl_generator_py.so
[94.010s] -- Symlinking: /home/avcpp/AV-CPP2025/Vehicle/install/vehicle_core/lib/python3.10/site-packages/vehicle_core/msg/__init__.py
[94.045s] -- Symlinking: /home/avcpp/AV-CPP2025/Vehicle/install/vehicle_core/lib/python3.10/site-packages/vehicle_core/msg/_autopilot_command.py
[94.063s] -- Symlinking: /home/avcpp/AV-CPP2025/Vehicle/install/vehicle_core/lib/python3.10/site-packages/vehicle_core/msg/_autopilot_command_s.c
[94.082s] -- Symlinking: /home/avcpp/AV-CPP2025/Vehicle/install/vehicle_core/lib/python3.10/site-packages/vehicle_core/msg/_autopilot_config.py
[94.100s] -- Symlinking: /home/avcpp/AV-CPP2025/Vehicle/install/vehicle_core/lib/python3.10/site-packages/vehicle_core/msg/_autopilot_config_s.c
[94.138s] -- Symlinking: /home/avcpp/AV-CPP2025/Vehicle/install/vehicle_core/lib/python3.10/site-packages/vehicle_core/msg/_autopilot_status.py
[94.156s] -- Symlinking: /home/avcpp/AV-CPP2025/Vehicle/install/vehicle_core/lib/python3.10/site-packages/vehicle_core/msg/_autopilot_status_s.c
[94.173s] -- Symlinking: /home/avcpp/AV-CPP2025/Vehicle/install/vehicle_core/lib/python3.10/site-packages/vehicle_core/msg/_drive_feedback.py
[94.190s] -- Symlinking: /home/avcpp/AV-CPP2025/Vehicle/install/vehicle_core/lib/python3.10/site-packages/vehicle_core/msg/_drive_feedback_s.c
[94.224s] -- Symlinking: /home/avcpp/AV-CPP2025/Vehicle/install/vehicle_core/lib/python3.10/site-packages/vehicle_core/msg/_drive_status.py
[94.244s] -- Symlinking: /home/avcpp/AV-CPP2025/Vehicle/install/vehicle_core/lib/python3.10/site-packages/vehicle_core/msg/_drive_status_s.c
[94.274s] -- Symlinking: /home/avcpp/AV-CPP2025/Vehicle/install/vehicle_core/lib/python3.10/site-packages/vehicle_core/msg/_drive_target.py
[94.308s] -- Symlinking: /home/avcpp/AV-CPP2025/Vehicle/install/vehicle_core/lib/python3.10/site-packages/vehicle_core/msg/_drive_target_s.c
[94.337s] -- Symlinking: /home/avcpp/AV-CPP2025/Vehicle/install/vehicle_core/lib/python3.10/site-packages/vehicle_core/msg/_error.py
[94.368s] -- Symlinking: /home/avcpp/AV-CPP2025/Vehicle/install/vehicle_core/lib/python3.10/site-packages/vehicle_core/msg/_error_s.c
[94.402s] -- Symlinking: /home/avcpp/AV-CPP2025/Vehicle/install/vehicle_core/lib/python3.10/site-packages/vehicle_core/msg/_general_status.py
[94.441s] -- Symlinking: /home/avcpp/AV-CPP2025/Vehicle/install/vehicle_core/lib/python3.10/site-packages/vehicle_core/msg/_general_status_s.c
[94.477s] -- Symlinking: /home/avcpp/AV-CPP2025/Vehicle/install/vehicle_core/lib/python3.10/site-packages/vehicle_core/msg/_imu_status.py
[94.511s] -- Symlinking: /home/avcpp/AV-CPP2025/Vehicle/install/vehicle_core/lib/python3.10/site-packages/vehicle_core/msg/_imu_status_s.c
[94.546s] -- Symlinking: /home/avcpp/AV-CPP2025/Vehicle/install/vehicle_core/lib/python3.10/site-packages/vehicle_core/msg/_internal_drive_command.py
[94.582s] -- Symlinking: /home/avcpp/AV-CPP2025/Vehicle/install/vehicle_core/lib/python3.10/site-packages/vehicle_core/msg/_internal_drive_command_s.c
[94.599s] -- Symlinking: /home/avcpp/AV-CPP2025/Vehicle/install/vehicle_core/lib/python3.10/site-packages/vehicle_core/msg/_lights_command.py
[94.615s] -- Symlinking: /home/avcpp/AV-CPP2025/Vehicle/install/vehicle_core/lib/python3.10/site-packages/vehicle_core/msg/_lights_command_s.c
[94.629s] -- Symlinking: /home/avcpp/AV-CPP2025/Vehicle/install/vehicle_core/lib/python3.10/site-packages/vehicle_core/msg/_lights_status.py
[94.644s] -- Symlinking: /home/avcpp/AV-CPP2025/Vehicle/install/vehicle_core/lib/python3.10/site-packages/vehicle_core/msg/_lights_status_s.c
[94.660s] -- Symlinking: /home/avcpp/AV-CPP2025/Vehicle/install/vehicle_core/lib/python3.10/site-packages/vehicle_core/msg/_manual_drive_command.py
[94.697s] -- Symlinking: /home/avcpp/AV-CPP2025/Vehicle/install/vehicle_core/lib/python3.10/site-packages/vehicle_core/msg/_manual_drive_command_s.c
[94.716s] -- Symlinking: /home/avcpp/AV-CPP2025/Vehicle/install/vehicle_core/lib/python3.10/site-packages/vehicle_core/msg/_max_speed.py
[94.744s] -- Symlinking: /home/avcpp/AV-CPP2025/Vehicle/install/vehicle_core/lib/python3.10/site-packages/vehicle_core/msg/_max_speed_s.c
[94.780s] -- Symlinking: /home/avcpp/AV-CPP2025/Vehicle/install/vehicle_core/lib/python3.10/site-packages/vehicle_core/msg/_perception_profile.py
[94.814s] -- Symlinking: /home/avcpp/AV-CPP2025/Vehicle/install/vehicle_core/lib/python3.10/site-packages/vehicle_core/msg/_perception_profile_s.c
[94.841s] -- Symlinking: /home/avcpp/AV-CPP2025/Vehicle/install/vehicle_core/lib/python3.10/site-packages/vehicle_core/msg/_server_init.py
[94.874s] -- Symlinking: /home/avcpp/AV-CPP2025/Vehicle/install/vehicle_core/lib/python3.10/site-packages/vehicle_core/msg/_server_init_s.c
[94.893s] -- Symlinking: /home/avcpp/AV-CPP2025/Vehicle/install/vehicle_core/lib/python3.10/site-packages/vehicle_core/msg/_state_event.py
[94.909s] -- Symlinking: /home/avcpp/AV-CPP2025/Vehicle/install/vehicle_core/lib/python3.10/site-packages/vehicle_core/msg/_state_event_s.c
[94.924s] -- Symlinking: /home/avcpp/AV-CPP2025/Vehicle/install/vehicle_core/lib/python3.10/site-packages/vehicle_core/msg/_state_mode.py
[94.952s] -- Symlinking: /home/avcpp/AV-CPP2025/Vehicle/install/vehicle_core/lib/python3.10/site-packages/vehicle_core/msg/_state_mode_s.c
[94.988s] -- Symlinking: /home/avcpp/AV-CPP2025/Vehicle/install/vehicle_core/lib/python3.10/site-packages/vehicle_core/msg/_telemetry_data.py
[95.005s] -- Symlinking: /home/avcpp/AV-CPP2025/Vehicle/install/vehicle_core/lib/python3.10/site-packages/vehicle_core/msg/_telemetry_data_s.c
[95.021s] -- Symlinking: /home/avcpp/AV-CPP2025/Vehicle/install/vehicle_core/lib/python3.10/site-packages/vehicle_core/srv/__init__.py
[95.037s] -- Symlinking: /home/avcpp/AV-CPP2025/Vehicle/install/vehicle_core/lib/python3.10/site-packages/vehicle_core/srv/_release_internal_control.py
[95.052s] -- Symlinking: /home/avcpp/AV-CPP2025/Vehicle/install/vehicle_core/lib/python3.10/site-packages/vehicle_core/srv/_release_internal_control_s.c
[95.069s] -- Symlinking: /home/avcpp/AV-CPP2025/Vehicle/install/vehicle_core/lib/python3.10/site-packages/vehicle_core/srv/_request_internal_control.py
[95.085s] -- Symlinking: /home/avcpp/AV-CPP2025/Vehicle/install/vehicle_core/lib/python3.10/site-packages/vehicle_core/srv/_request_internal_control_s.c
[95.101s] -- Symlinking: /home/avcpp/AV-CPP2025/Vehicle/install/vehicle_core/lib/python3.10/site-packages/vehicle_core/srv/_set_autopilot_profile.py
[95.133s] -- Symlinking: /home/avcpp/AV-CPP2025/Vehicle/install/vehicle_core/lib/python3.10/site-packages/vehicle_core/srv/_set_autopilot_profile_s.c
[95.153s] -- Symlinking: /home/avcpp/AV-CPP2025/Vehicle/install/vehicle_core/lib/python3.10/site-packages/vehicle_core/vehicle_core_s__rosidl_typesupport_c.cpython-310-aarch64-linux-gnu.so
[95.170s] -- Symlinking: /home/avcpp/AV-CPP2025/Vehicle/install/vehicle_core/lib/python3.10/site-packages/vehicle_core/vehicle_core_s__rosidl_typesupport_fastrtps_c.cpython-310-aarch64-linux-gnu.so
[95.202s] -- Symlinking: /home/avcpp/AV-CPP2025/Vehicle/install/vehicle_core/lib/python3.10/site-packages/vehicle_core/vehicle_core_s__rosidl_typesupport_introspection_c.cpython-310-aarch64-linux-gnu.so
[95.239s] -- Up-to-date symlink: /home/avcpp/AV-CPP2025/Vehicle/install/vehicle_core/lib/python3.10/site-packages/vehicle_core/vehicle_core_s__rosidl_typesupport_fastrtps_c.cpython-310-aarch64-linux-gnu.so
[95.239s] -- Up-to-date symlink: /home/avcpp/AV-CPP2025/Vehicle/install/vehicle_core/lib/python3.10/site-packages/vehicle_core/vehicle_core_s__rosidl_typesupport_introspection_c.cpython-310-aarch64-linux-gnu.so
[95.240s] -- Up-to-date symlink: /home/avcpp/AV-CPP2025/Vehicle/install/vehicle_core/lib/python3.10/site-packages/vehicle_core/vehicle_core_s__rosidl_typesupport_c.cpython-310-aarch64-linux-gnu.so
[95.241s] -- Symlinking: /home/avcpp/AV-CPP2025/Vehicle/install/vehicle_core/share/vehicle_core/msg/DriveTarget.idl
[95.257s] -- Symlinking: /home/avcpp/AV-CPP2025/Vehicle/install/vehicle_core/share/vehicle_core/msg/InternalDriveCommand.idl
[95.279s] -- Symlinking: /home/avcpp/AV-CPP2025/Vehicle/install/vehicle_core/share/vehicle_core/msg/ManualDriveCommand.idl
[95.297s] -- Symlinking: /home/avcpp/AV-CPP2025/Vehicle/install/vehicle_core/share/vehicle_core/msg/LightsCommand.idl
[95.314s] -- Symlinking: /home/avcpp/AV-CPP2025/Vehicle/install/vehicle_core/share/vehicle_core/msg/MaxSpeed.idl
[95.332s] -- Symlinking: /home/avcpp/AV-CPP2025/Vehicle/install/vehicle_core/share/vehicle_core/msg/AutopilotCommand.idl
[95.349s] -- Symlinking: /home/avcpp/AV-CPP2025/Vehicle/install/vehicle_core/share/vehicle_core/msg/LightsStatus.idl
[95.378s] -- Symlinking: /home/avcpp/AV-CPP2025/Vehicle/install/vehicle_core/share/vehicle_core/msg/GeneralStatus.idl
[95.407s] -- Symlinking: /home/avcpp/AV-CPP2025/Vehicle/install/vehicle_core/share/vehicle_core/msg/DriveStatus.idl
[95.423s] -- Symlinking: /home/avcpp/AV-CPP2025/Vehicle/install/vehicle_core/share/vehicle_core/msg/AutopilotStatus.idl
[95.440s] -- Symlinking: /home/avcpp/AV-CPP2025/Vehicle/install/vehicle_core/share/vehicle_core/msg/TelemetryData.idl
[95.456s] -- Symlinking: /home/avcpp/AV-CPP2025/Vehicle/install/vehicle_core/share/vehicle_core/msg/Error.idl
[95.475s] -- Symlinking: /home/avcpp/AV-CPP2025/Vehicle/install/vehicle_core/share/vehicle_core/msg/ServerInit.idl
[95.492s] -- Symlinking: /home/avcpp/AV-CPP2025/Vehicle/install/vehicle_core/share/vehicle_core/msg/AutopilotConfig.idl
[95.525s] -- Symlinking: /home/avcpp/AV-CPP2025/Vehicle/install/vehicle_core/share/vehicle_core/msg/PerceptionProfile.idl
[95.560s] -- Symlinking: /home/avcpp/AV-CPP2025/Vehicle/install/vehicle_core/share/vehicle_core/msg/StateMode.idl
[95.589s] -- Symlinking: /home/avcpp/AV-CPP2025/Vehicle/install/vehicle_core/share/vehicle_core/msg/StateEvent.idl
[95.625s] -- Symlinking: /home/avcpp/AV-CPP2025/Vehicle/install/vehicle_core/share/vehicle_core/msg/DriveFeedback.idl
[95.654s] -- Symlinking: /home/avcpp/AV-CPP2025/Vehicle/install/vehicle_core/share/vehicle_core/msg/IMUStatus.idl
[95.690s] -- Symlinking: /home/avcpp/AV-CPP2025/Vehicle/install/vehicle_core/share/vehicle_core/srv/RequestInternalControl.idl
[95.719s] -- Symlinking: /home/avcpp/AV-CPP2025/Vehicle/install/vehicle_core/share/vehicle_core/srv/ReleaseInternalControl.idl
[95.748s] -- Symlinking: /home/avcpp/AV-CPP2025/Vehicle/install/vehicle_core/share/vehicle_core/srv/SetAutopilotProfile.idl
[95.781s] -- Symlinking: /home/avcpp/AV-CPP2025/Vehicle/install/vehicle_core/share/vehicle_core/msg/DriveTarget.msg
[95.801s] -- Symlinking: /home/avcpp/AV-CPP2025/Vehicle/install/vehicle_core/share/vehicle_core/msg/InternalDriveCommand.msg
[95.820s] -- Symlinking: /home/avcpp/AV-CPP2025/Vehicle/install/vehicle_core/share/vehicle_core/msg/ManualDriveCommand.msg
[95.838s] -- Symlinking: /home/avcpp/AV-CPP2025/Vehicle/install/vehicle_core/share/vehicle_core/msg/LightsCommand.msg
[95.854s] -- Symlinking: /home/avcpp/AV-CPP2025/Vehicle/install/vehicle_core/share/vehicle_core/msg/MaxSpeed.msg
[95.885s] -- Symlinking: /home/avcpp/AV-CPP2025/Vehicle/install/vehicle_core/share/vehicle_core/msg/AutopilotCommand.msg
[95.905s] -- Symlinking: /home/avcpp/AV-CPP2025/Vehicle/install/vehicle_core/share/vehicle_core/msg/LightsStatus.msg
[95.921s] -- Symlinking: /home/avcpp/AV-CPP2025/Vehicle/install/vehicle_core/share/vehicle_core/msg/GeneralStatus.msg
[95.940s] -- Symlinking: /home/avcpp/AV-CPP2025/Vehicle/install/vehicle_core/share/vehicle_core/msg/DriveStatus.msg
[95.975s] -- Symlinking: /home/avcpp/AV-CPP2025/Vehicle/install/vehicle_core/share/vehicle_core/msg/AutopilotStatus.msg
[95.995s] -- Symlinking: /home/avcpp/AV-CPP2025/Vehicle/install/vehicle_core/share/vehicle_core/msg/TelemetryData.msg
[96.012s] -- Symlinking: /home/avcpp/AV-CPP2025/Vehicle/install/vehicle_core/share/vehicle_core/msg/Error.msg
[96.030s] -- Symlinking: /home/avcpp/AV-CPP2025/Vehicle/install/vehicle_core/share/vehicle_core/msg/ServerInit.msg
[96.046s] -- Symlinking: /home/avcpp/AV-CPP2025/Vehicle/install/vehicle_core/share/vehicle_core/msg/AutopilotConfig.msg
[96.065s] -- Symlinking: /home/avcpp/AV-CPP2025/Vehicle/install/vehicle_core/share/vehicle_core/msg/PerceptionProfile.msg
[96.083s] -- Symlinking: /home/avcpp/AV-CPP2025/Vehicle/install/vehicle_core/share/vehicle_core/msg/StateMode.msg
[96.101s] -- Symlinking: /home/avcpp/AV-CPP2025/Vehicle/install/vehicle_core/share/vehicle_core/msg/StateEvent.msg
[96.118s] -- Symlinking: /home/avcpp/AV-CPP2025/Vehicle/install/vehicle_core/share/vehicle_core/msg/DriveFeedback.msg
[96.137s] -- Symlinking: /home/avcpp/AV-CPP2025/Vehicle/install/vehicle_core/share/vehicle_core/msg/IMUStatus.msg
[96.153s] -- Symlinking: /home/avcpp/AV-CPP2025/Vehicle/install/vehicle_core/share/vehicle_core/srv/RequestInternalControl.srv
[96.169s] -- Symlinking: /home/avcpp/AV-CPP2025/Vehicle/install/vehicle_core/share/vehicle_core/srv/RequestInternalControl_Request.msg
[96.186s] -- Symlinking: /home/avcpp/AV-CPP2025/Vehicle/install/vehicle_core/share/vehicle_core/srv/RequestInternalControl_Response.msg
[96.213s] -- Symlinking: /home/avcpp/AV-CPP2025/Vehicle/install/vehicle_core/share/vehicle_core/srv/ReleaseInternalControl.srv
[96.229s] -- Symlinking: /home/avcpp/AV-CPP2025/Vehicle/install/vehicle_core/share/vehicle_core/srv/ReleaseInternalControl_Request.msg
[96.261s] -- Symlinking: /home/avcpp/AV-CPP2025/Vehicle/install/vehicle_core/share/vehicle_core/srv/ReleaseInternalControl_Response.msg
[96.294s] -- Symlinking: /home/avcpp/AV-CPP2025/Vehicle/install/vehicle_core/share/vehicle_core/srv/SetAutopilotProfile.srv
[96.313s] -- Symlinking: /home/avcpp/AV-CPP2025/Vehicle/install/vehicle_core/share/vehicle_core/srv/SetAutopilotProfile_Request.msg
[96.330s] -- Symlinking: /home/avcpp/AV-CPP2025/Vehicle/install/vehicle_core/share/vehicle_core/srv/SetAutopilotProfile_Response.msg
[96.352s] -- Symlinking: /home/avcpp/AV-CPP2025/Vehicle/install/vehicle_core/include/vehicle_core/Autopilot/KmlPathLoader.hpp
[96.373s] -- Symlinking: /home/avcpp/AV-CPP2025/Vehicle/install/vehicle_core/include/vehicle_core/Autopilot/PurePursuit.hpp
[96.389s] -- Symlinking: /home/avcpp/AV-CPP2025/Vehicle/install/vehicle_core/include/vehicle_core/Autopilot/autopilot_node.hpp
[96.405s] -- Symlinking: /home/avcpp/AV-CPP2025/Vehicle/install/vehicle_core/include/vehicle_core/Devices/BNO055.hpp
[96.420s] -- Symlinking: /home/avcpp/AV-CPP2025/Vehicle/install/vehicle_core/include/vehicle_core/Devices/DriveSubsys.hpp
[96.451s] -- Symlinking: /home/avcpp/AV-CPP2025/Vehicle/install/vehicle_core/include/vehicle_core/Devices/GtU7Gps.hpp
[96.481s] -- Symlinking: /home/avcpp/AV-CPP2025/Vehicle/install/vehicle_core/include/vehicle_core/Devices/I2C/I2CBus.hpp
[96.518s] -- Symlinking: /home/avcpp/AV-CPP2025/Vehicle/install/vehicle_core/include/vehicle_core/Devices/I2C/I2CBusRegistry.hpp
[96.547s] -- Symlinking: /home/avcpp/AV-CPP2025/Vehicle/install/vehicle_core/include/vehicle_core/Devices/I2C/I2CDevice.hpp
[96.578s] -- Symlinking: /home/avcpp/AV-CPP2025/Vehicle/install/vehicle_core/include/vehicle_core/Devices/LightingSubsys.hpp
[96.600s] -- Symlinking: /home/avcpp/AV-CPP2025/Vehicle/install/vehicle_core/include/vehicle_core/drive_arbiter_node.hpp
[96.617s] -- Symlinking: /home/avcpp/AV-CPP2025/Vehicle/install/vehicle_core/include/vehicle_core/gst_camera_node.hpp
[96.653s] -- Symlinking: /home/avcpp/AV-CPP2025/Vehicle/install/vehicle_core/include/vehicle_core/gt_u7_gps_node.hpp
[96.672s] -- Symlinking: /home/avcpp/AV-CPP2025/Vehicle/install/vehicle_core/include/vehicle_core/heading_calibrator_node.hpp
[96.690s] -- Symlinking: /home/avcpp/AV-CPP2025/Vehicle/install/vehicle_core/include/vehicle_core/i2c_bridge_node.hpp
[96.707s] -- Symlinking: /home/avcpp/AV-CPP2025/Vehicle/install/vehicle_core/include/vehicle_core/state_manager.hpp
[96.723s] -- Symlinking: /home/avcpp/AV-CPP2025/Vehicle/install/vehicle_core/include/vehicle_core/tcp_server_node.hpp
[96.745s] -- Symlinking: /home/avcpp/AV-CPP2025/Vehicle/install/vehicle_core/share/vehicle_core/data/Vehicle_Path.kml
[96.775s] -- Symlinking: /home/avcpp/AV-CPP2025/Vehicle/install/vehicle_core/lib/libstate_manager_node_component.so
[96.810s] -- Symlinking: /home/avcpp/AV-CPP2025/Vehicle/install/vehicle_core/lib/libheading_calibrator_node_component.so
[96.839s] -- Symlinking: /home/avcpp/AV-CPP2025/Vehicle/install/vehicle_core/lib/libdrive_arbiter_node_component.so
[96.873s] -- Symlinking: /home/avcpp/AV-CPP2025/Vehicle/install/vehicle_core/lib/libgt_u7_gps_node_component.so
[96.897s] -- Symlinking: /home/avcpp/AV-CPP2025/Vehicle/install/vehicle_core/lib/libtcp_server_node_component.so
[96.916s] -- Symlinking: /home/avcpp/AV-CPP2025/Vehicle/install/vehicle_core/lib/libi2c_bridge_node.so
[96.932s] -- Symlinking: /home/avcpp/AV-CPP2025/Vehicle/install/vehicle_core/lib/libautopilot_node_component.so
[96.961s] -- Symlinking: /home/avcpp/AV-CPP2025/Vehicle/install/vehicle_core/lib/libgst_camera_component.so
[97.000s] -- Symlinking: /home/avcpp/AV-CPP2025/Vehicle/install/vehicle_core/lib/vehicle_core/vehicle_core_container
[97.035s] -- Symlinking: /home/avcpp/AV-CPP2025/Vehicle/install/vehicle_core/share/vehicle_core/cfg/autopilot.yaml
[97.055s] -- Symlinking: /home/avcpp/AV-CPP2025/Vehicle/install/vehicle_core/share/vehicle_core/cfg/camera_gscam.yaml
[97.089s] -- Symlinking: /home/avcpp/AV-CPP2025/Vehicle/install/vehicle_core/share/vehicle_core/cfg/drive_arbiter.yaml
[97.122s] -- Symlinking: /home/avcpp/AV-CPP2025/Vehicle/install/vehicle_core/share/vehicle_core/cfg/ekf.yaml
[97.153s] -- Symlinking: /home/avcpp/AV-CPP2025/Vehicle/install/vehicle_core/share/vehicle_core/cfg/gt_u7_gps.yaml
[97.174s] -- Symlinking: /home/avcpp/AV-CPP2025/Vehicle/install/vehicle_core/share/vehicle_core/cfg/heading_calib.yaml
[97.206s] -- Symlinking: /home/avcpp/AV-CPP2025/Vehicle/install/vehicle_core/share/vehicle_core/cfg/i2c_bridge.yaml
[97.241s] -- Symlinking: /home/avcpp/AV-CPP2025/Vehicle/install/vehicle_core/share/vehicle_core/cfg/navsat.yaml
[97.259s] -- Symlinking: /home/avcpp/AV-CPP2025/Vehicle/install/vehicle_core/share/vehicle_core/cfg/state_manager.yaml
[97.281s] -- Symlinking: /home/avcpp/AV-CPP2025/Vehicle/install/vehicle_core/share/vehicle_core/launch/bringup.launch.py
[97.298s] -- Symlinking: /home/avcpp/AV-CPP2025/Vehicle/install/vehicle_core/share/ament_index/resource_index/package_run_dependencies/vehicle_core
[97.327s] -- Symlinking: /home/avcpp/AV-CPP2025/Vehicle/install/vehicle_core/share/ament_index/resource_index/parent_prefix_path/vehicle_core
[97.359s] -- Symlinking: /home/avcpp/AV-CPP2025/Vehicle/install/vehicle_core/share/vehicle_core/environment/ament_prefix_path.sh
[97.395s] -- Symlinking: /home/avcpp/AV-CPP2025/Vehicle/install/vehicle_core/share/vehicle_core/environment/ament_prefix_path.dsv
[97.427s] -- Symlinking: /home/avcpp/AV-CPP2025/Vehicle/install/vehicle_core/share/vehicle_core/environment/path.sh
[97.460s] -- Symlinking: /home/avcpp/AV-CPP2025/Vehicle/install/vehicle_core/share/vehicle_core/environment/path.dsv
[97.479s] -- Symlinking: /home/avcpp/AV-CPP2025/Vehicle/install/vehicle_core/share/vehicle_core/local_setup.bash
[97.495s] -- Symlinking: /home/avcpp/AV-CPP2025/Vehicle/install/vehicle_core/share/vehicle_core/local_setup.sh
[97.524s] -- Symlinking: /home/avcpp/AV-CPP2025/Vehicle/install/vehicle_core/share/vehicle_core/local_setup.zsh
[97.557s] -- Symlinking: /home/avcpp/AV-CPP2025/Vehicle/install/vehicle_core/share/vehicle_core/local_setup.dsv
[97.589s] -- Symlinking: /home/avcpp/AV-CPP2025/Vehicle/install/vehicle_core/share/vehicle_core/package.dsv
[97.618s] -- Symlinking: /home/avcpp/AV-CPP2025/Vehicle/install/vehicle_core/share/ament_index/resource_index/packages/vehicle_core
[97.649s] -- Symlinking: /home/avcpp/AV-CPP2025/Vehicle/install/vehicle_core/share/ament_index/resource_index/rclcpp_components/vehicle_core
[97.680s] -- Symlinking: /home/avcpp/AV-CPP2025/Vehicle/install/vehicle_core/share/vehicle_core/cmake/rosidl_cmake-extras.cmake
[97.713s] -- Symlinking: /home/avcpp/AV-CPP2025/Vehicle/install/vehicle_core/share/vehicle_core/cmake/ament_cmake_export_dependencies-extras.cmake
[97.730s] -- Symlinking: /home/avcpp/AV-CPP2025/Vehicle/install/vehicle_core/share/vehicle_core/cmake/ament_cmake_export_include_directories-extras.cmake
[97.746s] -- Symlinking: /home/avcpp/AV-CPP2025/Vehicle/install/vehicle_core/share/vehicle_core/cmake/ament_cmake_export_libraries-extras.cmake
[97.763s] -- Symlinking: /home/avcpp/AV-CPP2025/Vehicle/install/vehicle_core/share/vehicle_core/cmake/ament_cmake_export_targets-extras.cmake
[97.788s] -- Symlinking: /home/avcpp/AV-CPP2025/Vehicle/install/vehicle_core/share/vehicle_core/cmake/rosidl_cmake_export_typesupport_targets-extras.cmake
[97.825s] -- Symlinking: /home/avcpp/AV-CPP2025/Vehicle/install/vehicle_core/share/vehicle_core/cmake/rosidl_cmake_export_typesupport_libraries-extras.cmake
[97.845s] -- Symlinking: /home/avcpp/AV-CPP2025/Vehicle/install/vehicle_core/share/vehicle_core/cmake/vehicle_coreConfig.cmake
[97.863s] -- Symlinking: /home/avcpp/AV-CPP2025/Vehicle/install/vehicle_core/share/vehicle_core/cmake/vehicle_coreConfig-version.cmake
[97.882s] -- Symlinking: /home/avcpp/AV-CPP2025/Vehicle/install/vehicle_core/share/vehicle_core/package.xml
[97.905s] -- Installing: /home/avcpp/AV-CPP2025/Vehicle/install/vehicle_core/lib/libvehicle_core__rosidl_generator_c.so
[97.908s] -- Set runtime path of "/home/avcpp/AV-CPP2025/Vehicle/install/vehicle_core/lib/libvehicle_core__rosidl_generator_c.so" to ""
[97.908s] -- Installing: /home/avcpp/AV-CPP2025/Vehicle/install/vehicle_core/lib/libvehicle_core__rosidl_typesupport_fastrtps_c.so
[97.911s] -- Set runtime path of "/home/avcpp/AV-CPP2025/Vehicle/install/vehicle_core/lib/libvehicle_core__rosidl_typesupport_fastrtps_c.so" to ""
[97.911s] -- Installing: /home/avcpp/AV-CPP2025/Vehicle/install/vehicle_core/lib/libvehicle_core__rosidl_typesupport_fastrtps_cpp.so
[97.915s] -- Set runtime path of "/home/avcpp/AV-CPP2025/Vehicle/install/vehicle_core/lib/libvehicle_core__rosidl_typesupport_fastrtps_cpp.so" to ""
[97.916s] -- Installing: /home/avcpp/AV-CPP2025/Vehicle/install/vehicle_core/lib/libvehicle_core__rosidl_typesupport_introspection_c.so
[97.917s] -- Set runtime path of "/home/avcpp/AV-CPP2025/Vehicle/install/vehicle_core/lib/libvehicle_core__rosidl_typesupport_introspection_c.so" to ""
[97.918s] -- Installing: /home/avcpp/AV-CPP2025/Vehicle/install/vehicle_core/lib/libvehicle_core__rosidl_typesupport_c.so
[97.919s] -- Set runtime path of "/home/avcpp/AV-CPP2025/Vehicle/install/vehicle_core/lib/libvehicle_core__rosidl_typesupport_c.so" to ""
[97.920s] -- Installing: /home/avcpp/AV-CPP2025/Vehicle/install/vehicle_core/lib/libvehicle_core__rosidl_typesupport_introspection_cpp.so
[97.923s] -- Set runtime path of "/home/avcpp/AV-CPP2025/Vehicle/install/vehicle_core/lib/libvehicle_core__rosidl_typesupport_introspection_cpp.so" to ""
[97.923s] -- Installing: /home/avcpp/AV-CPP2025/Vehicle/install/vehicle_core/lib/libvehicle_core__rosidl_typesupport_cpp.so
[97.925s] -- Set runtime path of "/home/avcpp/AV-CPP2025/Vehicle/install/vehicle_core/lib/libvehicle_core__rosidl_typesupport_cpp.so" to ""
[98.049s] Listing '/home/avcpp/AV-CPP2025/Vehicle/install/vehicle_core/lib/python3.10/site-packages/vehicle_core'...
[98.050s] Compiling '/home/avcpp/AV-CPP2025/Vehicle/install/vehicle_core/lib/python3.10/site-packages/vehicle_core/__init__.py'...
[98.050s] Listing '/home/avcpp/AV-CPP2025/Vehicle/install/vehicle_core/lib/python3.10/site-packages/vehicle_core/msg'...
[98.051s] Compiling '/home/avcpp/AV-CPP2025/Vehicle/install/vehicle_core/lib/python3.10/site-packages/vehicle_core/msg/__init__.py'...
[98.052s] Compiling '/home/avcpp/AV-CPP2025/Vehicle/install/vehicle_core/lib/python3.10/site-packages/vehicle_core/msg/_autopilot_command.py'...
[98.053s] Compiling '/home/avcpp/AV-CPP2025/Vehicle/install/vehicle_core/lib/python3.10/site-packages/vehicle_core/msg/_autopilot_config.py'...
[98.053s] Compiling '/home/avcpp/AV-CPP2025/Vehicle/install/vehicle_core/lib/python3.10/site-packages/vehicle_core/msg/_autopilot_status.py'...
[98.054s] Compiling '/home/avcpp/AV-CPP2025/Vehicle/install/vehicle_core/lib/python3.10/site-packages/vehicle_core/msg/_drive_feedback.py'...
[98.054s] Compiling '/home/avcpp/AV-CPP2025/Vehicle/install/vehicle_core/lib/python3.10/site-packages/vehicle_core/msg/_drive_status.py'...
[98.055s] Compiling '/home/avcpp/AV-CPP2025/Vehicle/install/vehicle_core/lib/python3.10/site-packages/vehicle_core/msg/_drive_target.py'...
[98.055s] Compiling '/home/avcpp/AV-CPP2025/Vehicle/install/vehicle_core/lib/python3.10/site-packages/vehicle_core/msg/_error.py'...
[98.055s] Compiling '/home/avcpp/AV-CPP2025/Vehicle/install/vehicle_core/lib/python3.10/site-packages/vehicle_core/msg/_general_status.py'...
[98.056s] Compiling '/home/avcpp/AV-CPP2025/Vehicle/install/vehicle_core/lib/python3.10/site-packages/vehicle_core/msg/_imu_status.py'...
[98.056s] Compiling '/home/avcpp/AV-CPP2025/Vehicle/install/vehicle_core/lib/python3.10/site-packages/vehicle_core/msg/_internal_drive_command.py'...
[98.057s] Compiling '/home/avcpp/AV-CPP2025/Vehicle/install/vehicle_core/lib/python3.10/site-packages/vehicle_core/msg/_lights_command.py'...
[98.057s] Compiling '/home/avcpp/AV-CPP2025/Vehicle/install/vehicle_core/lib/python3.10/site-packages/vehicle_core/msg/_lights_status.py'...
[98.057s] Compiling '/home/avcpp/AV-CPP2025/Vehicle/install/vehicle_core/lib/python3.10/site-packages/vehicle_core/msg/_manual_drive_command.py'...
[98.058s] Compiling '/home/avcpp/AV-CPP2025/Vehicle/install/vehicle_core/lib/python3.10/site-packages/vehicle_core/msg/_max_speed.py'...
[98.058s] Compiling '/home/avcpp/AV-CPP2025/Vehicle/install/vehicle_core/lib/python3.10/site-packages/vehicle_core/msg/_perception_profile.py'...
[98.059s] Compiling '/home/avcpp/AV-CPP2025/Vehicle/install/vehicle_core/lib/python3.10/site-packages/vehicle_core/msg/_server_init.py'...
[98.059s] Compiling '/home/avcpp/AV-CPP2025/Vehicle/install/vehicle_core/lib/python3.10/site-packages/vehicle_core/msg/_state_event.py'...
[98.059s] Compiling '/home/avcpp/AV-CPP2025/Vehicle/install/vehicle_core/lib/python3.10/site-packages/vehicle_core/msg/_state_mode.py'...
[98.060s] Compiling '/home/avcpp/AV-CPP2025/Vehicle/install/vehicle_core/lib/python3.10/site-packages/vehicle_core/msg/_telemetry_data.py'...
[98.060s] Listing '/home/avcpp/AV-CPP2025/Vehicle/install/vehicle_core/lib/python3.10/site-packages/vehicle_core/srv'...
[98.060s] Compiling '/home/avcpp/AV-CPP2025/Vehicle/install/vehicle_core/lib/python3.10/site-packages/vehicle_core/srv/__init__.py'...
[98.061s] Compiling '/home/avcpp/AV-CPP2025/Vehicle/install/vehicle_core/lib/python3.10/site-packages/vehicle_core/srv/_release_internal_control.py'...
[98.061s] Compiling '/home/avcpp/AV-CPP2025/Vehicle/install/vehicle_core/lib/python3.10/site-packages/vehicle_core/srv/_request_internal_control.py'...
[98.061s] Compiling '/home/avcpp/AV-CPP2025/Vehicle/install/vehicle_core/lib/python3.10/site-packages/vehicle_core/srv/_set_autopilot_profile.py'...
[98.064s] -- Installing: /home/avcpp/AV-CPP2025/Vehicle/install/vehicle_core/lib/libvehicle_core__rosidl_generator_py.so
[98.066s] -- Set runtime path of "/home/avcpp/AV-CPP2025/Vehicle/install/vehicle_core/lib/libvehicle_core__rosidl_generator_py.so" to ""
[98.066s] -- Installing: /home/avcpp/AV-CPP2025/Vehicle/install/vehicle_core/share/vehicle_core/cmake/export_vehicle_core__rosidl_generator_cExport.cmake
[98.067s] -- Installing: /home/avcpp/AV-CPP2025/Vehicle/install/vehicle_core/share/vehicle_core/cmake/export_vehicle_core__rosidl_generator_cExport-noconfig.cmake
[98.068s] -- Installing: /home/avcpp/AV-CPP2025/Vehicle/install/vehicle_core/share/vehicle_core/cmake/export_vehicle_core__rosidl_typesupport_fastrtps_cExport.cmake
[98.069s] -- Installing: /home/avcpp/AV-CPP2025/Vehicle/install/vehicle_core/share/vehicle_core/cmake/export_vehicle_core__rosidl_typesupport_fastrtps_cExport-noconfig.cmake
[98.070s] -- Installing: /home/avcpp/AV-CPP2025/Vehicle/install/vehicle_core/share/vehicle_core/cmake/export_vehicle_core__rosidl_generator_cppExport.cmake
[98.071s] -- Installing: /home/avcpp/AV-CPP2025/Vehicle/install/vehicle_core/share/vehicle_core/cmake/export_vehicle_core__rosidl_typesupport_fastrtps_cppExport.cmake
[98.071s] -- Installing: /home/avcpp/AV-CPP2025/Vehicle/install/vehicle_core/share/vehicle_core/cmake/export_vehicle_core__rosidl_typesupport_fastrtps_cppExport-noconfig.cmake
[98.072s] -- Installing: /home/avcpp/AV-CPP2025/Vehicle/install/vehicle_core/share/vehicle_core/cmake/vehicle_core__rosidl_typesupport_introspection_cExport.cmake
[98.073s] -- Installing: /home/avcpp/AV-CPP2025/Vehicle/install/vehicle_core/share/vehicle_core/cmake/vehicle_core__rosidl_typesupport_introspection_cExport-noconfig.cmake
[98.073s] -- Installing: /home/avcpp/AV-CPP2025/Vehicle/install/vehicle_core/share/vehicle_core/cmake/vehicle_core__rosidl_typesupport_cExport.cmake
[98.076s] -- Installing: /home/avcpp/AV-CPP2025/Vehicle/install/vehicle_core/share/vehicle_core/cmake/vehicle_core__rosidl_typesupport_cExport-noconfig.cmake
[98.077s] -- Installing: /home/avcpp/AV-CPP2025/Vehicle/install/vehicle_core/share/vehicle_core/cmake/vehicle_core__rosidl_typesupport_introspection_cppExport.cmake
[98.078s] -- Installing: /home/avcpp/AV-CPP2025/Vehicle/install/vehicle_core/share/vehicle_core/cmake/vehicle_core__rosidl_typesupport_introspection_cppExport-noconfig.cmake
[98.078s] -- Installing: /home/avcpp/AV-CPP2025/Vehicle/install/vehicle_core/share/vehicle_core/cmake/vehicle_core__rosidl_typesupport_cppExport.cmake
[98.079s] -- Installing: /home/avcpp/AV-CPP2025/Vehicle/install/vehicle_core/share/vehicle_core/cmake/vehicle_core__rosidl_typesupport_cppExport-noconfig.cmake
[98.080s] -- Installing: /home/avcpp/AV-CPP2025/Vehicle/install/vehicle_core/share/vehicle_core/cmake/export_vehicle_core__rosidl_generator_pyExport.cmake
[98.080s] -- Installing: /home/avcpp/AV-CPP2025/Vehicle/install/vehicle_core/share/vehicle_core/cmake/export_vehicle_core__rosidl_generator_pyExport-noconfig.cmake
[98.091s] Invoked command in '/home/avcpp/AV-CPP2025/Vehicle/build/vehicle_core' returned '0': CMAKE_PREFIX_PATH=${CMAKE_PREFIX_PATH}:/opt/ros/humble /usr/bin/cmake --install /home/avcpp/AV-CPP2025/Vehicle/build/vehicle_core
