[0.054s] Invoking command in '/home/avcpp/AV-CPP2025/Vehicle/build/vehicle_core': CMAKE_PREFIX_PATH=${CMAKE_PREFIX_PATH}:/opt/ros/humble /usr/bin/cmake /home/avcpp/AV-CPP2025/Vehicle/src/vehicle_core -DAMENT_CMAKE_SYMLINK_INSTALL=1 -DCMAKE_INSTALL_PREFIX=/home/avcpp/AV-CPP2025/Vehicle/install/vehicle_core
[0.223s] -- The C compiler identification is GNU 11.4.0
[0.362s] -- The CXX compiler identification is GNU 11.4.0
[0.382s] -- Detecting C compiler ABI info
[0.564s] -- Detecting C compiler ABI info - done
[0.584s] -- Check for working C compiler: /usr/bin/cc - skipped
[0.584s] -- Detecting C compile features
[0.585s] -- Detecting C compile features - done
[0.588s] -- Detecting CXX compiler ABI info
[0.794s] -- Detecting CXX compiler ABI info - done
[0.806s] -- Check for working CXX compiler: /usr/bin/c++ - skipped
[0.806s] -- Detecting CXX compile features
[0.807s] -- Detecting CXX compile features - done
[0.809s] -- Found ament_cmake: 1.3.12 (/opt/ros/humble/share/ament_cmake/cmake)
[1.088s] -- Found Python3: /usr/bin/python3 (found version "3.10.12") found components: Interpreter 
[1.202s] -- Override CMake install command with custom implementation using symlinks instead of copying resources
[1.232s] -- Found rclcpp: 16.0.15 (/opt/ros/humble/share/rclcpp/cmake)
[1.281s] -- Found rosidl_generator_c: 3.1.7 (/opt/ros/humble/share/rosidl_generator_c/cmake)
[1.286s] -- Found rosidl_adapter: 3.1.7 (/opt/ros/humble/share/rosidl_adapter/cmake)
[1.295s] -- Found rosidl_generator_cpp: 3.1.7 (/opt/ros/humble/share/rosidl_generator_cpp/cmake)
[1.309s] -- Using all available rosidl_typesupport_c: rosidl_typesupport_fastrtps_c;rosidl_typesupport_introspection_c
[1.329s] -- Using all available rosidl_typesupport_cpp: rosidl_typesupport_fastrtps_cpp;rosidl_typesupport_introspection_cpp
[1.380s] -- Found rmw_implementation_cmake: 6.1.2 (/opt/ros/humble/share/rmw_implementation_cmake/cmake)
[1.383s] -- Found rmw_fastrtps_cpp: 6.2.8 (/opt/ros/humble/share/rmw_fastrtps_cpp/cmake)
[1.559s] -- Found OpenSSL: /usr/lib/aarch64-linux-gnu/libcrypto.so (found version "3.0.2")  
[1.596s] -- Found FastRTPS: /opt/ros/humble/include  
[1.650s] -- Using RMW implementation 'rmw_fastrtps_cpp' as default
[1.660s] -- Looking for pthread.h
[1.822s] -- Looking for pthread.h - found
[1.823s] -- Performing Test CMAKE_HAVE_LIBC_PTHREAD
[2.039s] -- Performing Test CMAKE_HAVE_LIBC_PTHREAD - Success
[2.042s] -- Found Threads: TRUE  
[2.115s] -- Found rclcpp_components: 16.0.15 (/opt/ros/humble/share/rclcpp_components/cmake)
[2.148s] -- Found std_srvs: 4.9.0 (/opt/ros/humble/share/std_srvs/cmake)
[2.161s] -- Found rosidl_default_generators: 1.2.0 (/opt/ros/humble/share/rosidl_default_generators/cmake)
[2.172s] -- Found geometry_msgs: 4.9.0 (/opt/ros/humble/share/geometry_msgs/cmake)
[2.190s] -- Found nav_msgs: 4.9.0 (/opt/ros/humble/share/nav_msgs/cmake)
[2.216s] -- Found sensor_msgs: 4.9.0 (/opt/ros/humble/share/sensor_msgs/cmake)
[2.241s] -- Found tf2: 0.25.16 (/opt/ros/humble/share/tf2/cmake)
[2.246s] -- Found cv_bridge: 3.2.1 (/opt/ros/humble/share/cv_bridge/cmake)
[2.274s] -- Found PkgConfig: /usr/bin/pkg-config (found version "0.29.2") 
[2.276s] -- Checking for modules 'gstreamer-1.0;gstreamer-app-1.0;gobject-2.0;glib-2.0'
[2.328s] --   Found gstreamer-1.0, version 1.20.3
[2.348s] --   Found gstreamer-app-1.0, version 1.20.1
[2.379s] --   Found gobject-2.0, version 2.72.4
[2.404s] --   Found glib-2.0, version 2.72.4
[3.094s] -- Found ament_cmake_ros: 0.10.0 (/opt/ros/humble/share/ament_cmake_ros/cmake)
[3.852s] -- Using all available rosidl_typesupport_c: rosidl_typesupport_fastrtps_c;rosidl_typesupport_introspection_c
[4.158s] -- Using all available rosidl_typesupport_cpp: rosidl_typesupport_fastrtps_cpp;rosidl_typesupport_introspection_cpp
[4.225s] -- Found PythonInterp: /usr/bin/python3 (found suitable version "3.10.12", minimum required is "3.6") 
[4.232s] -- Found python_cmake_module: 0.10.0 (/opt/ros/humble/share/python_cmake_module/cmake)
[4.311s] -- Found PythonLibs: /usr/lib/aarch64-linux-gnu/libpython3.10.so (found suitable version "3.10.12", minimum required is "3.5") 
[4.312s] -- Using PYTHON_EXECUTABLE: /usr/bin/python3
[4.312s] -- Using PYTHON_INCLUDE_DIRS: /usr/include/python3.10
[4.313s] -- Using PYTHON_LIBRARIES: /usr/lib/aarch64-linux-gnu/libpython3.10.so
[4.371s] -- Found PythonExtra: .so  
[4.484s] [0mCMake Deprecation Warning at /opt/ros/humble/share/rosidl_cmake/cmake/rosidl_target_interfaces.cmake:32 (message):
[4.484s]   Use rosidl_get_typesupport_target() and target_link_libraries() instead of
[4.485s]   rosidl_target_interfaces()
[4.485s] Call Stack (most recent call first):
[4.486s]   CMakeLists.txt:140 (rosidl_target_interfaces)
[4.486s] 
[4.487s] [0m
[4.487s] [0mCMake Deprecation Warning at /opt/ros/humble/share/rosidl_cmake/cmake/rosidl_target_interfaces.cmake:32 (message):
[4.487s]   Use rosidl_get_typesupport_target() and target_link_libraries() instead of
[4.488s]   rosidl_target_interfaces()
[4.488s] Call Stack (most recent call first):
[4.488s]   CMakeLists.txt:155 (rosidl_target_interfaces)
[4.488s] 
[4.489s] [0m
[4.489s] [0mCMake Deprecation Warning at /opt/ros/humble/share/rosidl_cmake/cmake/rosidl_target_interfaces.cmake:32 (message):
[4.489s]   Use rosidl_get_typesupport_target() and target_link_libraries() instead of
[4.489s]   rosidl_target_interfaces()
[4.489s] Call Stack (most recent call first):
[4.489s]   CMakeLists.txt:172 (rosidl_target_interfaces)
[4.489s] 
[4.489s] [0m
[4.491s] [0mCMake Deprecation Warning at /opt/ros/humble/share/rosidl_cmake/cmake/rosidl_target_interfaces.cmake:32 (message):
[4.491s]   Use rosidl_get_typesupport_target() and target_link_libraries() instead of
[4.491s]   rosidl_target_interfaces()
[4.491s] Call Stack (most recent call first):
[4.491s]   CMakeLists.txt:190 (rosidl_target_interfaces)
[4.492s] 
[4.492s] [0m
[4.493s] [0mCMake Deprecation Warning at /opt/ros/humble/share/rosidl_cmake/cmake/rosidl_target_interfaces.cmake:32 (message):
[4.493s]   Use rosidl_get_typesupport_target() and target_link_libraries() instead of
[4.493s]   rosidl_target_interfaces()
[4.493s] Call Stack (most recent call first):
[4.494s]   CMakeLists.txt:214 (rosidl_target_interfaces)
[4.494s] 
[4.494s] [0m
[4.505s] -- Configuring done
[4.617s] -- Generating done
[4.649s] -- Build files have been written to: /home/avcpp/AV-CPP2025/Vehicle/build/vehicle_core
[4.680s] Invoked command in '/home/avcpp/AV-CPP2025/Vehicle/build/vehicle_core' returned '0': CMAKE_PREFIX_PATH=${CMAKE_PREFIX_PATH}:/opt/ros/humble /usr/bin/cmake /home/avcpp/AV-CPP2025/Vehicle/src/vehicle_core -DAMENT_CMAKE_SYMLINK_INSTALL=1 -DCMAKE_INSTALL_PREFIX=/home/avcpp/AV-CPP2025/Vehicle/install/vehicle_core
[4.690s] Invoking command in '/home/avcpp/AV-CPP2025/Vehicle/build/vehicle_core': CMAKE_PREFIX_PATH=${CMAKE_PREFIX_PATH}:/opt/ros/humble /usr/bin/cmake --build /home/avcpp/AV-CPP2025/Vehicle/build/vehicle_core -- -j8 -l8
[4.858s] [  0%] [34m[1mGenerating C code for ROS interfaces[0m
[4.865s] [  0%] Built target ament_cmake_python_symlink_vehicle_core
[4.871s] [  0%] [34m[1mGenerating C++ code for ROS interfaces[0m
[4.879s] [  1%] [32mBuilding CXX object CMakeFiles/vehicle_core_container.dir/src/vehicle_core_container.cpp.o[0m
[5.165s] running egg_info
[5.166s] creating vehicle_core.egg-info
[5.166s] writing vehicle_core.egg-info/PKG-INFO
[5.167s] writing dependency_links to vehicle_core.egg-info/dependency_links.txt
[5.167s] writing top-level names to vehicle_core.egg-info/top_level.txt
[5.168s] writing manifest file 'vehicle_core.egg-info/SOURCES.txt'
[5.170s] reading manifest file 'vehicle_core.egg-info/SOURCES.txt'
[5.171s] writing manifest file 'vehicle_core.egg-info/SOURCES.txt'
[5.231s] [  1%] Built target ament_cmake_python_build_vehicle_core_egg
[6.950s] [  1%] Built target vehicle_core__cpp
[6.967s] [  2%] [34m[1mGenerating C++ introspection for ROS interfaces[0m
[6.986s] [  2%] [34m[1mGenerating C++ type support for eProsima Fast-RTPS[0m
[6.992s] [  3%] [34m[1mGenerating C++ type support dispatch for ROS interfaces[0m
[7.136s] [  5%] [32mBuilding C object CMakeFiles/vehicle_core__rosidl_generator_c.dir/rosidl_generator_c/vehicle_core/msg/detail/autopilot_drive_command__functions.c.o[0m
[7.136s] [  5%] [32mBuilding C object CMakeFiles/vehicle_core__rosidl_generator_c.dir/rosidl_generator_c/vehicle_core/msg/detail/drive_target__functions.c.o[0m
[7.136s] [  5%] [32mBuilding C object CMakeFiles/vehicle_core__rosidl_generator_c.dir/rosidl_generator_c/vehicle_core/msg/detail/manual_drive_command__functions.c.o[0m
[7.138s] [  6%] [32mBuilding C object CMakeFiles/vehicle_core__rosidl_generator_c.dir/rosidl_generator_c/vehicle_core/msg/detail/lights_command__functions.c.o[0m
[7.329s] [  8%] [32mBuilding C object CMakeFiles/vehicle_core__rosidl_generator_c.dir/rosidl_generator_c/vehicle_core/msg/detail/max_speed__functions.c.o[0m
[7.329s] [  8%] [32mBuilding C object CMakeFiles/vehicle_core__rosidl_generator_c.dir/rosidl_generator_c/vehicle_core/msg/detail/autopilot_command__functions.c.o[0m
[7.329s] [  8%] [32mBuilding C object CMakeFiles/vehicle_core__rosidl_generator_c.dir/rosidl_generator_c/vehicle_core/msg/detail/general_status__functions.c.o[0m
[7.329s] [  8%] [32mBuilding C object CMakeFiles/vehicle_core__rosidl_generator_c.dir/rosidl_generator_c/vehicle_core/msg/detail/lights_status__functions.c.o[0m
[7.516s] [  8%] [32mBuilding C object CMakeFiles/vehicle_core__rosidl_generator_c.dir/rosidl_generator_c/vehicle_core/msg/detail/drive_status__functions.c.o[0m
[7.520s] [  9%] [32mBuilding C object CMakeFiles/vehicle_core__rosidl_generator_c.dir/rosidl_generator_c/vehicle_core/msg/detail/autopilot_status__functions.c.o[0m
[7.521s] [  9%] [32mBuilding C object CMakeFiles/vehicle_core__rosidl_generator_c.dir/rosidl_generator_c/vehicle_core/msg/detail/telemetry_data__functions.c.o[0m
[7.530s] [ 10%] [32mBuilding C object CMakeFiles/vehicle_core__rosidl_generator_c.dir/rosidl_generator_c/vehicle_core/msg/detail/error__functions.c.o[0m
[7.713s] [ 10%] [32mBuilding C object CMakeFiles/vehicle_core__rosidl_generator_c.dir/rosidl_generator_c/vehicle_core/msg/detail/server_init__functions.c.o[0m
[7.714s] [ 11%] [32mBuilding C object CMakeFiles/vehicle_core__rosidl_generator_c.dir/rosidl_generator_c/vehicle_core/msg/detail/autopilot_config__functions.c.o[0m
[7.718s] [ 11%] [32mBuilding C object CMakeFiles/vehicle_core__rosidl_generator_c.dir/rosidl_generator_c/vehicle_core/msg/detail/perception_profile__functions.c.o[0m
[7.723s] [ 12%] [32mBuilding C object CMakeFiles/vehicle_core__rosidl_generator_c.dir/rosidl_generator_c/vehicle_core/msg/detail/state_mode__functions.c.o[0m
[7.912s] [ 13%] [32mBuilding C object CMakeFiles/vehicle_core__rosidl_generator_c.dir/rosidl_generator_c/vehicle_core/msg/detail/state_event__functions.c.o[0m
[7.916s] [ 13%] [32mBuilding C object CMakeFiles/vehicle_core__rosidl_generator_c.dir/rosidl_generator_c/vehicle_core/msg/detail/drive_feedback__functions.c.o[0m
[7.928s] [ 14%] [32mBuilding C object CMakeFiles/vehicle_core__rosidl_generator_c.dir/rosidl_generator_c/vehicle_core/srv/detail/set_autopilot_profile__functions.c.o[0m
[8.148s] [ 14%] [32m[1mLinking C shared library libvehicle_core__rosidl_generator_c.so[0m
[8.204s] [ 14%] [32mBuilding CXX object CMakeFiles/vehicle_core__rosidl_typesupport_cpp.dir/rosidl_typesupport_cpp/vehicle_core/msg/manual_drive_command__type_support.cpp.o[0m
[8.213s] [ 15%] [32mBuilding CXX object CMakeFiles/vehicle_core__rosidl_typesupport_cpp.dir/rosidl_typesupport_cpp/vehicle_core/msg/autopilot_drive_command__type_support.cpp.o[0m
[8.216s] [ 15%] [32mBuilding CXX object CMakeFiles/vehicle_core__rosidl_typesupport_cpp.dir/rosidl_typesupport_cpp/vehicle_core/msg/drive_target__type_support.cpp.o[0m
[8.219s] [ 16%] [32mBuilding CXX object CMakeFiles/vehicle_core__rosidl_typesupport_cpp.dir/rosidl_typesupport_cpp/vehicle_core/msg/lights_command__type_support.cpp.o[0m
[8.322s] [ 16%] Built target vehicle_core__rosidl_generator_c
[8.350s] [ 16%] [32mBuilding CXX object CMakeFiles/vehicle_core__rosidl_typesupport_cpp.dir/rosidl_typesupport_cpp/vehicle_core/msg/max_speed__type_support.cpp.o[0m
[8.657s] [ 17%] [32mBuilding CXX object CMakeFiles/vehicle_core__rosidl_typesupport_cpp.dir/rosidl_typesupport_cpp/vehicle_core/msg/autopilot_command__type_support.cpp.o[0m
[8.705s] [ 17%] [32mBuilding CXX object CMakeFiles/vehicle_core__rosidl_typesupport_cpp.dir/rosidl_typesupport_cpp/vehicle_core/msg/lights_status__type_support.cpp.o[0m
[8.783s] [ 18%] [32mBuilding CXX object CMakeFiles/vehicle_core__rosidl_typesupport_cpp.dir/rosidl_typesupport_cpp/vehicle_core/msg/general_status__type_support.cpp.o[0m
[8.994s] [ 18%] [32mBuilding CXX object CMakeFiles/vehicle_core__rosidl_typesupport_cpp.dir/rosidl_typesupport_cpp/vehicle_core/msg/drive_status__type_support.cpp.o[0m
[9.070s] [ 19%] [32mBuilding CXX object CMakeFiles/vehicle_core__rosidl_typesupport_cpp.dir/rosidl_typesupport_cpp/vehicle_core/msg/autopilot_status__type_support.cpp.o[0m
[9.133s] [ 20%] [32mBuilding CXX object CMakeFiles/vehicle_core__rosidl_typesupport_cpp.dir/rosidl_typesupport_cpp/vehicle_core/msg/telemetry_data__type_support.cpp.o[0m
[9.278s] [ 20%] [32mBuilding CXX object CMakeFiles/vehicle_core__rosidl_typesupport_cpp.dir/rosidl_typesupport_cpp/vehicle_core/msg/error__type_support.cpp.o[0m
[9.368s] [ 21%] [32mBuilding CXX object CMakeFiles/vehicle_core__rosidl_typesupport_cpp.dir/rosidl_typesupport_cpp/vehicle_core/msg/server_init__type_support.cpp.o[0m
[9.378s] [ 21%] [32mBuilding CXX object CMakeFiles/vehicle_core__rosidl_typesupport_introspection_cpp.dir/rosidl_typesupport_introspection_cpp/vehicle_core/msg/detail/drive_target__type_support.cpp.o[0m
[9.523s] [ 22%] [32mBuilding CXX object CMakeFiles/vehicle_core__rosidl_typesupport_cpp.dir/rosidl_typesupport_cpp/vehicle_core/msg/perception_profile__type_support.cpp.o[0m
[9.525s] [ 22%] [32mBuilding CXX object CMakeFiles/vehicle_core__rosidl_typesupport_cpp.dir/rosidl_typesupport_cpp/vehicle_core/msg/autopilot_config__type_support.cpp.o[0m
[9.678s] [ 22%] [32mBuilding CXX object CMakeFiles/vehicle_core__rosidl_typesupport_cpp.dir/rosidl_typesupport_cpp/vehicle_core/msg/state_mode__type_support.cpp.o[0m
[9.739s] [ 23%] [32mBuilding CXX object CMakeFiles/vehicle_core__rosidl_typesupport_fastrtps_cpp.dir/rosidl_typesupport_fastrtps_cpp/vehicle_core/msg/detail/dds_fastrtps/drive_target__type_support.cpp.o[0m
[9.846s] [ 24%] [32mBuilding CXX object CMakeFiles/vehicle_core__rosidl_typesupport_cpp.dir/rosidl_typesupport_cpp/vehicle_core/msg/state_event__type_support.cpp.o[0m
[9.973s] [ 24%] [32mBuilding CXX object CMakeFiles/vehicle_core__rosidl_typesupport_cpp.dir/rosidl_typesupport_cpp/vehicle_core/msg/drive_feedback__type_support.cpp.o[0m
[10.074s] [ 25%] [32m[1mLinking CXX executable vehicle_core_container[0m
[10.128s] [ 26%] [32mBuilding CXX object CMakeFiles/vehicle_core__rosidl_typesupport_cpp.dir/rosidl_typesupport_cpp/vehicle_core/srv/set_autopilot_profile__type_support.cpp.o[0m
[10.272s] [ 27%] [32mBuilding CXX object CMakeFiles/vehicle_core__rosidl_typesupport_fastrtps_cpp.dir/rosidl_typesupport_fastrtps_cpp/vehicle_core/msg/detail/dds_fastrtps/manual_drive_command__type_support.cpp.o[0m
[10.287s] [ 27%] [32mBuilding CXX object CMakeFiles/vehicle_core__rosidl_typesupport_fastrtps_cpp.dir/rosidl_typesupport_fastrtps_cpp/vehicle_core/msg/detail/dds_fastrtps/autopilot_drive_command__type_support.cpp.o[0m
[10.289s] [ 27%] [32mBuilding CXX object CMakeFiles/vehicle_core__rosidl_typesupport_fastrtps_cpp.dir/rosidl_typesupport_fastrtps_cpp/vehicle_core/msg/detail/dds_fastrtps/lights_command__type_support.cpp.o[0m
[10.292s] [ 27%] Built target vehicle_core_container
[10.308s] [ 28%] [34m[1mGenerating C type support for eProsima Fast-RTPS[0m
[10.535s] [ 28%] [34m[1mGenerating C introspection for ROS interfaces[0m
[10.872s] [ 29%] [32mBuilding CXX object CMakeFiles/vehicle_core__rosidl_typesupport_fastrtps_cpp.dir/rosidl_typesupport_fastrtps_cpp/vehicle_core/msg/detail/dds_fastrtps/max_speed__type_support.cpp.o[0m
[10.881s] [ 29%] [32mBuilding CXX object CMakeFiles/vehicle_core__rosidl_typesupport_fastrtps_cpp.dir/rosidl_typesupport_fastrtps_cpp/vehicle_core/msg/detail/dds_fastrtps/autopilot_command__type_support.cpp.o[0m
[11.001s] [ 29%] [32m[1mLinking CXX shared library libvehicle_core__rosidl_typesupport_cpp.so[0m
[11.064s] [ 29%] Built target vehicle_core__rosidl_typesupport_cpp
[11.080s] [ 29%] [34m[1mGenerating C type support dispatch for ROS interfaces[0m
[11.294s] [ 30%] [32mBuilding CXX object CMakeFiles/vehicle_core__rosidl_typesupport_introspection_cpp.dir/rosidl_typesupport_introspection_cpp/vehicle_core/msg/detail/autopilot_drive_command__type_support.cpp.o[0m
[11.453s] [ 31%] [32mBuilding CXX object CMakeFiles/vehicle_core__rosidl_typesupport_fastrtps_cpp.dir/rosidl_typesupport_fastrtps_cpp/vehicle_core/msg/detail/dds_fastrtps/lights_status__type_support.cpp.o[0m
[11.490s] [ 31%] [32mBuilding CXX object CMakeFiles/vehicle_core__rosidl_typesupport_fastrtps_cpp.dir/rosidl_typesupport_fastrtps_cpp/vehicle_core/msg/detail/dds_fastrtps/general_status__type_support.cpp.o[0m
[11.908s] [ 31%] [32mBuilding CXX object CMakeFiles/vehicle_core__rosidl_typesupport_introspection_cpp.dir/rosidl_typesupport_introspection_cpp/vehicle_core/msg/detail/manual_drive_command__type_support.cpp.o[0m
[12.029s] [ 32%] [32mBuilding CXX object CMakeFiles/vehicle_core__rosidl_typesupport_fastrtps_cpp.dir/rosidl_typesupport_fastrtps_cpp/vehicle_core/msg/detail/dds_fastrtps/drive_status__type_support.cpp.o[0m
[12.060s] [ 33%] [32mBuilding CXX object CMakeFiles/vehicle_core__rosidl_typesupport_fastrtps_cpp.dir/rosidl_typesupport_fastrtps_cpp/vehicle_core/msg/detail/dds_fastrtps/autopilot_status__type_support.cpp.o[0m
[12.494s] [ 34%] [32mBuilding CXX object CMakeFiles/vehicle_core__rosidl_typesupport_introspection_cpp.dir/rosidl_typesupport_introspection_cpp/vehicle_core/msg/detail/lights_command__type_support.cpp.o[0m
[12.517s] [ 34%] [32mBuilding CXX object CMakeFiles/vehicle_core__rosidl_typesupport_fastrtps_c.dir/rosidl_typesupport_fastrtps_c/vehicle_core/msg/detail/drive_target__type_support_c.cpp.o[0m
[12.587s] [ 34%] [32mBuilding CXX object CMakeFiles/vehicle_core__rosidl_typesupport_fastrtps_cpp.dir/rosidl_typesupport_fastrtps_cpp/vehicle_core/msg/detail/dds_fastrtps/telemetry_data__type_support.cpp.o[0m
[12.625s] [ 35%] [32mBuilding CXX object CMakeFiles/vehicle_core__rosidl_typesupport_c.dir/rosidl_typesupport_c/vehicle_core/msg/drive_target__type_support.cpp.o[0m
[12.663s] [ 36%] [32mBuilding CXX object CMakeFiles/vehicle_core__rosidl_typesupport_fastrtps_c.dir/rosidl_typesupport_fastrtps_c/vehicle_core/msg/detail/autopilot_drive_command__type_support_c.cpp.o[0m
[12.666s] [ 37%] [32mBuilding CXX object CMakeFiles/vehicle_core__rosidl_typesupport_fastrtps_cpp.dir/rosidl_typesupport_fastrtps_cpp/vehicle_core/msg/detail/dds_fastrtps/error__type_support.cpp.o[0m
[12.671s] [ 37%] [32mBuilding CXX object CMakeFiles/vehicle_core__rosidl_typesupport_c.dir/rosidl_typesupport_c/vehicle_core/msg/autopilot_drive_command__type_support.cpp.o[0m
[12.701s] [ 38%] [32mBuilding CXX object CMakeFiles/vehicle_core__rosidl_typesupport_fastrtps_c.dir/rosidl_typesupport_fastrtps_c/vehicle_core/msg/detail/manual_drive_command__type_support_c.cpp.o[0m
[12.785s] [ 39%] [32mBuilding CXX object CMakeFiles/vehicle_core__rosidl_typesupport_c.dir/rosidl_typesupport_c/vehicle_core/msg/manual_drive_command__type_support.cpp.o[0m
[12.909s] [ 40%] [32mBuilding CXX object CMakeFiles/vehicle_core__rosidl_typesupport_c.dir/rosidl_typesupport_c/vehicle_core/msg/lights_command__type_support.cpp.o[0m
[13.032s] [ 40%] [32mBuilding CXX object CMakeFiles/vehicle_core__rosidl_typesupport_c.dir/rosidl_typesupport_c/vehicle_core/msg/max_speed__type_support.cpp.o[0m
[13.155s] [ 41%] [32mBuilding CXX object CMakeFiles/vehicle_core__rosidl_typesupport_c.dir/rosidl_typesupport_c/vehicle_core/msg/autopilot_command__type_support.cpp.o[0m
[13.155s] [ 40%] [32mBuilding CXX object CMakeFiles/vehicle_core__rosidl_typesupport_introspection_cpp.dir/rosidl_typesupport_introspection_cpp/vehicle_core/msg/detail/max_speed__type_support.cpp.o[0m
[13.187s] [ 41%] [32mBuilding CXX object CMakeFiles/vehicle_core__rosidl_typesupport_fastrtps_c.dir/rosidl_typesupport_fastrtps_c/vehicle_core/msg/detail/lights_command__type_support_c.cpp.o[0m
[13.213s] [ 41%] [32mBuilding CXX object CMakeFiles/vehicle_core__rosidl_typesupport_fastrtps_cpp.dir/rosidl_typesupport_fastrtps_cpp/vehicle_core/msg/detail/dds_fastrtps/server_init__type_support.cpp.o[0m
[13.219s] [ 41%] [32mBuilding CXX object CMakeFiles/vehicle_core__rosidl_typesupport_c.dir/rosidl_typesupport_c/vehicle_core/msg/lights_status__type_support.cpp.o[0m
[13.337s] [ 42%] [32mBuilding CXX object CMakeFiles/vehicle_core__rosidl_typesupport_c.dir/rosidl_typesupport_c/vehicle_core/msg/general_status__type_support.cpp.o[0m
[13.453s] [ 43%] [32mBuilding CXX object CMakeFiles/vehicle_core__rosidl_typesupport_fastrtps_c.dir/rosidl_typesupport_fastrtps_c/vehicle_core/msg/detail/max_speed__type_support_c.cpp.o[0m
[13.455s] [ 43%] [32mBuilding CXX object CMakeFiles/vehicle_core__rosidl_typesupport_c.dir/rosidl_typesupport_c/vehicle_core/msg/drive_status__type_support.cpp.o[0m
[13.494s] [ 43%] [32mBuilding CXX object CMakeFiles/vehicle_core__rosidl_typesupport_fastrtps_c.dir/rosidl_typesupport_fastrtps_c/vehicle_core/msg/detail/autopilot_command__type_support_c.cpp.o[0m
[13.578s] [ 44%] [32mBuilding CXX object CMakeFiles/vehicle_core__rosidl_typesupport_c.dir/rosidl_typesupport_c/vehicle_core/msg/autopilot_status__type_support.cpp.o[0m
[13.592s] [ 45%] [32mBuilding CXX object CMakeFiles/vehicle_core__rosidl_typesupport_fastrtps_cpp.dir/rosidl_typesupport_fastrtps_cpp/vehicle_core/msg/detail/dds_fastrtps/autopilot_config__type_support.cpp.o[0m
[13.674s] [ 46%] [32mBuilding CXX object CMakeFiles/vehicle_core__rosidl_typesupport_fastrtps_c.dir/rosidl_typesupport_fastrtps_c/vehicle_core/msg/detail/lights_status__type_support_c.cpp.o[0m
[13.700s] [ 46%] [32mBuilding CXX object CMakeFiles/vehicle_core__rosidl_typesupport_c.dir/rosidl_typesupport_c/vehicle_core/msg/telemetry_data__type_support.cpp.o[0m
[13.822s] [ 47%] [32mBuilding CXX object CMakeFiles/vehicle_core__rosidl_typesupport_c.dir/rosidl_typesupport_c/vehicle_core/msg/error__type_support.cpp.o[0m
[13.833s] [ 48%] [32mBuilding C object CMakeFiles/vehicle_core__rosidl_typesupport_introspection_c.dir/rosidl_typesupport_introspection_c/vehicle_core/msg/detail/drive_target__type_support.c.o[0m
[13.945s] [ 48%] [32mBuilding CXX object CMakeFiles/vehicle_core__rosidl_typesupport_c.dir/rosidl_typesupport_c/vehicle_core/msg/server_init__type_support.cpp.o[0m
[13.974s] [ 49%] [32mBuilding C object CMakeFiles/vehicle_core__rosidl_typesupport_introspection_c.dir/rosidl_typesupport_introspection_c/vehicle_core/msg/detail/autopilot_drive_command__type_support.c.o[0m
[14.004s] [ 50%] [32mBuilding CXX object CMakeFiles/vehicle_core__rosidl_typesupport_c.dir/rosidl_typesupport_c/vehicle_core/msg/autopilot_config__type_support.cpp.o[0m
[14.014s] [ 50%] [32mBuilding CXX object CMakeFiles/vehicle_core__rosidl_typesupport_fastrtps_c.dir/rosidl_typesupport_fastrtps_c/vehicle_core/msg/detail/general_status__type_support_c.cpp.o[0m
[14.043s] [ 50%] [32mBuilding CXX object CMakeFiles/vehicle_core__rosidl_typesupport_fastrtps_cpp.dir/rosidl_typesupport_fastrtps_cpp/vehicle_core/msg/detail/dds_fastrtps/perception_profile__type_support.cpp.o[0m
[14.048s] [ 51%] [32mBuilding CXX object CMakeFiles/vehicle_core__rosidl_typesupport_fastrtps_c.dir/rosidl_typesupport_fastrtps_c/vehicle_core/msg/detail/drive_status__type_support_c.cpp.o[0m
[14.054s] [ 51%] [32mBuilding C object CMakeFiles/vehicle_core__rosidl_typesupport_introspection_c.dir/rosidl_typesupport_introspection_c/vehicle_core/msg/detail/manual_drive_command__type_support.c.o[0m
[14.100s] [ 52%] [32mBuilding C object CMakeFiles/vehicle_core__rosidl_typesupport_introspection_c.dir/rosidl_typesupport_introspection_c/vehicle_core/msg/detail/lights_command__type_support.c.o[0m
[14.130s] [ 52%] [32mBuilding CXX object CMakeFiles/vehicle_core__rosidl_typesupport_c.dir/rosidl_typesupport_c/vehicle_core/msg/perception_profile__type_support.cpp.o[0m
[14.148s] [ 52%] [32mBuilding C object CMakeFiles/vehicle_core__rosidl_typesupport_introspection_c.dir/rosidl_typesupport_introspection_c/vehicle_core/msg/detail/max_speed__type_support.c.o[0m
[14.161s] [ 52%] [32mBuilding CXX object CMakeFiles/vehicle_core__rosidl_typesupport_fastrtps_c.dir/rosidl_typesupport_fastrtps_c/vehicle_core/msg/detail/autopilot_status__type_support_c.cpp.o[0m
[14.198s] [ 53%] [32mBuilding C object CMakeFiles/vehicle_core__rosidl_typesupport_introspection_c.dir/rosidl_typesupport_introspection_c/vehicle_core/msg/detail/autopilot_command__type_support.c.o[0m
[14.246s] [ 53%] [32mBuilding C object CMakeFiles/vehicle_core__rosidl_typesupport_introspection_c.dir/rosidl_typesupport_introspection_c/vehicle_core/msg/detail/lights_status__type_support.c.o[0m
[14.252s] [ 54%] [32mBuilding CXX object CMakeFiles/vehicle_core__rosidl_typesupport_c.dir/rosidl_typesupport_c/vehicle_core/msg/state_mode__type_support.cpp.o[0m
[14.294s] [ 55%] [32mBuilding C object CMakeFiles/vehicle_core__rosidl_typesupport_introspection_c.dir/rosidl_typesupport_introspection_c/vehicle_core/msg/detail/general_status__type_support.c.o[0m
[14.345s] [ 55%] [32mBuilding C object CMakeFiles/vehicle_core__rosidl_typesupport_introspection_c.dir/rosidl_typesupport_introspection_c/vehicle_core/msg/detail/drive_status__type_support.c.o[0m
[14.370s] [ 55%] [32mBuilding CXX object CMakeFiles/vehicle_core__rosidl_typesupport_c.dir/rosidl_typesupport_c/vehicle_core/msg/state_event__type_support.cpp.o[0m
[14.416s] [ 56%] [32mBuilding C object CMakeFiles/vehicle_core__rosidl_typesupport_introspection_c.dir/rosidl_typesupport_introspection_c/vehicle_core/msg/detail/autopilot_status__type_support.c.o[0m
[14.499s] [ 57%] [32mBuilding CXX object CMakeFiles/vehicle_core__rosidl_typesupport_c.dir/rosidl_typesupport_c/vehicle_core/msg/drive_feedback__type_support.cpp.o[0m
[14.546s] [ 58%] [32mBuilding CXX object CMakeFiles/vehicle_core__rosidl_typesupport_fastrtps_c.dir/rosidl_typesupport_fastrtps_c/vehicle_core/msg/detail/telemetry_data__type_support_c.cpp.o[0m
[14.559s] [ 58%] [32mBuilding C object CMakeFiles/vehicle_core__rosidl_typesupport_introspection_c.dir/rosidl_typesupport_introspection_c/vehicle_core/msg/detail/telemetry_data__type_support.c.o[0m
[14.573s] [ 59%] [32mBuilding CXX object CMakeFiles/vehicle_core__rosidl_typesupport_introspection_cpp.dir/rosidl_typesupport_introspection_cpp/vehicle_core/msg/detail/autopilot_command__type_support.cpp.o[0m
[14.623s] [ 60%] [32mBuilding CXX object CMakeFiles/vehicle_core__rosidl_typesupport_c.dir/rosidl_typesupport_c/vehicle_core/srv/set_autopilot_profile__type_support.cpp.o[0m
[14.666s] [ 60%] [32mBuilding CXX object CMakeFiles/vehicle_core__rosidl_typesupport_fastrtps_c.dir/rosidl_typesupport_fastrtps_c/vehicle_core/msg/detail/error__type_support_c.cpp.o[0m
[14.687s] [ 61%] [32mBuilding C object CMakeFiles/vehicle_core__rosidl_typesupport_introspection_c.dir/rosidl_typesupport_introspection_c/vehicle_core/msg/detail/error__type_support.c.o[0m
[14.700s] [ 62%] [32mBuilding CXX object CMakeFiles/vehicle_core__rosidl_typesupport_fastrtps_cpp.dir/rosidl_typesupport_fastrtps_cpp/vehicle_core/msg/detail/dds_fastrtps/state_mode__type_support.cpp.o[0m
[14.756s] [ 62%] [32m[1mLinking CXX shared library libvehicle_core__rosidl_typesupport_c.so[0m
[14.823s] [ 62%] [32mBuilding C object CMakeFiles/vehicle_core__rosidl_typesupport_introspection_c.dir/rosidl_typesupport_introspection_c/vehicle_core/msg/detail/server_init__type_support.c.o[0m
[14.888s] [ 63%] [32mBuilding CXX object CMakeFiles/vehicle_core__rosidl_typesupport_fastrtps_c.dir/rosidl_typesupport_fastrtps_c/vehicle_core/msg/detail/server_init__type_support_c.cpp.o[0m
[14.929s] [ 63%] Built target vehicle_core__rosidl_typesupport_c
[14.961s] [ 63%] [32mBuilding CXX object CMakeFiles/vehicle_core__rosidl_typesupport_fastrtps_c.dir/rosidl_typesupport_fastrtps_c/vehicle_core/msg/detail/autopilot_config__type_support_c.cpp.o[0m
[14.975s] [ 64%] [32mBuilding C object CMakeFiles/vehicle_core__rosidl_typesupport_introspection_c.dir/rosidl_typesupport_introspection_c/vehicle_core/msg/detail/autopilot_config__type_support.c.o[0m
[15.153s] [ 64%] [32mBuilding C object CMakeFiles/vehicle_core__rosidl_typesupport_introspection_c.dir/rosidl_typesupport_introspection_c/vehicle_core/msg/detail/perception_profile__type_support.c.o[0m
[15.163s] [ 65%] [32mBuilding CXX object CMakeFiles/vehicle_core__rosidl_typesupport_fastrtps_c.dir/rosidl_typesupport_fastrtps_c/vehicle_core/msg/detail/perception_profile__type_support_c.cpp.o[0m
[15.164s] [ 65%] [32mBuilding CXX object CMakeFiles/vehicle_core__rosidl_typesupport_introspection_cpp.dir/rosidl_typesupport_introspection_cpp/vehicle_core/msg/detail/lights_status__type_support.cpp.o[0m
[15.321s] [ 66%] [32mBuilding C object CMakeFiles/vehicle_core__rosidl_typesupport_introspection_c.dir/rosidl_typesupport_introspection_c/vehicle_core/msg/detail/state_mode__type_support.c.o[0m
[15.337s] [ 67%] [32mBuilding C object CMakeFiles/vehicle_core__rosidl_typesupport_introspection_c.dir/rosidl_typesupport_introspection_c/vehicle_core/msg/detail/state_event__type_support.c.o[0m
[15.387s] [ 67%] [32mBuilding C object CMakeFiles/vehicle_core__rosidl_typesupport_introspection_c.dir/rosidl_typesupport_introspection_c/vehicle_core/msg/detail/drive_feedback__type_support.c.o[0m
[15.409s] [ 67%] [32mBuilding CXX object CMakeFiles/vehicle_core__rosidl_typesupport_fastrtps_c.dir/rosidl_typesupport_fastrtps_c/vehicle_core/msg/detail/state_mode__type_support_c.cpp.o[0m
[15.450s] [ 68%] [32mBuilding C object CMakeFiles/vehicle_core__rosidl_typesupport_introspection_c.dir/rosidl_typesupport_introspection_c/vehicle_core/srv/detail/set_autopilot_profile__type_support.c.o[0m
[15.452s] [ 69%] [32mBuilding CXX object CMakeFiles/vehicle_core__rosidl_typesupport_fastrtps_c.dir/rosidl_typesupport_fastrtps_c/vehicle_core/msg/detail/state_event__type_support_c.cpp.o[0m
[15.641s] [ 69%] [32m[1mLinking C shared library libvehicle_core__rosidl_typesupport_introspection_c.so[0m
[15.695s] [ 70%] [32mBuilding CXX object CMakeFiles/vehicle_core__rosidl_typesupport_fastrtps_c.dir/rosidl_typesupport_fastrtps_c/vehicle_core/msg/detail/drive_feedback__type_support_c.cpp.o[0m
[15.737s] [ 70%] [32mBuilding CXX object CMakeFiles/vehicle_core__rosidl_typesupport_fastrtps_c.dir/rosidl_typesupport_fastrtps_c/vehicle_core/srv/detail/set_autopilot_profile__type_support_c.cpp.o[0m
[15.777s] [ 70%] Built target vehicle_core__rosidl_typesupport_introspection_c
[15.811s] [ 70%] [32mBuilding CXX object CMakeFiles/vehicle_core__rosidl_typesupport_fastrtps_cpp.dir/rosidl_typesupport_fastrtps_cpp/vehicle_core/msg/detail/dds_fastrtps/state_event__type_support.cpp.o[0m
[15.931s] [ 71%] [32mBuilding CXX object CMakeFiles/vehicle_core__rosidl_typesupport_fastrtps_cpp.dir/rosidl_typesupport_fastrtps_cpp/vehicle_core/msg/detail/dds_fastrtps/drive_feedback__type_support.cpp.o[0m
[15.936s] [ 72%] [32mBuilding CXX object CMakeFiles/vehicle_core__rosidl_typesupport_introspection_cpp.dir/rosidl_typesupport_introspection_cpp/vehicle_core/msg/detail/general_status__type_support.cpp.o[0m
[15.944s] [ 72%] [32mBuilding CXX object CMakeFiles/vehicle_core__rosidl_typesupport_fastrtps_cpp.dir/rosidl_typesupport_fastrtps_cpp/vehicle_core/srv/detail/dds_fastrtps/set_autopilot_profile__type_support.cpp.o[0m
[16.046s] [ 73%] [32mBuilding CXX object CMakeFiles/vehicle_core__rosidl_typesupport_introspection_cpp.dir/rosidl_typesupport_introspection_cpp/vehicle_core/msg/detail/drive_status__type_support.cpp.o[0m
[16.191s] [ 74%] [32mBuilding CXX object CMakeFiles/vehicle_core__rosidl_typesupport_introspection_cpp.dir/rosidl_typesupport_introspection_cpp/vehicle_core/msg/detail/telemetry_data__type_support.cpp.o[0m
[16.195s] [ 74%] [32mBuilding CXX object CMakeFiles/vehicle_core__rosidl_typesupport_introspection_cpp.dir/rosidl_typesupport_introspection_cpp/vehicle_core/msg/detail/autopilot_status__type_support.cpp.o[0m
[16.476s] [ 74%] [32mBuilding CXX object CMakeFiles/vehicle_core__rosidl_typesupport_introspection_cpp.dir/rosidl_typesupport_introspection_cpp/vehicle_core/msg/detail/error__type_support.cpp.o[0m
[16.616s] [ 75%] [32mBuilding CXX object CMakeFiles/vehicle_core__rosidl_typesupport_introspection_cpp.dir/rosidl_typesupport_introspection_cpp/vehicle_core/msg/detail/server_init__type_support.cpp.o[0m
[16.765s] [ 75%] [32mBuilding CXX object CMakeFiles/vehicle_core__rosidl_typesupport_introspection_cpp.dir/rosidl_typesupport_introspection_cpp/vehicle_core/msg/detail/autopilot_config__type_support.cpp.o[0m
[16.783s] [ 76%] [32mBuilding CXX object CMakeFiles/vehicle_core__rosidl_typesupport_introspection_cpp.dir/rosidl_typesupport_introspection_cpp/vehicle_core/msg/detail/perception_profile__type_support.cpp.o[0m
[17.039s] [ 76%] [32mBuilding CXX object CMakeFiles/vehicle_core__rosidl_typesupport_introspection_cpp.dir/rosidl_typesupport_introspection_cpp/vehicle_core/msg/detail/state_mode__type_support.cpp.o[0m
[17.185s] [ 77%] [32mBuilding CXX object CMakeFiles/vehicle_core__rosidl_typesupport_introspection_cpp.dir/rosidl_typesupport_introspection_cpp/vehicle_core/msg/detail/state_event__type_support.cpp.o[0m
[17.355s] [ 77%] [32mBuilding CXX object CMakeFiles/vehicle_core__rosidl_typesupport_introspection_cpp.dir/rosidl_typesupport_introspection_cpp/vehicle_core/msg/detail/drive_feedback__type_support.cpp.o[0m
[17.476s] [ 78%] [32m[1mLinking CXX shared library libvehicle_core__rosidl_typesupport_fastrtps_c.so[0m
[17.531s] [ 79%] [32mBuilding CXX object CMakeFiles/vehicle_core__rosidl_typesupport_introspection_cpp.dir/rosidl_typesupport_introspection_cpp/vehicle_core/srv/detail/set_autopilot_profile__type_support.cpp.o[0m
[17.715s] [ 79%] Built target vehicle_core__rosidl_typesupport_fastrtps_c
[17.763s] [ 80%] [32m[1mLinking CXX shared library libvehicle_core__rosidl_typesupport_fastrtps_cpp.so[0m
[17.930s] [ 80%] Built target vehicle_core__rosidl_typesupport_fastrtps_cpp
[18.252s] [ 80%] [32m[1mLinking CXX shared library libvehicle_core__rosidl_typesupport_introspection_cpp.so[0m
[18.417s] [ 80%] Built target vehicle_core__rosidl_typesupport_introspection_cpp
[18.466s] [ 80%] Built target vehicle_core
[18.510s] [ 80%] [32mBuilding CXX object CMakeFiles/tcp_server_node_component.dir/src/tcp_server_node.cpp.o[0m
[18.511s] [ 80%] [32mBuilding CXX object CMakeFiles/i2c_bridge_node.dir/src/i2c_bridge_node.cpp.o[0m
[18.512s] [ 80%] [32mBuilding CXX object CMakeFiles/state_manager_node_component.dir/src/state_manager.cpp.o[0m
[18.518s] [ 81%] [34m[1mGenerating Python code for ROS interfaces[0m
[18.531s] [ 81%] [32mBuilding CXX object CMakeFiles/drive_arbiter_node_component.dir/src/drive_arbiter.cpp.o[0m
[18.531s] [ 81%] [32mBuilding CXX object CMakeFiles/gst_camera_component.dir/src/gst_camera_node.cpp.o[0m
[21.884s] [ 81%] Built target vehicle_core__py
[21.961s] [ 82%] [32mBuilding C object CMakeFiles/vehicle_core__rosidl_generator_py.dir/rosidl_generator_py/vehicle_core/msg/_autopilot_drive_command_s.c.o[0m
[21.963s] [ 82%] [32mBuilding C object CMakeFiles/vehicle_core__rosidl_generator_py.dir/rosidl_generator_py/vehicle_core/msg/_drive_target_s.c.o[0m
[21.965s] [ 83%] [32mBuilding C object CMakeFiles/vehicle_core__rosidl_generator_py.dir/rosidl_generator_py/vehicle_core/msg/_manual_drive_command_s.c.o[0m
[22.478s] [ 83%] [32mBuilding C object CMakeFiles/vehicle_core__rosidl_generator_py.dir/rosidl_generator_py/vehicle_core/msg/_lights_command_s.c.o[0m
[22.483s] [ 84%] [32mBuilding C object CMakeFiles/vehicle_core__rosidl_generator_py.dir/rosidl_generator_py/vehicle_core/msg/_max_speed_s.c.o[0m
[22.510s] [ 84%] [32mBuilding C object CMakeFiles/vehicle_core__rosidl_generator_py.dir/rosidl_generator_py/vehicle_core/msg/_autopilot_command_s.c.o[0m
[22.971s] [ 85%] [32mBuilding C object CMakeFiles/vehicle_core__rosidl_generator_py.dir/rosidl_generator_py/vehicle_core/msg/_lights_status_s.c.o[0m
[22.975s] [ 85%] [32mBuilding C object CMakeFiles/vehicle_core__rosidl_generator_py.dir/rosidl_generator_py/vehicle_core/msg/_general_status_s.c.o[0m
[23.009s] [ 86%] [32mBuilding C object CMakeFiles/vehicle_core__rosidl_generator_py.dir/rosidl_generator_py/vehicle_core/msg/_drive_status_s.c.o[0m
[23.475s] [ 86%] [32mBuilding C object CMakeFiles/vehicle_core__rosidl_generator_py.dir/rosidl_generator_py/vehicle_core/msg/_autopilot_status_s.c.o[0m
[23.491s] [ 87%] [32mBuilding C object CMakeFiles/vehicle_core__rosidl_generator_py.dir/rosidl_generator_py/vehicle_core/msg/_telemetry_data_s.c.o[0m
[23.508s] [ 88%] [32mBuilding C object CMakeFiles/vehicle_core__rosidl_generator_py.dir/rosidl_generator_py/vehicle_core/msg/_error_s.c.o[0m
[23.974s] [ 88%] [32mBuilding C object CMakeFiles/vehicle_core__rosidl_generator_py.dir/rosidl_generator_py/vehicle_core/msg/_server_init_s.c.o[0m
[24.016s] [ 89%] [32mBuilding C object CMakeFiles/vehicle_core__rosidl_generator_py.dir/rosidl_generator_py/vehicle_core/msg/_autopilot_config_s.c.o[0m
[24.027s] [ 89%] [32mBuilding C object CMakeFiles/vehicle_core__rosidl_generator_py.dir/rosidl_generator_py/vehicle_core/msg/_perception_profile_s.c.o[0m
[24.486s] [ 90%] [32mBuilding C object CMakeFiles/vehicle_core__rosidl_generator_py.dir/rosidl_generator_py/vehicle_core/msg/_state_mode_s.c.o[0m
[24.522s] [ 90%] [32mBuilding C object CMakeFiles/vehicle_core__rosidl_generator_py.dir/rosidl_generator_py/vehicle_core/msg/_state_event_s.c.o[0m
[24.617s] [ 91%] [32mBuilding C object CMakeFiles/vehicle_core__rosidl_generator_py.dir/rosidl_generator_py/vehicle_core/msg/_drive_feedback_s.c.o[0m
[24.990s] [ 91%] [32mBuilding C object CMakeFiles/vehicle_core__rosidl_generator_py.dir/rosidl_generator_py/vehicle_core/srv/_set_autopilot_profile_s.c.o[0m
[25.635s] [ 92%] [32m[1mLinking C shared library rosidl_generator_py/vehicle_core/libvehicle_core__rosidl_generator_py.so[0m
[25.869s] [ 92%] Built target vehicle_core__rosidl_generator_py
[25.942s] [ 93%] [32mBuilding C object CMakeFiles/vehicle_core__rosidl_typesupport_introspection_c__pyext.dir/rosidl_generator_py/vehicle_core/_vehicle_core_s.ep.rosidl_typesupport_introspection_c.c.o[0m
[25.945s] [ 93%] [32mBuilding C object CMakeFiles/vehicle_core__rosidl_typesupport_fastrtps_c__pyext.dir/rosidl_generator_py/vehicle_core/_vehicle_core_s.ep.rosidl_typesupport_fastrtps_c.c.o[0m
[25.948s] [ 94%] [32mBuilding C object CMakeFiles/vehicle_core__rosidl_typesupport_c__pyext.dir/rosidl_generator_py/vehicle_core/_vehicle_core_s.ep.rosidl_typesupport_c.c.o[0m
[26.749s] [ 94%] [32m[1mLinking C shared library rosidl_generator_py/vehicle_core/vehicle_core_s__rosidl_typesupport_introspection_c.cpython-310-aarch64-linux-gnu.so[0m
[26.769s] [ 95%] [32m[1mLinking C shared library rosidl_generator_py/vehicle_core/vehicle_core_s__rosidl_typesupport_fastrtps_c.cpython-310-aarch64-linux-gnu.so[0m
[26.771s] [ 95%] [32m[1mLinking C shared library rosidl_generator_py/vehicle_core/vehicle_core_s__rosidl_typesupport_c.cpython-310-aarch64-linux-gnu.so[0m
[26.938s] [ 95%] Built target vehicle_core__rosidl_typesupport_c__pyext
[26.939s] [ 95%] Built target vehicle_core__rosidl_typesupport_introspection_c__pyext
[26.945s] [ 95%] Built target vehicle_core__rosidl_typesupport_fastrtps_c__pyext
[30.410s] [ 96%] [32m[1mLinking CXX shared library libgst_camera_component.so[0m
[32.936s] [ 96%] Built target gst_camera_component
[38.982s] [ 97%] [32m[1mLinking CXX shared library libstate_manager_node_component.so[0m
[40.434s] [ 97%] Built target state_manager_node_component
[47.605s] [ 98%] [32m[1mLinking CXX shared library libdrive_arbiter_node_component.so[0m
[49.799s] [ 98%] Built target drive_arbiter_node_component
[55.308s] [ 99%] [32m[1mLinking CXX shared library libi2c_bridge_node.so[0m
[57.596s] [ 99%] Built target i2c_bridge_node
[58.508s] [100%] [32m[1mLinking CXX shared library libtcp_server_node_component.so[0m
[61.290s] [100%] Built target tcp_server_node_component
[61.335s] Invoked command in '/home/avcpp/AV-CPP2025/Vehicle/build/vehicle_core' returned '0': CMAKE_PREFIX_PATH=${CMAKE_PREFIX_PATH}:/opt/ros/humble /usr/bin/cmake --build /home/avcpp/AV-CPP2025/Vehicle/build/vehicle_core -- -j8 -l8
[61.354s] Invoking command in '/home/avcpp/AV-CPP2025/Vehicle/build/vehicle_core': CMAKE_PREFIX_PATH=${CMAKE_PREFIX_PATH}:/opt/ros/humble /usr/bin/cmake --install /home/avcpp/AV-CPP2025/Vehicle/build/vehicle_core
[61.379s] -- Install configuration: ""
[61.384s] -- Execute custom install script
[61.386s] -- Symlinking: /home/avcpp/AV-CPP2025/Vehicle/install/vehicle_core/share/ament_index/resource_index/rosidl_interfaces/vehicle_core
[61.417s] -- Symlinking: /home/avcpp/AV-CPP2025/Vehicle/install/vehicle_core/include/vehicle_core/vehicle_core/msg/autopilot_command.h
[61.445s] -- Symlinking: /home/avcpp/AV-CPP2025/Vehicle/install/vehicle_core/include/vehicle_core/vehicle_core/msg/autopilot_config.h
[61.474s] -- Symlinking: /home/avcpp/AV-CPP2025/Vehicle/install/vehicle_core/include/vehicle_core/vehicle_core/msg/autopilot_drive_command.h
[61.494s] -- Symlinking: /home/avcpp/AV-CPP2025/Vehicle/install/vehicle_core/include/vehicle_core/vehicle_core/msg/autopilot_status.h
[61.507s] -- Symlinking: /home/avcpp/AV-CPP2025/Vehicle/install/vehicle_core/include/vehicle_core/vehicle_core/msg/detail/autopilot_command__functions.h
[61.534s] -- Symlinking: /home/avcpp/AV-CPP2025/Vehicle/install/vehicle_core/include/vehicle_core/vehicle_core/msg/detail/autopilot_command__struct.h
[61.558s] -- Symlinking: /home/avcpp/AV-CPP2025/Vehicle/install/vehicle_core/include/vehicle_core/vehicle_core/msg/detail/autopilot_command__type_support.h
[61.569s] -- Symlinking: /home/avcpp/AV-CPP2025/Vehicle/install/vehicle_core/include/vehicle_core/vehicle_core/msg/detail/autopilot_config__functions.h
[61.596s] -- Symlinking: /home/avcpp/AV-CPP2025/Vehicle/install/vehicle_core/include/vehicle_core/vehicle_core/msg/detail/autopilot_config__struct.h
[61.622s] -- Symlinking: /home/avcpp/AV-CPP2025/Vehicle/install/vehicle_core/include/vehicle_core/vehicle_core/msg/detail/autopilot_config__type_support.h
[61.647s] -- Symlinking: /home/avcpp/AV-CPP2025/Vehicle/install/vehicle_core/include/vehicle_core/vehicle_core/msg/detail/autopilot_drive_command__functions.h
[61.674s] -- Symlinking: /home/avcpp/AV-CPP2025/Vehicle/install/vehicle_core/include/vehicle_core/vehicle_core/msg/detail/autopilot_drive_command__struct.h
[61.700s] -- Symlinking: /home/avcpp/AV-CPP2025/Vehicle/install/vehicle_core/include/vehicle_core/vehicle_core/msg/detail/autopilot_drive_command__type_support.h
[61.727s] -- Symlinking: /home/avcpp/AV-CPP2025/Vehicle/install/vehicle_core/include/vehicle_core/vehicle_core/msg/detail/autopilot_status__functions.h
[61.750s] -- Symlinking: /home/avcpp/AV-CPP2025/Vehicle/install/vehicle_core/include/vehicle_core/vehicle_core/msg/detail/autopilot_status__struct.h
[61.762s] -- Symlinking: /home/avcpp/AV-CPP2025/Vehicle/install/vehicle_core/include/vehicle_core/vehicle_core/msg/detail/autopilot_status__type_support.h
[61.787s] -- Symlinking: /home/avcpp/AV-CPP2025/Vehicle/install/vehicle_core/include/vehicle_core/vehicle_core/msg/detail/drive_feedback__functions.h
[61.812s] -- Symlinking: /home/avcpp/AV-CPP2025/Vehicle/install/vehicle_core/include/vehicle_core/vehicle_core/msg/detail/drive_feedback__struct.h
[61.840s] -- Symlinking: /home/avcpp/AV-CPP2025/Vehicle/install/vehicle_core/include/vehicle_core/vehicle_core/msg/detail/drive_feedback__type_support.h
[61.851s] -- Symlinking: /home/avcpp/AV-CPP2025/Vehicle/install/vehicle_core/include/vehicle_core/vehicle_core/msg/detail/drive_status__functions.h
[61.880s] -- Symlinking: /home/avcpp/AV-CPP2025/Vehicle/install/vehicle_core/include/vehicle_core/vehicle_core/msg/detail/drive_status__struct.h
[61.904s] -- Symlinking: /home/avcpp/AV-CPP2025/Vehicle/install/vehicle_core/include/vehicle_core/vehicle_core/msg/detail/drive_status__type_support.h
[61.931s] -- Symlinking: /home/avcpp/AV-CPP2025/Vehicle/install/vehicle_core/include/vehicle_core/vehicle_core/msg/detail/drive_target__functions.h
[61.942s] -- Symlinking: /home/avcpp/AV-CPP2025/Vehicle/install/vehicle_core/include/vehicle_core/vehicle_core/msg/detail/drive_target__struct.h
[61.954s] -- Symlinking: /home/avcpp/AV-CPP2025/Vehicle/install/vehicle_core/include/vehicle_core/vehicle_core/msg/detail/drive_target__type_support.h
[61.967s] -- Symlinking: /home/avcpp/AV-CPP2025/Vehicle/install/vehicle_core/include/vehicle_core/vehicle_core/msg/detail/error__functions.h
[61.983s] -- Symlinking: /home/avcpp/AV-CPP2025/Vehicle/install/vehicle_core/include/vehicle_core/vehicle_core/msg/detail/error__struct.h
[61.996s] -- Symlinking: /home/avcpp/AV-CPP2025/Vehicle/install/vehicle_core/include/vehicle_core/vehicle_core/msg/detail/error__type_support.h
[62.008s] -- Symlinking: /home/avcpp/AV-CPP2025/Vehicle/install/vehicle_core/include/vehicle_core/vehicle_core/msg/detail/general_status__functions.h
[62.036s] -- Symlinking: /home/avcpp/AV-CPP2025/Vehicle/install/vehicle_core/include/vehicle_core/vehicle_core/msg/detail/general_status__struct.h
[62.062s] -- Symlinking: /home/avcpp/AV-CPP2025/Vehicle/install/vehicle_core/include/vehicle_core/vehicle_core/msg/detail/general_status__type_support.h
[62.089s] -- Symlinking: /home/avcpp/AV-CPP2025/Vehicle/install/vehicle_core/include/vehicle_core/vehicle_core/msg/detail/lights_command__functions.h
[62.117s] -- Symlinking: /home/avcpp/AV-CPP2025/Vehicle/install/vehicle_core/include/vehicle_core/vehicle_core/msg/detail/lights_command__struct.h
[62.139s] -- Symlinking: /home/avcpp/AV-CPP2025/Vehicle/install/vehicle_core/include/vehicle_core/vehicle_core/msg/detail/lights_command__type_support.h
[62.169s] -- Symlinking: /home/avcpp/AV-CPP2025/Vehicle/install/vehicle_core/include/vehicle_core/vehicle_core/msg/detail/lights_status__functions.h
[62.195s] -- Symlinking: /home/avcpp/AV-CPP2025/Vehicle/install/vehicle_core/include/vehicle_core/vehicle_core/msg/detail/lights_status__struct.h
[62.223s] -- Symlinking: /home/avcpp/AV-CPP2025/Vehicle/install/vehicle_core/include/vehicle_core/vehicle_core/msg/detail/lights_status__type_support.h
[62.243s] -- Symlinking: /home/avcpp/AV-CPP2025/Vehicle/install/vehicle_core/include/vehicle_core/vehicle_core/msg/detail/manual_drive_command__functions.h
[62.257s] -- Symlinking: /home/avcpp/AV-CPP2025/Vehicle/install/vehicle_core/include/vehicle_core/vehicle_core/msg/detail/manual_drive_command__struct.h
[62.269s] -- Symlinking: /home/avcpp/AV-CPP2025/Vehicle/install/vehicle_core/include/vehicle_core/vehicle_core/msg/detail/manual_drive_command__type_support.h
[62.297s] -- Symlinking: /home/avcpp/AV-CPP2025/Vehicle/install/vehicle_core/include/vehicle_core/vehicle_core/msg/detail/max_speed__functions.h
[62.314s] -- Symlinking: /home/avcpp/AV-CPP2025/Vehicle/install/vehicle_core/include/vehicle_core/vehicle_core/msg/detail/max_speed__struct.h
[62.345s] -- Symlinking: /home/avcpp/AV-CPP2025/Vehicle/install/vehicle_core/include/vehicle_core/vehicle_core/msg/detail/max_speed__type_support.h
[62.357s] -- Symlinking: /home/avcpp/AV-CPP2025/Vehicle/install/vehicle_core/include/vehicle_core/vehicle_core/msg/detail/perception_profile__functions.h
[62.384s] -- Symlinking: /home/avcpp/AV-CPP2025/Vehicle/install/vehicle_core/include/vehicle_core/vehicle_core/msg/detail/perception_profile__struct.h
[62.411s] -- Symlinking: /home/avcpp/AV-CPP2025/Vehicle/install/vehicle_core/include/vehicle_core/vehicle_core/msg/detail/perception_profile__type_support.h
[62.438s] -- Symlinking: /home/avcpp/AV-CPP2025/Vehicle/install/vehicle_core/include/vehicle_core/vehicle_core/msg/detail/server_init__functions.h
[62.463s] -- Symlinking: /home/avcpp/AV-CPP2025/Vehicle/install/vehicle_core/include/vehicle_core/vehicle_core/msg/detail/server_init__struct.h
[62.487s] -- Symlinking: /home/avcpp/AV-CPP2025/Vehicle/install/vehicle_core/include/vehicle_core/vehicle_core/msg/detail/server_init__type_support.h
[62.510s] -- Symlinking: /home/avcpp/AV-CPP2025/Vehicle/install/vehicle_core/include/vehicle_core/vehicle_core/msg/detail/state_event__functions.h
[62.535s] -- Symlinking: /home/avcpp/AV-CPP2025/Vehicle/install/vehicle_core/include/vehicle_core/vehicle_core/msg/detail/state_event__struct.h
[62.561s] -- Symlinking: /home/avcpp/AV-CPP2025/Vehicle/install/vehicle_core/include/vehicle_core/vehicle_core/msg/detail/state_event__type_support.h
[62.587s] -- Symlinking: /home/avcpp/AV-CPP2025/Vehicle/install/vehicle_core/include/vehicle_core/vehicle_core/msg/detail/state_mode__functions.h
[62.614s] -- Symlinking: /home/avcpp/AV-CPP2025/Vehicle/install/vehicle_core/include/vehicle_core/vehicle_core/msg/detail/state_mode__struct.h
[62.639s] -- Symlinking: /home/avcpp/AV-CPP2025/Vehicle/install/vehicle_core/include/vehicle_core/vehicle_core/msg/detail/state_mode__type_support.h
[62.650s] -- Symlinking: /home/avcpp/AV-CPP2025/Vehicle/install/vehicle_core/include/vehicle_core/vehicle_core/msg/detail/telemetry_data__functions.h
[62.662s] -- Symlinking: /home/avcpp/AV-CPP2025/Vehicle/install/vehicle_core/include/vehicle_core/vehicle_core/msg/detail/telemetry_data__struct.h
[62.689s] -- Symlinking: /home/avcpp/AV-CPP2025/Vehicle/install/vehicle_core/include/vehicle_core/vehicle_core/msg/detail/telemetry_data__type_support.h
[62.716s] -- Symlinking: /home/avcpp/AV-CPP2025/Vehicle/install/vehicle_core/include/vehicle_core/vehicle_core/msg/drive_feedback.h
[62.744s] -- Symlinking: /home/avcpp/AV-CPP2025/Vehicle/install/vehicle_core/include/vehicle_core/vehicle_core/msg/drive_status.h
[62.771s] -- Symlinking: /home/avcpp/AV-CPP2025/Vehicle/install/vehicle_core/include/vehicle_core/vehicle_core/msg/drive_target.h
[62.795s] -- Symlinking: /home/avcpp/AV-CPP2025/Vehicle/install/vehicle_core/include/vehicle_core/vehicle_core/msg/error.h
[62.823s] -- Symlinking: /home/avcpp/AV-CPP2025/Vehicle/install/vehicle_core/include/vehicle_core/vehicle_core/msg/general_status.h
[62.850s] -- Symlinking: /home/avcpp/AV-CPP2025/Vehicle/install/vehicle_core/include/vehicle_core/vehicle_core/msg/lights_command.h
[62.874s] -- Symlinking: /home/avcpp/AV-CPP2025/Vehicle/install/vehicle_core/include/vehicle_core/vehicle_core/msg/lights_status.h
[62.901s] -- Symlinking: /home/avcpp/AV-CPP2025/Vehicle/install/vehicle_core/include/vehicle_core/vehicle_core/msg/manual_drive_command.h
[62.928s] -- Symlinking: /home/avcpp/AV-CPP2025/Vehicle/install/vehicle_core/include/vehicle_core/vehicle_core/msg/max_speed.h
[62.955s] -- Symlinking: /home/avcpp/AV-CPP2025/Vehicle/install/vehicle_core/include/vehicle_core/vehicle_core/msg/perception_profile.h
[62.972s] -- Symlinking: /home/avcpp/AV-CPP2025/Vehicle/install/vehicle_core/include/vehicle_core/vehicle_core/msg/rosidl_generator_c__visibility_control.h
[63.004s] -- Symlinking: /home/avcpp/AV-CPP2025/Vehicle/install/vehicle_core/include/vehicle_core/vehicle_core/msg/server_init.h
[63.026s] -- Symlinking: /home/avcpp/AV-CPP2025/Vehicle/install/vehicle_core/include/vehicle_core/vehicle_core/msg/state_event.h
[63.038s] -- Symlinking: /home/avcpp/AV-CPP2025/Vehicle/install/vehicle_core/include/vehicle_core/vehicle_core/msg/state_mode.h
[63.050s] -- Symlinking: /home/avcpp/AV-CPP2025/Vehicle/install/vehicle_core/include/vehicle_core/vehicle_core/msg/telemetry_data.h
[63.079s] -- Symlinking: /home/avcpp/AV-CPP2025/Vehicle/install/vehicle_core/include/vehicle_core/vehicle_core/srv/detail/set_autopilot_profile__functions.h
[63.105s] -- Symlinking: /home/avcpp/AV-CPP2025/Vehicle/install/vehicle_core/include/vehicle_core/vehicle_core/srv/detail/set_autopilot_profile__struct.h
[63.131s] -- Symlinking: /home/avcpp/AV-CPP2025/Vehicle/install/vehicle_core/include/vehicle_core/vehicle_core/srv/detail/set_autopilot_profile__type_support.h
[63.158s] -- Symlinking: /home/avcpp/AV-CPP2025/Vehicle/install/vehicle_core/include/vehicle_core/vehicle_core/srv/set_autopilot_profile.h
[63.182s] -- Symlinking: /home/avcpp/AV-CPP2025/Vehicle/install/vehicle_core/share/vehicle_core/environment/library_path.sh
[63.194s] -- Symlinking: /home/avcpp/AV-CPP2025/Vehicle/install/vehicle_core/share/vehicle_core/environment/library_path.dsv
[63.224s] -- Symlinking: /home/avcpp/AV-CPP2025/Vehicle/install/vehicle_core/include/vehicle_core/vehicle_core/msg/detail/autopilot_command__rosidl_typesupport_fastrtps_c.h
[63.251s] -- Symlinking: /home/avcpp/AV-CPP2025/Vehicle/install/vehicle_core/include/vehicle_core/vehicle_core/msg/detail/autopilot_config__rosidl_typesupport_fastrtps_c.h
[63.277s] -- Symlinking: /home/avcpp/AV-CPP2025/Vehicle/install/vehicle_core/include/vehicle_core/vehicle_core/msg/detail/autopilot_drive_command__rosidl_typesupport_fastrtps_c.h
[63.304s] -- Symlinking: /home/avcpp/AV-CPP2025/Vehicle/install/vehicle_core/include/vehicle_core/vehicle_core/msg/detail/autopilot_status__rosidl_typesupport_fastrtps_c.h
[63.320s] -- Symlinking: /home/avcpp/AV-CPP2025/Vehicle/install/vehicle_core/include/vehicle_core/vehicle_core/msg/detail/drive_feedback__rosidl_typesupport_fastrtps_c.h
[63.332s] -- Symlinking: /home/avcpp/AV-CPP2025/Vehicle/install/vehicle_core/include/vehicle_core/vehicle_core/msg/detail/drive_status__rosidl_typesupport_fastrtps_c.h
[63.359s] -- Symlinking: /home/avcpp/AV-CPP2025/Vehicle/install/vehicle_core/include/vehicle_core/vehicle_core/msg/detail/drive_target__rosidl_typesupport_fastrtps_c.h
[63.380s] -- Symlinking: /home/avcpp/AV-CPP2025/Vehicle/install/vehicle_core/include/vehicle_core/vehicle_core/msg/detail/error__rosidl_typesupport_fastrtps_c.h
[63.392s] -- Symlinking: /home/avcpp/AV-CPP2025/Vehicle/install/vehicle_core/include/vehicle_core/vehicle_core/msg/detail/general_status__rosidl_typesupport_fastrtps_c.h
[63.418s] -- Symlinking: /home/avcpp/AV-CPP2025/Vehicle/install/vehicle_core/include/vehicle_core/vehicle_core/msg/detail/lights_command__rosidl_typesupport_fastrtps_c.h
[63.445s] -- Symlinking: /home/avcpp/AV-CPP2025/Vehicle/install/vehicle_core/include/vehicle_core/vehicle_core/msg/detail/lights_status__rosidl_typesupport_fastrtps_c.h
[63.471s] -- Symlinking: /home/avcpp/AV-CPP2025/Vehicle/install/vehicle_core/include/vehicle_core/vehicle_core/msg/detail/manual_drive_command__rosidl_typesupport_fastrtps_c.h
[63.498s] -- Symlinking: /home/avcpp/AV-CPP2025/Vehicle/install/vehicle_core/include/vehicle_core/vehicle_core/msg/detail/max_speed__rosidl_typesupport_fastrtps_c.h
[63.516s] -- Symlinking: /home/avcpp/AV-CPP2025/Vehicle/install/vehicle_core/include/vehicle_core/vehicle_core/msg/detail/perception_profile__rosidl_typesupport_fastrtps_c.h
[63.529s] -- Symlinking: /home/avcpp/AV-CPP2025/Vehicle/install/vehicle_core/include/vehicle_core/vehicle_core/msg/detail/server_init__rosidl_typesupport_fastrtps_c.h
[63.556s] -- Symlinking: /home/avcpp/AV-CPP2025/Vehicle/install/vehicle_core/include/vehicle_core/vehicle_core/msg/detail/state_event__rosidl_typesupport_fastrtps_c.h
[63.583s] -- Symlinking: /home/avcpp/AV-CPP2025/Vehicle/install/vehicle_core/include/vehicle_core/vehicle_core/msg/detail/state_mode__rosidl_typesupport_fastrtps_c.h
[63.610s] -- Symlinking: /home/avcpp/AV-CPP2025/Vehicle/install/vehicle_core/include/vehicle_core/vehicle_core/msg/detail/telemetry_data__rosidl_typesupport_fastrtps_c.h
[63.633s] -- Symlinking: /home/avcpp/AV-CPP2025/Vehicle/install/vehicle_core/include/vehicle_core/vehicle_core/msg/rosidl_typesupport_fastrtps_c__visibility_control.h
[63.660s] -- Symlinking: /home/avcpp/AV-CPP2025/Vehicle/install/vehicle_core/include/vehicle_core/vehicle_core/srv/detail/set_autopilot_profile__rosidl_typesupport_fastrtps_c.h
[63.679s] -- Symlinking: /home/avcpp/AV-CPP2025/Vehicle/install/vehicle_core/include/vehicle_core/vehicle_core/msg/autopilot_command.hpp
[63.694s] -- Symlinking: /home/avcpp/AV-CPP2025/Vehicle/install/vehicle_core/include/vehicle_core/vehicle_core/msg/autopilot_config.hpp
[63.720s] -- Symlinking: /home/avcpp/AV-CPP2025/Vehicle/install/vehicle_core/include/vehicle_core/vehicle_core/msg/autopilot_drive_command.hpp
[63.747s] -- Symlinking: /home/avcpp/AV-CPP2025/Vehicle/install/vehicle_core/include/vehicle_core/vehicle_core/msg/autopilot_status.hpp
[63.775s] -- Symlinking: /home/avcpp/AV-CPP2025/Vehicle/install/vehicle_core/include/vehicle_core/vehicle_core/msg/detail/autopilot_command__builder.hpp
[63.804s] -- Symlinking: /home/avcpp/AV-CPP2025/Vehicle/install/vehicle_core/include/vehicle_core/vehicle_core/msg/detail/autopilot_command__struct.hpp
[63.832s] -- Symlinking: /home/avcpp/AV-CPP2025/Vehicle/install/vehicle_core/include/vehicle_core/vehicle_core/msg/detail/autopilot_command__traits.hpp
[63.857s] -- Symlinking: /home/avcpp/AV-CPP2025/Vehicle/install/vehicle_core/include/vehicle_core/vehicle_core/msg/detail/autopilot_command__type_support.hpp
[63.886s] -- Symlinking: /home/avcpp/AV-CPP2025/Vehicle/install/vehicle_core/include/vehicle_core/vehicle_core/msg/detail/autopilot_config__builder.hpp
[63.915s] -- Symlinking: /home/avcpp/AV-CPP2025/Vehicle/install/vehicle_core/include/vehicle_core/vehicle_core/msg/detail/autopilot_config__struct.hpp
[63.941s] -- Symlinking: /home/avcpp/AV-CPP2025/Vehicle/install/vehicle_core/include/vehicle_core/vehicle_core/msg/detail/autopilot_config__traits.hpp
[63.967s] -- Symlinking: /home/avcpp/AV-CPP2025/Vehicle/install/vehicle_core/include/vehicle_core/vehicle_core/msg/detail/autopilot_config__type_support.hpp
[63.990s] -- Symlinking: /home/avcpp/AV-CPP2025/Vehicle/install/vehicle_core/include/vehicle_core/vehicle_core/msg/detail/autopilot_drive_command__builder.hpp
[64.001s] -- Symlinking: /home/avcpp/AV-CPP2025/Vehicle/install/vehicle_core/include/vehicle_core/vehicle_core/msg/detail/autopilot_drive_command__struct.hpp
[64.013s] -- Symlinking: /home/avcpp/AV-CPP2025/Vehicle/install/vehicle_core/include/vehicle_core/vehicle_core/msg/detail/autopilot_drive_command__traits.hpp
[64.041s] -- Symlinking: /home/avcpp/AV-CPP2025/Vehicle/install/vehicle_core/include/vehicle_core/vehicle_core/msg/detail/autopilot_drive_command__type_support.hpp
[64.067s] -- Symlinking: /home/avcpp/AV-CPP2025/Vehicle/install/vehicle_core/include/vehicle_core/vehicle_core/msg/detail/autopilot_status__builder.hpp
[64.093s] -- Symlinking: /home/avcpp/AV-CPP2025/Vehicle/install/vehicle_core/include/vehicle_core/vehicle_core/msg/detail/autopilot_status__struct.hpp
[64.106s] -- Symlinking: /home/avcpp/AV-CPP2025/Vehicle/install/vehicle_core/include/vehicle_core/vehicle_core/msg/detail/autopilot_status__traits.hpp
[64.130s] -- Symlinking: /home/avcpp/AV-CPP2025/Vehicle/install/vehicle_core/include/vehicle_core/vehicle_core/msg/detail/autopilot_status__type_support.hpp
[64.157s] -- Symlinking: /home/avcpp/AV-CPP2025/Vehicle/install/vehicle_core/include/vehicle_core/vehicle_core/msg/detail/drive_feedback__builder.hpp
[64.184s] -- Symlinking: /home/avcpp/AV-CPP2025/Vehicle/install/vehicle_core/include/vehicle_core/vehicle_core/msg/detail/drive_feedback__struct.hpp
[64.211s] -- Symlinking: /home/avcpp/AV-CPP2025/Vehicle/install/vehicle_core/include/vehicle_core/vehicle_core/msg/detail/drive_feedback__traits.hpp
[64.239s] -- Symlinking: /home/avcpp/AV-CPP2025/Vehicle/install/vehicle_core/include/vehicle_core/vehicle_core/msg/detail/drive_feedback__type_support.hpp
[64.265s] -- Symlinking: /home/avcpp/AV-CPP2025/Vehicle/install/vehicle_core/include/vehicle_core/vehicle_core/msg/detail/drive_status__builder.hpp
[64.278s] -- Symlinking: /home/avcpp/AV-CPP2025/Vehicle/install/vehicle_core/include/vehicle_core/vehicle_core/msg/detail/drive_status__struct.hpp
[64.304s] -- Symlinking: /home/avcpp/AV-CPP2025/Vehicle/install/vehicle_core/include/vehicle_core/vehicle_core/msg/detail/drive_status__traits.hpp
[64.329s] -- Symlinking: /home/avcpp/AV-CPP2025/Vehicle/install/vehicle_core/include/vehicle_core/vehicle_core/msg/detail/drive_status__type_support.hpp
[64.352s] -- Symlinking: /home/avcpp/AV-CPP2025/Vehicle/install/vehicle_core/include/vehicle_core/vehicle_core/msg/detail/drive_target__builder.hpp
[64.378s] -- Symlinking: /home/avcpp/AV-CPP2025/Vehicle/install/vehicle_core/include/vehicle_core/vehicle_core/msg/detail/drive_target__struct.hpp
[64.404s] -- Symlinking: /home/avcpp/AV-CPP2025/Vehicle/install/vehicle_core/include/vehicle_core/vehicle_core/msg/detail/drive_target__traits.hpp
[64.432s] -- Symlinking: /home/avcpp/AV-CPP2025/Vehicle/install/vehicle_core/include/vehicle_core/vehicle_core/msg/detail/drive_target__type_support.hpp
[64.456s] -- Symlinking: /home/avcpp/AV-CPP2025/Vehicle/install/vehicle_core/include/vehicle_core/vehicle_core/msg/detail/error__builder.hpp
[64.469s] -- Symlinking: /home/avcpp/AV-CPP2025/Vehicle/install/vehicle_core/include/vehicle_core/vehicle_core/msg/detail/error__struct.hpp
[64.496s] -- Symlinking: /home/avcpp/AV-CPP2025/Vehicle/install/vehicle_core/include/vehicle_core/vehicle_core/msg/detail/error__traits.hpp
[64.522s] -- Symlinking: /home/avcpp/AV-CPP2025/Vehicle/install/vehicle_core/include/vehicle_core/vehicle_core/msg/detail/error__type_support.hpp
[64.550s] -- Symlinking: /home/avcpp/AV-CPP2025/Vehicle/install/vehicle_core/include/vehicle_core/vehicle_core/msg/detail/general_status__builder.hpp
[64.570s] -- Symlinking: /home/avcpp/AV-CPP2025/Vehicle/install/vehicle_core/include/vehicle_core/vehicle_core/msg/detail/general_status__struct.hpp
[64.583s] -- Symlinking: /home/avcpp/AV-CPP2025/Vehicle/install/vehicle_core/include/vehicle_core/vehicle_core/msg/detail/general_status__traits.hpp
[64.596s] -- Symlinking: /home/avcpp/AV-CPP2025/Vehicle/install/vehicle_core/include/vehicle_core/vehicle_core/msg/detail/general_status__type_support.hpp
[64.608s] -- Symlinking: /home/avcpp/AV-CPP2025/Vehicle/install/vehicle_core/include/vehicle_core/vehicle_core/msg/detail/lights_command__builder.hpp
[64.636s] -- Symlinking: /home/avcpp/AV-CPP2025/Vehicle/install/vehicle_core/include/vehicle_core/vehicle_core/msg/detail/lights_command__struct.hpp
[64.648s] -- Symlinking: /home/avcpp/AV-CPP2025/Vehicle/install/vehicle_core/include/vehicle_core/vehicle_core/msg/detail/lights_command__traits.hpp
[64.676s] -- Symlinking: /home/avcpp/AV-CPP2025/Vehicle/install/vehicle_core/include/vehicle_core/vehicle_core/msg/detail/lights_command__type_support.hpp
[64.703s] -- Symlinking: /home/avcpp/AV-CPP2025/Vehicle/install/vehicle_core/include/vehicle_core/vehicle_core/msg/detail/lights_status__builder.hpp
[64.730s] -- Symlinking: /home/avcpp/AV-CPP2025/Vehicle/install/vehicle_core/include/vehicle_core/vehicle_core/msg/detail/lights_status__struct.hpp
[64.757s] -- Symlinking: /home/avcpp/AV-CPP2025/Vehicle/install/vehicle_core/include/vehicle_core/vehicle_core/msg/detail/lights_status__traits.hpp
[64.778s] -- Symlinking: /home/avcpp/AV-CPP2025/Vehicle/install/vehicle_core/include/vehicle_core/vehicle_core/msg/detail/lights_status__type_support.hpp
[64.790s] -- Symlinking: /home/avcpp/AV-CPP2025/Vehicle/install/vehicle_core/include/vehicle_core/vehicle_core/msg/detail/manual_drive_command__builder.hpp
[64.802s] -- Symlinking: /home/avcpp/AV-CPP2025/Vehicle/install/vehicle_core/include/vehicle_core/vehicle_core/msg/detail/manual_drive_command__struct.hpp
[64.831s] -- Symlinking: /home/avcpp/AV-CPP2025/Vehicle/install/vehicle_core/include/vehicle_core/vehicle_core/msg/detail/manual_drive_command__traits.hpp
[64.848s] -- Symlinking: /home/avcpp/AV-CPP2025/Vehicle/install/vehicle_core/include/vehicle_core/vehicle_core/msg/detail/manual_drive_command__type_support.hpp
[64.875s] -- Symlinking: /home/avcpp/AV-CPP2025/Vehicle/install/vehicle_core/include/vehicle_core/vehicle_core/msg/detail/max_speed__builder.hpp
[64.903s] -- Symlinking: /home/avcpp/AV-CPP2025/Vehicle/install/vehicle_core/include/vehicle_core/vehicle_core/msg/detail/max_speed__struct.hpp
[64.930s] -- Symlinking: /home/avcpp/AV-CPP2025/Vehicle/install/vehicle_core/include/vehicle_core/vehicle_core/msg/detail/max_speed__traits.hpp
[64.958s] -- Symlinking: /home/avcpp/AV-CPP2025/Vehicle/install/vehicle_core/include/vehicle_core/vehicle_core/msg/detail/max_speed__type_support.hpp
[64.984s] -- Symlinking: /home/avcpp/AV-CPP2025/Vehicle/install/vehicle_core/include/vehicle_core/vehicle_core/msg/detail/perception_profile__builder.hpp
[65.011s] -- Symlinking: /home/avcpp/AV-CPP2025/Vehicle/install/vehicle_core/include/vehicle_core/vehicle_core/msg/detail/perception_profile__struct.hpp
[65.037s] -- Symlinking: /home/avcpp/AV-CPP2025/Vehicle/install/vehicle_core/include/vehicle_core/vehicle_core/msg/detail/perception_profile__traits.hpp
[65.064s] -- Symlinking: /home/avcpp/AV-CPP2025/Vehicle/install/vehicle_core/include/vehicle_core/vehicle_core/msg/detail/perception_profile__type_support.hpp
[65.090s] -- Symlinking: /home/avcpp/AV-CPP2025/Vehicle/install/vehicle_core/include/vehicle_core/vehicle_core/msg/detail/server_init__builder.hpp
[65.101s] -- Symlinking: /home/avcpp/AV-CPP2025/Vehicle/install/vehicle_core/include/vehicle_core/vehicle_core/msg/detail/server_init__struct.hpp
[65.128s] -- Symlinking: /home/avcpp/AV-CPP2025/Vehicle/install/vehicle_core/include/vehicle_core/vehicle_core/msg/detail/server_init__traits.hpp
[65.155s] -- Symlinking: /home/avcpp/AV-CPP2025/Vehicle/install/vehicle_core/include/vehicle_core/vehicle_core/msg/detail/server_init__type_support.hpp
[65.181s] -- Symlinking: /home/avcpp/AV-CPP2025/Vehicle/install/vehicle_core/include/vehicle_core/vehicle_core/msg/detail/state_event__builder.hpp
[65.207s] -- Symlinking: /home/avcpp/AV-CPP2025/Vehicle/install/vehicle_core/include/vehicle_core/vehicle_core/msg/detail/state_event__struct.hpp
[65.234s] -- Symlinking: /home/avcpp/AV-CPP2025/Vehicle/install/vehicle_core/include/vehicle_core/vehicle_core/msg/detail/state_event__traits.hpp
[65.261s] -- Symlinking: /home/avcpp/AV-CPP2025/Vehicle/install/vehicle_core/include/vehicle_core/vehicle_core/msg/detail/state_event__type_support.hpp
[65.289s] -- Symlinking: /home/avcpp/AV-CPP2025/Vehicle/install/vehicle_core/include/vehicle_core/vehicle_core/msg/detail/state_mode__builder.hpp
[65.308s] -- Symlinking: /home/avcpp/AV-CPP2025/Vehicle/install/vehicle_core/include/vehicle_core/vehicle_core/msg/detail/state_mode__struct.hpp
[65.320s] -- Symlinking: /home/avcpp/AV-CPP2025/Vehicle/install/vehicle_core/include/vehicle_core/vehicle_core/msg/detail/state_mode__traits.hpp
[65.334s] -- Symlinking: /home/avcpp/AV-CPP2025/Vehicle/install/vehicle_core/include/vehicle_core/vehicle_core/msg/detail/state_mode__type_support.hpp
[65.363s] -- Symlinking: /home/avcpp/AV-CPP2025/Vehicle/install/vehicle_core/include/vehicle_core/vehicle_core/msg/detail/telemetry_data__builder.hpp
[65.390s] -- Symlinking: /home/avcpp/AV-CPP2025/Vehicle/install/vehicle_core/include/vehicle_core/vehicle_core/msg/detail/telemetry_data__struct.hpp
[65.416s] -- Symlinking: /home/avcpp/AV-CPP2025/Vehicle/install/vehicle_core/include/vehicle_core/vehicle_core/msg/detail/telemetry_data__traits.hpp
[65.442s] -- Symlinking: /home/avcpp/AV-CPP2025/Vehicle/install/vehicle_core/include/vehicle_core/vehicle_core/msg/detail/telemetry_data__type_support.hpp
[65.470s] -- Symlinking: /home/avcpp/AV-CPP2025/Vehicle/install/vehicle_core/include/vehicle_core/vehicle_core/msg/drive_feedback.hpp
[65.497s] -- Symlinking: /home/avcpp/AV-CPP2025/Vehicle/install/vehicle_core/include/vehicle_core/vehicle_core/msg/drive_status.hpp
[65.523s] -- Symlinking: /home/avcpp/AV-CPP2025/Vehicle/install/vehicle_core/include/vehicle_core/vehicle_core/msg/drive_target.hpp
[65.546s] -- Symlinking: /home/avcpp/AV-CPP2025/Vehicle/install/vehicle_core/include/vehicle_core/vehicle_core/msg/error.hpp
[65.573s] -- Symlinking: /home/avcpp/AV-CPP2025/Vehicle/install/vehicle_core/include/vehicle_core/vehicle_core/msg/general_status.hpp
[65.601s] -- Symlinking: /home/avcpp/AV-CPP2025/Vehicle/install/vehicle_core/include/vehicle_core/vehicle_core/msg/lights_command.hpp
[65.628s] -- Symlinking: /home/avcpp/AV-CPP2025/Vehicle/install/vehicle_core/include/vehicle_core/vehicle_core/msg/lights_status.hpp
[65.654s] -- Symlinking: /home/avcpp/AV-CPP2025/Vehicle/install/vehicle_core/include/vehicle_core/vehicle_core/msg/manual_drive_command.hpp
[65.680s] -- Symlinking: /home/avcpp/AV-CPP2025/Vehicle/install/vehicle_core/include/vehicle_core/vehicle_core/msg/max_speed.hpp
[65.707s] -- Symlinking: /home/avcpp/AV-CPP2025/Vehicle/install/vehicle_core/include/vehicle_core/vehicle_core/msg/perception_profile.hpp
[65.733s] -- Symlinking: /home/avcpp/AV-CPP2025/Vehicle/install/vehicle_core/include/vehicle_core/vehicle_core/msg/rosidl_generator_cpp__visibility_control.hpp
[65.758s] -- Symlinking: /home/avcpp/AV-CPP2025/Vehicle/install/vehicle_core/include/vehicle_core/vehicle_core/msg/server_init.hpp
[65.785s] -- Symlinking: /home/avcpp/AV-CPP2025/Vehicle/install/vehicle_core/include/vehicle_core/vehicle_core/msg/state_event.hpp
[65.813s] -- Symlinking: /home/avcpp/AV-CPP2025/Vehicle/install/vehicle_core/include/vehicle_core/vehicle_core/msg/state_mode.hpp
[65.838s] -- Symlinking: /home/avcpp/AV-CPP2025/Vehicle/install/vehicle_core/include/vehicle_core/vehicle_core/msg/telemetry_data.hpp
[65.866s] -- Symlinking: /home/avcpp/AV-CPP2025/Vehicle/install/vehicle_core/include/vehicle_core/vehicle_core/srv/detail/set_autopilot_profile__builder.hpp
[65.878s] -- Symlinking: /home/avcpp/AV-CPP2025/Vehicle/install/vehicle_core/include/vehicle_core/vehicle_core/srv/detail/set_autopilot_profile__struct.hpp
[65.903s] -- Symlinking: /home/avcpp/AV-CPP2025/Vehicle/install/vehicle_core/include/vehicle_core/vehicle_core/srv/detail/set_autopilot_profile__traits.hpp
[65.931s] -- Symlinking: /home/avcpp/AV-CPP2025/Vehicle/install/vehicle_core/include/vehicle_core/vehicle_core/srv/detail/set_autopilot_profile__type_support.hpp
[65.957s] -- Symlinking: /home/avcpp/AV-CPP2025/Vehicle/install/vehicle_core/include/vehicle_core/vehicle_core/srv/set_autopilot_profile.hpp
[65.989s] -- Symlinking: /home/avcpp/AV-CPP2025/Vehicle/install/vehicle_core/include/vehicle_core/vehicle_core/msg/detail/autopilot_command__rosidl_typesupport_fastrtps_cpp.hpp
[66.016s] -- Symlinking: /home/avcpp/AV-CPP2025/Vehicle/install/vehicle_core/include/vehicle_core/vehicle_core/msg/detail/autopilot_config__rosidl_typesupport_fastrtps_cpp.hpp
[66.043s] -- Symlinking: /home/avcpp/AV-CPP2025/Vehicle/install/vehicle_core/include/vehicle_core/vehicle_core/msg/detail/autopilot_drive_command__rosidl_typesupport_fastrtps_cpp.hpp
[66.071s] -- Symlinking: /home/avcpp/AV-CPP2025/Vehicle/install/vehicle_core/include/vehicle_core/vehicle_core/msg/detail/autopilot_status__rosidl_typesupport_fastrtps_cpp.hpp
[66.099s] -- Symlinking: /home/avcpp/AV-CPP2025/Vehicle/install/vehicle_core/include/vehicle_core/vehicle_core/msg/detail/drive_feedback__rosidl_typesupport_fastrtps_cpp.hpp
[66.122s] -- Symlinking: /home/avcpp/AV-CPP2025/Vehicle/install/vehicle_core/include/vehicle_core/vehicle_core/msg/detail/drive_status__rosidl_typesupport_fastrtps_cpp.hpp
[66.134s] -- Symlinking: /home/avcpp/AV-CPP2025/Vehicle/install/vehicle_core/include/vehicle_core/vehicle_core/msg/detail/drive_target__rosidl_typesupport_fastrtps_cpp.hpp
[66.164s] -- Symlinking: /home/avcpp/AV-CPP2025/Vehicle/install/vehicle_core/include/vehicle_core/vehicle_core/msg/detail/error__rosidl_typesupport_fastrtps_cpp.hpp
[66.191s] -- Symlinking: /home/avcpp/AV-CPP2025/Vehicle/install/vehicle_core/include/vehicle_core/vehicle_core/msg/detail/general_status__rosidl_typesupport_fastrtps_cpp.hpp
[66.218s] -- Symlinking: /home/avcpp/AV-CPP2025/Vehicle/install/vehicle_core/include/vehicle_core/vehicle_core/msg/detail/lights_command__rosidl_typesupport_fastrtps_cpp.hpp
[66.244s] -- Symlinking: /home/avcpp/AV-CPP2025/Vehicle/install/vehicle_core/include/vehicle_core/vehicle_core/msg/detail/lights_status__rosidl_typesupport_fastrtps_cpp.hpp
[66.271s] -- Symlinking: /home/avcpp/AV-CPP2025/Vehicle/install/vehicle_core/include/vehicle_core/vehicle_core/msg/detail/manual_drive_command__rosidl_typesupport_fastrtps_cpp.hpp
[66.299s] -- Symlinking: /home/avcpp/AV-CPP2025/Vehicle/install/vehicle_core/include/vehicle_core/vehicle_core/msg/detail/max_speed__rosidl_typesupport_fastrtps_cpp.hpp
[66.325s] -- Symlinking: /home/avcpp/AV-CPP2025/Vehicle/install/vehicle_core/include/vehicle_core/vehicle_core/msg/detail/perception_profile__rosidl_typesupport_fastrtps_cpp.hpp
[66.352s] -- Symlinking: /home/avcpp/AV-CPP2025/Vehicle/install/vehicle_core/include/vehicle_core/vehicle_core/msg/detail/server_init__rosidl_typesupport_fastrtps_cpp.hpp
[66.380s] -- Symlinking: /home/avcpp/AV-CPP2025/Vehicle/install/vehicle_core/include/vehicle_core/vehicle_core/msg/detail/state_event__rosidl_typesupport_fastrtps_cpp.hpp
[66.407s] -- Symlinking: /home/avcpp/AV-CPP2025/Vehicle/install/vehicle_core/include/vehicle_core/vehicle_core/msg/detail/state_mode__rosidl_typesupport_fastrtps_cpp.hpp
[66.424s] -- Symlinking: /home/avcpp/AV-CPP2025/Vehicle/install/vehicle_core/include/vehicle_core/vehicle_core/msg/detail/telemetry_data__rosidl_typesupport_fastrtps_cpp.hpp
[66.453s] -- Symlinking: /home/avcpp/AV-CPP2025/Vehicle/install/vehicle_core/include/vehicle_core/vehicle_core/msg/rosidl_typesupport_fastrtps_cpp__visibility_control.h
[66.479s] -- Symlinking: /home/avcpp/AV-CPP2025/Vehicle/install/vehicle_core/include/vehicle_core/vehicle_core/srv/detail/set_autopilot_profile__rosidl_typesupport_fastrtps_cpp.hpp
[66.506s] -- Symlinking: /home/avcpp/AV-CPP2025/Vehicle/install/vehicle_core/include/vehicle_core/vehicle_core/msg/detail/autopilot_command__rosidl_typesupport_introspection_c.h
[66.534s] -- Symlinking: /home/avcpp/AV-CPP2025/Vehicle/install/vehicle_core/include/vehicle_core/vehicle_core/msg/detail/autopilot_config__rosidl_typesupport_introspection_c.h
[66.561s] -- Symlinking: /home/avcpp/AV-CPP2025/Vehicle/install/vehicle_core/include/vehicle_core/vehicle_core/msg/detail/autopilot_drive_command__rosidl_typesupport_introspection_c.h
[66.588s] -- Symlinking: /home/avcpp/AV-CPP2025/Vehicle/install/vehicle_core/include/vehicle_core/vehicle_core/msg/detail/autopilot_status__rosidl_typesupport_introspection_c.h
[66.610s] -- Symlinking: /home/avcpp/AV-CPP2025/Vehicle/install/vehicle_core/include/vehicle_core/vehicle_core/msg/detail/drive_feedback__rosidl_typesupport_introspection_c.h
[66.640s] -- Symlinking: /home/avcpp/AV-CPP2025/Vehicle/install/vehicle_core/include/vehicle_core/vehicle_core/msg/detail/drive_status__rosidl_typesupport_introspection_c.h
[66.667s] -- Symlinking: /home/avcpp/AV-CPP2025/Vehicle/install/vehicle_core/include/vehicle_core/vehicle_core/msg/detail/drive_target__rosidl_typesupport_introspection_c.h
[66.693s] -- Symlinking: /home/avcpp/AV-CPP2025/Vehicle/install/vehicle_core/include/vehicle_core/vehicle_core/msg/detail/error__rosidl_typesupport_introspection_c.h
[66.713s] -- Symlinking: /home/avcpp/AV-CPP2025/Vehicle/install/vehicle_core/include/vehicle_core/vehicle_core/msg/detail/general_status__rosidl_typesupport_introspection_c.h
[66.742s] -- Symlinking: /home/avcpp/AV-CPP2025/Vehicle/install/vehicle_core/include/vehicle_core/vehicle_core/msg/detail/lights_command__rosidl_typesupport_introspection_c.h
[66.767s] -- Symlinking: /home/avcpp/AV-CPP2025/Vehicle/install/vehicle_core/include/vehicle_core/vehicle_core/msg/detail/lights_status__rosidl_typesupport_introspection_c.h
[66.793s] -- Symlinking: /home/avcpp/AV-CPP2025/Vehicle/install/vehicle_core/include/vehicle_core/vehicle_core/msg/detail/manual_drive_command__rosidl_typesupport_introspection_c.h
[66.820s] -- Symlinking: /home/avcpp/AV-CPP2025/Vehicle/install/vehicle_core/include/vehicle_core/vehicle_core/msg/detail/max_speed__rosidl_typesupport_introspection_c.h
[66.848s] -- Symlinking: /home/avcpp/AV-CPP2025/Vehicle/install/vehicle_core/include/vehicle_core/vehicle_core/msg/detail/perception_profile__rosidl_typesupport_introspection_c.h
[66.869s] -- Symlinking: /home/avcpp/AV-CPP2025/Vehicle/install/vehicle_core/include/vehicle_core/vehicle_core/msg/detail/server_init__rosidl_typesupport_introspection_c.h
[66.883s] -- Symlinking: /home/avcpp/AV-CPP2025/Vehicle/install/vehicle_core/include/vehicle_core/vehicle_core/msg/detail/state_event__rosidl_typesupport_introspection_c.h
[66.895s] -- Symlinking: /home/avcpp/AV-CPP2025/Vehicle/install/vehicle_core/include/vehicle_core/vehicle_core/msg/detail/state_mode__rosidl_typesupport_introspection_c.h
[66.923s] -- Symlinking: /home/avcpp/AV-CPP2025/Vehicle/install/vehicle_core/include/vehicle_core/vehicle_core/msg/detail/telemetry_data__rosidl_typesupport_introspection_c.h
[66.935s] -- Symlinking: /home/avcpp/AV-CPP2025/Vehicle/install/vehicle_core/include/vehicle_core/vehicle_core/msg/rosidl_typesupport_introspection_c__visibility_control.h
[66.947s] -- Symlinking: /home/avcpp/AV-CPP2025/Vehicle/install/vehicle_core/include/vehicle_core/vehicle_core/srv/detail/set_autopilot_profile__rosidl_typesupport_introspection_c.h
[66.963s] -- Symlinking: /home/avcpp/AV-CPP2025/Vehicle/install/vehicle_core/include/vehicle_core/vehicle_core/msg/detail/autopilot_command__rosidl_typesupport_introspection_cpp.hpp
[66.989s] -- Symlinking: /home/avcpp/AV-CPP2025/Vehicle/install/vehicle_core/include/vehicle_core/vehicle_core/msg/detail/autopilot_config__rosidl_typesupport_introspection_cpp.hpp
[67.015s] -- Symlinking: /home/avcpp/AV-CPP2025/Vehicle/install/vehicle_core/include/vehicle_core/vehicle_core/msg/detail/autopilot_drive_command__rosidl_typesupport_introspection_cpp.hpp
[67.042s] -- Symlinking: /home/avcpp/AV-CPP2025/Vehicle/install/vehicle_core/include/vehicle_core/vehicle_core/msg/detail/autopilot_status__rosidl_typesupport_introspection_cpp.hpp
[67.069s] -- Symlinking: /home/avcpp/AV-CPP2025/Vehicle/install/vehicle_core/include/vehicle_core/vehicle_core/msg/detail/drive_feedback__rosidl_typesupport_introspection_cpp.hpp
[67.094s] -- Symlinking: /home/avcpp/AV-CPP2025/Vehicle/install/vehicle_core/include/vehicle_core/vehicle_core/msg/detail/drive_status__rosidl_typesupport_introspection_cpp.hpp
[67.121s] -- Symlinking: /home/avcpp/AV-CPP2025/Vehicle/install/vehicle_core/include/vehicle_core/vehicle_core/msg/detail/drive_target__rosidl_typesupport_introspection_cpp.hpp
[67.148s] -- Symlinking: /home/avcpp/AV-CPP2025/Vehicle/install/vehicle_core/include/vehicle_core/vehicle_core/msg/detail/error__rosidl_typesupport_introspection_cpp.hpp
[67.176s] -- Symlinking: /home/avcpp/AV-CPP2025/Vehicle/install/vehicle_core/include/vehicle_core/vehicle_core/msg/detail/general_status__rosidl_typesupport_introspection_cpp.hpp
[67.203s] -- Symlinking: /home/avcpp/AV-CPP2025/Vehicle/install/vehicle_core/include/vehicle_core/vehicle_core/msg/detail/lights_command__rosidl_typesupport_introspection_cpp.hpp
[67.227s] -- Symlinking: /home/avcpp/AV-CPP2025/Vehicle/install/vehicle_core/include/vehicle_core/vehicle_core/msg/detail/lights_status__rosidl_typesupport_introspection_cpp.hpp
[67.238s] -- Symlinking: /home/avcpp/AV-CPP2025/Vehicle/install/vehicle_core/include/vehicle_core/vehicle_core/msg/detail/manual_drive_command__rosidl_typesupport_introspection_cpp.hpp
[67.264s] -- Symlinking: /home/avcpp/AV-CPP2025/Vehicle/install/vehicle_core/include/vehicle_core/vehicle_core/msg/detail/max_speed__rosidl_typesupport_introspection_cpp.hpp
[67.291s] -- Symlinking: /home/avcpp/AV-CPP2025/Vehicle/install/vehicle_core/include/vehicle_core/vehicle_core/msg/detail/perception_profile__rosidl_typesupport_introspection_cpp.hpp
[67.316s] -- Symlinking: /home/avcpp/AV-CPP2025/Vehicle/install/vehicle_core/include/vehicle_core/vehicle_core/msg/detail/server_init__rosidl_typesupport_introspection_cpp.hpp
[67.344s] -- Symlinking: /home/avcpp/AV-CPP2025/Vehicle/install/vehicle_core/include/vehicle_core/vehicle_core/msg/detail/state_event__rosidl_typesupport_introspection_cpp.hpp
[67.370s] -- Symlinking: /home/avcpp/AV-CPP2025/Vehicle/install/vehicle_core/include/vehicle_core/vehicle_core/msg/detail/state_mode__rosidl_typesupport_introspection_cpp.hpp
[67.397s] -- Symlinking: /home/avcpp/AV-CPP2025/Vehicle/install/vehicle_core/include/vehicle_core/vehicle_core/msg/detail/telemetry_data__rosidl_typesupport_introspection_cpp.hpp
[67.416s] -- Symlinking: /home/avcpp/AV-CPP2025/Vehicle/install/vehicle_core/include/vehicle_core/vehicle_core/srv/detail/set_autopilot_profile__rosidl_typesupport_introspection_cpp.hpp
[67.445s] -- Symlinking: /home/avcpp/AV-CPP2025/Vehicle/install/vehicle_core/share/vehicle_core/environment/pythonpath.sh
[67.471s] -- Symlinking: /home/avcpp/AV-CPP2025/Vehicle/install/vehicle_core/share/vehicle_core/environment/pythonpath.dsv
[67.496s] -- Symlinking: /home/avcpp/AV-CPP2025/Vehicle/install/vehicle_core/local/lib/python3.10/dist-packages/vehicle_core-0.0.0-py3.10.egg-info/PKG-INFO
[67.522s] -- Symlinking: /home/avcpp/AV-CPP2025/Vehicle/install/vehicle_core/local/lib/python3.10/dist-packages/vehicle_core-0.0.0-py3.10.egg-info/SOURCES.txt
[67.548s] -- Symlinking: /home/avcpp/AV-CPP2025/Vehicle/install/vehicle_core/local/lib/python3.10/dist-packages/vehicle_core-0.0.0-py3.10.egg-info/dependency_links.txt
[67.574s] -- Symlinking: /home/avcpp/AV-CPP2025/Vehicle/install/vehicle_core/local/lib/python3.10/dist-packages/vehicle_core-0.0.0-py3.10.egg-info/top_level.txt
[67.604s] -- Symlinking: /home/avcpp/AV-CPP2025/Vehicle/install/vehicle_core/local/lib/python3.10/dist-packages/vehicle_core/__init__.py
[67.631s] -- Symlinking: /home/avcpp/AV-CPP2025/Vehicle/install/vehicle_core/local/lib/python3.10/dist-packages/vehicle_core/_vehicle_core_s.ep.rosidl_typesupport_c.c
[67.658s] -- Symlinking: /home/avcpp/AV-CPP2025/Vehicle/install/vehicle_core/local/lib/python3.10/dist-packages/vehicle_core/_vehicle_core_s.ep.rosidl_typesupport_fastrtps_c.c
[67.683s] -- Symlinking: /home/avcpp/AV-CPP2025/Vehicle/install/vehicle_core/local/lib/python3.10/dist-packages/vehicle_core/_vehicle_core_s.ep.rosidl_typesupport_introspection_c.c
[67.710s] -- Symlinking: /home/avcpp/AV-CPP2025/Vehicle/install/vehicle_core/local/lib/python3.10/dist-packages/vehicle_core/libvehicle_core__rosidl_generator_py.so
[67.731s] -- Symlinking: /home/avcpp/AV-CPP2025/Vehicle/install/vehicle_core/local/lib/python3.10/dist-packages/vehicle_core/msg/__init__.py
[67.753s] -- Symlinking: /home/avcpp/AV-CPP2025/Vehicle/install/vehicle_core/local/lib/python3.10/dist-packages/vehicle_core/msg/_autopilot_command.py
[67.782s] -- Symlinking: /home/avcpp/AV-CPP2025/Vehicle/install/vehicle_core/local/lib/python3.10/dist-packages/vehicle_core/msg/_autopilot_command_s.c
[67.803s] -- Symlinking: /home/avcpp/AV-CPP2025/Vehicle/install/vehicle_core/local/lib/python3.10/dist-packages/vehicle_core/msg/_autopilot_config.py
[67.814s] -- Symlinking: /home/avcpp/AV-CPP2025/Vehicle/install/vehicle_core/local/lib/python3.10/dist-packages/vehicle_core/msg/_autopilot_config_s.c
[67.827s] -- Symlinking: /home/avcpp/AV-CPP2025/Vehicle/install/vehicle_core/local/lib/python3.10/dist-packages/vehicle_core/msg/_autopilot_drive_command.py
[67.851s] -- Symlinking: /home/avcpp/AV-CPP2025/Vehicle/install/vehicle_core/local/lib/python3.10/dist-packages/vehicle_core/msg/_autopilot_drive_command_s.c
[67.864s] -- Symlinking: /home/avcpp/AV-CPP2025/Vehicle/install/vehicle_core/local/lib/python3.10/dist-packages/vehicle_core/msg/_autopilot_status.py
[67.876s] -- Symlinking: /home/avcpp/AV-CPP2025/Vehicle/install/vehicle_core/local/lib/python3.10/dist-packages/vehicle_core/msg/_autopilot_status_s.c
[67.891s] -- Symlinking: /home/avcpp/AV-CPP2025/Vehicle/install/vehicle_core/local/lib/python3.10/dist-packages/vehicle_core/msg/_drive_feedback.py
[67.917s] -- Symlinking: /home/avcpp/AV-CPP2025/Vehicle/install/vehicle_core/local/lib/python3.10/dist-packages/vehicle_core/msg/_drive_feedback_s.c
[67.944s] -- Symlinking: /home/avcpp/AV-CPP2025/Vehicle/install/vehicle_core/local/lib/python3.10/dist-packages/vehicle_core/msg/_drive_status.py
[67.970s] -- Symlinking: /home/avcpp/AV-CPP2025/Vehicle/install/vehicle_core/local/lib/python3.10/dist-packages/vehicle_core/msg/_drive_status_s.c
[67.994s] -- Symlinking: /home/avcpp/AV-CPP2025/Vehicle/install/vehicle_core/local/lib/python3.10/dist-packages/vehicle_core/msg/_drive_target.py
[68.020s] -- Symlinking: /home/avcpp/AV-CPP2025/Vehicle/install/vehicle_core/local/lib/python3.10/dist-packages/vehicle_core/msg/_drive_target_s.c
[68.048s] -- Symlinking: /home/avcpp/AV-CPP2025/Vehicle/install/vehicle_core/local/lib/python3.10/dist-packages/vehicle_core/msg/_error.py
[68.074s] -- Symlinking: /home/avcpp/AV-CPP2025/Vehicle/install/vehicle_core/local/lib/python3.10/dist-packages/vehicle_core/msg/_error_s.c
[68.099s] -- Symlinking: /home/avcpp/AV-CPP2025/Vehicle/install/vehicle_core/local/lib/python3.10/dist-packages/vehicle_core/msg/_general_status.py
[68.125s] -- Symlinking: /home/avcpp/AV-CPP2025/Vehicle/install/vehicle_core/local/lib/python3.10/dist-packages/vehicle_core/msg/_general_status_s.c
[68.137s] -- Symlinking: /home/avcpp/AV-CPP2025/Vehicle/install/vehicle_core/local/lib/python3.10/dist-packages/vehicle_core/msg/_lights_command.py
[68.159s] -- Symlinking: /home/avcpp/AV-CPP2025/Vehicle/install/vehicle_core/local/lib/python3.10/dist-packages/vehicle_core/msg/_lights_command_s.c
[68.171s] -- Symlinking: /home/avcpp/AV-CPP2025/Vehicle/install/vehicle_core/local/lib/python3.10/dist-packages/vehicle_core/msg/_lights_status.py
[68.183s] -- Symlinking: /home/avcpp/AV-CPP2025/Vehicle/install/vehicle_core/local/lib/python3.10/dist-packages/vehicle_core/msg/_lights_status_s.c
[68.210s] -- Symlinking: /home/avcpp/AV-CPP2025/Vehicle/install/vehicle_core/local/lib/python3.10/dist-packages/vehicle_core/msg/_manual_drive_command.py
[68.223s] -- Symlinking: /home/avcpp/AV-CPP2025/Vehicle/install/vehicle_core/local/lib/python3.10/dist-packages/vehicle_core/msg/_manual_drive_command_s.c
[68.241s] -- Symlinking: /home/avcpp/AV-CPP2025/Vehicle/install/vehicle_core/local/lib/python3.10/dist-packages/vehicle_core/msg/_max_speed.py
[68.265s] -- Symlinking: /home/avcpp/AV-CPP2025/Vehicle/install/vehicle_core/local/lib/python3.10/dist-packages/vehicle_core/msg/_max_speed_s.c
[68.277s] -- Symlinking: /home/avcpp/AV-CPP2025/Vehicle/install/vehicle_core/local/lib/python3.10/dist-packages/vehicle_core/msg/_perception_profile.py
[68.288s] -- Symlinking: /home/avcpp/AV-CPP2025/Vehicle/install/vehicle_core/local/lib/python3.10/dist-packages/vehicle_core/msg/_perception_profile_s.c
[68.317s] -- Symlinking: /home/avcpp/AV-CPP2025/Vehicle/install/vehicle_core/local/lib/python3.10/dist-packages/vehicle_core/msg/_server_init.py
[68.339s] -- Symlinking: /home/avcpp/AV-CPP2025/Vehicle/install/vehicle_core/local/lib/python3.10/dist-packages/vehicle_core/msg/_server_init_s.c
[68.350s] -- Symlinking: /home/avcpp/AV-CPP2025/Vehicle/install/vehicle_core/local/lib/python3.10/dist-packages/vehicle_core/msg/_state_event.py
[68.362s] -- Symlinking: /home/avcpp/AV-CPP2025/Vehicle/install/vehicle_core/local/lib/python3.10/dist-packages/vehicle_core/msg/_state_event_s.c
[68.388s] -- Symlinking: /home/avcpp/AV-CPP2025/Vehicle/install/vehicle_core/local/lib/python3.10/dist-packages/vehicle_core/msg/_state_mode.py
[68.414s] -- Symlinking: /home/avcpp/AV-CPP2025/Vehicle/install/vehicle_core/local/lib/python3.10/dist-packages/vehicle_core/msg/_state_mode_s.c
[68.442s] -- Symlinking: /home/avcpp/AV-CPP2025/Vehicle/install/vehicle_core/local/lib/python3.10/dist-packages/vehicle_core/msg/_telemetry_data.py
[68.468s] -- Symlinking: /home/avcpp/AV-CPP2025/Vehicle/install/vehicle_core/local/lib/python3.10/dist-packages/vehicle_core/msg/_telemetry_data_s.c
[68.490s] -- Symlinking: /home/avcpp/AV-CPP2025/Vehicle/install/vehicle_core/local/lib/python3.10/dist-packages/vehicle_core/srv/__init__.py
[68.517s] -- Symlinking: /home/avcpp/AV-CPP2025/Vehicle/install/vehicle_core/local/lib/python3.10/dist-packages/vehicle_core/srv/_set_autopilot_profile.py
[68.544s] -- Symlinking: /home/avcpp/AV-CPP2025/Vehicle/install/vehicle_core/local/lib/python3.10/dist-packages/vehicle_core/srv/_set_autopilot_profile_s.c
[68.570s] -- Symlinking: /home/avcpp/AV-CPP2025/Vehicle/install/vehicle_core/local/lib/python3.10/dist-packages/vehicle_core/vehicle_core_s__rosidl_typesupport_c.cpython-310-aarch64-linux-gnu.so
[68.594s] -- Symlinking: /home/avcpp/AV-CPP2025/Vehicle/install/vehicle_core/local/lib/python3.10/dist-packages/vehicle_core/vehicle_core_s__rosidl_typesupport_fastrtps_c.cpython-310-aarch64-linux-gnu.so
[68.620s] -- Symlinking: /home/avcpp/AV-CPP2025/Vehicle/install/vehicle_core/local/lib/python3.10/dist-packages/vehicle_core/vehicle_core_s__rosidl_typesupport_introspection_c.cpython-310-aarch64-linux-gnu.so
[68.649s] -- Up-to-date symlink: /home/avcpp/AV-CPP2025/Vehicle/install/vehicle_core/local/lib/python3.10/dist-packages/vehicle_core/vehicle_core_s__rosidl_typesupport_fastrtps_c.cpython-310-aarch64-linux-gnu.so
[68.649s] -- Up-to-date symlink: /home/avcpp/AV-CPP2025/Vehicle/install/vehicle_core/local/lib/python3.10/dist-packages/vehicle_core/vehicle_core_s__rosidl_typesupport_introspection_c.cpython-310-aarch64-linux-gnu.so
[68.650s] -- Up-to-date symlink: /home/avcpp/AV-CPP2025/Vehicle/install/vehicle_core/local/lib/python3.10/dist-packages/vehicle_core/vehicle_core_s__rosidl_typesupport_c.cpython-310-aarch64-linux-gnu.so
[68.651s] -- Symlinking: /home/avcpp/AV-CPP2025/Vehicle/install/vehicle_core/share/vehicle_core/msg/DriveTarget.idl
[68.679s] -- Symlinking: /home/avcpp/AV-CPP2025/Vehicle/install/vehicle_core/share/vehicle_core/msg/AutopilotDriveCommand.idl
[68.704s] -- Symlinking: /home/avcpp/AV-CPP2025/Vehicle/install/vehicle_core/share/vehicle_core/msg/ManualDriveCommand.idl
[68.731s] -- Symlinking: /home/avcpp/AV-CPP2025/Vehicle/install/vehicle_core/share/vehicle_core/msg/LightsCommand.idl
[68.759s] -- Symlinking: /home/avcpp/AV-CPP2025/Vehicle/install/vehicle_core/share/vehicle_core/msg/MaxSpeed.idl
[68.778s] -- Symlinking: /home/avcpp/AV-CPP2025/Vehicle/install/vehicle_core/share/vehicle_core/msg/AutopilotCommand.idl
[68.805s] -- Symlinking: /home/avcpp/AV-CPP2025/Vehicle/install/vehicle_core/share/vehicle_core/msg/LightsStatus.idl
[68.828s] -- Symlinking: /home/avcpp/AV-CPP2025/Vehicle/install/vehicle_core/share/vehicle_core/msg/GeneralStatus.idl
[68.841s] -- Symlinking: /home/avcpp/AV-CPP2025/Vehicle/install/vehicle_core/share/vehicle_core/msg/DriveStatus.idl
[68.869s] -- Symlinking: /home/avcpp/AV-CPP2025/Vehicle/install/vehicle_core/share/vehicle_core/msg/AutopilotStatus.idl
[68.896s] -- Symlinking: /home/avcpp/AV-CPP2025/Vehicle/install/vehicle_core/share/vehicle_core/msg/TelemetryData.idl
[68.921s] -- Symlinking: /home/avcpp/AV-CPP2025/Vehicle/install/vehicle_core/share/vehicle_core/msg/Error.idl
[68.947s] -- Symlinking: /home/avcpp/AV-CPP2025/Vehicle/install/vehicle_core/share/vehicle_core/msg/ServerInit.idl
[68.974s] -- Symlinking: /home/avcpp/AV-CPP2025/Vehicle/install/vehicle_core/share/vehicle_core/msg/AutopilotConfig.idl
[68.998s] -- Symlinking: /home/avcpp/AV-CPP2025/Vehicle/install/vehicle_core/share/vehicle_core/msg/PerceptionProfile.idl
[69.009s] -- Symlinking: /home/avcpp/AV-CPP2025/Vehicle/install/vehicle_core/share/vehicle_core/msg/StateMode.idl
[69.022s] -- Symlinking: /home/avcpp/AV-CPP2025/Vehicle/install/vehicle_core/share/vehicle_core/msg/StateEvent.idl
[69.035s] -- Symlinking: /home/avcpp/AV-CPP2025/Vehicle/install/vehicle_core/share/vehicle_core/msg/DriveFeedback.idl
[69.063s] -- Symlinking: /home/avcpp/AV-CPP2025/Vehicle/install/vehicle_core/share/vehicle_core/srv/SetAutopilotProfile.idl
[69.089s] -- Symlinking: /home/avcpp/AV-CPP2025/Vehicle/install/vehicle_core/share/vehicle_core/msg/DriveTarget.msg
[69.117s] -- Symlinking: /home/avcpp/AV-CPP2025/Vehicle/install/vehicle_core/share/vehicle_core/msg/AutopilotDriveCommand.msg
[69.143s] -- Symlinking: /home/avcpp/AV-CPP2025/Vehicle/install/vehicle_core/share/vehicle_core/msg/ManualDriveCommand.msg
[69.185s] -- Symlinking: /home/avcpp/AV-CPP2025/Vehicle/install/vehicle_core/share/vehicle_core/msg/LightsCommand.msg
[69.211s] -- Symlinking: /home/avcpp/AV-CPP2025/Vehicle/install/vehicle_core/share/vehicle_core/msg/MaxSpeed.msg
[69.238s] -- Symlinking: /home/avcpp/AV-CPP2025/Vehicle/install/vehicle_core/share/vehicle_core/msg/AutopilotCommand.msg
[69.263s] -- Symlinking: /home/avcpp/AV-CPP2025/Vehicle/install/vehicle_core/share/vehicle_core/msg/LightsStatus.msg
[69.290s] -- Symlinking: /home/avcpp/AV-CPP2025/Vehicle/install/vehicle_core/share/vehicle_core/msg/GeneralStatus.msg
[69.309s] -- Symlinking: /home/avcpp/AV-CPP2025/Vehicle/install/vehicle_core/share/vehicle_core/msg/DriveStatus.msg
[69.336s] -- Symlinking: /home/avcpp/AV-CPP2025/Vehicle/install/vehicle_core/share/vehicle_core/msg/AutopilotStatus.msg
[69.358s] -- Symlinking: /home/avcpp/AV-CPP2025/Vehicle/install/vehicle_core/share/vehicle_core/msg/TelemetryData.msg
[69.370s] -- Symlinking: /home/avcpp/AV-CPP2025/Vehicle/install/vehicle_core/share/vehicle_core/msg/Error.msg
[69.401s] -- Symlinking: /home/avcpp/AV-CPP2025/Vehicle/install/vehicle_core/share/vehicle_core/msg/ServerInit.msg
[69.428s] -- Symlinking: /home/avcpp/AV-CPP2025/Vehicle/install/vehicle_core/share/vehicle_core/msg/AutopilotConfig.msg
[69.461s] -- Symlinking: /home/avcpp/AV-CPP2025/Vehicle/install/vehicle_core/share/vehicle_core/msg/PerceptionProfile.msg
[69.488s] -- Symlinking: /home/avcpp/AV-CPP2025/Vehicle/install/vehicle_core/share/vehicle_core/msg/StateMode.msg
[69.516s] -- Symlinking: /home/avcpp/AV-CPP2025/Vehicle/install/vehicle_core/share/vehicle_core/msg/StateEvent.msg
[69.543s] -- Symlinking: /home/avcpp/AV-CPP2025/Vehicle/install/vehicle_core/share/vehicle_core/msg/DriveFeedback.msg
[69.569s] -- Symlinking: /home/avcpp/AV-CPP2025/Vehicle/install/vehicle_core/share/vehicle_core/srv/SetAutopilotProfile.srv
[69.596s] -- Symlinking: /home/avcpp/AV-CPP2025/Vehicle/install/vehicle_core/share/vehicle_core/srv/SetAutopilotProfile_Request.msg
[69.623s] -- Symlinking: /home/avcpp/AV-CPP2025/Vehicle/install/vehicle_core/share/vehicle_core/srv/SetAutopilotProfile_Response.msg
[69.652s] -- Symlinking: /home/avcpp/AV-CPP2025/Vehicle/install/vehicle_core/include/vehicle_core/drive_arbiter_node.hpp
[69.680s] -- Symlinking: /home/avcpp/AV-CPP2025/Vehicle/install/vehicle_core/include/vehicle_core/gst_camera_node.hpp
[69.702s] -- Symlinking: /home/avcpp/AV-CPP2025/Vehicle/install/vehicle_core/include/vehicle_core/i2c_bridge_node.hpp
[69.728s] -- Symlinking: /home/avcpp/AV-CPP2025/Vehicle/install/vehicle_core/include/vehicle_core/state_manager.hpp
[69.755s] -- Symlinking: /home/avcpp/AV-CPP2025/Vehicle/install/vehicle_core/include/vehicle_core/tcp_server_node.hpp
[69.783s] -- Symlinking: /home/avcpp/AV-CPP2025/Vehicle/install/vehicle_core/lib/libstate_manager_node_component.so
[69.805s] -- Symlinking: /home/avcpp/AV-CPP2025/Vehicle/install/vehicle_core/lib/libdrive_arbiter_node_component.so
[69.818s] -- Symlinking: /home/avcpp/AV-CPP2025/Vehicle/install/vehicle_core/lib/libtcp_server_node_component.so
[69.841s] -- Symlinking: /home/avcpp/AV-CPP2025/Vehicle/install/vehicle_core/lib/libi2c_bridge_node.so
[69.855s] -- Symlinking: /home/avcpp/AV-CPP2025/Vehicle/install/vehicle_core/lib/libgst_camera_component.so
[69.869s] -- Symlinking: /home/avcpp/AV-CPP2025/Vehicle/install/vehicle_core/lib/vehicle_core/vehicle_core_container
[69.883s] -- Symlinking: /home/avcpp/AV-CPP2025/Vehicle/install/vehicle_core/share/vehicle_core/cfg/camera_gscam.yaml
[69.904s] -- Symlinking: /home/avcpp/AV-CPP2025/Vehicle/install/vehicle_core/share/vehicle_core/cfg/drive_arbiter.yaml
[69.917s] -- Symlinking: /home/avcpp/AV-CPP2025/Vehicle/install/vehicle_core/share/vehicle_core/cfg/i2c_bridge.yaml
[69.929s] -- Symlinking: /home/avcpp/AV-CPP2025/Vehicle/install/vehicle_core/share/vehicle_core/cfg/state_manager.yaml
[69.958s] -- Symlinking: /home/avcpp/AV-CPP2025/Vehicle/install/vehicle_core/share/vehicle_core/launch/bringup.launch.py
[69.985s] -- Symlinking: /home/avcpp/AV-CPP2025/Vehicle/install/vehicle_core/share/ament_index/resource_index/package_run_dependencies/vehicle_core
[70.010s] -- Symlinking: /home/avcpp/AV-CPP2025/Vehicle/install/vehicle_core/share/ament_index/resource_index/parent_prefix_path/vehicle_core
[70.023s] -- Symlinking: /home/avcpp/AV-CPP2025/Vehicle/install/vehicle_core/share/vehicle_core/environment/ament_prefix_path.sh
[70.049s] -- Symlinking: /home/avcpp/AV-CPP2025/Vehicle/install/vehicle_core/share/vehicle_core/environment/ament_prefix_path.dsv
[70.062s] -- Symlinking: /home/avcpp/AV-CPP2025/Vehicle/install/vehicle_core/share/vehicle_core/environment/path.sh
[70.075s] -- Symlinking: /home/avcpp/AV-CPP2025/Vehicle/install/vehicle_core/share/vehicle_core/environment/path.dsv
[70.088s] -- Symlinking: /home/avcpp/AV-CPP2025/Vehicle/install/vehicle_core/share/vehicle_core/local_setup.bash
[70.100s] -- Symlinking: /home/avcpp/AV-CPP2025/Vehicle/install/vehicle_core/share/vehicle_core/local_setup.sh
[70.127s] -- Symlinking: /home/avcpp/AV-CPP2025/Vehicle/install/vehicle_core/share/vehicle_core/local_setup.zsh
[70.149s] -- Symlinking: /home/avcpp/AV-CPP2025/Vehicle/install/vehicle_core/share/vehicle_core/local_setup.dsv
[70.161s] -- Symlinking: /home/avcpp/AV-CPP2025/Vehicle/install/vehicle_core/share/vehicle_core/package.dsv
[70.188s] -- Symlinking: /home/avcpp/AV-CPP2025/Vehicle/install/vehicle_core/share/ament_index/resource_index/packages/vehicle_core
[70.213s] -- Symlinking: /home/avcpp/AV-CPP2025/Vehicle/install/vehicle_core/share/ament_index/resource_index/rclcpp_components/vehicle_core
[70.227s] -- Symlinking: /home/avcpp/AV-CPP2025/Vehicle/install/vehicle_core/share/vehicle_core/cmake/rosidl_cmake-extras.cmake
[70.240s] -- Symlinking: /home/avcpp/AV-CPP2025/Vehicle/install/vehicle_core/share/vehicle_core/cmake/ament_cmake_export_dependencies-extras.cmake
[70.253s] -- Symlinking: /home/avcpp/AV-CPP2025/Vehicle/install/vehicle_core/share/vehicle_core/cmake/ament_cmake_export_include_directories-extras.cmake
[70.264s] -- Symlinking: /home/avcpp/AV-CPP2025/Vehicle/install/vehicle_core/share/vehicle_core/cmake/ament_cmake_export_libraries-extras.cmake
[70.276s] -- Symlinking: /home/avcpp/AV-CPP2025/Vehicle/install/vehicle_core/share/vehicle_core/cmake/ament_cmake_export_targets-extras.cmake
[70.288s] -- Symlinking: /home/avcpp/AV-CPP2025/Vehicle/install/vehicle_core/share/vehicle_core/cmake/rosidl_cmake_export_typesupport_targets-extras.cmake
[70.299s] -- Symlinking: /home/avcpp/AV-CPP2025/Vehicle/install/vehicle_core/share/vehicle_core/cmake/rosidl_cmake_export_typesupport_libraries-extras.cmake
[70.309s] -- Symlinking: /home/avcpp/AV-CPP2025/Vehicle/install/vehicle_core/share/vehicle_core/cmake/vehicle_coreConfig.cmake
[70.334s] -- Symlinking: /home/avcpp/AV-CPP2025/Vehicle/install/vehicle_core/share/vehicle_core/cmake/vehicle_coreConfig-version.cmake
[70.348s] -- Symlinking: /home/avcpp/AV-CPP2025/Vehicle/install/vehicle_core/share/vehicle_core/package.xml
[70.373s] -- Installing: /home/avcpp/AV-CPP2025/Vehicle/install/vehicle_core/lib/libvehicle_core__rosidl_generator_c.so
[70.374s] -- Set runtime path of "/home/avcpp/AV-CPP2025/Vehicle/install/vehicle_core/lib/libvehicle_core__rosidl_generator_c.so" to ""
[70.375s] -- Installing: /home/avcpp/AV-CPP2025/Vehicle/install/vehicle_core/lib/libvehicle_core__rosidl_typesupport_fastrtps_c.so
[70.376s] -- Set runtime path of "/home/avcpp/AV-CPP2025/Vehicle/install/vehicle_core/lib/libvehicle_core__rosidl_typesupport_fastrtps_c.so" to ""
[70.376s] -- Installing: /home/avcpp/AV-CPP2025/Vehicle/install/vehicle_core/lib/libvehicle_core__rosidl_typesupport_fastrtps_cpp.so
[70.377s] -- Set runtime path of "/home/avcpp/AV-CPP2025/Vehicle/install/vehicle_core/lib/libvehicle_core__rosidl_typesupport_fastrtps_cpp.so" to ""
[70.377s] -- Installing: /home/avcpp/AV-CPP2025/Vehicle/install/vehicle_core/lib/libvehicle_core__rosidl_typesupport_introspection_c.so
[70.377s] -- Set runtime path of "/home/avcpp/AV-CPP2025/Vehicle/install/vehicle_core/lib/libvehicle_core__rosidl_typesupport_introspection_c.so" to ""
[70.378s] -- Installing: /home/avcpp/AV-CPP2025/Vehicle/install/vehicle_core/lib/libvehicle_core__rosidl_typesupport_c.so
[70.378s] -- Set runtime path of "/home/avcpp/AV-CPP2025/Vehicle/install/vehicle_core/lib/libvehicle_core__rosidl_typesupport_c.so" to ""
[70.378s] -- Installing: /home/avcpp/AV-CPP2025/Vehicle/install/vehicle_core/lib/libvehicle_core__rosidl_typesupport_introspection_cpp.so
[70.379s] -- Set runtime path of "/home/avcpp/AV-CPP2025/Vehicle/install/vehicle_core/lib/libvehicle_core__rosidl_typesupport_introspection_cpp.so" to ""
[70.379s] -- Installing: /home/avcpp/AV-CPP2025/Vehicle/install/vehicle_core/lib/libvehicle_core__rosidl_typesupport_cpp.so
[70.379s] -- Set runtime path of "/home/avcpp/AV-CPP2025/Vehicle/install/vehicle_core/lib/libvehicle_core__rosidl_typesupport_cpp.so" to ""
[70.448s] Listing '/home/avcpp/AV-CPP2025/Vehicle/install/vehicle_core/local/lib/python3.10/dist-packages/vehicle_core'...
[70.449s] Compiling '/home/avcpp/AV-CPP2025/Vehicle/install/vehicle_core/local/lib/python3.10/dist-packages/vehicle_core/__init__.py'...
[70.449s] Listing '/home/avcpp/AV-CPP2025/Vehicle/install/vehicle_core/local/lib/python3.10/dist-packages/vehicle_core/msg'...
[70.449s] Compiling '/home/avcpp/AV-CPP2025/Vehicle/install/vehicle_core/local/lib/python3.10/dist-packages/vehicle_core/msg/__init__.py'...
[70.450s] Compiling '/home/avcpp/AV-CPP2025/Vehicle/install/vehicle_core/local/lib/python3.10/dist-packages/vehicle_core/msg/_autopilot_command.py'...
[70.450s] Compiling '/home/avcpp/AV-CPP2025/Vehicle/install/vehicle_core/local/lib/python3.10/dist-packages/vehicle_core/msg/_autopilot_config.py'...
[70.450s] Compiling '/home/avcpp/AV-CPP2025/Vehicle/install/vehicle_core/local/lib/python3.10/dist-packages/vehicle_core/msg/_autopilot_drive_command.py'...
[70.451s] Compiling '/home/avcpp/AV-CPP2025/Vehicle/install/vehicle_core/local/lib/python3.10/dist-packages/vehicle_core/msg/_autopilot_status.py'...
[70.451s] Compiling '/home/avcpp/AV-CPP2025/Vehicle/install/vehicle_core/local/lib/python3.10/dist-packages/vehicle_core/msg/_drive_feedback.py'...
[70.452s] Compiling '/home/avcpp/AV-CPP2025/Vehicle/install/vehicle_core/local/lib/python3.10/dist-packages/vehicle_core/msg/_drive_status.py'...
[70.452s] Compiling '/home/avcpp/AV-CPP2025/Vehicle/install/vehicle_core/local/lib/python3.10/dist-packages/vehicle_core/msg/_drive_target.py'...
[70.452s] Compiling '/home/avcpp/AV-CPP2025/Vehicle/install/vehicle_core/local/lib/python3.10/dist-packages/vehicle_core/msg/_error.py'...
[70.453s] Compiling '/home/avcpp/AV-CPP2025/Vehicle/install/vehicle_core/local/lib/python3.10/dist-packages/vehicle_core/msg/_general_status.py'...
[70.453s] Compiling '/home/avcpp/AV-CPP2025/Vehicle/install/vehicle_core/local/lib/python3.10/dist-packages/vehicle_core/msg/_lights_command.py'...
[70.453s] Compiling '/home/avcpp/AV-CPP2025/Vehicle/install/vehicle_core/local/lib/python3.10/dist-packages/vehicle_core/msg/_lights_status.py'...
[70.453s] Compiling '/home/avcpp/AV-CPP2025/Vehicle/install/vehicle_core/local/lib/python3.10/dist-packages/vehicle_core/msg/_manual_drive_command.py'...
[70.454s] Compiling '/home/avcpp/AV-CPP2025/Vehicle/install/vehicle_core/local/lib/python3.10/dist-packages/vehicle_core/msg/_max_speed.py'...
[70.454s] Compiling '/home/avcpp/AV-CPP2025/Vehicle/install/vehicle_core/local/lib/python3.10/dist-packages/vehicle_core/msg/_perception_profile.py'...
[70.455s] Compiling '/home/avcpp/AV-CPP2025/Vehicle/install/vehicle_core/local/lib/python3.10/dist-packages/vehicle_core/msg/_server_init.py'...
[70.455s] Compiling '/home/avcpp/AV-CPP2025/Vehicle/install/vehicle_core/local/lib/python3.10/dist-packages/vehicle_core/msg/_state_event.py'...
[70.455s] Compiling '/home/avcpp/AV-CPP2025/Vehicle/install/vehicle_core/local/lib/python3.10/dist-packages/vehicle_core/msg/_state_mode.py'...
[70.456s] Compiling '/home/avcpp/AV-CPP2025/Vehicle/install/vehicle_core/local/lib/python3.10/dist-packages/vehicle_core/msg/_telemetry_data.py'...
[70.456s] Listing '/home/avcpp/AV-CPP2025/Vehicle/install/vehicle_core/local/lib/python3.10/dist-packages/vehicle_core/srv'...
[70.456s] Compiling '/home/avcpp/AV-CPP2025/Vehicle/install/vehicle_core/local/lib/python3.10/dist-packages/vehicle_core/srv/__init__.py'...
[70.457s] Compiling '/home/avcpp/AV-CPP2025/Vehicle/install/vehicle_core/local/lib/python3.10/dist-packages/vehicle_core/srv/_set_autopilot_profile.py'...
[70.457s] -- Installing: /home/avcpp/AV-CPP2025/Vehicle/install/vehicle_core/lib/libvehicle_core__rosidl_generator_py.so
[70.458s] -- Set runtime path of "/home/avcpp/AV-CPP2025/Vehicle/install/vehicle_core/lib/libvehicle_core__rosidl_generator_py.so" to ""
[70.458s] -- Installing: /home/avcpp/AV-CPP2025/Vehicle/install/vehicle_core/share/vehicle_core/cmake/export_vehicle_core__rosidl_generator_cExport.cmake
[70.459s] -- Installing: /home/avcpp/AV-CPP2025/Vehicle/install/vehicle_core/share/vehicle_core/cmake/export_vehicle_core__rosidl_generator_cExport-noconfig.cmake
[70.459s] -- Installing: /home/avcpp/AV-CPP2025/Vehicle/install/vehicle_core/share/vehicle_core/cmake/export_vehicle_core__rosidl_typesupport_fastrtps_cExport.cmake
[70.459s] -- Installing: /home/avcpp/AV-CPP2025/Vehicle/install/vehicle_core/share/vehicle_core/cmake/export_vehicle_core__rosidl_typesupport_fastrtps_cExport-noconfig.cmake
[70.460s] -- Installing: /home/avcpp/AV-CPP2025/Vehicle/install/vehicle_core/share/vehicle_core/cmake/export_vehicle_core__rosidl_generator_cppExport.cmake
[70.460s] -- Installing: /home/avcpp/AV-CPP2025/Vehicle/install/vehicle_core/share/vehicle_core/cmake/export_vehicle_core__rosidl_typesupport_fastrtps_cppExport.cmake
[70.460s] -- Installing: /home/avcpp/AV-CPP2025/Vehicle/install/vehicle_core/share/vehicle_core/cmake/export_vehicle_core__rosidl_typesupport_fastrtps_cppExport-noconfig.cmake
[70.461s] -- Installing: /home/avcpp/AV-CPP2025/Vehicle/install/vehicle_core/share/vehicle_core/cmake/vehicle_core__rosidl_typesupport_introspection_cExport.cmake
[70.461s] -- Installing: /home/avcpp/AV-CPP2025/Vehicle/install/vehicle_core/share/vehicle_core/cmake/vehicle_core__rosidl_typesupport_introspection_cExport-noconfig.cmake
[70.462s] -- Installing: /home/avcpp/AV-CPP2025/Vehicle/install/vehicle_core/share/vehicle_core/cmake/vehicle_core__rosidl_typesupport_cExport.cmake
[70.464s] -- Installing: /home/avcpp/AV-CPP2025/Vehicle/install/vehicle_core/share/vehicle_core/cmake/vehicle_core__rosidl_typesupport_cExport-noconfig.cmake
[70.465s] -- Installing: /home/avcpp/AV-CPP2025/Vehicle/install/vehicle_core/share/vehicle_core/cmake/vehicle_core__rosidl_typesupport_introspection_cppExport.cmake
[70.465s] -- Installing: /home/avcpp/AV-CPP2025/Vehicle/install/vehicle_core/share/vehicle_core/cmake/vehicle_core__rosidl_typesupport_introspection_cppExport-noconfig.cmake
[70.466s] -- Installing: /home/avcpp/AV-CPP2025/Vehicle/install/vehicle_core/share/vehicle_core/cmake/vehicle_core__rosidl_typesupport_cppExport.cmake
[70.466s] -- Installing: /home/avcpp/AV-CPP2025/Vehicle/install/vehicle_core/share/vehicle_core/cmake/vehicle_core__rosidl_typesupport_cppExport-noconfig.cmake
[70.466s] -- Installing: /home/avcpp/AV-CPP2025/Vehicle/install/vehicle_core/share/vehicle_core/cmake/export_vehicle_core__rosidl_generator_pyExport.cmake
[70.466s] -- Installing: /home/avcpp/AV-CPP2025/Vehicle/install/vehicle_core/share/vehicle_core/cmake/export_vehicle_core__rosidl_generator_pyExport-noconfig.cmake
[70.467s] Invoked command in '/home/avcpp/AV-CPP2025/Vehicle/build/vehicle_core' returned '0': CMAKE_PREFIX_PATH=${CMAKE_PREFIX_PATH}:/opt/ros/humble /usr/bin/cmake --install /home/avcpp/AV-CPP2025/Vehicle/build/vehicle_core
