[0.000000] (-) TimerEvent: {}
[0.000536] (-) JobUnselected: {'identifier': 'object_detector'}
[0.000743] (vehicle_core) JobQueued: {'identifier': 'vehicle_core', 'dependencies': OrderedDict()}
[0.000782] (vehicle_core) JobStarted: {'identifier': 'vehicle_core'}
[0.014449] (vehicle_core) JobProgress: {'identifier': 'vehicle_core', 'progress': 'cmake'}
[0.015593] (vehicle_core) Command: {'cmd': ['/usr/bin/cmake', '/home/avcpp/AV-CPP2025/Vehicle/src/vehicle_core', '-DAMENT_CMAKE_SYMLINK_INSTALL=1', '-DCMAKE_INSTALL_PREFIX=/home/avcpp/AV-CPP2025/Vehicle/install/vehicle_core'], 'cwd': '/home/avcpp/AV-CPP2025/Vehicle/build/vehicle_core', 'env': OrderedDict([('PYTHON_BASIC_REPL', '1'), ('LESSOPEN', '| /usr/bin/lesspipe %s'), ('UMS_MOUNTPOINT', '/mnt/ums'), ('GST_V4L2_PREFERRED_FOURCC', 'NV12:YU12:NV16:YUY2'), ('LANGUAGE', 'en_US.UTF-8'), ('USER', 'avcpp'), ('SSH_CLIENT', '192.168.8.103 44720 22'), ('XDG_SESSION_TYPE', 'tty'), ('GIT_ASKPASS', '/home/avcpp/.vscode-server/cli/servers/Stable-bf9252a2fb45be6893dd8870c0bf37e2e1766d61/server/extensions/git/dist/askpass.sh'), ('SHLVL', '1'), ('USB_FUNCS', 'adb'), ('LD_LIBRARY_PATH', '/opt/ros/humble/opt/rviz_ogre_vendor/lib:/opt/ros/humble/lib/aarch64-linux-gnu:/opt/ros/humble/lib'), ('BROWSER', '/home/avcpp/.vscode-server/cli/servers/Stable-bf9252a2fb45be6893dd8870c0bf37e2e1766d61/server/bin/helpers/browser.sh'), ('MOTD_SHOWN', 'pam'), ('HOME', '/home/avcpp'), ('OLDPWD', '/home/avcpp/AV-CPP2025/Vehicle'), ('TERM_PROGRAM_VERSION', '1.106.3'), ('VSCODE_IPC_HOOK_CLI', '/run/user/1001/vscode-ipc-d3e6766d-2630-4bdb-aebe-5873ec6fe1a7.sock'), ('GST_INSPECT_NO_COLORS', '1'), ('GST_MPP_NO_RGA', '1'), ('ROS_PYTHON_VERSION', '3'), ('COGL_DRIVER', 'gles2'), ('VSCODE_GIT_ASKPASS_MAIN', '/home/avcpp/.vscode-server/cli/servers/Stable-bf9252a2fb45be6893dd8870c0bf37e2e1766d61/server/extensions/git/dist/askpass-main.js'), ('PS1', '\\[\x1b]633;A\x07\\]\\[\x1b]633;A\x07\\]\\[\\e]0;\\u@\\h: \\w\\a\\]${debian_chroot:+($debian_chroot)}\\[\\033[01;32m\\]\\u@\\h\\[\\033[00m\\]:\\[\\033[01;34m\\]\\w\\[\\033[00m\\]\\$ \\[\x1b]633;B\x07\\]\\[\x1b]633;B\x07\\]'), ('VSCODE_GIT_ASKPASS_NODE', '/home/avcpp/.vscode-server/cli/servers/Stable-bf9252a2fb45be6893dd8870c0bf37e2e1766d61/server/node'), ('SSL_CERT_FILE', '/usr/lib/ssl/certs/ca-certificates.crt'), ('PYDEVD_DISABLE_FILE_VALIDATION', '1'), ('BUNDLED_DEBUGPY_PATH', '/home/avcpp/.vscode-server/extensions/ms-python.debugpy-2025.16.0/bundled/libs/debugpy'), ('VSCODE_PYTHON_AUTOACTIVATE_GUARD', '1'), ('DBUS_SESSION_BUS_ADDRESS', 'unix:path=/run/user/1001/bus'), ('COLORTERM', 'truecolor'), ('COLCON_PREFIX_PATH', '/home/avcpp/AV-CPP2025/Vehicle/install'), ('GST_V4L2SRC_MAX_RESOLUTION', '3840x2160'), ('ROS_DISTRO', 'humble'), ('LOGNAME', 'avcpp'), ('_', '/usr/bin/colcon'), ('ROS_VERSION', '2'), ('XDG_SESSION_CLASS', 'user'), ('TERM', 'xterm-256color'), ('GST_GL_API', 'gles2'), ('XDG_SESSION_ID', '5'), ('GST_VIDEO_CONVERT_PREFERRED_FORMAT', 'NV12:NV16:I420:YUY2'), ('GST_V4L2SRC_RK_DEVICES', '_mainpath:_selfpath:_bypass:_scale'), ('ROS_LOCALHOST_ONLY', '0'), ('PATH', '/home/avcpp/.vscode-server/data/User/globalStorage/github.copilot-chat/debugCommand:/home/avcpp/.vscode-server/data/User/globalStorage/github.copilot-chat/copilotCli:/home/avcpp/.vscode-server/cli/servers/Stable-bf9252a2fb45be6893dd8870c0bf37e2e1766d61/server/bin/remote-cli:/home/avcpp/.local/bin:/opt/ros/humble/bin:/usr/local/sbin:/usr/local/bin:/usr/sbin:/usr/bin:/sbin:/bin:/usr/games:/usr/local/games:/snap/bin:/home/avcpp/.vscode-server/extensions/ms-python.debugpy-2025.16.0/bundled/scripts/noConfigScripts'), ('XDG_RUNTIME_DIR', '/run/user/1001'), ('GST_GL_PLATFORM', 'egl'), ('GST_DEBUG_NO_COLOR', '1'), ('SSL_CERT_DIR', '/usr/lib/ssl/certs'), ('GST_V4L2SRC_DEFAULT_DEVICE', '/dev/video-camera0'), ('DISPLAY', ':0'), ('VSCODE_DEBUGPY_ADAPTER_ENDPOINTS', '/home/avcpp/.vscode-server/extensions/ms-python.debugpy-2025.16.0/.noConfigDebugAdapterEndpoints/endpoint-43b207f2c3247df8.txt'), ('LANG', 'en_US.UTF-8'), ('PYTHONSTARTUP', '/home/avcpp/.vscode-server/data/User/workspaceStorage/ff32e2b339aba30cb60d962c7b2dc12b-1/ms-python.python/pythonrc.py'), ('LS_COLORS', 'rs=0:di=01;34:ln=01;36:mh=00:pi=40;33:so=01;35:do=01;35:bd=40;33;01:cd=40;33;01:or=40;31;01:mi=00:su=37;41:sg=30;43:ca=30;41:tw=30;42:ow=34;42:st=37;44:ex=01;32:*.tar=01;31:*.tgz=01;31:*.arc=01;31:*.arj=01;31:*.taz=01;31:*.lha=01;31:*.lz4=01;31:*.lzh=01;31:*.lzma=01;31:*.tlz=01;31:*.txz=01;31:*.tzo=01;31:*.t7z=01;31:*.zip=01;31:*.z=01;31:*.dz=01;31:*.gz=01;31:*.lrz=01;31:*.lz=01;31:*.lzo=01;31:*.xz=01;31:*.zst=01;31:*.tzst=01;31:*.bz2=01;31:*.bz=01;31:*.tbz=01;31:*.tbz2=01;31:*.tz=01;31:*.deb=01;31:*.rpm=01;31:*.jar=01;31:*.war=01;31:*.ear=01;31:*.sar=01;31:*.rar=01;31:*.alz=01;31:*.ace=01;31:*.zoo=01;31:*.cpio=01;31:*.7z=01;31:*.rz=01;31:*.cab=01;31:*.wim=01;31:*.swm=01;31:*.dwm=01;31:*.esd=01;31:*.jpg=01;35:*.jpeg=01;35:*.mjpg=01;35:*.mjpeg=01;35:*.gif=01;35:*.bmp=01;35:*.pbm=01;35:*.pgm=01;35:*.ppm=01;35:*.tga=01;35:*.xbm=01;35:*.xpm=01;35:*.tif=01;35:*.tiff=01;35:*.png=01;35:*.svg=01;35:*.svgz=01;35:*.mng=01;35:*.pcx=01;35:*.mov=01;35:*.mpg=01;35:*.mpeg=01;35:*.m2v=01;35:*.mkv=01;35:*.webm=01;35:*.webp=01;35:*.ogm=01;35:*.mp4=01;35:*.m4v=01;35:*.mp4v=01;35:*.vob=01;35:*.qt=01;35:*.nuv=01;35:*.wmv=01;35:*.asf=01;35:*.rm=01;35:*.rmvb=01;35:*.flc=01;35:*.avi=01;35:*.fli=01;35:*.flv=01;35:*.gl=01;35:*.dl=01;35:*.xcf=01;35:*.xwd=01;35:*.yuv=01;35:*.cgm=01;35:*.emf=01;35:*.ogv=01;35:*.ogx=01;35:*.aac=00;36:*.au=00;36:*.flac=00;36:*.m4a=00;36:*.mid=00;36:*.midi=00;36:*.mka=00;36:*.mp3=00;36:*.mpc=00;36:*.ogg=00;36:*.ra=00;36:*.wav=00;36:*.oga=00;36:*.opus=00;36:*.spx=00;36:*.xspf=00;36:'), ('VSCODE_GIT_IPC_HANDLE', '/run/user/1001/vscode-git-2317932546.sock'), ('TERM_PROGRAM', 'vscode'), ('GST_V4L2_USE_LIBV4L2', '1'), ('UMS_SIZE', '256M'), ('AMENT_PREFIX_PATH', '/home/avcpp/AV-CPP2025/Vehicle/install/object_detector:/opt/ros/humble'), ('LC_MESSAGES', 'en_US.UTF-8'), ('SHELL', '/bin/bash'), ('UMS_RO', '0'), ('LESSCLOSE', '/usr/bin/lesspipe %s %s'), ('UMS_FSTYPE', 'vfat'), ('VSCODE_GIT_ASKPASS_EXTRA_ARGS', ''), ('PWD', '/home/avcpp/AV-CPP2025/Vehicle/build/vehicle_core'), ('LC_ALL', 'en_US.UTF-8'), ('SSH_CONNECTION', '192.168.8.103 44720 192.168.8.176 22'), ('PYTHONPATH', '/home/avcpp/AV-CPP2025/Vehicle/install/object_detector/lib/python3.10/site-packages:/opt/ros/humble/local/lib/python3.10/dist-packages:/opt/ros/humble/lib/python3.10/site-packages:/usr/lib/python3/dist-packages'), ('UMS_MOUNT', '0'), ('COLCON', '1'), ('CMAKE_PREFIX_PATH', '/home/avcpp/AV-CPP2025/Vehicle/install/object_detector:/opt/ros/humble'), ('UMS_FILE', '/userdata/ums_shared.img')]), 'shell': False}
[0.052485] (vehicle_core) StdoutLine: {'line': b'-- Found ament_cmake: 1.3.12 (/opt/ros/humble/share/ament_cmake/cmake)\n'}
[0.098697] (-) TimerEvent: {}
[0.199296] (-) TimerEvent: {}
[0.300028] (-) TimerEvent: {}
[0.320894] (vehicle_core) StdoutLine: {'line': b'-- Override CMake install command with custom implementation using symlinks instead of copying resources\n'}
[0.330168] (vehicle_core) StdoutLine: {'line': b'-- Found rclcpp: 16.0.15 (/opt/ros/humble/share/rclcpp/cmake)\n'}
[0.364703] (vehicle_core) StdoutLine: {'line': b'-- Found rosidl_generator_c: 3.1.7 (/opt/ros/humble/share/rosidl_generator_c/cmake)\n'}
[0.367997] (vehicle_core) StdoutLine: {'line': b'-- Found rosidl_adapter: 3.1.7 (/opt/ros/humble/share/rosidl_adapter/cmake)\n'}
[0.376297] (vehicle_core) StdoutLine: {'line': b'-- Found rosidl_generator_cpp: 3.1.7 (/opt/ros/humble/share/rosidl_generator_cpp/cmake)\n'}
[0.389754] (vehicle_core) StdoutLine: {'line': b'-- Using all available rosidl_typesupport_c: rosidl_typesupport_fastrtps_c;rosidl_typesupport_introspection_c\n'}
[0.400246] (-) TimerEvent: {}
[0.406629] (vehicle_core) StdoutLine: {'line': b'-- Using all available rosidl_typesupport_cpp: rosidl_typesupport_fastrtps_cpp;rosidl_typesupport_introspection_cpp\n'}
[0.450357] (vehicle_core) StdoutLine: {'line': b'-- Found rmw_implementation_cmake: 6.1.2 (/opt/ros/humble/share/rmw_implementation_cmake/cmake)\n'}
[0.451934] (vehicle_core) StdoutLine: {'line': b'-- Found rmw_fastrtps_cpp: 6.2.8 (/opt/ros/humble/share/rmw_fastrtps_cpp/cmake)\n'}
[0.500574] (-) TimerEvent: {}
[0.601670] (-) TimerEvent: {}
[0.605961] (vehicle_core) StdoutLine: {'line': b"-- Using RMW implementation 'rmw_fastrtps_cpp' as default\n"}
[0.680388] (vehicle_core) StdoutLine: {'line': b'-- Found rclcpp_components: 16.0.15 (/opt/ros/humble/share/rclcpp_components/cmake)\n'}
[0.701919] (-) TimerEvent: {}
[0.707769] (vehicle_core) StdoutLine: {'line': b'-- Found std_srvs: 4.9.0 (/opt/ros/humble/share/std_srvs/cmake)\n'}
[0.720460] (vehicle_core) StdoutLine: {'line': b'-- Found rosidl_default_generators: 1.2.0 (/opt/ros/humble/share/rosidl_default_generators/cmake)\n'}
[0.729591] (vehicle_core) StdoutLine: {'line': b'-- Found geometry_msgs: 4.9.0 (/opt/ros/humble/share/geometry_msgs/cmake)\n'}
[0.748112] (vehicle_core) StdoutLine: {'line': b'-- Found nav_msgs: 4.9.0 (/opt/ros/humble/share/nav_msgs/cmake)\n'}
[0.773794] (vehicle_core) StdoutLine: {'line': b'-- Found sensor_msgs: 4.9.0 (/opt/ros/humble/share/sensor_msgs/cmake)\n'}
[0.800182] (vehicle_core) StdoutLine: {'line': b'-- Found tf2: 0.25.16 (/opt/ros/humble/share/tf2/cmake)\n'}
[0.802010] (-) TimerEvent: {}
[0.804961] (vehicle_core) StdoutLine: {'line': b'-- Found cv_bridge: 3.2.1 (/opt/ros/humble/share/cv_bridge/cmake)\n'}
[0.820180] (vehicle_core) StdoutLine: {'line': b'-- Found robot_localization: 3.5.4 (/opt/ros/humble/share/robot_localization/cmake)\n'}
[0.902299] (-) TimerEvent: {}
[1.003478] (-) TimerEvent: {}
[1.104650] (-) TimerEvent: {}
[1.205729] (-) TimerEvent: {}
[1.306724] (-) TimerEvent: {}
[1.407919] (-) TimerEvent: {}
[1.509093] (-) TimerEvent: {}
[1.610292] (-) TimerEvent: {}
[1.638258] (vehicle_core) StdoutLine: {'line': b'-- Found ament_cmake_ros: 0.10.0 (/opt/ros/humble/share/ament_cmake_ros/cmake)\n'}
[1.710526] (-) TimerEvent: {}
[1.811892] (-) TimerEvent: {}
[1.913450] (-) TimerEvent: {}
[2.014639] (-) TimerEvent: {}
[2.115802] (-) TimerEvent: {}
[2.217001] (-) TimerEvent: {}
[2.318258] (-) TimerEvent: {}
[2.379210] (vehicle_core) StdoutLine: {'line': b'-- Using all available rosidl_typesupport_c: rosidl_typesupport_fastrtps_c;rosidl_typesupport_introspection_c\n'}
[2.418524] (-) TimerEvent: {}
[2.519643] (-) TimerEvent: {}
[2.620703] (-) TimerEvent: {}
[2.681080] (vehicle_core) StdoutLine: {'line': b'-- Using all available rosidl_typesupport_cpp: rosidl_typesupport_fastrtps_cpp;rosidl_typesupport_introspection_cpp\n'}
[2.720945] (-) TimerEvent: {}
[2.743382] (vehicle_core) StdoutLine: {'line': b'-- Found PythonInterp: /usr/bin/python3 (found suitable version "3.10.12", minimum required is "3.6") \n'}
[2.745700] (vehicle_core) StdoutLine: {'line': b'-- Found python_cmake_module: 0.10.0 (/opt/ros/humble/share/python_cmake_module/cmake)\n'}
[2.808202] (vehicle_core) StdoutLine: {'line': b'-- Found PythonLibs: /usr/lib/aarch64-linux-gnu/libpython3.10.so (found suitable version "3.10.12", minimum required is "3.5") \n'}
[2.809123] (vehicle_core) StdoutLine: {'line': b'-- Using PYTHON_EXECUTABLE: /usr/bin/python3\n'}
[2.809586] (vehicle_core) StdoutLine: {'line': b'-- Using PYTHON_INCLUDE_DIRS: /usr/include/python3.10\n'}
[2.809998] (vehicle_core) StdoutLine: {'line': b'-- Using PYTHON_LIBRARIES: /usr/lib/aarch64-linux-gnu/libpython3.10.so\n'}
[2.821181] (-) TimerEvent: {}
[2.876039] (vehicle_core) StdoutLine: {'line': b'-- Found PythonExtra: .so  \n'}
[2.921480] (-) TimerEvent: {}
[2.979861] (vehicle_core) StderrLine: {'line': b'\x1b[0mCMake Deprecation Warning at /opt/ros/humble/share/rosidl_cmake/cmake/rosidl_target_interfaces.cmake:32 (message):\n'}
[2.980865] (vehicle_core) StderrLine: {'line': b'  Use rosidl_get_typesupport_target() and target_link_libraries() instead of\n'}
[2.981358] (vehicle_core) StderrLine: {'line': b'  rosidl_target_interfaces()\n'}
[2.981767] (vehicle_core) StderrLine: {'line': b'Call Stack (most recent call first):\n'}
[2.982237] (vehicle_core) StderrLine: {'line': b'  CMakeLists.txt:145 (rosidl_target_interfaces)\n'}
[2.982626] (vehicle_core) StderrLine: {'line': b'\n'}
[2.982983] (vehicle_core) StderrLine: {'line': b'\x1b[0m\n'}
[2.985133] (vehicle_core) StderrLine: {'line': b'\x1b[0mCMake Deprecation Warning at /opt/ros/humble/share/rosidl_cmake/cmake/rosidl_target_interfaces.cmake:32 (message):\n'}
[2.985365] (vehicle_core) StderrLine: {'line': b'  Use rosidl_get_typesupport_target() and target_link_libraries() instead of\n'}
[2.985480] (vehicle_core) StderrLine: {'line': b'  rosidl_target_interfaces()\n'}
[2.985578] (vehicle_core) StderrLine: {'line': b'Call Stack (most recent call first):\n'}
[2.985672] (vehicle_core) StderrLine: {'line': b'  CMakeLists.txt:160 (rosidl_target_interfaces)\n'}
[2.985765] (vehicle_core) StderrLine: {'line': b'\n'}
[2.985855] (vehicle_core) StderrLine: {'line': b'\x1b[0m\n'}
[2.987558] (vehicle_core) StderrLine: {'line': b'\x1b[0mCMake Deprecation Warning at /opt/ros/humble/share/rosidl_cmake/cmake/rosidl_target_interfaces.cmake:32 (message):\n'}
[2.987946] (vehicle_core) StderrLine: {'line': b'  Use rosidl_get_typesupport_target() and target_link_libraries() instead of\n'}
[2.988301] (vehicle_core) StderrLine: {'line': b'  rosidl_target_interfaces()\n'}
[2.988650] (vehicle_core) StderrLine: {'line': b'Call Stack (most recent call first):\n'}
[2.989081] (vehicle_core) StderrLine: {'line': b'  CMakeLists.txt:175 (rosidl_target_interfaces)\n'}
[2.989616] (vehicle_core) StderrLine: {'line': b'\n'}
[2.989974] (vehicle_core) StderrLine: {'line': b'\x1b[0m\n'}
[2.990323] (vehicle_core) StderrLine: {'line': b'\x1b[0mCMake Deprecation Warning at /opt/ros/humble/share/rosidl_cmake/cmake/rosidl_target_interfaces.cmake:32 (message):\n'}
[2.990677] (vehicle_core) StderrLine: {'line': b'  Use rosidl_get_typesupport_target() and target_link_libraries() instead of\n'}
[2.991027] (vehicle_core) StderrLine: {'line': b'  rosidl_target_interfaces()\n'}
[2.991376] (vehicle_core) StderrLine: {'line': b'Call Stack (most recent call first):\n'}
[2.991810] (vehicle_core) StderrLine: {'line': b'  CMakeLists.txt:196 (rosidl_target_interfaces)\n'}
[2.992248] (vehicle_core) StderrLine: {'line': b'\n'}
[2.992606] (vehicle_core) StderrLine: {'line': b'\x1b[0m\n'}
[2.992953] (vehicle_core) StderrLine: {'line': b'\x1b[0mCMake Deprecation Warning at /opt/ros/humble/share/rosidl_cmake/cmake/rosidl_target_interfaces.cmake:32 (message):\n'}
[2.993302] (vehicle_core) StderrLine: {'line': b'  Use rosidl_get_typesupport_target() and target_link_libraries() instead of\n'}
[2.993648] (vehicle_core) StderrLine: {'line': b'  rosidl_target_interfaces()\n'}
[2.993998] (vehicle_core) StderrLine: {'line': b'Call Stack (most recent call first):\n'}
[2.994342] (vehicle_core) StderrLine: {'line': b'  CMakeLists.txt:215 (rosidl_target_interfaces)\n'}
[2.994715] (vehicle_core) StderrLine: {'line': b'\n'}
[2.995132] (vehicle_core) StderrLine: {'line': b'\x1b[0m\n'}
[2.995582] (vehicle_core) StderrLine: {'line': b'\x1b[0mCMake Deprecation Warning at /opt/ros/humble/share/rosidl_cmake/cmake/rosidl_target_interfaces.cmake:32 (message):\n'}
[2.995986] (vehicle_core) StderrLine: {'line': b'  Use rosidl_get_typesupport_target() and target_link_libraries() instead of\n'}
[2.996337] (vehicle_core) StderrLine: {'line': b'  rosidl_target_interfaces()\n'}
[2.996685] (vehicle_core) StderrLine: {'line': b'Call Stack (most recent call first):\n'}
[2.997030] (vehicle_core) StderrLine: {'line': b'  CMakeLists.txt:241 (rosidl_target_interfaces)\n'}
[2.997375] (vehicle_core) StderrLine: {'line': b'\n'}
[2.997719] (vehicle_core) StderrLine: {'line': b'\x1b[0m\n'}
[2.999921] (vehicle_core) StderrLine: {'line': b'\x1b[0mCMake Deprecation Warning at /opt/ros/humble/share/rosidl_cmake/cmake/rosidl_target_interfaces.cmake:32 (message):\n'}
[3.000319] (vehicle_core) StderrLine: {'line': b'  Use rosidl_get_typesupport_target() and target_link_libraries() instead of\n'}
[3.000678] (vehicle_core) StderrLine: {'line': b'  rosidl_target_interfaces()\n'}
[3.001039] (vehicle_core) StderrLine: {'line': b'Call Stack (most recent call first):\n'}
[3.001386] (vehicle_core) StderrLine: {'line': b'  CMakeLists.txt:262 (rosidl_target_interfaces)\n'}
[3.001741] (vehicle_core) StderrLine: {'line': b'\n'}
[3.002255] (vehicle_core) StderrLine: {'line': b'\x1b[0m\n'}
[3.002676] (vehicle_core) StderrLine: {'line': b'\x1b[0mCMake Deprecation Warning at /opt/ros/humble/share/rosidl_cmake/cmake/rosidl_target_interfaces.cmake:32 (message):\n'}
[3.003028] (vehicle_core) StderrLine: {'line': b'  Use rosidl_get_typesupport_target() and target_link_libraries() instead of\n'}
[3.003383] (vehicle_core) StderrLine: {'line': b'  rosidl_target_interfaces()\n'}
[3.003729] (vehicle_core) StderrLine: {'line': b'Call Stack (most recent call first):\n'}
[3.004084] (vehicle_core) StderrLine: {'line': b'  CMakeLists.txt:287 (rosidl_target_interfaces)\n'}
[3.004438] (vehicle_core) StderrLine: {'line': b'\n'}
[3.004791] (vehicle_core) StderrLine: {'line': b'\x1b[0m\n'}
[3.018014] (vehicle_core) StdoutLine: {'line': b'-- Configuring done\n'}
[3.021573] (-) TimerEvent: {}
[3.122528] (-) TimerEvent: {}
[3.192309] (vehicle_core) StdoutLine: {'line': b'-- Generating done\n'}
[3.222847] (-) TimerEvent: {}
[3.238267] (vehicle_core) StdoutLine: {'line': b'-- Build files have been written to: /home/avcpp/AV-CPP2025/Vehicle/build/vehicle_core\n'}
[3.285222] (vehicle_core) CommandEnded: {'returncode': 0}
[3.291243] (vehicle_core) JobProgress: {'identifier': 'vehicle_core', 'progress': 'build'}
[3.291786] (vehicle_core) Command: {'cmd': ['/usr/bin/cmake', '--build', '/home/avcpp/AV-CPP2025/Vehicle/build/vehicle_core', '--', '-j8', '-l8'], 'cwd': '/home/avcpp/AV-CPP2025/Vehicle/build/vehicle_core', 'env': OrderedDict([('PYTHON_BASIC_REPL', '1'), ('LESSOPEN', '| /usr/bin/lesspipe %s'), ('UMS_MOUNTPOINT', '/mnt/ums'), ('GST_V4L2_PREFERRED_FOURCC', 'NV12:YU12:NV16:YUY2'), ('LANGUAGE', 'en_US.UTF-8'), ('USER', 'avcpp'), ('SSH_CLIENT', '192.168.8.103 44720 22'), ('XDG_SESSION_TYPE', 'tty'), ('GIT_ASKPASS', '/home/avcpp/.vscode-server/cli/servers/Stable-bf9252a2fb45be6893dd8870c0bf37e2e1766d61/server/extensions/git/dist/askpass.sh'), ('SHLVL', '1'), ('USB_FUNCS', 'adb'), ('LD_LIBRARY_PATH', '/opt/ros/humble/opt/rviz_ogre_vendor/lib:/opt/ros/humble/lib/aarch64-linux-gnu:/opt/ros/humble/lib'), ('BROWSER', '/home/avcpp/.vscode-server/cli/servers/Stable-bf9252a2fb45be6893dd8870c0bf37e2e1766d61/server/bin/helpers/browser.sh'), ('MOTD_SHOWN', 'pam'), ('HOME', '/home/avcpp'), ('OLDPWD', '/home/avcpp/AV-CPP2025/Vehicle'), ('TERM_PROGRAM_VERSION', '1.106.3'), ('VSCODE_IPC_HOOK_CLI', '/run/user/1001/vscode-ipc-d3e6766d-2630-4bdb-aebe-5873ec6fe1a7.sock'), ('GST_INSPECT_NO_COLORS', '1'), ('GST_MPP_NO_RGA', '1'), ('ROS_PYTHON_VERSION', '3'), ('COGL_DRIVER', 'gles2'), ('VSCODE_GIT_ASKPASS_MAIN', '/home/avcpp/.vscode-server/cli/servers/Stable-bf9252a2fb45be6893dd8870c0bf37e2e1766d61/server/extensions/git/dist/askpass-main.js'), ('PS1', '\\[\x1b]633;A\x07\\]\\[\x1b]633;A\x07\\]\\[\\e]0;\\u@\\h: \\w\\a\\]${debian_chroot:+($debian_chroot)}\\[\\033[01;32m\\]\\u@\\h\\[\\033[00m\\]:\\[\\033[01;34m\\]\\w\\[\\033[00m\\]\\$ \\[\x1b]633;B\x07\\]\\[\x1b]633;B\x07\\]'), ('VSCODE_GIT_ASKPASS_NODE', '/home/avcpp/.vscode-server/cli/servers/Stable-bf9252a2fb45be6893dd8870c0bf37e2e1766d61/server/node'), ('SSL_CERT_FILE', '/usr/lib/ssl/certs/ca-certificates.crt'), ('PYDEVD_DISABLE_FILE_VALIDATION', '1'), ('BUNDLED_DEBUGPY_PATH', '/home/avcpp/.vscode-server/extensions/ms-python.debugpy-2025.16.0/bundled/libs/debugpy'), ('VSCODE_PYTHON_AUTOACTIVATE_GUARD', '1'), ('DBUS_SESSION_BUS_ADDRESS', 'unix:path=/run/user/1001/bus'), ('COLORTERM', 'truecolor'), ('COLCON_PREFIX_PATH', '/home/avcpp/AV-CPP2025/Vehicle/install'), ('GST_V4L2SRC_MAX_RESOLUTION', '3840x2160'), ('ROS_DISTRO', 'humble'), ('LOGNAME', 'avcpp'), ('_', '/usr/bin/colcon'), ('ROS_VERSION', '2'), ('XDG_SESSION_CLASS', 'user'), ('TERM', 'xterm-256color'), ('GST_GL_API', 'gles2'), ('XDG_SESSION_ID', '5'), ('GST_VIDEO_CONVERT_PREFERRED_FORMAT', 'NV12:NV16:I420:YUY2'), ('GST_V4L2SRC_RK_DEVICES', '_mainpath:_selfpath:_bypass:_scale'), ('ROS_LOCALHOST_ONLY', '0'), ('PATH', '/home/avcpp/.vscode-server/data/User/globalStorage/github.copilot-chat/debugCommand:/home/avcpp/.vscode-server/data/User/globalStorage/github.copilot-chat/copilotCli:/home/avcpp/.vscode-server/cli/servers/Stable-bf9252a2fb45be6893dd8870c0bf37e2e1766d61/server/bin/remote-cli:/home/avcpp/.local/bin:/opt/ros/humble/bin:/usr/local/sbin:/usr/local/bin:/usr/sbin:/usr/bin:/sbin:/bin:/usr/games:/usr/local/games:/snap/bin:/home/avcpp/.vscode-server/extensions/ms-python.debugpy-2025.16.0/bundled/scripts/noConfigScripts'), ('XDG_RUNTIME_DIR', '/run/user/1001'), ('GST_GL_PLATFORM', 'egl'), ('GST_DEBUG_NO_COLOR', '1'), ('SSL_CERT_DIR', '/usr/lib/ssl/certs'), ('GST_V4L2SRC_DEFAULT_DEVICE', '/dev/video-camera0'), ('DISPLAY', ':0'), ('VSCODE_DEBUGPY_ADAPTER_ENDPOINTS', '/home/avcpp/.vscode-server/extensions/ms-python.debugpy-2025.16.0/.noConfigDebugAdapterEndpoints/endpoint-43b207f2c3247df8.txt'), ('LANG', 'en_US.UTF-8'), ('PYTHONSTARTUP', '/home/avcpp/.vscode-server/data/User/workspaceStorage/ff32e2b339aba30cb60d962c7b2dc12b-1/ms-python.python/pythonrc.py'), ('LS_COLORS', 'rs=0:di=01;34:ln=01;36:mh=00:pi=40;33:so=01;35:do=01;35:bd=40;33;01:cd=40;33;01:or=40;31;01:mi=00:su=37;41:sg=30;43:ca=30;41:tw=30;42:ow=34;42:st=37;44:ex=01;32:*.tar=01;31:*.tgz=01;31:*.arc=01;31:*.arj=01;31:*.taz=01;31:*.lha=01;31:*.lz4=01;31:*.lzh=01;31:*.lzma=01;31:*.tlz=01;31:*.txz=01;31:*.tzo=01;31:*.t7z=01;31:*.zip=01;31:*.z=01;31:*.dz=01;31:*.gz=01;31:*.lrz=01;31:*.lz=01;31:*.lzo=01;31:*.xz=01;31:*.zst=01;31:*.tzst=01;31:*.bz2=01;31:*.bz=01;31:*.tbz=01;31:*.tbz2=01;31:*.tz=01;31:*.deb=01;31:*.rpm=01;31:*.jar=01;31:*.war=01;31:*.ear=01;31:*.sar=01;31:*.rar=01;31:*.alz=01;31:*.ace=01;31:*.zoo=01;31:*.cpio=01;31:*.7z=01;31:*.rz=01;31:*.cab=01;31:*.wim=01;31:*.swm=01;31:*.dwm=01;31:*.esd=01;31:*.jpg=01;35:*.jpeg=01;35:*.mjpg=01;35:*.mjpeg=01;35:*.gif=01;35:*.bmp=01;35:*.pbm=01;35:*.pgm=01;35:*.ppm=01;35:*.tga=01;35:*.xbm=01;35:*.xpm=01;35:*.tif=01;35:*.tiff=01;35:*.png=01;35:*.svg=01;35:*.svgz=01;35:*.mng=01;35:*.pcx=01;35:*.mov=01;35:*.mpg=01;35:*.mpeg=01;35:*.m2v=01;35:*.mkv=01;35:*.webm=01;35:*.webp=01;35:*.ogm=01;35:*.mp4=01;35:*.m4v=01;35:*.mp4v=01;35:*.vob=01;35:*.qt=01;35:*.nuv=01;35:*.wmv=01;35:*.asf=01;35:*.rm=01;35:*.rmvb=01;35:*.flc=01;35:*.avi=01;35:*.fli=01;35:*.flv=01;35:*.gl=01;35:*.dl=01;35:*.xcf=01;35:*.xwd=01;35:*.yuv=01;35:*.cgm=01;35:*.emf=01;35:*.ogv=01;35:*.ogx=01;35:*.aac=00;36:*.au=00;36:*.flac=00;36:*.m4a=00;36:*.mid=00;36:*.midi=00;36:*.mka=00;36:*.mp3=00;36:*.mpc=00;36:*.ogg=00;36:*.ra=00;36:*.wav=00;36:*.oga=00;36:*.opus=00;36:*.spx=00;36:*.xspf=00;36:'), ('VSCODE_GIT_IPC_HANDLE', '/run/user/1001/vscode-git-2317932546.sock'), ('TERM_PROGRAM', 'vscode'), ('GST_V4L2_USE_LIBV4L2', '1'), ('UMS_SIZE', '256M'), ('AMENT_PREFIX_PATH', '/home/avcpp/AV-CPP2025/Vehicle/install/object_detector:/opt/ros/humble'), ('LC_MESSAGES', 'en_US.UTF-8'), ('SHELL', '/bin/bash'), ('UMS_RO', '0'), ('LESSCLOSE', '/usr/bin/lesspipe %s %s'), ('UMS_FSTYPE', 'vfat'), ('VSCODE_GIT_ASKPASS_EXTRA_ARGS', ''), ('PWD', '/home/avcpp/AV-CPP2025/Vehicle/build/vehicle_core'), ('LC_ALL', 'en_US.UTF-8'), ('SSH_CONNECTION', '192.168.8.103 44720 192.168.8.176 22'), ('PYTHONPATH', '/home/avcpp/AV-CPP2025/Vehicle/install/object_detector/lib/python3.10/site-packages:/opt/ros/humble/local/lib/python3.10/dist-packages:/opt/ros/humble/lib/python3.10/site-packages:/usr/lib/python3/dist-packages'), ('UMS_MOUNT', '0'), ('COLCON', '1'), ('CMAKE_PREFIX_PATH', '/home/avcpp/AV-CPP2025/Vehicle/install/object_detector:/opt/ros/humble'), ('UMS_FILE', '/userdata/ums_shared.img')]), 'shell': False}
[3.323125] (-) TimerEvent: {}
[3.424248] (-) TimerEvent: {}
[3.476914] (vehicle_core) StdoutLine: {'line': b'[  1%] \x1b[34m\x1b[1mGenerating C code for ROS interfaces\x1b[0m\n'}
[3.491964] (vehicle_core) StdoutLine: {'line': b'[  1%] Built target ament_cmake_python_symlink_vehicle_core\n'}
[3.501991] (vehicle_core) StdoutLine: {'line': b'[  1%] \x1b[32mBuilding CXX object CMakeFiles/vehicle_core_container.dir/src/vehicle_core_container.cpp.o\x1b[0m\n'}
[3.524326] (-) TimerEvent: {}
[3.528378] (vehicle_core) StdoutLine: {'line': b'[  1%] \x1b[34m\x1b[1mGenerating C++ code for ROS interfaces\x1b[0m\n'}
[3.624587] (-) TimerEvent: {}
[3.725858] (-) TimerEvent: {}
[3.827369] (-) TimerEvent: {}
[3.921527] (vehicle_core) StdoutLine: {'line': b'running egg_info\n'}
[3.923515] (vehicle_core) StdoutLine: {'line': b'creating vehicle_core.egg-info\n'}
[3.925680] (vehicle_core) StdoutLine: {'line': b'writing vehicle_core.egg-info/PKG-INFO\n'}
[3.926139] (vehicle_core) StdoutLine: {'line': b'writing dependency_links to vehicle_core.egg-info/dependency_links.txt\n'}
[3.926516] (vehicle_core) StdoutLine: {'line': b'writing top-level names to vehicle_core.egg-info/top_level.txt\n'}
[3.926882] (vehicle_core) StdoutLine: {'line': b"writing manifest file 'vehicle_core.egg-info/SOURCES.txt'\n"}
[3.927413] (-) TimerEvent: {}
[3.933591] (vehicle_core) StdoutLine: {'line': b"reading manifest file 'vehicle_core.egg-info/SOURCES.txt'\n"}
[3.934550] (vehicle_core) StdoutLine: {'line': b"writing manifest file 'vehicle_core.egg-info/SOURCES.txt'\n"}
[4.027726] (-) TimerEvent: {}
[4.057200] (vehicle_core) StdoutLine: {'line': b'[  1%] Built target ament_cmake_python_build_vehicle_core_egg\n'}
[4.128034] (-) TimerEvent: {}
[4.229215] (-) TimerEvent: {}
[4.330313] (-) TimerEvent: {}
[4.431634] (-) TimerEvent: {}
[4.532896] (-) TimerEvent: {}
[4.634212] (-) TimerEvent: {}
[4.735404] (-) TimerEvent: {}
[4.836538] (-) TimerEvent: {}
[4.937720] (-) TimerEvent: {}
[5.038895] (-) TimerEvent: {}
[5.140041] (-) TimerEvent: {}
[5.241137] (-) TimerEvent: {}
[5.342343] (-) TimerEvent: {}
[5.443452] (-) TimerEvent: {}
[5.544662] (-) TimerEvent: {}
[5.646153] (-) TimerEvent: {}
[5.747582] (-) TimerEvent: {}
[5.848595] (-) TimerEvent: {}
[5.949656] (-) TimerEvent: {}
[6.051441] (-) TimerEvent: {}
[6.152730] (-) TimerEvent: {}
[6.254508] (-) TimerEvent: {}
[6.322896] (vehicle_core) StdoutLine: {'line': b'[  1%] Built target vehicle_core__cpp\n'}
[6.353922] (vehicle_core) StdoutLine: {'line': b'[  1%] \x1b[34m\x1b[1mGenerating C++ type support for eProsima Fast-RTPS\x1b[0m\n'}
[6.354497] (-) TimerEvent: {}
[6.354993] (vehicle_core) StdoutLine: {'line': b'[  1%] \x1b[34m\x1b[1mGenerating C++ type support dispatch for ROS interfaces\x1b[0m\n'}
[6.359170] (vehicle_core) StdoutLine: {'line': b'[  1%] \x1b[34m\x1b[1mGenerating C++ introspection for ROS interfaces\x1b[0m\n'}
[6.386500] (vehicle_core) StdoutLine: {'line': b'[  3%] \x1b[32mBuilding C object CMakeFiles/vehicle_core__rosidl_generator_c.dir/rosidl_generator_c/vehicle_core/msg/detail/lights_command__functions.c.o\x1b[0m\n'}
[6.388614] (vehicle_core) StdoutLine: {'line': b'[  3%] \x1b[32mBuilding C object CMakeFiles/vehicle_core__rosidl_generator_c.dir/rosidl_generator_c/vehicle_core/msg/detail/internal_drive_command__functions.c.o\x1b[0m\n'}
[6.394265] (vehicle_core) StdoutLine: {'line': b'[  3%] \x1b[32mBuilding C object CMakeFiles/vehicle_core__rosidl_generator_c.dir/rosidl_generator_c/vehicle_core/msg/detail/drive_target__functions.c.o\x1b[0m\n'}
[6.398576] (vehicle_core) StdoutLine: {'line': b'[  3%] \x1b[32mBuilding C object CMakeFiles/vehicle_core__rosidl_generator_c.dir/rosidl_generator_c/vehicle_core/msg/detail/manual_drive_command__functions.c.o\x1b[0m\n'}
[6.454908] (-) TimerEvent: {}
[6.556526] (-) TimerEvent: {}
[6.593824] (vehicle_core) StdoutLine: {'line': b'[  3%] \x1b[32mBuilding C object CMakeFiles/vehicle_core__rosidl_generator_c.dir/rosidl_generator_c/vehicle_core/msg/detail/max_speed__functions.c.o\x1b[0m\n'}
[6.599995] (vehicle_core) StdoutLine: {'line': b'[  4%] \x1b[32mBuilding C object CMakeFiles/vehicle_core__rosidl_generator_c.dir/rosidl_generator_c/vehicle_core/msg/detail/autopilot_command__functions.c.o\x1b[0m\n'}
[6.613069] (vehicle_core) StdoutLine: {'line': b'[  4%] \x1b[32mBuilding C object CMakeFiles/vehicle_core__rosidl_generator_c.dir/rosidl_generator_c/vehicle_core/msg/detail/lights_status__functions.c.o\x1b[0m\n'}
[6.634783] (vehicle_core) StdoutLine: {'line': b'[  4%] \x1b[32mBuilding C object CMakeFiles/vehicle_core__rosidl_generator_c.dir/rosidl_generator_c/vehicle_core/msg/detail/general_status__functions.c.o\x1b[0m\n'}
[6.657208] (-) TimerEvent: {}
[6.759948] (-) TimerEvent: {}
[6.784881] (vehicle_core) StdoutLine: {'line': b'[  5%] \x1b[32mBuilding C object CMakeFiles/vehicle_core__rosidl_generator_c.dir/rosidl_generator_c/vehicle_core/msg/detail/drive_status__functions.c.o\x1b[0m\n'}
[6.795239] (vehicle_core) StdoutLine: {'line': b'[  5%] \x1b[32mBuilding C object CMakeFiles/vehicle_core__rosidl_generator_c.dir/rosidl_generator_c/vehicle_core/msg/detail/autopilot_status__functions.c.o\x1b[0m\n'}
[6.817460] (vehicle_core) StdoutLine: {'line': b'[  6%] \x1b[32mBuilding C object CMakeFiles/vehicle_core__rosidl_generator_c.dir/rosidl_generator_c/vehicle_core/msg/detail/telemetry_data__functions.c.o\x1b[0m\n'}
[6.824691] (vehicle_core) StdoutLine: {'line': b'[  6%] \x1b[32mBuilding C object CMakeFiles/vehicle_core__rosidl_generator_c.dir/rosidl_generator_c/vehicle_core/msg/detail/error__functions.c.o\x1b[0m\n'}
[6.860116] (-) TimerEvent: {}
[6.906081] (vehicle_core) StdoutLine: {'line': b'[  7%] \x1b[32mBuilding C object CMakeFiles/vehicle_core__rosidl_generator_c.dir/rosidl_generator_c/vehicle_core/msg/detail/server_init__functions.c.o\x1b[0m\n'}
[6.960232] (-) TimerEvent: {}
[6.977862] (vehicle_core) StdoutLine: {'line': b'[  7%] \x1b[32mBuilding C object CMakeFiles/vehicle_core__rosidl_generator_c.dir/rosidl_generator_c/vehicle_core/msg/detail/autopilot_config__functions.c.o\x1b[0m\n'}
[7.007958] (vehicle_core) StdoutLine: {'line': b'[  8%] \x1b[32mBuilding C object CMakeFiles/vehicle_core__rosidl_generator_c.dir/rosidl_generator_c/vehicle_core/msg/detail/perception_profile__functions.c.o\x1b[0m\n'}
[7.012261] (vehicle_core) StdoutLine: {'line': b'[  8%] \x1b[32mBuilding C object CMakeFiles/vehicle_core__rosidl_generator_c.dir/rosidl_generator_c/vehicle_core/msg/detail/state_mode__functions.c.o\x1b[0m\n'}
[7.027878] (vehicle_core) StdoutLine: {'line': b'[  8%] \x1b[32mBuilding C object CMakeFiles/vehicle_core__rosidl_generator_c.dir/rosidl_generator_c/vehicle_core/msg/detail/state_event__functions.c.o\x1b[0m\n'}
[7.060353] (-) TimerEvent: {}
[7.160836] (-) TimerEvent: {}
[7.223424] (vehicle_core) StdoutLine: {'line': b'[  9%] \x1b[32mBuilding C object CMakeFiles/vehicle_core__rosidl_generator_c.dir/rosidl_generator_c/vehicle_core/msg/detail/drive_feedback__functions.c.o\x1b[0m\n'}
[7.248912] (vehicle_core) StdoutLine: {'line': b'[  9%] \x1b[32mBuilding C object CMakeFiles/vehicle_core__rosidl_generator_c.dir/rosidl_generator_c/vehicle_core/msg/detail/imu_status__functions.c.o\x1b[0m\n'}
[7.262386] (-) TimerEvent: {}
[7.286550] (vehicle_core) StdoutLine: {'line': b'[ 10%] \x1b[32mBuilding C object CMakeFiles/vehicle_core__rosidl_generator_c.dir/rosidl_generator_c/vehicle_core/srv/detail/request_internal_control__functions.c.o\x1b[0m\n'}
[7.317951] (vehicle_core) StdoutLine: {'line': b'[ 10%] \x1b[32mBuilding C object CMakeFiles/vehicle_core__rosidl_generator_c.dir/rosidl_generator_c/vehicle_core/srv/detail/release_internal_control__functions.c.o\x1b[0m\n'}
[7.349445] (vehicle_core) StdoutLine: {'line': b'[ 11%] \x1b[32mBuilding C object CMakeFiles/vehicle_core__rosidl_generator_c.dir/rosidl_generator_c/vehicle_core/srv/detail/set_autopilot_profile__functions.c.o\x1b[0m\n'}
[7.362479] (-) TimerEvent: {}
[7.463392] (-) TimerEvent: {}
[7.533849] (vehicle_core) StdoutLine: {'line': b'[ 11%] \x1b[32m\x1b[1mLinking C shared library libvehicle_core__rosidl_generator_c.so\x1b[0m\n'}
[7.563572] (-) TimerEvent: {}
[7.664387] (-) TimerEvent: {}
[7.719562] (vehicle_core) StdoutLine: {'line': b'[ 11%] Built target vehicle_core__rosidl_generator_c\n'}
[7.755128] (vehicle_core) StdoutLine: {'line': b'[ 13%] \x1b[34m\x1b[1mGenerating C type support dispatch for ROS interfaces\x1b[0m\n'}
[7.756691] (vehicle_core) StdoutLine: {'line': b'[ 13%] \x1b[34m\x1b[1mGenerating C type support for eProsima Fast-RTPS\x1b[0m\n'}
[7.757439] (vehicle_core) StdoutLine: {'line': b'[ 14%] \x1b[34m\x1b[1mGenerating C introspection for ROS interfaces\x1b[0m\n'}
[7.764753] (-) TimerEvent: {}
[7.865710] (-) TimerEvent: {}
[7.966940] (-) TimerEvent: {}
[8.070135] (-) TimerEvent: {}
[8.170924] (-) TimerEvent: {}
[8.249022] (vehicle_core) StdoutLine: {'line': b'[ 14%] \x1b[32mBuilding CXX object CMakeFiles/vehicle_core__rosidl_typesupport_cpp.dir/rosidl_typesupport_cpp/vehicle_core/msg/internal_drive_command__type_support.cpp.o\x1b[0m\n'}
[8.271114] (-) TimerEvent: {}
[8.272543] (vehicle_core) StdoutLine: {'line': b'[ 15%] \x1b[32mBuilding CXX object CMakeFiles/vehicle_core__rosidl_typesupport_cpp.dir/rosidl_typesupport_cpp/vehicle_core/msg/drive_target__type_support.cpp.o\x1b[0m\n'}
[8.371200] (-) TimerEvent: {}
[8.472128] (-) TimerEvent: {}
[8.573084] (-) TimerEvent: {}
[8.674160] (-) TimerEvent: {}
[8.775118] (-) TimerEvent: {}
[8.796479] (vehicle_core) StdoutLine: {'line': b'[ 16%] \x1b[32mBuilding CXX object CMakeFiles/vehicle_core__rosidl_typesupport_cpp.dir/rosidl_typesupport_cpp/vehicle_core/msg/manual_drive_command__type_support.cpp.o\x1b[0m\n'}
[8.869444] (vehicle_core) StdoutLine: {'line': b'[ 16%] \x1b[32mBuilding CXX object CMakeFiles/vehicle_core__rosidl_typesupport_cpp.dir/rosidl_typesupport_cpp/vehicle_core/msg/lights_command__type_support.cpp.o\x1b[0m\n'}
[8.875243] (-) TimerEvent: {}
[8.976122] (-) TimerEvent: {}
[9.076880] (-) TimerEvent: {}
[9.177577] (-) TimerEvent: {}
[9.278350] (-) TimerEvent: {}
[9.387493] (-) TimerEvent: {}
[9.487903] (vehicle_core) StdoutLine: {'line': b'[ 16%] \x1b[32mBuilding CXX object CMakeFiles/vehicle_core__rosidl_typesupport_cpp.dir/rosidl_typesupport_cpp/vehicle_core/msg/max_speed__type_support.cpp.o\x1b[0m\n'}
[9.488267] (-) TimerEvent: {}
[9.524326] (vehicle_core) StdoutLine: {'line': b'[ 17%] \x1b[32mBuilding CXX object CMakeFiles/vehicle_core__rosidl_typesupport_introspection_cpp.dir/rosidl_typesupport_introspection_cpp/vehicle_core/msg/detail/drive_target__type_support.cpp.o\x1b[0m\n'}
[9.588412] (-) TimerEvent: {}
[9.674517] (vehicle_core) StdoutLine: {'line': b'[ 18%] \x1b[32mBuilding CXX object CMakeFiles/vehicle_core__rosidl_typesupport_cpp.dir/rosidl_typesupport_cpp/vehicle_core/msg/autopilot_command__type_support.cpp.o\x1b[0m\n'}
[9.688542] (-) TimerEvent: {}
[9.789251] (-) TimerEvent: {}
[9.860631] (vehicle_core) StdoutLine: {'line': b'[ 19%] \x1b[32mBuilding CXX object CMakeFiles/vehicle_core__rosidl_typesupport_fastrtps_cpp.dir/rosidl_typesupport_fastrtps_cpp/vehicle_core/msg/detail/dds_fastrtps/drive_target__type_support.cpp.o\x1b[0m\n'}
[9.889377] (-) TimerEvent: {}
[9.989826] (-) TimerEvent: {}
[10.075300] (vehicle_core) StdoutLine: {'line': b'[ 19%] \x1b[32mBuilding CXX object CMakeFiles/vehicle_core__rosidl_typesupport_cpp.dir/rosidl_typesupport_cpp/vehicle_core/msg/lights_status__type_support.cpp.o\x1b[0m\n'}
[10.090050] (-) TimerEvent: {}
[10.190977] (-) TimerEvent: {}
[10.291822] (-) TimerEvent: {}
[10.350198] (vehicle_core) StdoutLine: {'line': b'[ 20%] \x1b[32mBuilding CXX object CMakeFiles/vehicle_core__rosidl_typesupport_cpp.dir/rosidl_typesupport_cpp/vehicle_core/msg/general_status__type_support.cpp.o\x1b[0m\n'}
[10.391928] (-) TimerEvent: {}
[10.492408] (-) TimerEvent: {}
[10.509504] (vehicle_core) StdoutLine: {'line': b'[ 20%] \x1b[32mBuilding CXX object CMakeFiles/vehicle_core__rosidl_typesupport_cpp.dir/rosidl_typesupport_cpp/vehicle_core/msg/drive_status__type_support.cpp.o\x1b[0m\n'}
[10.592675] (-) TimerEvent: {}
[10.693850] (-) TimerEvent: {}
[10.697342] (vehicle_core) StdoutLine: {'line': b'[ 20%] \x1b[32mBuilding CXX object CMakeFiles/vehicle_core__rosidl_typesupport_c.dir/rosidl_typesupport_c/vehicle_core/msg/drive_target__type_support.cpp.o\x1b[0m\n'}
[10.794067] (-) TimerEvent: {}
[10.798923] (vehicle_core) StdoutLine: {'line': b'[ 21%] \x1b[32mBuilding CXX object CMakeFiles/vehicle_core__rosidl_typesupport_c.dir/rosidl_typesupport_c/vehicle_core/msg/internal_drive_command__type_support.cpp.o\x1b[0m\n'}
[10.838281] (vehicle_core) StdoutLine: {'line': b'[ 21%] \x1b[32mBuilding CXX object CMakeFiles/vehicle_core__rosidl_typesupport_introspection_cpp.dir/rosidl_typesupport_introspection_cpp/vehicle_core/msg/detail/internal_drive_command__type_support.cpp.o\x1b[0m\n'}
[10.850849] (vehicle_core) StdoutLine: {'line': b'[ 21%] \x1b[32mBuilding CXX object CMakeFiles/vehicle_core__rosidl_typesupport_c.dir/rosidl_typesupport_c/vehicle_core/msg/manual_drive_command__type_support.cpp.o\x1b[0m\n'}
[10.879149] (vehicle_core) StdoutLine: {'line': b'[ 21%] \x1b[32mBuilding CXX object CMakeFiles/vehicle_core__rosidl_typesupport_c.dir/rosidl_typesupport_c/vehicle_core/msg/lights_command__type_support.cpp.o\x1b[0m\n'}
[10.894160] (-) TimerEvent: {}
[10.950453] (vehicle_core) StdoutLine: {'line': b'[ 22%] \x1b[32mBuilding CXX object CMakeFiles/vehicle_core__rosidl_typesupport_c.dir/rosidl_typesupport_c/vehicle_core/msg/max_speed__type_support.cpp.o\x1b[0m\n'}
[10.994302] (-) TimerEvent: {}
[10.996283] (vehicle_core) StdoutLine: {'line': b'[ 23%] \x1b[32mBuilding CXX object CMakeFiles/vehicle_core__rosidl_typesupport_cpp.dir/rosidl_typesupport_cpp/vehicle_core/msg/autopilot_status__type_support.cpp.o\x1b[0m\n'}
[10.997486] (vehicle_core) StdoutLine: {'line': b'[ 23%] \x1b[32mBuilding CXX object CMakeFiles/vehicle_core__rosidl_typesupport_c.dir/rosidl_typesupport_c/vehicle_core/msg/autopilot_command__type_support.cpp.o\x1b[0m\n'}
[10.998505] (vehicle_core) StdoutLine: {'line': b'[ 23%] \x1b[32mBuilding CXX object CMakeFiles/vehicle_core__rosidl_typesupport_fastrtps_cpp.dir/rosidl_typesupport_fastrtps_cpp/vehicle_core/msg/detail/dds_fastrtps/internal_drive_command__type_support.cpp.o\x1b[0m\n'}
[11.041071] (vehicle_core) StdoutLine: {'line': b'[ 24%] \x1b[32mBuilding CXX object CMakeFiles/vehicle_core__rosidl_typesupport_c.dir/rosidl_typesupport_c/vehicle_core/msg/lights_status__type_support.cpp.o\x1b[0m\n'}
[11.087491] (vehicle_core) StdoutLine: {'line': b'[ 24%] \x1b[32mBuilding CXX object CMakeFiles/vehicle_core__rosidl_typesupport_c.dir/rosidl_typesupport_c/vehicle_core/msg/general_status__type_support.cpp.o\x1b[0m\n'}
[11.094429] (-) TimerEvent: {}
[11.131378] (vehicle_core) StdoutLine: {'line': b'[ 25%] \x1b[32m\x1b[1mLinking CXX executable vehicle_core_container\x1b[0m\n'}
[11.153352] (vehicle_core) StdoutLine: {'line': b'[ 26%] \x1b[32mBuilding CXX object CMakeFiles/vehicle_core__rosidl_typesupport_c.dir/rosidl_typesupport_c/vehicle_core/msg/drive_status__type_support.cpp.o\x1b[0m\n'}
[11.192964] (vehicle_core) StdoutLine: {'line': b'[ 26%] \x1b[32mBuilding CXX object CMakeFiles/vehicle_core__rosidl_typesupport_cpp.dir/rosidl_typesupport_cpp/vehicle_core/msg/telemetry_data__type_support.cpp.o\x1b[0m\n'}
[11.194507] (-) TimerEvent: {}
[11.208005] (vehicle_core) StdoutLine: {'line': b'[ 26%] \x1b[32mBuilding CXX object CMakeFiles/vehicle_core__rosidl_typesupport_c.dir/rosidl_typesupport_c/vehicle_core/msg/autopilot_status__type_support.cpp.o\x1b[0m\n'}
[11.261748] (vehicle_core) StdoutLine: {'line': b'[ 27%] \x1b[32mBuilding CXX object CMakeFiles/vehicle_core__rosidl_typesupport_c.dir/rosidl_typesupport_c/vehicle_core/msg/telemetry_data__type_support.cpp.o\x1b[0m\n'}
[11.294676] (-) TimerEvent: {}
[11.368444] (vehicle_core) StdoutLine: {'line': b'[ 27%] \x1b[32mBuilding CXX object CMakeFiles/vehicle_core__rosidl_typesupport_c.dir/rosidl_typesupport_c/vehicle_core/msg/error__type_support.cpp.o\x1b[0m\n'}
[11.394888] (-) TimerEvent: {}
[11.485593] (vehicle_core) StdoutLine: {'line': b'[ 27%] \x1b[32mBuilding CXX object CMakeFiles/vehicle_core__rosidl_typesupport_c.dir/rosidl_typesupport_c/vehicle_core/msg/server_init__type_support.cpp.o\x1b[0m\n'}
[11.495039] (-) TimerEvent: {}
[11.513961] (vehicle_core) StdoutLine: {'line': b'[ 28%] \x1b[32mBuilding CXX object CMakeFiles/vehicle_core__rosidl_typesupport_introspection_cpp.dir/rosidl_typesupport_introspection_cpp/vehicle_core/msg/detail/manual_drive_command__type_support.cpp.o\x1b[0m\n'}
[11.577787] (vehicle_core) StdoutLine: {'line': b'[ 28%] \x1b[32mBuilding CXX object CMakeFiles/vehicle_core__rosidl_typesupport_introspection_cpp.dir/rosidl_typesupport_introspection_cpp/vehicle_core/msg/detail/lights_command__type_support.cpp.o\x1b[0m\n'}
[11.595290] (-) TimerEvent: {}
[11.612433] (vehicle_core) StdoutLine: {'line': b'[ 29%] \x1b[32mBuilding CXX object CMakeFiles/vehicle_core__rosidl_typesupport_c.dir/rosidl_typesupport_c/vehicle_core/msg/autopilot_config__type_support.cpp.o\x1b[0m\n'}
[11.695780] (-) TimerEvent: {}
[11.720144] (vehicle_core) StdoutLine: {'line': b'[ 30%] \x1b[32mBuilding CXX object CMakeFiles/vehicle_core__rosidl_typesupport_cpp.dir/rosidl_typesupport_cpp/vehicle_core/msg/error__type_support.cpp.o\x1b[0m\n'}
[11.727098] (vehicle_core) StdoutLine: {'line': b'[ 30%] \x1b[32mBuilding CXX object CMakeFiles/vehicle_core__rosidl_typesupport_c.dir/rosidl_typesupport_c/vehicle_core/msg/perception_profile__type_support.cpp.o\x1b[0m\n'}
[11.795914] (-) TimerEvent: {}
[11.867220] (vehicle_core) StdoutLine: {'line': b'[ 31%] \x1b[32mBuilding CXX object CMakeFiles/vehicle_core__rosidl_typesupport_c.dir/rosidl_typesupport_c/vehicle_core/msg/state_mode__type_support.cpp.o\x1b[0m\n'}
[11.873156] (vehicle_core) StdoutLine: {'line': b'[ 31%] Built target vehicle_core_container\n'}
[11.896045] (-) TimerEvent: {}
[11.899719] (vehicle_core) StdoutLine: {'line': b'[ 31%] \x1b[32mBuilding CXX object CMakeFiles/vehicle_core__rosidl_typesupport_c.dir/rosidl_typesupport_c/vehicle_core/msg/state_event__type_support.cpp.o\x1b[0m\n'}
[11.996300] (-) TimerEvent: {}
[11.998219] (vehicle_core) StdoutLine: {'line': b'[ 32%] \x1b[32mBuilding CXX object CMakeFiles/vehicle_core__rosidl_typesupport_c.dir/rosidl_typesupport_c/vehicle_core/msg/drive_feedback__type_support.cpp.o\x1b[0m\n'}
[12.055396] (vehicle_core) StdoutLine: {'line': b'[ 32%] \x1b[32mBuilding CXX object CMakeFiles/vehicle_core__rosidl_typesupport_c.dir/rosidl_typesupport_c/vehicle_core/msg/imu_status__type_support.cpp.o\x1b[0m\n'}
[12.096399] (-) TimerEvent: {}
[12.123690] (vehicle_core) StdoutLine: {'line': b'[ 33%] \x1b[32mBuilding CXX object CMakeFiles/vehicle_core__rosidl_typesupport_c.dir/rosidl_typesupport_c/vehicle_core/srv/request_internal_control__type_support.cpp.o\x1b[0m\n'}
[12.166792] (vehicle_core) StdoutLine: {'line': b'[ 33%] \x1b[32mBuilding CXX object CMakeFiles/vehicle_core__rosidl_typesupport_c.dir/rosidl_typesupport_c/vehicle_core/srv/release_internal_control__type_support.cpp.o\x1b[0m\n'}
[12.178850] (vehicle_core) StdoutLine: {'line': b'[ 34%] \x1b[32mBuilding CXX object CMakeFiles/vehicle_core__rosidl_typesupport_introspection_cpp.dir/rosidl_typesupport_introspection_cpp/vehicle_core/msg/detail/max_speed__type_support.cpp.o\x1b[0m\n'}
[12.194650] (vehicle_core) StdoutLine: {'line': b'[ 35%] \x1b[32mBuilding CXX object CMakeFiles/vehicle_core__rosidl_typesupport_fastrtps_cpp.dir/rosidl_typesupport_fastrtps_cpp/vehicle_core/msg/detail/dds_fastrtps/manual_drive_command__type_support.cpp.o\x1b[0m\n'}
[12.196444] (-) TimerEvent: {}
[12.286058] (vehicle_core) StdoutLine: {'line': b'[ 35%] \x1b[32mBuilding CXX object CMakeFiles/vehicle_core__rosidl_typesupport_fastrtps_cpp.dir/rosidl_typesupport_fastrtps_cpp/vehicle_core/msg/detail/dds_fastrtps/lights_command__type_support.cpp.o\x1b[0m\n'}
[12.296604] (-) TimerEvent: {}
[12.314280] (vehicle_core) StdoutLine: {'line': b'[ 35%] \x1b[32mBuilding CXX object CMakeFiles/vehicle_core__rosidl_typesupport_c.dir/rosidl_typesupport_c/vehicle_core/srv/set_autopilot_profile__type_support.cpp.o\x1b[0m\n'}
[12.325037] (vehicle_core) StdoutLine: {'line': b'[ 35%] \x1b[32mBuilding CXX object CMakeFiles/vehicle_core__rosidl_typesupport_introspection_cpp.dir/rosidl_typesupport_introspection_cpp/vehicle_core/msg/detail/autopilot_command__type_support.cpp.o\x1b[0m\n'}
[12.355150] (vehicle_core) StdoutLine: {'line': b'[ 35%] \x1b[32mBuilding CXX object CMakeFiles/vehicle_core__rosidl_typesupport_cpp.dir/rosidl_typesupport_cpp/vehicle_core/msg/server_init__type_support.cpp.o\x1b[0m\n'}
[12.396736] (-) TimerEvent: {}
[12.457373] (vehicle_core) StdoutLine: {'line': b'[ 36%] \x1b[32m\x1b[1mLinking CXX shared library libvehicle_core__rosidl_typesupport_c.so\x1b[0m\n'}
[12.496896] (-) TimerEvent: {}
[12.521449] (vehicle_core) StdoutLine: {'line': b'[ 36%] Built target vehicle_core__rosidl_typesupport_c\n'}
[12.537579] (vehicle_core) StdoutLine: {'line': b'[ 36%] \x1b[32mBuilding CXX object CMakeFiles/vehicle_core__rosidl_typesupport_fastrtps_c.dir/rosidl_typesupport_fastrtps_c/vehicle_core/msg/detail/drive_target__type_support_c.cpp.o\x1b[0m\n'}
[12.597041] (-) TimerEvent: {}
[12.678799] (vehicle_core) StdoutLine: {'line': b'[ 37%] \x1b[32mBuilding CXX object CMakeFiles/vehicle_core__rosidl_typesupport_fastrtps_c.dir/rosidl_typesupport_fastrtps_c/vehicle_core/msg/detail/internal_drive_command__type_support_c.cpp.o\x1b[0m\n'}
[12.697190] (-) TimerEvent: {}
[12.792085] (vehicle_core) StdoutLine: {'line': b'[ 37%] \x1b[32mBuilding C object CMakeFiles/vehicle_core__rosidl_typesupport_introspection_c.dir/rosidl_typesupport_introspection_c/vehicle_core/msg/detail/drive_target__type_support.c.o\x1b[0m\n'}
[12.797335] (-) TimerEvent: {}
[12.851190] (vehicle_core) StdoutLine: {'line': b'[ 38%] \x1b[32mBuilding CXX object CMakeFiles/vehicle_core__rosidl_typesupport_introspection_cpp.dir/rosidl_typesupport_introspection_cpp/vehicle_core/msg/detail/lights_status__type_support.cpp.o\x1b[0m\n'}
[12.897488] (-) TimerEvent: {}
[12.955254] (vehicle_core) StdoutLine: {'line': b'[ 39%] \x1b[32mBuilding CXX object CMakeFiles/vehicle_core__rosidl_typesupport_fastrtps_cpp.dir/rosidl_typesupport_fastrtps_cpp/vehicle_core/msg/detail/dds_fastrtps/max_speed__type_support.cpp.o\x1b[0m\n'}
[12.956787] (vehicle_core) StdoutLine: {'line': b'[ 40%] \x1b[32mBuilding C object CMakeFiles/vehicle_core__rosidl_typesupport_introspection_c.dir/rosidl_typesupport_introspection_c/vehicle_core/msg/detail/internal_drive_command__type_support.c.o\x1b[0m\n'}
[12.997637] (-) TimerEvent: {}
[13.075209] (vehicle_core) StdoutLine: {'line': b'[ 40%] \x1b[32mBuilding C object CMakeFiles/vehicle_core__rosidl_typesupport_introspection_c.dir/rosidl_typesupport_introspection_c/vehicle_core/msg/detail/manual_drive_command__type_support.c.o\x1b[0m\n'}
[13.086427] (vehicle_core) StdoutLine: {'line': b'[ 40%] \x1b[32mBuilding CXX object CMakeFiles/vehicle_core__rosidl_typesupport_cpp.dir/rosidl_typesupport_cpp/vehicle_core/msg/autopilot_config__type_support.cpp.o\x1b[0m\n'}
[13.104553] (-) TimerEvent: {}
[13.209440] (-) TimerEvent: {}
[13.226491] (vehicle_core) StdoutLine: {'line': b'[ 41%] \x1b[32mBuilding C object CMakeFiles/vehicle_core__rosidl_typesupport_introspection_c.dir/rosidl_typesupport_introspection_c/vehicle_core/msg/detail/lights_command__type_support.c.o\x1b[0m\n'}
[13.270951] (vehicle_core) StdoutLine: {'line': b'[ 41%] \x1b[32mBuilding C object CMakeFiles/vehicle_core__rosidl_typesupport_introspection_c.dir/rosidl_typesupport_introspection_c/vehicle_core/msg/detail/max_speed__type_support.c.o\x1b[0m\n'}
[13.302825] (vehicle_core) StdoutLine: {'line': b'[ 42%] \x1b[32mBuilding C object CMakeFiles/vehicle_core__rosidl_typesupport_introspection_c.dir/rosidl_typesupport_introspection_c/vehicle_core/msg/detail/autopilot_command__type_support.c.o\x1b[0m\n'}
[13.309573] (-) TimerEvent: {}
[13.395769] (vehicle_core) StdoutLine: {'line': b'[ 43%] \x1b[32mBuilding CXX object CMakeFiles/vehicle_core__rosidl_typesupport_cpp.dir/rosidl_typesupport_cpp/vehicle_core/msg/perception_profile__type_support.cpp.o\x1b[0m\n'}
[13.407894] (vehicle_core) StdoutLine: {'line': b'[ 43%] \x1b[32mBuilding C object CMakeFiles/vehicle_core__rosidl_typesupport_introspection_c.dir/rosidl_typesupport_introspection_c/vehicle_core/msg/detail/lights_status__type_support.c.o\x1b[0m\n'}
[13.409668] (-) TimerEvent: {}
[13.493680] (vehicle_core) StdoutLine: {'line': b'[ 43%] \x1b[32mBuilding CXX object CMakeFiles/vehicle_core__rosidl_typesupport_introspection_cpp.dir/rosidl_typesupport_introspection_cpp/vehicle_core/msg/detail/general_status__type_support.cpp.o\x1b[0m\n'}
[13.509824] (-) TimerEvent: {}
[13.579516] (vehicle_core) StdoutLine: {'line': b'[ 43%] \x1b[32mBuilding C object CMakeFiles/vehicle_core__rosidl_typesupport_introspection_c.dir/rosidl_typesupport_introspection_c/vehicle_core/msg/detail/general_status__type_support.c.o\x1b[0m\n'}
[13.609973] (-) TimerEvent: {}
[13.612284] (vehicle_core) StdoutLine: {'line': b'[ 43%] \x1b[32mBuilding CXX object CMakeFiles/vehicle_core__rosidl_typesupport_fastrtps_c.dir/rosidl_typesupport_fastrtps_c/vehicle_core/msg/detail/manual_drive_command__type_support_c.cpp.o\x1b[0m\n'}
[13.628466] (vehicle_core) StdoutLine: {'line': b'[ 44%] \x1b[32mBuilding C object CMakeFiles/vehicle_core__rosidl_typesupport_introspection_c.dir/rosidl_typesupport_introspection_c/vehicle_core/msg/detail/drive_status__type_support.c.o\x1b[0m\n'}
[13.677424] (vehicle_core) StdoutLine: {'line': b'[ 44%] \x1b[32mBuilding CXX object CMakeFiles/vehicle_core__rosidl_typesupport_fastrtps_cpp.dir/rosidl_typesupport_fastrtps_cpp/vehicle_core/msg/detail/dds_fastrtps/autopilot_command__type_support.cpp.o\x1b[0m\n'}
[13.700357] (vehicle_core) StdoutLine: {'line': b'[ 44%] \x1b[32mBuilding C object CMakeFiles/vehicle_core__rosidl_typesupport_introspection_c.dir/rosidl_typesupport_introspection_c/vehicle_core/msg/detail/autopilot_status__type_support.c.o\x1b[0m\n'}
[13.710143] (-) TimerEvent: {}
[13.811078] (-) TimerEvent: {}
[13.863626] (vehicle_core) StdoutLine: {'line': b'[ 45%] \x1b[32mBuilding C object CMakeFiles/vehicle_core__rosidl_typesupport_introspection_c.dir/rosidl_typesupport_introspection_c/vehicle_core/msg/detail/telemetry_data__type_support.c.o\x1b[0m\n'}
[13.911248] (-) TimerEvent: {}
[13.914553] (vehicle_core) StdoutLine: {'line': b'[ 45%] \x1b[32mBuilding C object CMakeFiles/vehicle_core__rosidl_typesupport_introspection_c.dir/rosidl_typesupport_introspection_c/vehicle_core/msg/detail/error__type_support.c.o\x1b[0m\n'}
[13.970218] (vehicle_core) StdoutLine: {'line': b'[ 46%] \x1b[32mBuilding C object CMakeFiles/vehicle_core__rosidl_typesupport_introspection_c.dir/rosidl_typesupport_introspection_c/vehicle_core/msg/detail/server_init__type_support.c.o\x1b[0m\n'}
[14.003694] (vehicle_core) StdoutLine: {'line': b'[ 46%] \x1b[32mBuilding CXX object CMakeFiles/vehicle_core__rosidl_typesupport_cpp.dir/rosidl_typesupport_cpp/vehicle_core/msg/state_mode__type_support.cpp.o\x1b[0m\n'}
[14.011551] (-) TimerEvent: {}
[14.019265] (vehicle_core) StdoutLine: {'line': b'[ 46%] \x1b[32mBuilding CXX object CMakeFiles/vehicle_core__rosidl_typesupport_fastrtps_cpp.dir/rosidl_typesupport_fastrtps_cpp/vehicle_core/msg/detail/dds_fastrtps/lights_status__type_support.cpp.o\x1b[0m\n'}
[14.031113] (vehicle_core) StdoutLine: {'line': b'[ 46%] \x1b[32mBuilding C object CMakeFiles/vehicle_core__rosidl_typesupport_introspection_c.dir/rosidl_typesupport_introspection_c/vehicle_core/msg/detail/autopilot_config__type_support.c.o\x1b[0m\n'}
[14.098824] (vehicle_core) StdoutLine: {'line': b'[ 47%] \x1b[32mBuilding C object CMakeFiles/vehicle_core__rosidl_typesupport_introspection_c.dir/rosidl_typesupport_introspection_c/vehicle_core/msg/detail/perception_profile__type_support.c.o\x1b[0m\n'}
[14.111688] (-) TimerEvent: {}
[14.149879] (vehicle_core) StdoutLine: {'line': b'[ 47%] \x1b[32mBuilding C object CMakeFiles/vehicle_core__rosidl_typesupport_introspection_c.dir/rosidl_typesupport_introspection_c/vehicle_core/msg/detail/state_mode__type_support.c.o\x1b[0m\n'}
[14.170727] (vehicle_core) StdoutLine: {'line': b'[ 47%] \x1b[32mBuilding CXX object CMakeFiles/vehicle_core__rosidl_typesupport_introspection_cpp.dir/rosidl_typesupport_introspection_cpp/vehicle_core/msg/detail/drive_status__type_support.cpp.o\x1b[0m\n'}
[14.211834] (-) TimerEvent: {}
[14.228647] (vehicle_core) StdoutLine: {'line': b'[ 48%] \x1b[32mBuilding CXX object CMakeFiles/vehicle_core__rosidl_typesupport_introspection_cpp.dir/rosidl_typesupport_introspection_cpp/vehicle_core/msg/detail/autopilot_status__type_support.cpp.o\x1b[0m\n'}
[14.279792] (vehicle_core) StdoutLine: {'line': b'[ 49%] \x1b[32mBuilding CXX object CMakeFiles/vehicle_core__rosidl_typesupport_fastrtps_c.dir/rosidl_typesupport_fastrtps_c/vehicle_core/msg/detail/lights_command__type_support_c.cpp.o\x1b[0m\n'}
[14.284223] (vehicle_core) StdoutLine: {'line': b'[ 49%] \x1b[32mBuilding C object CMakeFiles/vehicle_core__rosidl_typesupport_introspection_c.dir/rosidl_typesupport_introspection_c/vehicle_core/msg/detail/state_event__type_support.c.o\x1b[0m\n'}
[14.311973] (-) TimerEvent: {}
[14.361539] (vehicle_core) StdoutLine: {'line': b'[ 49%] \x1b[32mBuilding CXX object CMakeFiles/vehicle_core__rosidl_typesupport_fastrtps_c.dir/rosidl_typesupport_fastrtps_c/vehicle_core/msg/detail/max_speed__type_support_c.cpp.o\x1b[0m\n'}
[14.412142] (-) TimerEvent: {}
[14.460031] (vehicle_core) StdoutLine: {'line': b'[ 50%] \x1b[32mBuilding C object CMakeFiles/vehicle_core__rosidl_typesupport_introspection_c.dir/rosidl_typesupport_introspection_c/vehicle_core/msg/detail/drive_feedback__type_support.c.o\x1b[0m\n'}
[14.512371] (-) TimerEvent: {}
[14.569801] (vehicle_core) StdoutLine: {'line': b'[ 50%] \x1b[32mBuilding C object CMakeFiles/vehicle_core__rosidl_typesupport_introspection_c.dir/rosidl_typesupport_introspection_c/vehicle_core/msg/detail/imu_status__type_support.c.o\x1b[0m\n'}
[14.612509] (-) TimerEvent: {}
[14.674057] (vehicle_core) StdoutLine: {'line': b'[ 51%] \x1b[32mBuilding C object CMakeFiles/vehicle_core__rosidl_typesupport_introspection_c.dir/rosidl_typesupport_introspection_c/vehicle_core/srv/detail/request_internal_control__type_support.c.o\x1b[0m\n'}
[14.712642] (-) TimerEvent: {}
[14.719730] (vehicle_core) StdoutLine: {'line': b'[ 52%] \x1b[32mBuilding CXX object CMakeFiles/vehicle_core__rosidl_typesupport_cpp.dir/rosidl_typesupport_cpp/vehicle_core/msg/state_event__type_support.cpp.o\x1b[0m\n'}
[14.765605] (vehicle_core) StdoutLine: {'line': b'[ 52%] \x1b[32mBuilding C object CMakeFiles/vehicle_core__rosidl_typesupport_introspection_c.dir/rosidl_typesupport_introspection_c/vehicle_core/srv/detail/release_internal_control__type_support.c.o\x1b[0m\n'}
[14.812781] (-) TimerEvent: {}
[14.833108] (vehicle_core) StdoutLine: {'line': b'[ 53%] \x1b[32mBuilding C object CMakeFiles/vehicle_core__rosidl_typesupport_introspection_c.dir/rosidl_typesupport_introspection_c/vehicle_core/srv/detail/set_autopilot_profile__type_support.c.o\x1b[0m\n'}
[14.835474] (vehicle_core) StdoutLine: {'line': b'[ 53%] \x1b[32mBuilding CXX object CMakeFiles/vehicle_core__rosidl_typesupport_introspection_cpp.dir/rosidl_typesupport_introspection_cpp/vehicle_core/msg/detail/telemetry_data__type_support.cpp.o\x1b[0m\n'}
[14.848174] (vehicle_core) StdoutLine: {'line': b'[ 53%] \x1b[32mBuilding CXX object CMakeFiles/vehicle_core__rosidl_typesupport_cpp.dir/rosidl_typesupport_cpp/vehicle_core/msg/drive_feedback__type_support.cpp.o\x1b[0m\n'}
[14.912915] (-) TimerEvent: {}
[14.956805] (vehicle_core) StdoutLine: {'line': b'[ 53%] \x1b[32m\x1b[1mLinking C shared library libvehicle_core__rosidl_typesupport_introspection_c.so\x1b[0m\n'}
[14.995780] (vehicle_core) StdoutLine: {'line': b'[ 54%] \x1b[32mBuilding CXX object CMakeFiles/vehicle_core__rosidl_typesupport_fastrtps_cpp.dir/rosidl_typesupport_fastrtps_cpp/vehicle_core/msg/detail/dds_fastrtps/general_status__type_support.cpp.o\x1b[0m\n'}
[15.013066] (-) TimerEvent: {}
[15.113794] (-) TimerEvent: {}
[15.118855] (vehicle_core) StdoutLine: {'line': b'[ 54%] Built target vehicle_core__rosidl_typesupport_introspection_c\n'}
[15.176189] (vehicle_core) StdoutLine: {'line': b'[ 55%] \x1b[32mBuilding CXX object CMakeFiles/vehicle_core__rosidl_typesupport_introspection_cpp.dir/rosidl_typesupport_introspection_cpp/vehicle_core/msg/detail/error__type_support.cpp.o\x1b[0m\n'}
[15.213933] (-) TimerEvent: {}
[15.281219] (vehicle_core) StdoutLine: {'line': b'[ 56%] \x1b[32mBuilding CXX object CMakeFiles/vehicle_core__rosidl_typesupport_cpp.dir/rosidl_typesupport_cpp/vehicle_core/msg/imu_status__type_support.cpp.o\x1b[0m\n'}
[15.314079] (-) TimerEvent: {}
[15.391657] (vehicle_core) StdoutLine: {'line': b'[ 56%] \x1b[32mBuilding CXX object CMakeFiles/vehicle_core__rosidl_typesupport_introspection_cpp.dir/rosidl_typesupport_introspection_cpp/vehicle_core/msg/detail/server_init__type_support.cpp.o\x1b[0m\n'}
[15.407235] (vehicle_core) StdoutLine: {'line': b'[ 56%] \x1b[32mBuilding CXX object CMakeFiles/vehicle_core__rosidl_typesupport_cpp.dir/rosidl_typesupport_cpp/vehicle_core/srv/request_internal_control__type_support.cpp.o\x1b[0m\n'}
[15.414216] (-) TimerEvent: {}
[15.475272] (vehicle_core) StdoutLine: {'line': b'[ 57%] \x1b[32mBuilding CXX object CMakeFiles/vehicle_core__rosidl_typesupport_introspection_cpp.dir/rosidl_typesupport_introspection_cpp/vehicle_core/msg/detail/autopilot_config__type_support.cpp.o\x1b[0m\n'}
[15.514360] (-) TimerEvent: {}
[15.604856] (vehicle_core) StdoutLine: {'line': b'[ 57%] \x1b[32mBuilding CXX object CMakeFiles/vehicle_core__rosidl_typesupport_fastrtps_c.dir/rosidl_typesupport_fastrtps_c/vehicle_core/msg/detail/autopilot_command__type_support_c.cpp.o\x1b[0m\n'}
[15.614501] (-) TimerEvent: {}
[15.715601] (-) TimerEvent: {}
[15.816544] (-) TimerEvent: {}
[15.917493] (-) TimerEvent: {}
[15.964296] (vehicle_core) StdoutLine: {'line': b'[ 57%] \x1b[32mBuilding CXX object CMakeFiles/vehicle_core__rosidl_typesupport_introspection_cpp.dir/rosidl_typesupport_introspection_cpp/vehicle_core/msg/detail/perception_profile__type_support.cpp.o\x1b[0m\n'}
[16.000821] (vehicle_core) StdoutLine: {'line': b'[ 57%] \x1b[32mBuilding CXX object CMakeFiles/vehicle_core__rosidl_typesupport_fastrtps_cpp.dir/rosidl_typesupport_fastrtps_cpp/vehicle_core/msg/detail/dds_fastrtps/drive_status__type_support.cpp.o\x1b[0m\n'}
[16.002220] (vehicle_core) StdoutLine: {'line': b'[ 57%] \x1b[32mBuilding CXX object CMakeFiles/vehicle_core__rosidl_typesupport_cpp.dir/rosidl_typesupport_cpp/vehicle_core/srv/release_internal_control__type_support.cpp.o\x1b[0m\n'}
[16.017634] (-) TimerEvent: {}
[16.093707] (vehicle_core) StdoutLine: {'line': b'[ 58%] \x1b[32mBuilding CXX object CMakeFiles/vehicle_core__rosidl_typesupport_cpp.dir/rosidl_typesupport_cpp/vehicle_core/srv/set_autopilot_profile__type_support.cpp.o\x1b[0m\n'}
[16.117788] (-) TimerEvent: {}
[16.218528] (-) TimerEvent: {}
[16.297951] (vehicle_core) StdoutLine: {'line': b'[ 59%] \x1b[32mBuilding CXX object CMakeFiles/vehicle_core__rosidl_typesupport_introspection_cpp.dir/rosidl_typesupport_introspection_cpp/vehicle_core/msg/detail/state_mode__type_support.cpp.o\x1b[0m\n'}
[16.318667] (-) TimerEvent: {}
[16.386677] (vehicle_core) StdoutLine: {'line': b'[ 60%] \x1b[32mBuilding CXX object CMakeFiles/vehicle_core__rosidl_typesupport_fastrtps_c.dir/rosidl_typesupport_fastrtps_c/vehicle_core/msg/detail/lights_status__type_support_c.cpp.o\x1b[0m\n'}
[16.418845] (-) TimerEvent: {}
[16.435365] (vehicle_core) StdoutLine: {'line': b'[ 60%] \x1b[32mBuilding CXX object CMakeFiles/vehicle_core__rosidl_typesupport_fastrtps_c.dir/rosidl_typesupport_fastrtps_c/vehicle_core/msg/detail/general_status__type_support_c.cpp.o\x1b[0m\n'}
[16.468900] (vehicle_core) StdoutLine: {'line': b'[ 60%] \x1b[32mBuilding CXX object CMakeFiles/vehicle_core__rosidl_typesupport_introspection_cpp.dir/rosidl_typesupport_introspection_cpp/vehicle_core/msg/detail/state_event__type_support.cpp.o\x1b[0m\n'}
[16.518976] (-) TimerEvent: {}
[16.561773] (vehicle_core) StdoutLine: {'line': b'[ 60%] \x1b[32mBuilding CXX object CMakeFiles/vehicle_core__rosidl_typesupport_introspection_cpp.dir/rosidl_typesupport_introspection_cpp/vehicle_core/msg/detail/drive_feedback__type_support.cpp.o\x1b[0m\n'}
[16.619107] (-) TimerEvent: {}
[16.719713] (-) TimerEvent: {}
[16.820441] (-) TimerEvent: {}
[16.921226] (-) TimerEvent: {}
[16.955609] (vehicle_core) StdoutLine: {'line': b'[ 61%] \x1b[32mBuilding CXX object CMakeFiles/vehicle_core__rosidl_typesupport_fastrtps_c.dir/rosidl_typesupport_fastrtps_c/vehicle_core/msg/detail/drive_status__type_support_c.cpp.o\x1b[0m\n'}
[17.021367] (-) TimerEvent: {}
[17.122660] (-) TimerEvent: {}
[17.198712] (vehicle_core) StdoutLine: {'line': b'[ 62%] \x1b[32mBuilding CXX object CMakeFiles/vehicle_core__rosidl_typesupport_introspection_cpp.dir/rosidl_typesupport_introspection_cpp/vehicle_core/msg/detail/imu_status__type_support.cpp.o\x1b[0m\n'}
[17.222800] (-) TimerEvent: {}
[17.275669] (vehicle_core) StdoutLine: {'line': b'[ 62%] \x1b[32mBuilding CXX object CMakeFiles/vehicle_core__rosidl_typesupport_fastrtps_c.dir/rosidl_typesupport_fastrtps_c/vehicle_core/msg/detail/autopilot_status__type_support_c.cpp.o\x1b[0m\n'}
[17.277610] (vehicle_core) StdoutLine: {'line': b'[ 63%] \x1b[32mBuilding CXX object CMakeFiles/vehicle_core__rosidl_typesupport_fastrtps_c.dir/rosidl_typesupport_fastrtps_c/vehicle_core/msg/detail/telemetry_data__type_support_c.cpp.o\x1b[0m\n'}
[17.287011] (vehicle_core) StdoutLine: {'line': b'[ 63%] \x1b[32m\x1b[1mLinking CXX shared library libvehicle_core__rosidl_typesupport_cpp.so\x1b[0m\n'}
[17.322938] (-) TimerEvent: {}
[17.423822] (-) TimerEvent: {}
[17.475182] (vehicle_core) StdoutLine: {'line': b'[ 63%] Built target vehicle_core__rosidl_typesupport_cpp\n'}
[17.488451] (vehicle_core) StdoutLine: {'line': b'[ 63%] \x1b[32mBuilding CXX object CMakeFiles/vehicle_core__rosidl_typesupport_fastrtps_c.dir/rosidl_typesupport_fastrtps_c/vehicle_core/msg/detail/error__type_support_c.cpp.o\x1b[0m\n'}
[17.523953] (-) TimerEvent: {}
[17.579518] (vehicle_core) StdoutLine: {'line': b'[ 64%] \x1b[32mBuilding CXX object CMakeFiles/vehicle_core__rosidl_typesupport_fastrtps_c.dir/rosidl_typesupport_fastrtps_c/vehicle_core/msg/detail/server_init__type_support_c.cpp.o\x1b[0m\n'}
[17.624105] (-) TimerEvent: {}
[17.724972] (-) TimerEvent: {}
[17.736049] (vehicle_core) StdoutLine: {'line': b'[ 64%] \x1b[32mBuilding CXX object CMakeFiles/vehicle_core__rosidl_typesupport_introspection_cpp.dir/rosidl_typesupport_introspection_cpp/vehicle_core/srv/detail/request_internal_control__type_support.cpp.o\x1b[0m\n'}
[17.825114] (-) TimerEvent: {}
[17.877439] (vehicle_core) StdoutLine: {'line': b'[ 64%] \x1b[32mBuilding CXX object CMakeFiles/vehicle_core__rosidl_typesupport_fastrtps_c.dir/rosidl_typesupport_fastrtps_c/vehicle_core/msg/detail/autopilot_config__type_support_c.cpp.o\x1b[0m\n'}
[17.898824] (vehicle_core) StdoutLine: {'line': b'[ 64%] \x1b[32mBuilding CXX object CMakeFiles/vehicle_core__rosidl_typesupport_fastrtps_c.dir/rosidl_typesupport_fastrtps_c/vehicle_core/msg/detail/perception_profile__type_support_c.cpp.o\x1b[0m\n'}
[17.925267] (-) TimerEvent: {}
[17.993013] (vehicle_core) StdoutLine: {'line': b'[ 65%] \x1b[32mBuilding CXX object CMakeFiles/vehicle_core__rosidl_typesupport_introspection_cpp.dir/rosidl_typesupport_introspection_cpp/vehicle_core/srv/detail/release_internal_control__type_support.cpp.o\x1b[0m\n'}
[18.025410] (-) TimerEvent: {}
[18.118374] (vehicle_core) StdoutLine: {'line': b'[ 66%] \x1b[32mBuilding CXX object CMakeFiles/vehicle_core__rosidl_typesupport_fastrtps_cpp.dir/rosidl_typesupport_fastrtps_cpp/vehicle_core/msg/detail/dds_fastrtps/autopilot_status__type_support.cpp.o\x1b[0m\n'}
[18.125542] (-) TimerEvent: {}
[18.176462] (vehicle_core) StdoutLine: {'line': b'[ 66%] \x1b[32mBuilding CXX object CMakeFiles/vehicle_core__rosidl_typesupport_introspection_cpp.dir/rosidl_typesupport_introspection_cpp/vehicle_core/srv/detail/set_autopilot_profile__type_support.cpp.o\x1b[0m\n'}
[18.225676] (-) TimerEvent: {}
[18.326580] (-) TimerEvent: {}
[18.365501] (vehicle_core) StdoutLine: {'line': b'[ 67%] \x1b[32mBuilding CXX object CMakeFiles/vehicle_core__rosidl_typesupport_fastrtps_c.dir/rosidl_typesupport_fastrtps_c/vehicle_core/msg/detail/state_mode__type_support_c.cpp.o\x1b[0m\n'}
[18.426725] (-) TimerEvent: {}
[18.497810] (vehicle_core) StdoutLine: {'line': b'[ 67%] \x1b[32mBuilding CXX object CMakeFiles/vehicle_core__rosidl_typesupport_fastrtps_c.dir/rosidl_typesupport_fastrtps_c/vehicle_core/msg/detail/state_event__type_support_c.cpp.o\x1b[0m\n'}
[18.526862] (-) TimerEvent: {}
[18.627964] (-) TimerEvent: {}
[18.729025] (-) TimerEvent: {}
[18.784609] (vehicle_core) StdoutLine: {'line': b'[ 68%] \x1b[32mBuilding CXX object CMakeFiles/vehicle_core__rosidl_typesupport_fastrtps_c.dir/rosidl_typesupport_fastrtps_c/vehicle_core/msg/detail/drive_feedback__type_support_c.cpp.o\x1b[0m\n'}
[18.829166] (-) TimerEvent: {}
[18.891271] (vehicle_core) StdoutLine: {'line': b'[ 68%] \x1b[32mBuilding CXX object CMakeFiles/vehicle_core__rosidl_typesupport_fastrtps_cpp.dir/rosidl_typesupport_fastrtps_cpp/vehicle_core/msg/detail/dds_fastrtps/telemetry_data__type_support.cpp.o\x1b[0m\n'}
[18.929304] (-) TimerEvent: {}
[19.007942] (vehicle_core) StdoutLine: {'line': b'[ 68%] \x1b[32mBuilding CXX object CMakeFiles/vehicle_core__rosidl_typesupport_fastrtps_c.dir/rosidl_typesupport_fastrtps_c/vehicle_core/msg/detail/imu_status__type_support_c.cpp.o\x1b[0m\n'}
[19.029441] (-) TimerEvent: {}
[19.130191] (-) TimerEvent: {}
[19.183321] (vehicle_core) StdoutLine: {'line': b'[ 69%] \x1b[32mBuilding CXX object CMakeFiles/vehicle_core__rosidl_typesupport_fastrtps_c.dir/rosidl_typesupport_fastrtps_c/vehicle_core/srv/detail/request_internal_control__type_support_c.cpp.o\x1b[0m\n'}
[19.230326] (-) TimerEvent: {}
[19.266015] (vehicle_core) StdoutLine: {'line': b'[ 69%] \x1b[32mBuilding CXX object CMakeFiles/vehicle_core__rosidl_typesupport_fastrtps_c.dir/rosidl_typesupport_fastrtps_c/vehicle_core/srv/detail/release_internal_control__type_support_c.cpp.o\x1b[0m\n'}
[19.318503] (vehicle_core) StdoutLine: {'line': b'[ 70%] \x1b[32mBuilding CXX object CMakeFiles/vehicle_core__rosidl_typesupport_fastrtps_c.dir/rosidl_typesupport_fastrtps_c/vehicle_core/srv/detail/set_autopilot_profile__type_support_c.cpp.o\x1b[0m\n'}
[19.330489] (-) TimerEvent: {}
[19.431224] (-) TimerEvent: {}
[19.500801] (vehicle_core) StdoutLine: {'line': b'[ 71%] \x1b[32mBuilding CXX object CMakeFiles/vehicle_core__rosidl_typesupport_fastrtps_cpp.dir/rosidl_typesupport_fastrtps_cpp/vehicle_core/msg/detail/dds_fastrtps/error__type_support.cpp.o\x1b[0m\n'}
[19.531374] (-) TimerEvent: {}
[19.633202] (-) TimerEvent: {}
[19.661496] (vehicle_core) StdoutLine: {'line': b'[ 71%] \x1b[32mBuilding CXX object CMakeFiles/vehicle_core__rosidl_typesupport_fastrtps_cpp.dir/rosidl_typesupport_fastrtps_cpp/vehicle_core/msg/detail/dds_fastrtps/server_init__type_support.cpp.o\x1b[0m\n'}
[19.676246] (vehicle_core) StdoutLine: {'line': b'[ 72%] \x1b[32mBuilding CXX object CMakeFiles/vehicle_core__rosidl_typesupport_fastrtps_cpp.dir/rosidl_typesupport_fastrtps_cpp/vehicle_core/msg/detail/dds_fastrtps/autopilot_config__type_support.cpp.o\x1b[0m\n'}
[19.733321] (-) TimerEvent: {}
[19.834233] (-) TimerEvent: {}
[19.884258] (vehicle_core) StdoutLine: {'line': b'[ 72%] \x1b[32mBuilding CXX object CMakeFiles/vehicle_core__rosidl_typesupport_fastrtps_cpp.dir/rosidl_typesupport_fastrtps_cpp/vehicle_core/msg/detail/dds_fastrtps/perception_profile__type_support.cpp.o\x1b[0m\n'}
[19.934399] (-) TimerEvent: {}
[19.962957] (vehicle_core) StdoutLine: {'line': b'[ 73%] \x1b[32m\x1b[1mLinking CXX shared library libvehicle_core__rosidl_typesupport_introspection_cpp.so\x1b[0m\n'}
[19.999135] (vehicle_core) StdoutLine: {'line': b'[ 73%] \x1b[32mBuilding CXX object CMakeFiles/vehicle_core__rosidl_typesupport_fastrtps_cpp.dir/rosidl_typesupport_fastrtps_cpp/vehicle_core/msg/detail/dds_fastrtps/state_mode__type_support.cpp.o\x1b[0m\n'}
[20.034533] (-) TimerEvent: {}
[20.135403] (-) TimerEvent: {}
[20.219176] (vehicle_core) StdoutLine: {'line': b'[ 73%] Built target vehicle_core__rosidl_typesupport_introspection_cpp\n'}
[20.235646] (-) TimerEvent: {}
[20.253001] (vehicle_core) StdoutLine: {'line': b'[ 74%] \x1b[32mBuilding CXX object CMakeFiles/vehicle_core__rosidl_typesupport_fastrtps_cpp.dir/rosidl_typesupport_fastrtps_cpp/vehicle_core/msg/detail/dds_fastrtps/state_event__type_support.cpp.o\x1b[0m\n'}
[20.287743] (vehicle_core) StdoutLine: {'line': b'[ 74%] \x1b[32mBuilding CXX object CMakeFiles/vehicle_core__rosidl_typesupport_fastrtps_cpp.dir/rosidl_typesupport_fastrtps_cpp/vehicle_core/msg/detail/dds_fastrtps/drive_feedback__type_support.cpp.o\x1b[0m\n'}
[20.335837] (-) TimerEvent: {}
[20.437342] (-) TimerEvent: {}
[20.477941] (vehicle_core) StdoutLine: {'line': b'[ 75%] \x1b[32mBuilding CXX object CMakeFiles/vehicle_core__rosidl_typesupport_fastrtps_cpp.dir/rosidl_typesupport_fastrtps_cpp/vehicle_core/msg/detail/dds_fastrtps/imu_status__type_support.cpp.o\x1b[0m\n'}
[20.537641] (-) TimerEvent: {}
[20.582562] (vehicle_core) StdoutLine: {'line': b'[ 75%] \x1b[32mBuilding CXX object CMakeFiles/vehicle_core__rosidl_typesupport_fastrtps_cpp.dir/rosidl_typesupport_fastrtps_cpp/vehicle_core/srv/detail/dds_fastrtps/request_internal_control__type_support.cpp.o\x1b[0m\n'}
[20.639906] (-) TimerEvent: {}
[20.741858] (-) TimerEvent: {}
[20.744102] (vehicle_core) StdoutLine: {'line': b'[ 75%] \x1b[32m\x1b[1mLinking CXX shared library libvehicle_core__rosidl_typesupport_fastrtps_c.so\x1b[0m\n'}
[20.764031] (vehicle_core) StdoutLine: {'line': b'[ 76%] \x1b[32mBuilding CXX object CMakeFiles/vehicle_core__rosidl_typesupport_fastrtps_cpp.dir/rosidl_typesupport_fastrtps_cpp/vehicle_core/srv/detail/dds_fastrtps/release_internal_control__type_support.cpp.o\x1b[0m\n'}
[20.841966] (-) TimerEvent: {}
[20.942851] (-) TimerEvent: {}
[20.987856] (vehicle_core) StdoutLine: {'line': b'[ 76%] \x1b[32mBuilding CXX object CMakeFiles/vehicle_core__rosidl_typesupport_fastrtps_cpp.dir/rosidl_typesupport_fastrtps_cpp/vehicle_core/srv/detail/dds_fastrtps/set_autopilot_profile__type_support.cpp.o\x1b[0m\n'}
[21.042990] (-) TimerEvent: {}
[21.137640] (vehicle_core) StdoutLine: {'line': b'[ 76%] Built target vehicle_core__rosidl_typesupport_fastrtps_c\n'}
[21.143299] (-) TimerEvent: {}
[21.245138] (-) TimerEvent: {}
[21.347824] (-) TimerEvent: {}
[21.448871] (-) TimerEvent: {}
[21.549738] (-) TimerEvent: {}
[21.650657] (-) TimerEvent: {}
[21.751930] (-) TimerEvent: {}
[21.853141] (-) TimerEvent: {}
[21.954403] (-) TimerEvent: {}
[22.021734] (vehicle_core) StdoutLine: {'line': b'[ 76%] \x1b[32m\x1b[1mLinking CXX shared library libvehicle_core__rosidl_typesupport_fastrtps_cpp.so\x1b[0m\n'}
[22.054668] (-) TimerEvent: {}
[22.155829] (-) TimerEvent: {}
[22.256911] (-) TimerEvent: {}
[22.283362] (vehicle_core) StdoutLine: {'line': b'[ 76%] Built target vehicle_core__rosidl_typesupport_fastrtps_cpp\n'}
[22.351060] (vehicle_core) StdoutLine: {'line': b'[ 76%] Built target vehicle_core\n'}
[22.357013] (-) TimerEvent: {}
[22.401390] (vehicle_core) StdoutLine: {'line': b'[ 78%] \x1b[32mBuilding CXX object CMakeFiles/drive_arbiter_node_component.dir/src/drive_arbiter.cpp.o\x1b[0m\n'}
[22.402575] (vehicle_core) StdoutLine: {'line': b'[ 78%] \x1b[32mBuilding CXX object CMakeFiles/i2c_bridge_node.dir/src/i2c_bridge_node.cpp.o\x1b[0m\n'}
[22.412615] (vehicle_core) StdoutLine: {'line': b'[ 78%] \x1b[32mBuilding CXX object CMakeFiles/tcp_server_node_component.dir/src/tcp_server_node.cpp.o\x1b[0m\n'}
[22.419045] (vehicle_core) StdoutLine: {'line': b'[ 78%] \x1b[32mBuilding CXX object CMakeFiles/autopilot_node_component.dir/src/Autopilot/autopilot_node.cpp.o\x1b[0m\n'}
[22.423243] (vehicle_core) StdoutLine: {'line': b'[ 78%] \x1b[34m\x1b[1mGenerating Python code for ROS interfaces\x1b[0m\n'}
[22.424136] (vehicle_core) StdoutLine: {'line': b'[ 79%] \x1b[32mBuilding CXX object CMakeFiles/heading_calibrator_node_component.dir/src/heading_calibrator_node.cpp.o\x1b[0m\n'}
[22.427296] (vehicle_core) StdoutLine: {'line': b'[ 79%] \x1b[32mBuilding CXX object CMakeFiles/state_manager_node_component.dir/src/state_manager.cpp.o\x1b[0m\n'}
[22.428454] (vehicle_core) StdoutLine: {'line': b'[ 79%] \x1b[32mBuilding CXX object CMakeFiles/gt_u7_gps_node_component.dir/src/gt_u7_gps_node.cpp.o\x1b[0m\n'}
[22.457211] (-) TimerEvent: {}
[22.558404] (-) TimerEvent: {}
[22.659859] (-) TimerEvent: {}
[22.762102] (-) TimerEvent: {}
[22.863745] (-) TimerEvent: {}
[22.964971] (-) TimerEvent: {}
[23.066940] (-) TimerEvent: {}
[23.168990] (-) TimerEvent: {}
[23.271087] (-) TimerEvent: {}
[23.372140] (-) TimerEvent: {}
[23.473057] (-) TimerEvent: {}
[23.574013] (-) TimerEvent: {}
[23.675069] (-) TimerEvent: {}
[23.776350] (-) TimerEvent: {}
[23.877306] (-) TimerEvent: {}
[23.978269] (-) TimerEvent: {}
[24.079264] (-) TimerEvent: {}
[24.180267] (-) TimerEvent: {}
[24.281216] (-) TimerEvent: {}
[24.382241] (-) TimerEvent: {}
[24.483176] (-) TimerEvent: {}
[24.584110] (-) TimerEvent: {}
[24.685121] (-) TimerEvent: {}
[24.786111] (-) TimerEvent: {}
[24.887100] (-) TimerEvent: {}
[24.988054] (-) TimerEvent: {}
[25.088977] (-) TimerEvent: {}
[25.189884] (-) TimerEvent: {}
[25.290803] (-) TimerEvent: {}
[25.391790] (-) TimerEvent: {}
[25.493450] (-) TimerEvent: {}
[25.594374] (-) TimerEvent: {}
[25.695318] (-) TimerEvent: {}
[25.796734] (-) TimerEvent: {}
[25.898258] (-) TimerEvent: {}
[25.999481] (-) TimerEvent: {}
[26.100745] (-) TimerEvent: {}
[26.202001] (-) TimerEvent: {}
[26.303262] (-) TimerEvent: {}
[26.404491] (-) TimerEvent: {}
[26.505737] (-) TimerEvent: {}
[26.606938] (-) TimerEvent: {}
[26.708173] (-) TimerEvent: {}
[26.809563] (-) TimerEvent: {}
[26.910831] (-) TimerEvent: {}
[27.012106] (-) TimerEvent: {}
[27.113341] (-) TimerEvent: {}
[27.214700] (-) TimerEvent: {}
[27.316024] (-) TimerEvent: {}
[27.417552] (-) TimerEvent: {}
[27.518838] (-) TimerEvent: {}
[27.620088] (-) TimerEvent: {}
[27.721369] (-) TimerEvent: {}
[27.822642] (-) TimerEvent: {}
[27.923879] (-) TimerEvent: {}
[28.025173] (-) TimerEvent: {}
[28.126464] (-) TimerEvent: {}
[28.227763] (-) TimerEvent: {}
[28.329064] (-) TimerEvent: {}
[28.430429] (-) TimerEvent: {}
[28.531710] (-) TimerEvent: {}
[28.632979] (-) TimerEvent: {}
[28.734320] (-) TimerEvent: {}
[28.835566] (-) TimerEvent: {}
[28.936828] (-) TimerEvent: {}
[29.038141] (-) TimerEvent: {}
[29.139452] (-) TimerEvent: {}
[29.240751] (-) TimerEvent: {}
[29.342000] (-) TimerEvent: {}
[29.443256] (-) TimerEvent: {}
[29.544531] (-) TimerEvent: {}
[29.645802] (-) TimerEvent: {}
[29.747097] (-) TimerEvent: {}
[29.848389] (-) TimerEvent: {}
[29.949703] (-) TimerEvent: {}
[30.051059] (-) TimerEvent: {}
[30.152437] (-) TimerEvent: {}
[30.253906] (-) TimerEvent: {}
[30.355216] (-) TimerEvent: {}
[30.456502] (-) TimerEvent: {}
[30.557750] (-) TimerEvent: {}
[30.658935] (-) TimerEvent: {}
[30.760689] (-) TimerEvent: {}
[30.862073] (-) TimerEvent: {}
[30.963323] (-) TimerEvent: {}
[31.064456] (-) TimerEvent: {}
[31.165612] (-) TimerEvent: {}
[31.266950] (-) TimerEvent: {}
[31.368287] (-) TimerEvent: {}
[31.470222] (-) TimerEvent: {}
[31.571921] (-) TimerEvent: {}
[31.673251] (-) TimerEvent: {}
[31.774976] (-) TimerEvent: {}
[31.876688] (-) TimerEvent: {}
[31.978346] (-) TimerEvent: {}
[32.080026] (-) TimerEvent: {}
[32.181740] (-) TimerEvent: {}
[32.283585] (-) TimerEvent: {}
[32.385480] (-) TimerEvent: {}
[32.487284] (-) TimerEvent: {}
[32.588774] (-) TimerEvent: {}
[32.690213] (-) TimerEvent: {}
[32.776779] (vehicle_core) StdoutLine: {'line': b'[ 79%] Built target vehicle_core__py\n'}
[32.790317] (-) TimerEvent: {}
[32.807547] (vehicle_core) StdoutLine: {'line': b'[ 80%] \x1b[32mBuilding CXX object CMakeFiles/gst_camera_component.dir/src/gst_camera_node.cpp.o\x1b[0m\n'}
[32.890471] (-) TimerEvent: {}
[32.991472] (-) TimerEvent: {}
[33.092542] (-) TimerEvent: {}
[33.193560] (-) TimerEvent: {}
[33.294464] (-) TimerEvent: {}
[33.395259] (-) TimerEvent: {}
[33.496011] (-) TimerEvent: {}
[33.596954] (-) TimerEvent: {}
[33.698015] (-) TimerEvent: {}
[33.798945] (-) TimerEvent: {}
[33.899888] (-) TimerEvent: {}
[34.000872] (-) TimerEvent: {}
[34.101662] (-) TimerEvent: {}
[34.202311] (-) TimerEvent: {}
[34.302934] (-) TimerEvent: {}
[34.403381] (-) TimerEvent: {}
[34.436449] (vehicle_core) StdoutLine: {'line': b'[ 81%] \x1b[32mBuilding CXX object CMakeFiles/gt_u7_gps_node_component.dir/src/Devices/GtU7Gps.cpp.o\x1b[0m\n'}
[34.503525] (-) TimerEvent: {}
[34.604352] (-) TimerEvent: {}
[34.705169] (-) TimerEvent: {}
[34.806012] (-) TimerEvent: {}
[34.906893] (-) TimerEvent: {}
[35.007494] (-) TimerEvent: {}
[35.108389] (-) TimerEvent: {}
[35.209362] (-) TimerEvent: {}
[35.310327] (-) TimerEvent: {}
[35.410964] (-) TimerEvent: {}
[35.511857] (-) TimerEvent: {}
[35.612819] (-) TimerEvent: {}
[35.713617] (-) TimerEvent: {}
[35.814482] (-) TimerEvent: {}
[35.915245] (-) TimerEvent: {}
[35.999886] (vehicle_core) StdoutLine: {'line': b'[ 81%] \x1b[32m\x1b[1mLinking CXX shared library libgt_u7_gps_node_component.so\x1b[0m\n'}
[36.015412] (-) TimerEvent: {}
[36.116367] (-) TimerEvent: {}
[36.217363] (-) TimerEvent: {}
[36.318329] (-) TimerEvent: {}
[36.419066] (-) TimerEvent: {}
[36.520036] (-) TimerEvent: {}
[36.620874] (-) TimerEvent: {}
[36.721675] (-) TimerEvent: {}
[36.787021] (vehicle_core) StdoutLine: {'line': b'[ 81%] Built target gt_u7_gps_node_component\n'}
[36.821821] (-) TimerEvent: {}
[36.852448] (vehicle_core) StdoutLine: {'line': b'[ 82%] \x1b[32mBuilding C object CMakeFiles/vehicle_core__rosidl_generator_py.dir/rosidl_generator_py/vehicle_core/msg/_drive_target_s.c.o\x1b[0m\n'}
[36.935489] (-) TimerEvent: {}
[37.035947] (-) TimerEvent: {}
[37.136409] (-) TimerEvent: {}
[37.237038] (-) TimerEvent: {}
[37.257413] (vehicle_core) StdoutLine: {'line': b'[ 82%] \x1b[32mBuilding C object CMakeFiles/vehicle_core__rosidl_generator_py.dir/rosidl_generator_py/vehicle_core/msg/_internal_drive_command_s.c.o\x1b[0m\n'}
[37.337165] (-) TimerEvent: {}
[37.437775] (-) TimerEvent: {}
[37.538483] (-) TimerEvent: {}
[37.638964] (vehicle_core) StdoutLine: {'line': b'[ 82%] \x1b[32mBuilding C object CMakeFiles/vehicle_core__rosidl_generator_py.dir/rosidl_generator_py/vehicle_core/msg/_manual_drive_command_s.c.o\x1b[0m\n'}
[37.640506] (-) TimerEvent: {}
[37.741308] (-) TimerEvent: {}
[37.842318] (-) TimerEvent: {}
[37.942826] (vehicle_core) StdoutLine: {'line': b'[ 83%] \x1b[32mBuilding C object CMakeFiles/vehicle_core__rosidl_generator_py.dir/rosidl_generator_py/vehicle_core/msg/_lights_command_s.c.o\x1b[0m\n'}
[37.943165] (-) TimerEvent: {}
[38.043778] (-) TimerEvent: {}
[38.145733] (-) TimerEvent: {}
[38.246409] (-) TimerEvent: {}
[38.319373] (vehicle_core) StdoutLine: {'line': b'[ 83%] \x1b[32mBuilding C object CMakeFiles/vehicle_core__rosidl_generator_py.dir/rosidl_generator_py/vehicle_core/msg/_max_speed_s.c.o\x1b[0m\n'}
[38.346547] (-) TimerEvent: {}
[38.447292] (-) TimerEvent: {}
[38.548131] (-) TimerEvent: {}
[38.648966] (-) TimerEvent: {}
[38.749781] (-) TimerEvent: {}
[38.825766] (vehicle_core) StdoutLine: {'line': b'[ 84%] \x1b[32mBuilding C object CMakeFiles/vehicle_core__rosidl_generator_py.dir/rosidl_generator_py/vehicle_core/msg/_autopilot_command_s.c.o\x1b[0m\n'}
[38.849916] (-) TimerEvent: {}
[38.950606] (-) TimerEvent: {}
[39.051563] (-) TimerEvent: {}
[39.105993] (vehicle_core) StdoutLine: {'line': b'[ 84%] \x1b[32mBuilding C object CMakeFiles/vehicle_core__rosidl_generator_py.dir/rosidl_generator_py/vehicle_core/msg/_lights_status_s.c.o\x1b[0m\n'}
[39.151713] (-) TimerEvent: {}
[39.252748] (-) TimerEvent: {}
[39.353721] (-) TimerEvent: {}
[39.454534] (-) TimerEvent: {}
[39.554891] (vehicle_core) StdoutLine: {'line': b'[ 85%] \x1b[32mBuilding C object CMakeFiles/vehicle_core__rosidl_generator_py.dir/rosidl_generator_py/vehicle_core/msg/_general_status_s.c.o\x1b[0m\n'}
[39.555704] (-) TimerEvent: {}
[39.656403] (-) TimerEvent: {}
[39.757421] (-) TimerEvent: {}
[39.771960] (vehicle_core) StdoutLine: {'line': b'[ 85%] \x1b[32mBuilding C object CMakeFiles/vehicle_core__rosidl_generator_py.dir/rosidl_generator_py/vehicle_core/msg/_drive_status_s.c.o\x1b[0m\n'}
[39.857565] (-) TimerEvent: {}
[39.958536] (-) TimerEvent: {}
[40.023247] (vehicle_core) StdoutLine: {'line': b'[ 85%] \x1b[32mBuilding C object CMakeFiles/vehicle_core__rosidl_generator_py.dir/rosidl_generator_py/vehicle_core/msg/_autopilot_status_s.c.o\x1b[0m\n'}
[40.058701] (-) TimerEvent: {}
[40.159768] (-) TimerEvent: {}
[40.260884] (-) TimerEvent: {}
[40.361871] (-) TimerEvent: {}
[40.444404] (vehicle_core) StdoutLine: {'line': b'[ 86%] \x1b[32mBuilding C object CMakeFiles/vehicle_core__rosidl_generator_py.dir/rosidl_generator_py/vehicle_core/msg/_telemetry_data_s.c.o\x1b[0m\n'}
[40.462009] (-) TimerEvent: {}
[40.562463] (-) TimerEvent: {}
[40.663062] (-) TimerEvent: {}
[40.763671] (-) TimerEvent: {}
[40.864304] (-) TimerEvent: {}
[40.878140] (vehicle_core) StdoutLine: {'line': b'[ 86%] \x1b[32mBuilding C object CMakeFiles/vehicle_core__rosidl_generator_py.dir/rosidl_generator_py/vehicle_core/msg/_error_s.c.o\x1b[0m\n'}
[40.964448] (-) TimerEvent: {}
[41.065229] (-) TimerEvent: {}
[41.166014] (-) TimerEvent: {}
[41.266797] (-) TimerEvent: {}
[41.287607] (vehicle_core) StdoutLine: {'line': b'[ 87%] \x1b[32mBuilding C object CMakeFiles/vehicle_core__rosidl_generator_py.dir/rosidl_generator_py/vehicle_core/msg/_server_init_s.c.o\x1b[0m\n'}
[41.366966] (-) TimerEvent: {}
[41.467883] (-) TimerEvent: {}
[41.568661] (-) TimerEvent: {}
[41.641512] (vehicle_core) StdoutLine: {'line': b'[ 87%] \x1b[32mBuilding C object CMakeFiles/vehicle_core__rosidl_generator_py.dir/rosidl_generator_py/vehicle_core/msg/_autopilot_config_s.c.o\x1b[0m\n'}
[41.668797] (-) TimerEvent: {}
[41.770157] (-) TimerEvent: {}
[41.870962] (-) TimerEvent: {}
[41.971709] (-) TimerEvent: {}
[42.049223] (vehicle_core) StdoutLine: {'line': b'[ 88%] \x1b[32mBuilding C object CMakeFiles/vehicle_core__rosidl_generator_py.dir/rosidl_generator_py/vehicle_core/msg/_perception_profile_s.c.o\x1b[0m\n'}
[42.071837] (-) TimerEvent: {}
[42.173289] (-) TimerEvent: {}
[42.274246] (-) TimerEvent: {}
[42.375067] (-) TimerEvent: {}
[42.422177] (vehicle_core) StdoutLine: {'line': b'[ 88%] \x1b[32mBuilding C object CMakeFiles/vehicle_core__rosidl_generator_py.dir/rosidl_generator_py/vehicle_core/msg/_state_mode_s.c.o\x1b[0m\n'}
[42.475231] (-) TimerEvent: {}
[42.576180] (-) TimerEvent: {}
[42.677129] (-) TimerEvent: {}
[42.700058] (vehicle_core) StdoutLine: {'line': b'[ 89%] \x1b[32mBuilding C object CMakeFiles/vehicle_core__rosidl_generator_py.dir/rosidl_generator_py/vehicle_core/msg/_state_event_s.c.o\x1b[0m\n'}
[42.777275] (-) TimerEvent: {}
[42.878253] (-) TimerEvent: {}
[42.979276] (-) TimerEvent: {}
[42.990511] (vehicle_core) StdoutLine: {'line': b'[ 89%] \x1b[32mBuilding C object CMakeFiles/vehicle_core__rosidl_generator_py.dir/rosidl_generator_py/vehicle_core/msg/_drive_feedback_s.c.o\x1b[0m\n'}
[43.079419] (-) TimerEvent: {}
[43.180382] (-) TimerEvent: {}
[43.211769] (vehicle_core) StdoutLine: {'line': b'[ 89%] \x1b[32mBuilding C object CMakeFiles/vehicle_core__rosidl_generator_py.dir/rosidl_generator_py/vehicle_core/msg/_imu_status_s.c.o\x1b[0m\n'}
[43.280521] (-) TimerEvent: {}
[43.381283] (-) TimerEvent: {}
[43.482069] (-) TimerEvent: {}
[43.531189] (vehicle_core) StdoutLine: {'line': b'[ 90%] \x1b[32mBuilding C object CMakeFiles/vehicle_core__rosidl_generator_py.dir/rosidl_generator_py/vehicle_core/srv/_request_internal_control_s.c.o\x1b[0m\n'}
[43.582211] (-) TimerEvent: {}
[43.682809] (-) TimerEvent: {}
[43.792156] (-) TimerEvent: {}
[43.902153] (-) TimerEvent: {}
[44.002787] (-) TimerEvent: {}
[44.103440] (-) TimerEvent: {}
[44.204109] (-) TimerEvent: {}
[44.245720] (vehicle_core) StdoutLine: {'line': b'[ 90%] \x1b[32mBuilding C object CMakeFiles/vehicle_core__rosidl_generator_py.dir/rosidl_generator_py/vehicle_core/srv/_release_internal_control_s.c.o\x1b[0m\n'}
[44.304285] (-) TimerEvent: {}
[44.428801] (-) TimerEvent: {}
[44.535494] (-) TimerEvent: {}
[44.636118] (-) TimerEvent: {}
[44.646049] (vehicle_core) StdoutLine: {'line': b'[ 91%] \x1b[32mBuilding C object CMakeFiles/vehicle_core__rosidl_generator_py.dir/rosidl_generator_py/vehicle_core/srv/_set_autopilot_profile_s.c.o\x1b[0m\n'}
[44.736260] (-) TimerEvent: {}
[44.837026] (-) TimerEvent: {}
[44.937802] (-) TimerEvent: {}
[45.038553] (-) TimerEvent: {}
[45.139352] (-) TimerEvent: {}
[45.152220] (vehicle_core) StdoutLine: {'line': b'[ 91%] \x1b[32m\x1b[1mLinking C shared library rosidl_generator_py/vehicle_core/libvehicle_core__rosidl_generator_py.so\x1b[0m\n'}
[45.239495] (-) TimerEvent: {}
[45.340451] (-) TimerEvent: {}
[45.417155] (vehicle_core) StdoutLine: {'line': b'[ 91%] Built target vehicle_core__rosidl_generator_py\n'}
[45.440606] (-) TimerEvent: {}
[45.530899] (vehicle_core) StdoutLine: {'line': b'[ 91%] \x1b[32mBuilding C object CMakeFiles/vehicle_core__rosidl_typesupport_fastrtps_c__pyext.dir/rosidl_generator_py/vehicle_core/_vehicle_core_s.ep.rosidl_typesupport_fastrtps_c.c.o\x1b[0m\n'}
[45.540749] (-) TimerEvent: {}
[45.643522] (-) TimerEvent: {}
[45.744496] (-) TimerEvent: {}
[45.845573] (-) TimerEvent: {}
[45.946664] (-) TimerEvent: {}
[46.047422] (-) TimerEvent: {}
[46.148166] (-) TimerEvent: {}
[46.190819] (vehicle_core) StdoutLine: {'line': b'[ 92%] \x1b[32m\x1b[1mLinking C shared library rosidl_generator_py/vehicle_core/vehicle_core_s__rosidl_typesupport_fastrtps_c.cpython-310-aarch64-linux-gnu.so\x1b[0m\n'}
[46.248318] (-) TimerEvent: {}
[46.349084] (-) TimerEvent: {}
[46.417271] (vehicle_core) StdoutLine: {'line': b'[ 92%] Built target vehicle_core__rosidl_typesupport_fastrtps_c__pyext\n'}
[46.449190] (-) TimerEvent: {}
[46.466223] (vehicle_core) StdoutLine: {'line': b'[ 92%] \x1b[32mBuilding CXX object CMakeFiles/autopilot_node_component.dir/src/Autopilot/KmlPathLoader.cpp.o\x1b[0m\n'}
[46.549337] (-) TimerEvent: {}
[46.649940] (-) TimerEvent: {}
[46.750641] (-) TimerEvent: {}
[46.851584] (-) TimerEvent: {}
[46.952575] (-) TimerEvent: {}
[47.053561] (-) TimerEvent: {}
[47.155267] (-) TimerEvent: {}
[47.256192] (-) TimerEvent: {}
[47.357066] (-) TimerEvent: {}
[47.457988] (-) TimerEvent: {}
[47.559054] (-) TimerEvent: {}
[47.660274] (-) TimerEvent: {}
[47.761217] (-) TimerEvent: {}
[47.862139] (-) TimerEvent: {}
[47.963072] (-) TimerEvent: {}
[48.072140] (-) TimerEvent: {}
[48.173236] (-) TimerEvent: {}
[48.273672] (-) TimerEvent: {}
[48.376794] (-) TimerEvent: {}
[48.477396] (-) TimerEvent: {}
[48.552644] (vehicle_core) StdoutLine: {'line': b'[ 93%] \x1b[32mBuilding CXX object CMakeFiles/autopilot_node_component.dir/src/Autopilot/PurePursuit.cpp.o\x1b[0m\n'}
[48.577573] (-) TimerEvent: {}
[48.678750] (-) TimerEvent: {}
[48.779701] (-) TimerEvent: {}
[48.880661] (-) TimerEvent: {}
[48.981644] (-) TimerEvent: {}
[49.082669] (-) TimerEvent: {}
[49.183662] (-) TimerEvent: {}
[49.284422] (-) TimerEvent: {}
[49.385199] (-) TimerEvent: {}
[49.485973] (-) TimerEvent: {}
[49.582498] (vehicle_core) StdoutLine: {'line': b'[ 93%] \x1b[32mBuilding CXX object CMakeFiles/i2c_bridge_node.dir/src/Devices/I2C/I2CBus.cpp.o\x1b[0m\n'}
[49.587651] (-) TimerEvent: {}
[49.690010] (-) TimerEvent: {}
[49.791809] (-) TimerEvent: {}
[49.894204] (-) TimerEvent: {}
[49.996674] (-) TimerEvent: {}
[50.098465] (-) TimerEvent: {}
[50.200090] (-) TimerEvent: {}
[50.301776] (-) TimerEvent: {}
[50.403086] (-) TimerEvent: {}
[50.504445] (-) TimerEvent: {}
[50.605863] (-) TimerEvent: {}
[50.708031] (-) TimerEvent: {}
[50.809357] (-) TimerEvent: {}
[50.872907] (vehicle_core) StdoutLine: {'line': b'[ 94%] \x1b[32mBuilding CXX object CMakeFiles/i2c_bridge_node.dir/src/Devices/I2C/I2CBusRegistry.cpp.o\x1b[0m\n'}
[50.909468] (-) TimerEvent: {}
[51.010528] (-) TimerEvent: {}
[51.112175] (-) TimerEvent: {}
[51.213259] (-) TimerEvent: {}
[51.314249] (-) TimerEvent: {}
[51.415087] (-) TimerEvent: {}
[51.515883] (-) TimerEvent: {}
[51.616764] (-) TimerEvent: {}
[51.717437] (-) TimerEvent: {}
[51.818151] (-) TimerEvent: {}
[51.919024] (-) TimerEvent: {}
[52.019685] (-) TimerEvent: {}
[52.120647] (-) TimerEvent: {}
[52.232138] (-) TimerEvent: {}
[52.332585] (-) TimerEvent: {}
[52.433638] (-) TimerEvent: {}
[52.534673] (-) TimerEvent: {}
[52.635553] (-) TimerEvent: {}
[52.736461] (-) TimerEvent: {}
[52.837253] (-) TimerEvent: {}
[52.938188] (-) TimerEvent: {}
[53.039227] (-) TimerEvent: {}
[53.140172] (-) TimerEvent: {}
[53.241140] (-) TimerEvent: {}
[53.342148] (-) TimerEvent: {}
[53.443050] (-) TimerEvent: {}
[53.543843] (-) TimerEvent: {}
[53.644604] (-) TimerEvent: {}
[53.745462] (-) TimerEvent: {}
[53.846249] (-) TimerEvent: {}
[53.869609] (vehicle_core) StdoutLine: {'line': b'[ 94%] \x1b[32mBuilding CXX object CMakeFiles/i2c_bridge_node.dir/src/Devices/I2C/I2CDevice.cpp.o\x1b[0m\n'}
[53.946400] (-) TimerEvent: {}
[54.064210] (-) TimerEvent: {}
[54.166600] (-) TimerEvent: {}
[54.190398] (vehicle_core) StdoutLine: {'line': b'[ 95%] \x1b[32m\x1b[1mLinking CXX shared library libstate_manager_node_component.so\x1b[0m\n'}
[54.266744] (-) TimerEvent: {}
[54.367741] (-) TimerEvent: {}
[54.469371] (-) TimerEvent: {}
[54.570206] (-) TimerEvent: {}
[54.671108] (-) TimerEvent: {}
[54.771798] (-) TimerEvent: {}
[54.815744] (vehicle_core) StdoutLine: {'line': b'[ 95%] \x1b[32mBuilding CXX object CMakeFiles/i2c_bridge_node.dir/src/Devices/BNO055.cpp.o\x1b[0m\n'}
[54.871928] (-) TimerEvent: {}
[54.930265] (vehicle_core) StdoutLine: {'line': b'[ 95%] \x1b[32m\x1b[1mLinking CXX shared library libgst_camera_component.so\x1b[0m\n'}
[54.972078] (-) TimerEvent: {}
[55.072873] (-) TimerEvent: {}
[55.175228] (-) TimerEvent: {}
[55.275999] (-) TimerEvent: {}
[55.376624] (-) TimerEvent: {}
[55.477435] (-) TimerEvent: {}
[55.578262] (-) TimerEvent: {}
[55.679300] (-) TimerEvent: {}
[55.780200] (-) TimerEvent: {}
[55.881059] (-) TimerEvent: {}
[55.981949] (-) TimerEvent: {}
[56.082687] (-) TimerEvent: {}
[56.183709] (-) TimerEvent: {}
[56.284654] (-) TimerEvent: {}
[56.385733] (-) TimerEvent: {}
[56.486877] (-) TimerEvent: {}
[56.587687] (-) TimerEvent: {}
[56.688513] (-) TimerEvent: {}
[56.789200] (-) TimerEvent: {}
[56.889854] (-) TimerEvent: {}
[56.990663] (-) TimerEvent: {}
[57.092090] (-) TimerEvent: {}
[57.193681] (-) TimerEvent: {}
[57.252631] (vehicle_core) StdoutLine: {'line': b'[ 95%] Built target gst_camera_component\n'}
[57.268208] (vehicle_core) StdoutLine: {'line': b'[ 96%] \x1b[32mBuilding CXX object CMakeFiles/i2c_bridge_node.dir/src/Devices/DriveSubsys.cpp.o\x1b[0m\n'}
[57.293812] (-) TimerEvent: {}
[57.379521] (vehicle_core) StdoutLine: {'line': b'[ 96%] \x1b[32mBuilding CXX object CMakeFiles/i2c_bridge_node.dir/src/Devices/LightingSubsys.cpp.o\x1b[0m\n'}
[57.393965] (-) TimerEvent: {}
[57.494742] (-) TimerEvent: {}
[57.595624] (-) TimerEvent: {}
[57.697044] (-) TimerEvent: {}
[57.798252] (-) TimerEvent: {}
[57.899170] (-) TimerEvent: {}
[58.000068] (-) TimerEvent: {}
[58.100880] (-) TimerEvent: {}
[58.209199] (-) TimerEvent: {}
[58.309608] (-) TimerEvent: {}
[58.410375] (-) TimerEvent: {}
[58.511240] (-) TimerEvent: {}
[58.519197] (vehicle_core) StdoutLine: {'line': b'[ 97%] \x1b[32mBuilding C object CMakeFiles/vehicle_core__rosidl_typesupport_introspection_c__pyext.dir/rosidl_generator_py/vehicle_core/_vehicle_core_s.ep.rosidl_typesupport_introspection_c.c.o\x1b[0m\n'}
[58.611373] (-) TimerEvent: {}
[58.653490] (vehicle_core) StdoutLine: {'line': b'[ 97%] Built target state_manager_node_component\n'}
[58.711544] (-) TimerEvent: {}
[58.748799] (vehicle_core) StdoutLine: {'line': b'[ 97%] \x1b[32mBuilding C object CMakeFiles/vehicle_core__rosidl_typesupport_c__pyext.dir/rosidl_generator_py/vehicle_core/_vehicle_core_s.ep.rosidl_typesupport_c.c.o\x1b[0m\n'}
[58.811684] (-) TimerEvent: {}
[58.912794] (-) TimerEvent: {}
[59.013980] (-) TimerEvent: {}
[59.089020] (vehicle_core) StdoutLine: {'line': b'[ 97%] \x1b[32m\x1b[1mLinking C shared library rosidl_generator_py/vehicle_core/vehicle_core_s__rosidl_typesupport_introspection_c.cpython-310-aarch64-linux-gnu.so\x1b[0m\n'}
[59.114129] (-) TimerEvent: {}
[59.215116] (-) TimerEvent: {}
[59.242823] (vehicle_core) StdoutLine: {'line': b'[ 97%] Built target vehicle_core__rosidl_typesupport_introspection_c__pyext\n'}
[59.315242] (-) TimerEvent: {}
[59.415917] (-) TimerEvent: {}
[59.516385] (-) TimerEvent: {}
[59.591739] (vehicle_core) StdoutLine: {'line': b'[ 98%] \x1b[32m\x1b[1mLinking C shared library rosidl_generator_py/vehicle_core/vehicle_core_s__rosidl_typesupport_c.cpython-310-aarch64-linux-gnu.so\x1b[0m\n'}
[59.616654] (-) TimerEvent: {}
[59.718467] (-) TimerEvent: {}
[59.807855] (vehicle_core) StdoutLine: {'line': b'[ 98%] Built target vehicle_core__rosidl_typesupport_c__pyext\n'}
[59.818811] (-) TimerEvent: {}
[59.920920] (-) TimerEvent: {}
[60.023058] (-) TimerEvent: {}
[60.124467] (-) TimerEvent: {}
[60.225760] (-) TimerEvent: {}
[60.327553] (-) TimerEvent: {}
[60.428747] (-) TimerEvent: {}
[60.530568] (-) TimerEvent: {}
[60.632523] (-) TimerEvent: {}
[60.664327] (vehicle_core) StdoutLine: {'line': b'[ 98%] \x1b[32m\x1b[1mLinking CXX shared library libautopilot_node_component.so\x1b[0m\n'}
[60.732781] (-) TimerEvent: {}
[60.834211] (-) TimerEvent: {}
[60.935422] (-) TimerEvent: {}
[61.036277] (-) TimerEvent: {}
[61.137138] (-) TimerEvent: {}
[61.238100] (-) TimerEvent: {}
[61.339845] (-) TimerEvent: {}
[61.441339] (-) TimerEvent: {}
[61.542361] (-) TimerEvent: {}
[61.643832] (-) TimerEvent: {}
[61.746101] (-) TimerEvent: {}
[61.847136] (-) TimerEvent: {}
[61.948970] (-) TimerEvent: {}
[62.050084] (-) TimerEvent: {}
[62.151167] (-) TimerEvent: {}
[62.253045] (-) TimerEvent: {}
[62.354040] (-) TimerEvent: {}
[62.455047] (-) TimerEvent: {}
[62.556132] (-) TimerEvent: {}
[62.657517] (-) TimerEvent: {}
[62.758622] (-) TimerEvent: {}
[62.859634] (-) TimerEvent: {}
[62.961812] (-) TimerEvent: {}
[63.062972] (-) TimerEvent: {}
[63.164115] (-) TimerEvent: {}
[63.265572] (-) TimerEvent: {}
[63.368564] (-) TimerEvent: {}
[63.469793] (-) TimerEvent: {}
[63.570999] (-) TimerEvent: {}
[63.672948] (-) TimerEvent: {}
[63.773982] (-) TimerEvent: {}
[63.875122] (-) TimerEvent: {}
[63.976991] (-) TimerEvent: {}
[64.079192] (-) TimerEvent: {}
[64.180196] (-) TimerEvent: {}
[64.281288] (-) TimerEvent: {}
[64.382244] (-) TimerEvent: {}
[64.483233] (-) TimerEvent: {}
[64.584384] (-) TimerEvent: {}
[64.685479] (-) TimerEvent: {}
[64.786530] (-) TimerEvent: {}
[64.887856] (-) TimerEvent: {}
[64.989065] (-) TimerEvent: {}
[65.090209] (-) TimerEvent: {}
[65.191161] (-) TimerEvent: {}
[65.292591] (-) TimerEvent: {}
[65.394108] (-) TimerEvent: {}
[65.495526] (-) TimerEvent: {}
[65.596501] (-) TimerEvent: {}
[65.697489] (-) TimerEvent: {}
[65.798524] (-) TimerEvent: {}
[65.900058] (-) TimerEvent: {}
[66.001048] (-) TimerEvent: {}
[66.101899] (-) TimerEvent: {}
[66.203831] (-) TimerEvent: {}
[66.308814] (-) TimerEvent: {}
[66.412338] (-) TimerEvent: {}
[66.471196] (vehicle_core) StdoutLine: {'line': b'[ 98%] Built target autopilot_node_component\n'}
[66.512627] (-) TimerEvent: {}
[66.613519] (-) TimerEvent: {}
[66.714397] (-) TimerEvent: {}
[66.815571] (-) TimerEvent: {}
[66.916487] (-) TimerEvent: {}
[67.017388] (-) TimerEvent: {}
[67.118246] (-) TimerEvent: {}
[67.219188] (-) TimerEvent: {}
[67.320557] (-) TimerEvent: {}
[67.421578] (-) TimerEvent: {}
[67.523173] (-) TimerEvent: {}
[67.624091] (-) TimerEvent: {}
[67.724989] (-) TimerEvent: {}
[67.825899] (-) TimerEvent: {}
[67.926778] (-) TimerEvent: {}
[68.027642] (-) TimerEvent: {}
[68.128532] (-) TimerEvent: {}
[68.229496] (-) TimerEvent: {}
[68.330406] (-) TimerEvent: {}
[68.431295] (-) TimerEvent: {}
[68.532212] (-) TimerEvent: {}
[68.633092] (-) TimerEvent: {}
[68.733957] (-) TimerEvent: {}
[68.834839] (-) TimerEvent: {}
[68.935871] (-) TimerEvent: {}
[69.036777] (-) TimerEvent: {}
[69.138258] (-) TimerEvent: {}
[69.239248] (-) TimerEvent: {}
[69.340159] (-) TimerEvent: {}
[69.441150] (-) TimerEvent: {}
[69.542141] (-) TimerEvent: {}
[69.643114] (-) TimerEvent: {}
[69.744125] (-) TimerEvent: {}
[69.845146] (-) TimerEvent: {}
[69.946086] (-) TimerEvent: {}
[70.046973] (-) TimerEvent: {}
[70.147918] (-) TimerEvent: {}
[70.248846] (-) TimerEvent: {}
[70.349731] (-) TimerEvent: {}
[70.450733] (-) TimerEvent: {}
[70.551715] (-) TimerEvent: {}
[70.652614] (-) TimerEvent: {}
[70.753619] (-) TimerEvent: {}
[70.854637] (-) TimerEvent: {}
[70.955576] (-) TimerEvent: {}
[71.056472] (-) TimerEvent: {}
[71.157416] (-) TimerEvent: {}
[71.258339] (-) TimerEvent: {}
[71.359433] (-) TimerEvent: {}
[71.460536] (-) TimerEvent: {}
[71.561580] (-) TimerEvent: {}
[71.662434] (-) TimerEvent: {}
[71.763266] (-) TimerEvent: {}
[71.864085] (-) TimerEvent: {}
[71.964921] (-) TimerEvent: {}
[72.065751] (-) TimerEvent: {}
[72.166552] (-) TimerEvent: {}
[72.267497] (-) TimerEvent: {}
[72.368897] (-) TimerEvent: {}
[72.470225] (-) TimerEvent: {}
[72.571591] (-) TimerEvent: {}
[72.673022] (-) TimerEvent: {}
[72.774382] (-) TimerEvent: {}
[72.875676] (-) TimerEvent: {}
[72.977171] (-) TimerEvent: {}
[73.078634] (-) TimerEvent: {}
[73.180131] (-) TimerEvent: {}
[73.281615] (-) TimerEvent: {}
[73.382993] (-) TimerEvent: {}
[73.484673] (-) TimerEvent: {}
[73.585680] (-) TimerEvent: {}
[73.686945] (-) TimerEvent: {}
[73.788316] (-) TimerEvent: {}
[73.889726] (-) TimerEvent: {}
[73.991203] (-) TimerEvent: {}
[74.092537] (-) TimerEvent: {}
[74.193447] (-) TimerEvent: {}
[74.294386] (-) TimerEvent: {}
[74.395675] (-) TimerEvent: {}
[74.496930] (-) TimerEvent: {}
[74.598240] (-) TimerEvent: {}
[74.699589] (-) TimerEvent: {}
[74.800849] (-) TimerEvent: {}
[74.902145] (-) TimerEvent: {}
[75.003633] (-) TimerEvent: {}
[75.105014] (-) TimerEvent: {}
[75.206440] (-) TimerEvent: {}
[75.307727] (-) TimerEvent: {}
[75.408838] (-) TimerEvent: {}
[75.509833] (-) TimerEvent: {}
[75.610762] (-) TimerEvent: {}
[75.711666] (-) TimerEvent: {}
[75.812629] (-) TimerEvent: {}
[75.913523] (-) TimerEvent: {}
[76.014447] (-) TimerEvent: {}
[76.115476] (-) TimerEvent: {}
[76.216515] (-) TimerEvent: {}
[76.317743] (-) TimerEvent: {}
[76.406128] (vehicle_core) StdoutLine: {'line': b'[ 99%] \x1b[32m\x1b[1mLinking CXX shared library libi2c_bridge_node.so\x1b[0m\n'}
[76.417961] (-) TimerEvent: {}
[76.519226] (-) TimerEvent: {}
[76.620546] (-) TimerEvent: {}
[76.721620] (-) TimerEvent: {}
[76.822803] (-) TimerEvent: {}
[76.924002] (-) TimerEvent: {}
[77.025185] (-) TimerEvent: {}
[77.126525] (-) TimerEvent: {}
[77.227826] (-) TimerEvent: {}
[77.328937] (-) TimerEvent: {}
[77.430277] (-) TimerEvent: {}
[77.531339] (-) TimerEvent: {}
[77.599844] (vehicle_core) StdoutLine: {'line': b'[ 99%] \x1b[32m\x1b[1mLinking CXX shared library libdrive_arbiter_node_component.so\x1b[0m\n'}
[77.631550] (-) TimerEvent: {}
[77.732626] (-) TimerEvent: {}
[77.833869] (-) TimerEvent: {}
[77.937455] (-) TimerEvent: {}
[78.042922] (-) TimerEvent: {}
[78.144589] (-) TimerEvent: {}
[78.228481] (vehicle_core) StdoutLine: {'line': b'[ 99%] \x1b[32m\x1b[1mLinking CXX shared library libheading_calibrator_node_component.so\x1b[0m\n'}
[78.244953] (-) TimerEvent: {}
[78.347630] (-) TimerEvent: {}
[78.448785] (-) TimerEvent: {}
[78.549889] (-) TimerEvent: {}
[78.651096] (-) TimerEvent: {}
[78.752299] (-) TimerEvent: {}
[78.853485] (-) TimerEvent: {}
[78.954849] (-) TimerEvent: {}
[79.056240] (-) TimerEvent: {}
[79.157576] (-) TimerEvent: {}
[79.258674] (-) TimerEvent: {}
[79.359866] (-) TimerEvent: {}
[79.461087] (-) TimerEvent: {}
[79.539681] (vehicle_core) StdoutLine: {'line': b'[ 99%] Built target i2c_bridge_node\n'}
[79.561297] (-) TimerEvent: {}
[79.662431] (-) TimerEvent: {}
[79.763533] (-) TimerEvent: {}
[79.864475] (-) TimerEvent: {}
[79.965639] (-) TimerEvent: {}
[80.066538] (-) TimerEvent: {}
[80.167420] (-) TimerEvent: {}
[80.268381] (-) TimerEvent: {}
[80.369656] (-) TimerEvent: {}
[80.470709] (-) TimerEvent: {}
[80.571786] (-) TimerEvent: {}
[80.672855] (-) TimerEvent: {}
[80.773635] (-) TimerEvent: {}
[80.874472] (-) TimerEvent: {}
[80.975328] (-) TimerEvent: {}
[81.030064] (vehicle_core) StdoutLine: {'line': b'[ 99%] Built target drive_arbiter_node_component\n'}
[81.075658] (-) TimerEvent: {}
[81.176517] (-) TimerEvent: {}
[81.277454] (-) TimerEvent: {}
[81.378331] (-) TimerEvent: {}
[81.479251] (-) TimerEvent: {}
[81.580660] (-) TimerEvent: {}
[81.670111] (vehicle_core) StdoutLine: {'line': b'[ 99%] Built target heading_calibrator_node_component\n'}
[81.680871] (-) TimerEvent: {}
[81.781876] (-) TimerEvent: {}
[81.883240] (-) TimerEvent: {}
[81.937844] (vehicle_core) StdoutLine: {'line': b'[100%] \x1b[32m\x1b[1mLinking CXX shared library libtcp_server_node_component.so\x1b[0m\n'}
[81.983474] (-) TimerEvent: {}
[82.084576] (-) TimerEvent: {}
[82.185789] (-) TimerEvent: {}
[82.287231] (-) TimerEvent: {}
[82.388154] (-) TimerEvent: {}
[82.489109] (-) TimerEvent: {}
[82.590105] (-) TimerEvent: {}
[82.691087] (-) TimerEvent: {}
[82.792272] (-) TimerEvent: {}
[82.893408] (-) TimerEvent: {}
[82.994502] (-) TimerEvent: {}
[83.095609] (-) TimerEvent: {}
[83.196676] (-) TimerEvent: {}
[83.297583] (-) TimerEvent: {}
[83.398629] (-) TimerEvent: {}
[83.499800] (-) TimerEvent: {}
[83.601247] (-) TimerEvent: {}
[83.702093] (-) TimerEvent: {}
[83.803205] (-) TimerEvent: {}
[83.904328] (-) TimerEvent: {}
[84.005374] (-) TimerEvent: {}
[84.106731] (-) TimerEvent: {}
[84.208010] (-) TimerEvent: {}
[84.308726] (-) TimerEvent: {}
[84.409611] (-) TimerEvent: {}
[84.510740] (-) TimerEvent: {}
[84.612125] (-) TimerEvent: {}
[84.713569] (-) TimerEvent: {}
[84.814935] (-) TimerEvent: {}
[84.916319] (-) TimerEvent: {}
[85.017237] (-) TimerEvent: {}
[85.118336] (-) TimerEvent: {}
[85.219473] (-) TimerEvent: {}
[85.320797] (-) TimerEvent: {}
[85.421948] (-) TimerEvent: {}
[85.473141] (vehicle_core) StdoutLine: {'line': b'[100%] Built target tcp_server_node_component\n'}
[85.516731] (vehicle_core) CommandEnded: {'returncode': 0}
[85.520930] (vehicle_core) JobProgress: {'identifier': 'vehicle_core', 'progress': 'install'}
[85.521987] (-) TimerEvent: {}
[85.563206] (vehicle_core) Command: {'cmd': ['/usr/bin/cmake', '--install', '/home/avcpp/AV-CPP2025/Vehicle/build/vehicle_core'], 'cwd': '/home/avcpp/AV-CPP2025/Vehicle/build/vehicle_core', 'env': OrderedDict([('PYTHON_BASIC_REPL', '1'), ('LESSOPEN', '| /usr/bin/lesspipe %s'), ('UMS_MOUNTPOINT', '/mnt/ums'), ('GST_V4L2_PREFERRED_FOURCC', 'NV12:YU12:NV16:YUY2'), ('LANGUAGE', 'en_US.UTF-8'), ('USER', 'avcpp'), ('SSH_CLIENT', '192.168.8.103 44720 22'), ('XDG_SESSION_TYPE', 'tty'), ('GIT_ASKPASS', '/home/avcpp/.vscode-server/cli/servers/Stable-bf9252a2fb45be6893dd8870c0bf37e2e1766d61/server/extensions/git/dist/askpass.sh'), ('SHLVL', '1'), ('USB_FUNCS', 'adb'), ('LD_LIBRARY_PATH', '/opt/ros/humble/opt/rviz_ogre_vendor/lib:/opt/ros/humble/lib/aarch64-linux-gnu:/opt/ros/humble/lib'), ('BROWSER', '/home/avcpp/.vscode-server/cli/servers/Stable-bf9252a2fb45be6893dd8870c0bf37e2e1766d61/server/bin/helpers/browser.sh'), ('MOTD_SHOWN', 'pam'), ('HOME', '/home/avcpp'), ('OLDPWD', '/home/avcpp/AV-CPP2025/Vehicle'), ('TERM_PROGRAM_VERSION', '1.106.3'), ('VSCODE_IPC_HOOK_CLI', '/run/user/1001/vscode-ipc-d3e6766d-2630-4bdb-aebe-5873ec6fe1a7.sock'), ('GST_INSPECT_NO_COLORS', '1'), ('GST_MPP_NO_RGA', '1'), ('ROS_PYTHON_VERSION', '3'), ('COGL_DRIVER', 'gles2'), ('VSCODE_GIT_ASKPASS_MAIN', '/home/avcpp/.vscode-server/cli/servers/Stable-bf9252a2fb45be6893dd8870c0bf37e2e1766d61/server/extensions/git/dist/askpass-main.js'), ('PS1', '\\[\x1b]633;A\x07\\]\\[\x1b]633;A\x07\\]\\[\\e]0;\\u@\\h: \\w\\a\\]${debian_chroot:+($debian_chroot)}\\[\\033[01;32m\\]\\u@\\h\\[\\033[00m\\]:\\[\\033[01;34m\\]\\w\\[\\033[00m\\]\\$ \\[\x1b]633;B\x07\\]\\[\x1b]633;B\x07\\]'), ('VSCODE_GIT_ASKPASS_NODE', '/home/avcpp/.vscode-server/cli/servers/Stable-bf9252a2fb45be6893dd8870c0bf37e2e1766d61/server/node'), ('SSL_CERT_FILE', '/usr/lib/ssl/certs/ca-certificates.crt'), ('PYDEVD_DISABLE_FILE_VALIDATION', '1'), ('BUNDLED_DEBUGPY_PATH', '/home/avcpp/.vscode-server/extensions/ms-python.debugpy-2025.16.0/bundled/libs/debugpy'), ('VSCODE_PYTHON_AUTOACTIVATE_GUARD', '1'), ('DBUS_SESSION_BUS_ADDRESS', 'unix:path=/run/user/1001/bus'), ('COLORTERM', 'truecolor'), ('COLCON_PREFIX_PATH', '/home/avcpp/AV-CPP2025/Vehicle/install'), ('GST_V4L2SRC_MAX_RESOLUTION', '3840x2160'), ('ROS_DISTRO', 'humble'), ('LOGNAME', 'avcpp'), ('_', '/usr/bin/colcon'), ('ROS_VERSION', '2'), ('XDG_SESSION_CLASS', 'user'), ('TERM', 'xterm-256color'), ('GST_GL_API', 'gles2'), ('XDG_SESSION_ID', '5'), ('GST_VIDEO_CONVERT_PREFERRED_FORMAT', 'NV12:NV16:I420:YUY2'), ('GST_V4L2SRC_RK_DEVICES', '_mainpath:_selfpath:_bypass:_scale'), ('ROS_LOCALHOST_ONLY', '0'), ('PATH', '/home/avcpp/.vscode-server/data/User/globalStorage/github.copilot-chat/debugCommand:/home/avcpp/.vscode-server/data/User/globalStorage/github.copilot-chat/copilotCli:/home/avcpp/.vscode-server/cli/servers/Stable-bf9252a2fb45be6893dd8870c0bf37e2e1766d61/server/bin/remote-cli:/home/avcpp/.local/bin:/opt/ros/humble/bin:/usr/local/sbin:/usr/local/bin:/usr/sbin:/usr/bin:/sbin:/bin:/usr/games:/usr/local/games:/snap/bin:/home/avcpp/.vscode-server/extensions/ms-python.debugpy-2025.16.0/bundled/scripts/noConfigScripts'), ('XDG_RUNTIME_DIR', '/run/user/1001'), ('GST_GL_PLATFORM', 'egl'), ('GST_DEBUG_NO_COLOR', '1'), ('SSL_CERT_DIR', '/usr/lib/ssl/certs'), ('GST_V4L2SRC_DEFAULT_DEVICE', '/dev/video-camera0'), ('DISPLAY', ':0'), ('VSCODE_DEBUGPY_ADAPTER_ENDPOINTS', '/home/avcpp/.vscode-server/extensions/ms-python.debugpy-2025.16.0/.noConfigDebugAdapterEndpoints/endpoint-43b207f2c3247df8.txt'), ('LANG', 'en_US.UTF-8'), ('PYTHONSTARTUP', '/home/avcpp/.vscode-server/data/User/workspaceStorage/ff32e2b339aba30cb60d962c7b2dc12b-1/ms-python.python/pythonrc.py'), ('LS_COLORS', 'rs=0:di=01;34:ln=01;36:mh=00:pi=40;33:so=01;35:do=01;35:bd=40;33;01:cd=40;33;01:or=40;31;01:mi=00:su=37;41:sg=30;43:ca=30;41:tw=30;42:ow=34;42:st=37;44:ex=01;32:*.tar=01;31:*.tgz=01;31:*.arc=01;31:*.arj=01;31:*.taz=01;31:*.lha=01;31:*.lz4=01;31:*.lzh=01;31:*.lzma=01;31:*.tlz=01;31:*.txz=01;31:*.tzo=01;31:*.t7z=01;31:*.zip=01;31:*.z=01;31:*.dz=01;31:*.gz=01;31:*.lrz=01;31:*.lz=01;31:*.lzo=01;31:*.xz=01;31:*.zst=01;31:*.tzst=01;31:*.bz2=01;31:*.bz=01;31:*.tbz=01;31:*.tbz2=01;31:*.tz=01;31:*.deb=01;31:*.rpm=01;31:*.jar=01;31:*.war=01;31:*.ear=01;31:*.sar=01;31:*.rar=01;31:*.alz=01;31:*.ace=01;31:*.zoo=01;31:*.cpio=01;31:*.7z=01;31:*.rz=01;31:*.cab=01;31:*.wim=01;31:*.swm=01;31:*.dwm=01;31:*.esd=01;31:*.jpg=01;35:*.jpeg=01;35:*.mjpg=01;35:*.mjpeg=01;35:*.gif=01;35:*.bmp=01;35:*.pbm=01;35:*.pgm=01;35:*.ppm=01;35:*.tga=01;35:*.xbm=01;35:*.xpm=01;35:*.tif=01;35:*.tiff=01;35:*.png=01;35:*.svg=01;35:*.svgz=01;35:*.mng=01;35:*.pcx=01;35:*.mov=01;35:*.mpg=01;35:*.mpeg=01;35:*.m2v=01;35:*.mkv=01;35:*.webm=01;35:*.webp=01;35:*.ogm=01;35:*.mp4=01;35:*.m4v=01;35:*.mp4v=01;35:*.vob=01;35:*.qt=01;35:*.nuv=01;35:*.wmv=01;35:*.asf=01;35:*.rm=01;35:*.rmvb=01;35:*.flc=01;35:*.avi=01;35:*.fli=01;35:*.flv=01;35:*.gl=01;35:*.dl=01;35:*.xcf=01;35:*.xwd=01;35:*.yuv=01;35:*.cgm=01;35:*.emf=01;35:*.ogv=01;35:*.ogx=01;35:*.aac=00;36:*.au=00;36:*.flac=00;36:*.m4a=00;36:*.mid=00;36:*.midi=00;36:*.mka=00;36:*.mp3=00;36:*.mpc=00;36:*.ogg=00;36:*.ra=00;36:*.wav=00;36:*.oga=00;36:*.opus=00;36:*.spx=00;36:*.xspf=00;36:'), ('VSCODE_GIT_IPC_HANDLE', '/run/user/1001/vscode-git-2317932546.sock'), ('TERM_PROGRAM', 'vscode'), ('GST_V4L2_USE_LIBV4L2', '1'), ('UMS_SIZE', '256M'), ('AMENT_PREFIX_PATH', '/home/avcpp/AV-CPP2025/Vehicle/install/object_detector:/opt/ros/humble'), ('LC_MESSAGES', 'en_US.UTF-8'), ('SHELL', '/bin/bash'), ('UMS_RO', '0'), ('LESSCLOSE', '/usr/bin/lesspipe %s %s'), ('UMS_FSTYPE', 'vfat'), ('VSCODE_GIT_ASKPASS_EXTRA_ARGS', ''), ('PWD', '/home/avcpp/AV-CPP2025/Vehicle/build/vehicle_core'), ('LC_ALL', 'en_US.UTF-8'), ('SSH_CONNECTION', '192.168.8.103 44720 192.168.8.176 22'), ('PYTHONPATH', '/home/avcpp/AV-CPP2025/Vehicle/install/object_detector/lib/python3.10/site-packages:/opt/ros/humble/local/lib/python3.10/dist-packages:/opt/ros/humble/lib/python3.10/site-packages:/usr/lib/python3/dist-packages'), ('UMS_MOUNT', '0'), ('COLCON', '1'), ('CMAKE_PREFIX_PATH', '/home/avcpp/AV-CPP2025/Vehicle/install/object_detector:/opt/ros/humble'), ('UMS_FILE', '/userdata/ums_shared.img')]), 'shell': False}
[85.604224] (vehicle_core) StdoutLine: {'line': b'-- Install configuration: ""\n'}
[85.610699] (vehicle_core) StdoutLine: {'line': b'-- Execute custom install script\n'}
[85.612669] (vehicle_core) StdoutLine: {'line': b'-- Symlinking: /home/avcpp/AV-CPP2025/Vehicle/install/vehicle_core/share/ament_index/resource_index/rosidl_interfaces/vehicle_core\n'}
[85.622283] (-) TimerEvent: {}
[85.648673] (vehicle_core) StdoutLine: {'line': b'-- Symlinking: /home/avcpp/AV-CPP2025/Vehicle/install/vehicle_core/include/vehicle_core/vehicle_core/msg/autopilot_command.h\n'}
[85.678152] (vehicle_core) StdoutLine: {'line': b'-- Symlinking: /home/avcpp/AV-CPP2025/Vehicle/install/vehicle_core/include/vehicle_core/vehicle_core/msg/autopilot_config.h\n'}
[85.712024] (vehicle_core) StdoutLine: {'line': b'-- Symlinking: /home/avcpp/AV-CPP2025/Vehicle/install/vehicle_core/include/vehicle_core/vehicle_core/msg/autopilot_status.h\n'}
[85.722485] (-) TimerEvent: {}
[85.740880] (vehicle_core) StdoutLine: {'line': b'-- Symlinking: /home/avcpp/AV-CPP2025/Vehicle/install/vehicle_core/include/vehicle_core/vehicle_core/msg/detail/autopilot_command__functions.h\n'}
[85.768946] (vehicle_core) StdoutLine: {'line': b'-- Symlinking: /home/avcpp/AV-CPP2025/Vehicle/install/vehicle_core/include/vehicle_core/vehicle_core/msg/detail/autopilot_command__struct.h\n'}
[85.802896] (vehicle_core) StdoutLine: {'line': b'-- Symlinking: /home/avcpp/AV-CPP2025/Vehicle/install/vehicle_core/include/vehicle_core/vehicle_core/msg/detail/autopilot_command__type_support.h\n'}
[85.822714] (-) TimerEvent: {}
[85.833894] (vehicle_core) StdoutLine: {'line': b'-- Symlinking: /home/avcpp/AV-CPP2025/Vehicle/install/vehicle_core/include/vehicle_core/vehicle_core/msg/detail/autopilot_config__functions.h\n'}
[85.861455] (vehicle_core) StdoutLine: {'line': b'-- Symlinking: /home/avcpp/AV-CPP2025/Vehicle/install/vehicle_core/include/vehicle_core/vehicle_core/msg/detail/autopilot_config__struct.h\n'}
[85.895303] (vehicle_core) StdoutLine: {'line': b'-- Symlinking: /home/avcpp/AV-CPP2025/Vehicle/install/vehicle_core/include/vehicle_core/vehicle_core/msg/detail/autopilot_config__type_support.h\n'}
[85.923023] (-) TimerEvent: {}
[85.928789] (vehicle_core) StdoutLine: {'line': b'-- Symlinking: /home/avcpp/AV-CPP2025/Vehicle/install/vehicle_core/include/vehicle_core/vehicle_core/msg/detail/autopilot_status__functions.h\n'}
[85.961850] (vehicle_core) StdoutLine: {'line': b'-- Symlinking: /home/avcpp/AV-CPP2025/Vehicle/install/vehicle_core/include/vehicle_core/vehicle_core/msg/detail/autopilot_status__struct.h\n'}
[85.996134] (vehicle_core) StdoutLine: {'line': b'-- Symlinking: /home/avcpp/AV-CPP2025/Vehicle/install/vehicle_core/include/vehicle_core/vehicle_core/msg/detail/autopilot_status__type_support.h\n'}
[86.023305] (-) TimerEvent: {}
[86.025231] (vehicle_core) StdoutLine: {'line': b'-- Symlinking: /home/avcpp/AV-CPP2025/Vehicle/install/vehicle_core/include/vehicle_core/vehicle_core/msg/detail/drive_feedback__functions.h\n'}
[86.060580] (vehicle_core) StdoutLine: {'line': b'-- Symlinking: /home/avcpp/AV-CPP2025/Vehicle/install/vehicle_core/include/vehicle_core/vehicle_core/msg/detail/drive_feedback__struct.h\n'}
[86.097880] (vehicle_core) StdoutLine: {'line': b'-- Symlinking: /home/avcpp/AV-CPP2025/Vehicle/install/vehicle_core/include/vehicle_core/vehicle_core/msg/detail/drive_feedback__type_support.h\n'}
[86.123650] (-) TimerEvent: {}
[86.134597] (vehicle_core) StdoutLine: {'line': b'-- Symlinking: /home/avcpp/AV-CPP2025/Vehicle/install/vehicle_core/include/vehicle_core/vehicle_core/msg/detail/drive_status__functions.h\n'}
[86.164697] (vehicle_core) StdoutLine: {'line': b'-- Symlinking: /home/avcpp/AV-CPP2025/Vehicle/install/vehicle_core/include/vehicle_core/vehicle_core/msg/detail/drive_status__struct.h\n'}
[86.187707] (vehicle_core) StdoutLine: {'line': b'-- Symlinking: /home/avcpp/AV-CPP2025/Vehicle/install/vehicle_core/include/vehicle_core/vehicle_core/msg/detail/drive_status__type_support.h\n'}
[86.205490] (vehicle_core) StdoutLine: {'line': b'-- Symlinking: /home/avcpp/AV-CPP2025/Vehicle/install/vehicle_core/include/vehicle_core/vehicle_core/msg/detail/drive_target__functions.h\n'}
[86.223776] (-) TimerEvent: {}
[86.240478] (vehicle_core) StdoutLine: {'line': b'-- Symlinking: /home/avcpp/AV-CPP2025/Vehicle/install/vehicle_core/include/vehicle_core/vehicle_core/msg/detail/drive_target__struct.h\n'}
[86.272699] (vehicle_core) StdoutLine: {'line': b'-- Symlinking: /home/avcpp/AV-CPP2025/Vehicle/install/vehicle_core/include/vehicle_core/vehicle_core/msg/detail/drive_target__type_support.h\n'}
[86.306422] (vehicle_core) StdoutLine: {'line': b'-- Symlinking: /home/avcpp/AV-CPP2025/Vehicle/install/vehicle_core/include/vehicle_core/vehicle_core/msg/detail/error__functions.h\n'}
[86.323943] (-) TimerEvent: {}
[86.345843] (vehicle_core) StdoutLine: {'line': b'-- Symlinking: /home/avcpp/AV-CPP2025/Vehicle/install/vehicle_core/include/vehicle_core/vehicle_core/msg/detail/error__struct.h\n'}
[86.381010] (vehicle_core) StdoutLine: {'line': b'-- Symlinking: /home/avcpp/AV-CPP2025/Vehicle/install/vehicle_core/include/vehicle_core/vehicle_core/msg/detail/error__type_support.h\n'}
[86.399758] (vehicle_core) StdoutLine: {'line': b'-- Symlinking: /home/avcpp/AV-CPP2025/Vehicle/install/vehicle_core/include/vehicle_core/vehicle_core/msg/detail/general_status__functions.h\n'}
[86.424299] (-) TimerEvent: {}
[86.431381] (vehicle_core) StdoutLine: {'line': b'-- Symlinking: /home/avcpp/AV-CPP2025/Vehicle/install/vehicle_core/include/vehicle_core/vehicle_core/msg/detail/general_status__struct.h\n'}
[86.454039] (vehicle_core) StdoutLine: {'line': b'-- Symlinking: /home/avcpp/AV-CPP2025/Vehicle/install/vehicle_core/include/vehicle_core/vehicle_core/msg/detail/general_status__type_support.h\n'}
[86.491199] (vehicle_core) StdoutLine: {'line': b'-- Symlinking: /home/avcpp/AV-CPP2025/Vehicle/install/vehicle_core/include/vehicle_core/vehicle_core/msg/detail/imu_status__functions.h\n'}
[86.524701] (vehicle_core) StdoutLine: {'line': b'-- Symlinking: /home/avcpp/AV-CPP2025/Vehicle/install/vehicle_core/include/vehicle_core/vehicle_core/msg/detail/imu_status__struct.h\n'}
[86.525656] (-) TimerEvent: {}
[86.543892] (vehicle_core) StdoutLine: {'line': b'-- Symlinking: /home/avcpp/AV-CPP2025/Vehicle/install/vehicle_core/include/vehicle_core/vehicle_core/msg/detail/imu_status__type_support.h\n'}
[86.558313] (vehicle_core) StdoutLine: {'line': b'-- Symlinking: /home/avcpp/AV-CPP2025/Vehicle/install/vehicle_core/include/vehicle_core/vehicle_core/msg/detail/internal_drive_command__functions.h\n'}
[86.586791] (vehicle_core) StdoutLine: {'line': b'-- Symlinking: /home/avcpp/AV-CPP2025/Vehicle/install/vehicle_core/include/vehicle_core/vehicle_core/msg/detail/internal_drive_command__struct.h\n'}
[86.619793] (vehicle_core) StdoutLine: {'line': b'-- Symlinking: /home/avcpp/AV-CPP2025/Vehicle/install/vehicle_core/include/vehicle_core/vehicle_core/msg/detail/internal_drive_command__type_support.h\n'}
[86.625927] (-) TimerEvent: {}
[86.638170] (vehicle_core) StdoutLine: {'line': b'-- Symlinking: /home/avcpp/AV-CPP2025/Vehicle/install/vehicle_core/include/vehicle_core/vehicle_core/msg/detail/lights_command__functions.h\n'}
[86.653447] (vehicle_core) StdoutLine: {'line': b'-- Symlinking: /home/avcpp/AV-CPP2025/Vehicle/install/vehicle_core/include/vehicle_core/vehicle_core/msg/detail/lights_command__struct.h\n'}
[86.669818] (vehicle_core) StdoutLine: {'line': b'-- Symlinking: /home/avcpp/AV-CPP2025/Vehicle/install/vehicle_core/include/vehicle_core/vehicle_core/msg/detail/lights_command__type_support.h\n'}
[86.705940] (vehicle_core) StdoutLine: {'line': b'-- Symlinking: /home/avcpp/AV-CPP2025/Vehicle/install/vehicle_core/include/vehicle_core/vehicle_core/msg/detail/lights_status__functions.h\n'}
[86.724310] (vehicle_core) StdoutLine: {'line': b'-- Symlinking: /home/avcpp/AV-CPP2025/Vehicle/install/vehicle_core/include/vehicle_core/vehicle_core/msg/detail/lights_status__struct.h\n'}
[86.726025] (-) TimerEvent: {}
[86.746218] (vehicle_core) StdoutLine: {'line': b'-- Symlinking: /home/avcpp/AV-CPP2025/Vehicle/install/vehicle_core/include/vehicle_core/vehicle_core/msg/detail/lights_status__type_support.h\n'}
[86.780970] (vehicle_core) StdoutLine: {'line': b'-- Symlinking: /home/avcpp/AV-CPP2025/Vehicle/install/vehicle_core/include/vehicle_core/vehicle_core/msg/detail/manual_drive_command__functions.h\n'}
[86.799934] (vehicle_core) StdoutLine: {'line': b'-- Symlinking: /home/avcpp/AV-CPP2025/Vehicle/install/vehicle_core/include/vehicle_core/vehicle_core/msg/detail/manual_drive_command__struct.h\n'}
[86.826321] (-) TimerEvent: {}
[86.834984] (vehicle_core) StdoutLine: {'line': b'-- Symlinking: /home/avcpp/AV-CPP2025/Vehicle/install/vehicle_core/include/vehicle_core/vehicle_core/msg/detail/manual_drive_command__type_support.h\n'}
[86.852513] (vehicle_core) StdoutLine: {'line': b'-- Symlinking: /home/avcpp/AV-CPP2025/Vehicle/install/vehicle_core/include/vehicle_core/vehicle_core/msg/detail/max_speed__functions.h\n'}
[86.869402] (vehicle_core) StdoutLine: {'line': b'-- Symlinking: /home/avcpp/AV-CPP2025/Vehicle/install/vehicle_core/include/vehicle_core/vehicle_core/msg/detail/max_speed__struct.h\n'}
[86.887581] (vehicle_core) StdoutLine: {'line': b'-- Symlinking: /home/avcpp/AV-CPP2025/Vehicle/install/vehicle_core/include/vehicle_core/vehicle_core/msg/detail/max_speed__type_support.h\n'}
[86.904613] (vehicle_core) StdoutLine: {'line': b'-- Symlinking: /home/avcpp/AV-CPP2025/Vehicle/install/vehicle_core/include/vehicle_core/vehicle_core/msg/detail/perception_profile__functions.h\n'}
[86.921712] (vehicle_core) StdoutLine: {'line': b'-- Symlinking: /home/avcpp/AV-CPP2025/Vehicle/install/vehicle_core/include/vehicle_core/vehicle_core/msg/detail/perception_profile__struct.h\n'}
[86.926365] (-) TimerEvent: {}
[86.939167] (vehicle_core) StdoutLine: {'line': b'-- Symlinking: /home/avcpp/AV-CPP2025/Vehicle/install/vehicle_core/include/vehicle_core/vehicle_core/msg/detail/perception_profile__type_support.h\n'}
[86.973178] (vehicle_core) StdoutLine: {'line': b'-- Symlinking: /home/avcpp/AV-CPP2025/Vehicle/install/vehicle_core/include/vehicle_core/vehicle_core/msg/detail/server_init__functions.h\n'}
[87.009047] (vehicle_core) StdoutLine: {'line': b'-- Symlinking: /home/avcpp/AV-CPP2025/Vehicle/install/vehicle_core/include/vehicle_core/vehicle_core/msg/detail/server_init__struct.h\n'}
[87.026480] (-) TimerEvent: {}
[87.049906] (vehicle_core) StdoutLine: {'line': b'-- Symlinking: /home/avcpp/AV-CPP2025/Vehicle/install/vehicle_core/include/vehicle_core/vehicle_core/msg/detail/server_init__type_support.h\n'}
[87.080331] (vehicle_core) StdoutLine: {'line': b'-- Symlinking: /home/avcpp/AV-CPP2025/Vehicle/install/vehicle_core/include/vehicle_core/vehicle_core/msg/detail/state_event__functions.h\n'}
[87.111998] (vehicle_core) StdoutLine: {'line': b'-- Symlinking: /home/avcpp/AV-CPP2025/Vehicle/install/vehicle_core/include/vehicle_core/vehicle_core/msg/detail/state_event__struct.h\n'}
[87.126793] (-) TimerEvent: {}
[87.135717] (vehicle_core) StdoutLine: {'line': b'-- Symlinking: /home/avcpp/AV-CPP2025/Vehicle/install/vehicle_core/include/vehicle_core/vehicle_core/msg/detail/state_event__type_support.h\n'}
[87.164070] (vehicle_core) StdoutLine: {'line': b'-- Symlinking: /home/avcpp/AV-CPP2025/Vehicle/install/vehicle_core/include/vehicle_core/vehicle_core/msg/detail/state_mode__functions.h\n'}
[87.186486] (vehicle_core) StdoutLine: {'line': b'-- Symlinking: /home/avcpp/AV-CPP2025/Vehicle/install/vehicle_core/include/vehicle_core/vehicle_core/msg/detail/state_mode__struct.h\n'}
[87.202950] (vehicle_core) StdoutLine: {'line': b'-- Symlinking: /home/avcpp/AV-CPP2025/Vehicle/install/vehicle_core/include/vehicle_core/vehicle_core/msg/detail/state_mode__type_support.h\n'}
[87.220030] (vehicle_core) StdoutLine: {'line': b'-- Symlinking: /home/avcpp/AV-CPP2025/Vehicle/install/vehicle_core/include/vehicle_core/vehicle_core/msg/detail/telemetry_data__functions.h\n'}
[87.227009] (-) TimerEvent: {}
[87.237391] (vehicle_core) StdoutLine: {'line': b'-- Symlinking: /home/avcpp/AV-CPP2025/Vehicle/install/vehicle_core/include/vehicle_core/vehicle_core/msg/detail/telemetry_data__struct.h\n'}
[87.253949] (vehicle_core) StdoutLine: {'line': b'-- Symlinking: /home/avcpp/AV-CPP2025/Vehicle/install/vehicle_core/include/vehicle_core/vehicle_core/msg/detail/telemetry_data__type_support.h\n'}
[87.285435] (vehicle_core) StdoutLine: {'line': b'-- Symlinking: /home/avcpp/AV-CPP2025/Vehicle/install/vehicle_core/include/vehicle_core/vehicle_core/msg/drive_feedback.h\n'}
[87.305064] (vehicle_core) StdoutLine: {'line': b'-- Symlinking: /home/avcpp/AV-CPP2025/Vehicle/install/vehicle_core/include/vehicle_core/vehicle_core/msg/drive_status.h\n'}
[87.321507] (vehicle_core) StdoutLine: {'line': b'-- Symlinking: /home/avcpp/AV-CPP2025/Vehicle/install/vehicle_core/include/vehicle_core/vehicle_core/msg/drive_target.h\n'}
[87.327168] (-) TimerEvent: {}
[87.338953] (vehicle_core) StdoutLine: {'line': b'-- Symlinking: /home/avcpp/AV-CPP2025/Vehicle/install/vehicle_core/include/vehicle_core/vehicle_core/msg/error.h\n'}
[87.356388] (vehicle_core) StdoutLine: {'line': b'-- Symlinking: /home/avcpp/AV-CPP2025/Vehicle/install/vehicle_core/include/vehicle_core/vehicle_core/msg/general_status.h\n'}
[87.374105] (vehicle_core) StdoutLine: {'line': b'-- Symlinking: /home/avcpp/AV-CPP2025/Vehicle/install/vehicle_core/include/vehicle_core/vehicle_core/msg/imu_status.h\n'}
[87.407003] (vehicle_core) StdoutLine: {'line': b'-- Symlinking: /home/avcpp/AV-CPP2025/Vehicle/install/vehicle_core/include/vehicle_core/vehicle_core/msg/internal_drive_command.h\n'}
[87.427366] (-) TimerEvent: {}
[87.437262] (vehicle_core) StdoutLine: {'line': b'-- Symlinking: /home/avcpp/AV-CPP2025/Vehicle/install/vehicle_core/include/vehicle_core/vehicle_core/msg/lights_command.h\n'}
[87.467835] (vehicle_core) StdoutLine: {'line': b'-- Symlinking: /home/avcpp/AV-CPP2025/Vehicle/install/vehicle_core/include/vehicle_core/vehicle_core/msg/lights_status.h\n'}
[87.501031] (vehicle_core) StdoutLine: {'line': b'-- Symlinking: /home/avcpp/AV-CPP2025/Vehicle/install/vehicle_core/include/vehicle_core/vehicle_core/msg/manual_drive_command.h\n'}
[87.527544] (-) TimerEvent: {}
[87.539180] (vehicle_core) StdoutLine: {'line': b'-- Symlinking: /home/avcpp/AV-CPP2025/Vehicle/install/vehicle_core/include/vehicle_core/vehicle_core/msg/max_speed.h\n'}
[87.573687] (vehicle_core) StdoutLine: {'line': b'-- Symlinking: /home/avcpp/AV-CPP2025/Vehicle/install/vehicle_core/include/vehicle_core/vehicle_core/msg/perception_profile.h\n'}
[87.610223] (vehicle_core) StdoutLine: {'line': b'-- Symlinking: /home/avcpp/AV-CPP2025/Vehicle/install/vehicle_core/include/vehicle_core/vehicle_core/msg/rosidl_generator_c__visibility_control.h\n'}
[87.627709] (-) TimerEvent: {}
[87.647660] (vehicle_core) StdoutLine: {'line': b'-- Symlinking: /home/avcpp/AV-CPP2025/Vehicle/install/vehicle_core/include/vehicle_core/vehicle_core/msg/server_init.h\n'}
[87.665009] (vehicle_core) StdoutLine: {'line': b'-- Symlinking: /home/avcpp/AV-CPP2025/Vehicle/install/vehicle_core/include/vehicle_core/vehicle_core/msg/state_event.h\n'}
[87.681597] (vehicle_core) StdoutLine: {'line': b'-- Symlinking: /home/avcpp/AV-CPP2025/Vehicle/install/vehicle_core/include/vehicle_core/vehicle_core/msg/state_mode.h\n'}
[87.698435] (vehicle_core) StdoutLine: {'line': b'-- Symlinking: /home/avcpp/AV-CPP2025/Vehicle/install/vehicle_core/include/vehicle_core/vehicle_core/msg/telemetry_data.h\n'}
[87.715082] (vehicle_core) StdoutLine: {'line': b'-- Symlinking: /home/avcpp/AV-CPP2025/Vehicle/install/vehicle_core/include/vehicle_core/vehicle_core/srv/detail/release_internal_control__functions.h\n'}
[87.727976] (-) TimerEvent: {}
[87.744123] (vehicle_core) StdoutLine: {'line': b'-- Symlinking: /home/avcpp/AV-CPP2025/Vehicle/install/vehicle_core/include/vehicle_core/vehicle_core/srv/detail/release_internal_control__struct.h\n'}
[87.772001] (vehicle_core) StdoutLine: {'line': b'-- Symlinking: /home/avcpp/AV-CPP2025/Vehicle/install/vehicle_core/include/vehicle_core/vehicle_core/srv/detail/release_internal_control__type_support.h\n'}
[87.808555] (vehicle_core) StdoutLine: {'line': b'-- Symlinking: /home/avcpp/AV-CPP2025/Vehicle/install/vehicle_core/include/vehicle_core/vehicle_core/srv/detail/request_internal_control__functions.h\n'}
[87.828208] (-) TimerEvent: {}
[87.843887] (vehicle_core) StdoutLine: {'line': b'-- Symlinking: /home/avcpp/AV-CPP2025/Vehicle/install/vehicle_core/include/vehicle_core/vehicle_core/srv/detail/request_internal_control__struct.h\n'}
[87.879626] (vehicle_core) StdoutLine: {'line': b'-- Symlinking: /home/avcpp/AV-CPP2025/Vehicle/install/vehicle_core/include/vehicle_core/vehicle_core/srv/detail/request_internal_control__type_support.h\n'}
[87.917974] (vehicle_core) StdoutLine: {'line': b'-- Symlinking: /home/avcpp/AV-CPP2025/Vehicle/install/vehicle_core/include/vehicle_core/vehicle_core/srv/detail/set_autopilot_profile__functions.h\n'}
[87.928402] (-) TimerEvent: {}
[87.954051] (vehicle_core) StdoutLine: {'line': b'-- Symlinking: /home/avcpp/AV-CPP2025/Vehicle/install/vehicle_core/include/vehicle_core/vehicle_core/srv/detail/set_autopilot_profile__struct.h\n'}
[87.990337] (vehicle_core) StdoutLine: {'line': b'-- Symlinking: /home/avcpp/AV-CPP2025/Vehicle/install/vehicle_core/include/vehicle_core/vehicle_core/srv/detail/set_autopilot_profile__type_support.h\n'}
[88.007213] (vehicle_core) StdoutLine: {'line': b'-- Symlinking: /home/avcpp/AV-CPP2025/Vehicle/install/vehicle_core/include/vehicle_core/vehicle_core/srv/release_internal_control.h\n'}
[88.028624] (-) TimerEvent: {}
[88.041092] (vehicle_core) StdoutLine: {'line': b'-- Symlinking: /home/avcpp/AV-CPP2025/Vehicle/install/vehicle_core/include/vehicle_core/vehicle_core/srv/request_internal_control.h\n'}
[88.070391] (vehicle_core) StdoutLine: {'line': b'-- Symlinking: /home/avcpp/AV-CPP2025/Vehicle/install/vehicle_core/include/vehicle_core/vehicle_core/srv/set_autopilot_profile.h\n'}
[88.111356] (vehicle_core) StdoutLine: {'line': b'-- Symlinking: /home/avcpp/AV-CPP2025/Vehicle/install/vehicle_core/share/vehicle_core/environment/library_path.sh\n'}
[88.128818] (-) TimerEvent: {}
[88.148301] (vehicle_core) StdoutLine: {'line': b'-- Symlinking: /home/avcpp/AV-CPP2025/Vehicle/install/vehicle_core/share/vehicle_core/environment/library_path.dsv\n'}
[88.181784] (vehicle_core) StdoutLine: {'line': b'-- Symlinking: /home/avcpp/AV-CPP2025/Vehicle/install/vehicle_core/include/vehicle_core/vehicle_core/msg/detail/autopilot_command__rosidl_typesupport_fastrtps_c.h\n'}
[88.207050] (vehicle_core) StdoutLine: {'line': b'-- Symlinking: /home/avcpp/AV-CPP2025/Vehicle/install/vehicle_core/include/vehicle_core/vehicle_core/msg/detail/autopilot_config__rosidl_typesupport_fastrtps_c.h\n'}
[88.228977] (-) TimerEvent: {}
[88.234988] (vehicle_core) StdoutLine: {'line': b'-- Symlinking: /home/avcpp/AV-CPP2025/Vehicle/install/vehicle_core/include/vehicle_core/vehicle_core/msg/detail/autopilot_status__rosidl_typesupport_fastrtps_c.h\n'}
[88.267907] (vehicle_core) StdoutLine: {'line': b'-- Symlinking: /home/avcpp/AV-CPP2025/Vehicle/install/vehicle_core/include/vehicle_core/vehicle_core/msg/detail/drive_feedback__rosidl_typesupport_fastrtps_c.h\n'}
[88.299363] (vehicle_core) StdoutLine: {'line': b'-- Symlinking: /home/avcpp/AV-CPP2025/Vehicle/install/vehicle_core/include/vehicle_core/vehicle_core/msg/detail/drive_status__rosidl_typesupport_fastrtps_c.h\n'}
[88.329090] (-) TimerEvent: {}
[88.332649] (vehicle_core) StdoutLine: {'line': b'-- Symlinking: /home/avcpp/AV-CPP2025/Vehicle/install/vehicle_core/include/vehicle_core/vehicle_core/msg/detail/drive_target__rosidl_typesupport_fastrtps_c.h\n'}
[88.352300] (vehicle_core) StdoutLine: {'line': b'-- Symlinking: /home/avcpp/AV-CPP2025/Vehicle/install/vehicle_core/include/vehicle_core/vehicle_core/msg/detail/error__rosidl_typesupport_fastrtps_c.h\n'}
[88.368424] (vehicle_core) StdoutLine: {'line': b'-- Symlinking: /home/avcpp/AV-CPP2025/Vehicle/install/vehicle_core/include/vehicle_core/vehicle_core/msg/detail/general_status__rosidl_typesupport_fastrtps_c.h\n'}
[88.384798] (vehicle_core) StdoutLine: {'line': b'-- Symlinking: /home/avcpp/AV-CPP2025/Vehicle/install/vehicle_core/include/vehicle_core/vehicle_core/msg/detail/imu_status__rosidl_typesupport_fastrtps_c.h\n'}
[88.413398] (vehicle_core) StdoutLine: {'line': b'-- Symlinking: /home/avcpp/AV-CPP2025/Vehicle/install/vehicle_core/include/vehicle_core/vehicle_core/msg/detail/internal_drive_command__rosidl_typesupport_fastrtps_c.h\n'}
[88.429393] (-) TimerEvent: {}
[88.441489] (vehicle_core) StdoutLine: {'line': b'-- Symlinking: /home/avcpp/AV-CPP2025/Vehicle/install/vehicle_core/include/vehicle_core/vehicle_core/msg/detail/lights_command__rosidl_typesupport_fastrtps_c.h\n'}
[88.476672] (vehicle_core) StdoutLine: {'line': b'-- Symlinking: /home/avcpp/AV-CPP2025/Vehicle/install/vehicle_core/include/vehicle_core/vehicle_core/msg/detail/lights_status__rosidl_typesupport_fastrtps_c.h\n'}
[88.510089] (vehicle_core) StdoutLine: {'line': b'-- Symlinking: /home/avcpp/AV-CPP2025/Vehicle/install/vehicle_core/include/vehicle_core/vehicle_core/msg/detail/manual_drive_command__rosidl_typesupport_fastrtps_c.h\n'}
[88.529588] (-) TimerEvent: {}
[88.545203] (vehicle_core) StdoutLine: {'line': b'-- Symlinking: /home/avcpp/AV-CPP2025/Vehicle/install/vehicle_core/include/vehicle_core/vehicle_core/msg/detail/max_speed__rosidl_typesupport_fastrtps_c.h\n'}
[88.577706] (vehicle_core) StdoutLine: {'line': b'-- Symlinking: /home/avcpp/AV-CPP2025/Vehicle/install/vehicle_core/include/vehicle_core/vehicle_core/msg/detail/perception_profile__rosidl_typesupport_fastrtps_c.h\n'}
[88.608463] (vehicle_core) StdoutLine: {'line': b'-- Symlinking: /home/avcpp/AV-CPP2025/Vehicle/install/vehicle_core/include/vehicle_core/vehicle_core/msg/detail/server_init__rosidl_typesupport_fastrtps_c.h\n'}
[88.629739] (vehicle_core) StdoutLine: {'line': b'-- Symlinking: /home/avcpp/AV-CPP2025/Vehicle/install/vehicle_core/include/vehicle_core/vehicle_core/msg/detail/state_event__rosidl_typesupport_fastrtps_c.h\n'}
[88.630765] (-) TimerEvent: {}
[88.644981] (vehicle_core) StdoutLine: {'line': b'-- Symlinking: /home/avcpp/AV-CPP2025/Vehicle/install/vehicle_core/include/vehicle_core/vehicle_core/msg/detail/state_mode__rosidl_typesupport_fastrtps_c.h\n'}
[88.660042] (vehicle_core) StdoutLine: {'line': b'-- Symlinking: /home/avcpp/AV-CPP2025/Vehicle/install/vehicle_core/include/vehicle_core/vehicle_core/msg/detail/telemetry_data__rosidl_typesupport_fastrtps_c.h\n'}
[88.675225] (vehicle_core) StdoutLine: {'line': b'-- Symlinking: /home/avcpp/AV-CPP2025/Vehicle/install/vehicle_core/include/vehicle_core/vehicle_core/msg/rosidl_typesupport_fastrtps_c__visibility_control.h\n'}
[88.690973] (vehicle_core) StdoutLine: {'line': b'-- Symlinking: /home/avcpp/AV-CPP2025/Vehicle/install/vehicle_core/include/vehicle_core/vehicle_core/srv/detail/release_internal_control__rosidl_typesupport_fastrtps_c.h\n'}
[88.724545] (vehicle_core) StdoutLine: {'line': b'-- Symlinking: /home/avcpp/AV-CPP2025/Vehicle/install/vehicle_core/include/vehicle_core/vehicle_core/srv/detail/request_internal_control__rosidl_typesupport_fastrtps_c.h\n'}
[88.730851] (-) TimerEvent: {}
[88.755474] (vehicle_core) StdoutLine: {'line': b'-- Symlinking: /home/avcpp/AV-CPP2025/Vehicle/install/vehicle_core/include/vehicle_core/vehicle_core/srv/detail/set_autopilot_profile__rosidl_typesupport_fastrtps_c.h\n'}
[88.794790] (vehicle_core) StdoutLine: {'line': b'-- Symlinking: /home/avcpp/AV-CPP2025/Vehicle/install/vehicle_core/include/vehicle_core/vehicle_core/msg/autopilot_command.hpp\n'}
[88.828193] (vehicle_core) StdoutLine: {'line': b'-- Symlinking: /home/avcpp/AV-CPP2025/Vehicle/install/vehicle_core/include/vehicle_core/vehicle_core/msg/autopilot_config.hpp\n'}
[88.830923] (-) TimerEvent: {}
[88.859498] (vehicle_core) StdoutLine: {'line': b'-- Symlinking: /home/avcpp/AV-CPP2025/Vehicle/install/vehicle_core/include/vehicle_core/vehicle_core/msg/autopilot_status.hpp\n'}
[88.888301] (vehicle_core) StdoutLine: {'line': b'-- Symlinking: /home/avcpp/AV-CPP2025/Vehicle/install/vehicle_core/include/vehicle_core/vehicle_core/msg/detail/autopilot_command__builder.hpp\n'}
[88.924387] (vehicle_core) StdoutLine: {'line': b'-- Symlinking: /home/avcpp/AV-CPP2025/Vehicle/install/vehicle_core/include/vehicle_core/vehicle_core/msg/detail/autopilot_command__struct.hpp\n'}
[88.931042] (-) TimerEvent: {}
[88.953295] (vehicle_core) StdoutLine: {'line': b'-- Symlinking: /home/avcpp/AV-CPP2025/Vehicle/install/vehicle_core/include/vehicle_core/vehicle_core/msg/detail/autopilot_command__traits.hpp\n'}
[88.985675] (vehicle_core) StdoutLine: {'line': b'-- Symlinking: /home/avcpp/AV-CPP2025/Vehicle/install/vehicle_core/include/vehicle_core/vehicle_core/msg/detail/autopilot_command__type_support.hpp\n'}
[89.019996] (vehicle_core) StdoutLine: {'line': b'-- Symlinking: /home/avcpp/AV-CPP2025/Vehicle/install/vehicle_core/include/vehicle_core/vehicle_core/msg/detail/autopilot_config__builder.hpp\n'}
[89.031208] (-) TimerEvent: {}
[89.050850] (vehicle_core) StdoutLine: {'line': b'-- Symlinking: /home/avcpp/AV-CPP2025/Vehicle/install/vehicle_core/include/vehicle_core/vehicle_core/msg/detail/autopilot_config__struct.hpp\n'}
[89.081968] (vehicle_core) StdoutLine: {'line': b'-- Symlinking: /home/avcpp/AV-CPP2025/Vehicle/install/vehicle_core/include/vehicle_core/vehicle_core/msg/detail/autopilot_config__traits.hpp\n'}
[89.112289] (vehicle_core) StdoutLine: {'line': b'-- Symlinking: /home/avcpp/AV-CPP2025/Vehicle/install/vehicle_core/include/vehicle_core/vehicle_core/msg/detail/autopilot_config__type_support.hpp\n'}
[89.131320] (vehicle_core) StdoutLine: {'line': b'-- Symlinking: /home/avcpp/AV-CPP2025/Vehicle/install/vehicle_core/include/vehicle_core/vehicle_core/msg/detail/autopilot_status__builder.hpp\n'}
[89.132374] (-) TimerEvent: {}
[89.147361] (vehicle_core) StdoutLine: {'line': b'-- Symlinking: /home/avcpp/AV-CPP2025/Vehicle/install/vehicle_core/include/vehicle_core/vehicle_core/msg/detail/autopilot_status__struct.hpp\n'}
[89.163748] (vehicle_core) StdoutLine: {'line': b'-- Symlinking: /home/avcpp/AV-CPP2025/Vehicle/install/vehicle_core/include/vehicle_core/vehicle_core/msg/detail/autopilot_status__traits.hpp\n'}
[89.182051] (vehicle_core) StdoutLine: {'line': b'-- Symlinking: /home/avcpp/AV-CPP2025/Vehicle/install/vehicle_core/include/vehicle_core/vehicle_core/msg/detail/autopilot_status__type_support.hpp\n'}
[89.198709] (vehicle_core) StdoutLine: {'line': b'-- Symlinking: /home/avcpp/AV-CPP2025/Vehicle/install/vehicle_core/include/vehicle_core/vehicle_core/msg/detail/drive_feedback__builder.hpp\n'}
[89.216120] (vehicle_core) StdoutLine: {'line': b'-- Symlinking: /home/avcpp/AV-CPP2025/Vehicle/install/vehicle_core/include/vehicle_core/vehicle_core/msg/detail/drive_feedback__struct.hpp\n'}
[89.232691] (-) TimerEvent: {}
[89.234116] (vehicle_core) StdoutLine: {'line': b'-- Symlinking: /home/avcpp/AV-CPP2025/Vehicle/install/vehicle_core/include/vehicle_core/vehicle_core/msg/detail/drive_feedback__traits.hpp\n'}
[89.265803] (vehicle_core) StdoutLine: {'line': b'-- Symlinking: /home/avcpp/AV-CPP2025/Vehicle/install/vehicle_core/include/vehicle_core/vehicle_core/msg/detail/drive_feedback__type_support.hpp\n'}
[89.295729] (vehicle_core) StdoutLine: {'line': b'-- Symlinking: /home/avcpp/AV-CPP2025/Vehicle/install/vehicle_core/include/vehicle_core/vehicle_core/msg/detail/drive_status__builder.hpp\n'}
[89.328161] (vehicle_core) StdoutLine: {'line': b'-- Symlinking: /home/avcpp/AV-CPP2025/Vehicle/install/vehicle_core/include/vehicle_core/vehicle_core/msg/detail/drive_status__struct.hpp\n'}
[89.332804] (-) TimerEvent: {}
[89.363480] (vehicle_core) StdoutLine: {'line': b'-- Symlinking: /home/avcpp/AV-CPP2025/Vehicle/install/vehicle_core/include/vehicle_core/vehicle_core/msg/detail/drive_status__traits.hpp\n'}
[89.396897] (vehicle_core) StdoutLine: {'line': b'-- Symlinking: /home/avcpp/AV-CPP2025/Vehicle/install/vehicle_core/include/vehicle_core/vehicle_core/msg/detail/drive_status__type_support.hpp\n'}
[89.428588] (vehicle_core) StdoutLine: {'line': b'-- Symlinking: /home/avcpp/AV-CPP2025/Vehicle/install/vehicle_core/include/vehicle_core/vehicle_core/msg/detail/drive_target__builder.hpp\n'}
[89.432944] (-) TimerEvent: {}
[89.462114] (vehicle_core) StdoutLine: {'line': b'-- Symlinking: /home/avcpp/AV-CPP2025/Vehicle/install/vehicle_core/include/vehicle_core/vehicle_core/msg/detail/drive_target__struct.hpp\n'}
[89.494870] (vehicle_core) StdoutLine: {'line': b'-- Symlinking: /home/avcpp/AV-CPP2025/Vehicle/install/vehicle_core/include/vehicle_core/vehicle_core/msg/detail/drive_target__traits.hpp\n'}
[89.533317] (-) TimerEvent: {}
[89.536859] (vehicle_core) StdoutLine: {'line': b'-- Symlinking: /home/avcpp/AV-CPP2025/Vehicle/install/vehicle_core/include/vehicle_core/vehicle_core/msg/detail/drive_target__type_support.hpp\n'}
[89.569618] (vehicle_core) StdoutLine: {'line': b'-- Symlinking: /home/avcpp/AV-CPP2025/Vehicle/install/vehicle_core/include/vehicle_core/vehicle_core/msg/detail/error__builder.hpp\n'}
[89.601832] (vehicle_core) StdoutLine: {'line': b'-- Symlinking: /home/avcpp/AV-CPP2025/Vehicle/install/vehicle_core/include/vehicle_core/vehicle_core/msg/detail/error__struct.hpp\n'}
[89.633474] (-) TimerEvent: {}
[89.634998] (vehicle_core) StdoutLine: {'line': b'-- Symlinking: /home/avcpp/AV-CPP2025/Vehicle/install/vehicle_core/include/vehicle_core/vehicle_core/msg/detail/error__traits.hpp\n'}
[89.663727] (vehicle_core) StdoutLine: {'line': b'-- Symlinking: /home/avcpp/AV-CPP2025/Vehicle/install/vehicle_core/include/vehicle_core/vehicle_core/msg/detail/error__type_support.hpp\n'}
[89.692317] (vehicle_core) StdoutLine: {'line': b'-- Symlinking: /home/avcpp/AV-CPP2025/Vehicle/install/vehicle_core/include/vehicle_core/vehicle_core/msg/detail/general_status__builder.hpp\n'}
[89.728853] (vehicle_core) StdoutLine: {'line': b'-- Symlinking: /home/avcpp/AV-CPP2025/Vehicle/install/vehicle_core/include/vehicle_core/vehicle_core/msg/detail/general_status__struct.hpp\n'}
[89.733541] (-) TimerEvent: {}
[89.747894] (vehicle_core) StdoutLine: {'line': b'-- Symlinking: /home/avcpp/AV-CPP2025/Vehicle/install/vehicle_core/include/vehicle_core/vehicle_core/msg/detail/general_status__traits.hpp\n'}
[89.764422] (vehicle_core) StdoutLine: {'line': b'-- Symlinking: /home/avcpp/AV-CPP2025/Vehicle/install/vehicle_core/include/vehicle_core/vehicle_core/msg/detail/general_status__type_support.hpp\n'}
[89.797005] (vehicle_core) StdoutLine: {'line': b'-- Symlinking: /home/avcpp/AV-CPP2025/Vehicle/install/vehicle_core/include/vehicle_core/vehicle_core/msg/detail/imu_status__builder.hpp\n'}
[89.833957] (-) TimerEvent: {}
[89.834951] (vehicle_core) StdoutLine: {'line': b'-- Symlinking: /home/avcpp/AV-CPP2025/Vehicle/install/vehicle_core/include/vehicle_core/vehicle_core/msg/detail/imu_status__struct.hpp\n'}
[89.853686] (vehicle_core) StdoutLine: {'line': b'-- Symlinking: /home/avcpp/AV-CPP2025/Vehicle/install/vehicle_core/include/vehicle_core/vehicle_core/msg/detail/imu_status__traits.hpp\n'}
[89.870187] (vehicle_core) StdoutLine: {'line': b'-- Symlinking: /home/avcpp/AV-CPP2025/Vehicle/install/vehicle_core/include/vehicle_core/vehicle_core/msg/detail/imu_status__type_support.hpp\n'}
[89.889797] (vehicle_core) StdoutLine: {'line': b'-- Symlinking: /home/avcpp/AV-CPP2025/Vehicle/install/vehicle_core/include/vehicle_core/vehicle_core/msg/detail/internal_drive_command__builder.hpp\n'}
[89.925179] (vehicle_core) StdoutLine: {'line': b'-- Symlinking: /home/avcpp/AV-CPP2025/Vehicle/install/vehicle_core/include/vehicle_core/vehicle_core/msg/detail/internal_drive_command__struct.hpp\n'}
[89.933988] (-) TimerEvent: {}
[89.957277] (vehicle_core) StdoutLine: {'line': b'-- Symlinking: /home/avcpp/AV-CPP2025/Vehicle/install/vehicle_core/include/vehicle_core/vehicle_core/msg/detail/internal_drive_command__traits.hpp\n'}
[89.993914] (vehicle_core) StdoutLine: {'line': b'-- Symlinking: /home/avcpp/AV-CPP2025/Vehicle/install/vehicle_core/include/vehicle_core/vehicle_core/msg/detail/internal_drive_command__type_support.hpp\n'}
[90.030506] (vehicle_core) StdoutLine: {'line': b'-- Symlinking: /home/avcpp/AV-CPP2025/Vehicle/install/vehicle_core/include/vehicle_core/vehicle_core/msg/detail/lights_command__builder.hpp\n'}
[90.034073] (-) TimerEvent: {}
[90.058292] (vehicle_core) StdoutLine: {'line': b'-- Symlinking: /home/avcpp/AV-CPP2025/Vehicle/install/vehicle_core/include/vehicle_core/vehicle_core/msg/detail/lights_command__struct.hpp\n'}
[90.091762] (vehicle_core) StdoutLine: {'line': b'-- Symlinking: /home/avcpp/AV-CPP2025/Vehicle/install/vehicle_core/include/vehicle_core/vehicle_core/msg/detail/lights_command__traits.hpp\n'}
[90.121272] (vehicle_core) StdoutLine: {'line': b'-- Symlinking: /home/avcpp/AV-CPP2025/Vehicle/install/vehicle_core/include/vehicle_core/vehicle_core/msg/detail/lights_command__type_support.hpp\n'}
[90.134531] (-) TimerEvent: {}
[90.144130] (vehicle_core) StdoutLine: {'line': b'-- Symlinking: /home/avcpp/AV-CPP2025/Vehicle/install/vehicle_core/include/vehicle_core/vehicle_core/msg/detail/lights_status__builder.hpp\n'}
[90.160240] (vehicle_core) StdoutLine: {'line': b'-- Symlinking: /home/avcpp/AV-CPP2025/Vehicle/install/vehicle_core/include/vehicle_core/vehicle_core/msg/detail/lights_status__struct.hpp\n'}
[90.176915] (vehicle_core) StdoutLine: {'line': b'-- Symlinking: /home/avcpp/AV-CPP2025/Vehicle/install/vehicle_core/include/vehicle_core/vehicle_core/msg/detail/lights_status__traits.hpp\n'}
[90.194883] (vehicle_core) StdoutLine: {'line': b'-- Symlinking: /home/avcpp/AV-CPP2025/Vehicle/install/vehicle_core/include/vehicle_core/vehicle_core/msg/detail/lights_status__type_support.hpp\n'}
[90.227768] (vehicle_core) StdoutLine: {'line': b'-- Symlinking: /home/avcpp/AV-CPP2025/Vehicle/install/vehicle_core/include/vehicle_core/vehicle_core/msg/detail/manual_drive_command__builder.hpp\n'}
[90.234742] (-) TimerEvent: {}
[90.255224] (vehicle_core) StdoutLine: {'line': b'-- Symlinking: /home/avcpp/AV-CPP2025/Vehicle/install/vehicle_core/include/vehicle_core/vehicle_core/msg/detail/manual_drive_command__struct.hpp\n'}
[90.271164] (vehicle_core) StdoutLine: {'line': b'-- Symlinking: /home/avcpp/AV-CPP2025/Vehicle/install/vehicle_core/include/vehicle_core/vehicle_core/msg/detail/manual_drive_command__traits.hpp\n'}
[90.287549] (vehicle_core) StdoutLine: {'line': b'-- Symlinking: /home/avcpp/AV-CPP2025/Vehicle/install/vehicle_core/include/vehicle_core/vehicle_core/msg/detail/manual_drive_command__type_support.hpp\n'}
[90.304342] (vehicle_core) StdoutLine: {'line': b'-- Symlinking: /home/avcpp/AV-CPP2025/Vehicle/install/vehicle_core/include/vehicle_core/vehicle_core/msg/detail/max_speed__builder.hpp\n'}
[90.332414] (vehicle_core) StdoutLine: {'line': b'-- Symlinking: /home/avcpp/AV-CPP2025/Vehicle/install/vehicle_core/include/vehicle_core/vehicle_core/msg/detail/max_speed__struct.hpp\n'}
[90.334858] (-) TimerEvent: {}
[90.363826] (vehicle_core) StdoutLine: {'line': b'-- Symlinking: /home/avcpp/AV-CPP2025/Vehicle/install/vehicle_core/include/vehicle_core/vehicle_core/msg/detail/max_speed__traits.hpp\n'}
[90.397773] (vehicle_core) StdoutLine: {'line': b'-- Symlinking: /home/avcpp/AV-CPP2025/Vehicle/install/vehicle_core/include/vehicle_core/vehicle_core/msg/detail/max_speed__type_support.hpp\n'}
[90.429620] (vehicle_core) StdoutLine: {'line': b'-- Symlinking: /home/avcpp/AV-CPP2025/Vehicle/install/vehicle_core/include/vehicle_core/vehicle_core/msg/detail/perception_profile__builder.hpp\n'}
[90.434940] (-) TimerEvent: {}
[90.464814] (vehicle_core) StdoutLine: {'line': b'-- Symlinking: /home/avcpp/AV-CPP2025/Vehicle/install/vehicle_core/include/vehicle_core/vehicle_core/msg/detail/perception_profile__struct.hpp\n'}
[90.498316] (vehicle_core) StdoutLine: {'line': b'-- Symlinking: /home/avcpp/AV-CPP2025/Vehicle/install/vehicle_core/include/vehicle_core/vehicle_core/msg/detail/perception_profile__traits.hpp\n'}
[90.533221] (vehicle_core) StdoutLine: {'line': b'-- Symlinking: /home/avcpp/AV-CPP2025/Vehicle/install/vehicle_core/include/vehicle_core/vehicle_core/msg/detail/perception_profile__type_support.hpp\n'}
[90.535085] (-) TimerEvent: {}
[90.562771] (vehicle_core) StdoutLine: {'line': b'-- Symlinking: /home/avcpp/AV-CPP2025/Vehicle/install/vehicle_core/include/vehicle_core/vehicle_core/msg/detail/server_init__builder.hpp\n'}
[90.582743] (vehicle_core) StdoutLine: {'line': b'-- Symlinking: /home/avcpp/AV-CPP2025/Vehicle/install/vehicle_core/include/vehicle_core/vehicle_core/msg/detail/server_init__struct.hpp\n'}
[90.614623] (vehicle_core) StdoutLine: {'line': b'-- Symlinking: /home/avcpp/AV-CPP2025/Vehicle/install/vehicle_core/include/vehicle_core/vehicle_core/msg/detail/server_init__traits.hpp\n'}
[90.635429] (-) TimerEvent: {}
[90.644812] (vehicle_core) StdoutLine: {'line': b'-- Symlinking: /home/avcpp/AV-CPP2025/Vehicle/install/vehicle_core/include/vehicle_core/vehicle_core/msg/detail/server_init__type_support.hpp\n'}
[90.680616] (vehicle_core) StdoutLine: {'line': b'-- Symlinking: /home/avcpp/AV-CPP2025/Vehicle/install/vehicle_core/include/vehicle_core/vehicle_core/msg/detail/state_event__builder.hpp\n'}
[90.717128] (vehicle_core) StdoutLine: {'line': b'-- Symlinking: /home/avcpp/AV-CPP2025/Vehicle/install/vehicle_core/include/vehicle_core/vehicle_core/msg/detail/state_event__struct.hpp\n'}
[90.735805] (-) TimerEvent: {}
[90.752572] (vehicle_core) StdoutLine: {'line': b'-- Symlinking: /home/avcpp/AV-CPP2025/Vehicle/install/vehicle_core/include/vehicle_core/vehicle_core/msg/detail/state_event__traits.hpp\n'}
[90.790523] (vehicle_core) StdoutLine: {'line': b'-- Symlinking: /home/avcpp/AV-CPP2025/Vehicle/install/vehicle_core/include/vehicle_core/vehicle_core/msg/detail/state_event__type_support.hpp\n'}
[90.807960] (vehicle_core) StdoutLine: {'line': b'-- Symlinking: /home/avcpp/AV-CPP2025/Vehicle/install/vehicle_core/include/vehicle_core/vehicle_core/msg/detail/state_mode__builder.hpp\n'}
[90.824314] (vehicle_core) StdoutLine: {'line': b'-- Symlinking: /home/avcpp/AV-CPP2025/Vehicle/install/vehicle_core/include/vehicle_core/vehicle_core/msg/detail/state_mode__struct.hpp\n'}
[90.835965] (-) TimerEvent: {}
[90.854450] (vehicle_core) StdoutLine: {'line': b'-- Symlinking: /home/avcpp/AV-CPP2025/Vehicle/install/vehicle_core/include/vehicle_core/vehicle_core/msg/detail/state_mode__traits.hpp\n'}
[90.879869] (vehicle_core) StdoutLine: {'line': b'-- Symlinking: /home/avcpp/AV-CPP2025/Vehicle/install/vehicle_core/include/vehicle_core/vehicle_core/msg/detail/state_mode__type_support.hpp\n'}
[90.913540] (vehicle_core) StdoutLine: {'line': b'-- Symlinking: /home/avcpp/AV-CPP2025/Vehicle/install/vehicle_core/include/vehicle_core/vehicle_core/msg/detail/telemetry_data__builder.hpp\n'}
[90.936287] (-) TimerEvent: {}
[90.948412] (vehicle_core) StdoutLine: {'line': b'-- Symlinking: /home/avcpp/AV-CPP2025/Vehicle/install/vehicle_core/include/vehicle_core/vehicle_core/msg/detail/telemetry_data__struct.hpp\n'}
[90.967540] (vehicle_core) StdoutLine: {'line': b'-- Symlinking: /home/avcpp/AV-CPP2025/Vehicle/install/vehicle_core/include/vehicle_core/vehicle_core/msg/detail/telemetry_data__traits.hpp\n'}
[90.985234] (vehicle_core) StdoutLine: {'line': b'-- Symlinking: /home/avcpp/AV-CPP2025/Vehicle/install/vehicle_core/include/vehicle_core/vehicle_core/msg/detail/telemetry_data__type_support.hpp\n'}
[91.001454] (vehicle_core) StdoutLine: {'line': b'-- Symlinking: /home/avcpp/AV-CPP2025/Vehicle/install/vehicle_core/include/vehicle_core/vehicle_core/msg/drive_feedback.hpp\n'}
[91.035440] (vehicle_core) StdoutLine: {'line': b'-- Symlinking: /home/avcpp/AV-CPP2025/Vehicle/install/vehicle_core/include/vehicle_core/vehicle_core/msg/drive_status.hpp\n'}
[91.036358] (-) TimerEvent: {}
[91.067888] (vehicle_core) StdoutLine: {'line': b'-- Symlinking: /home/avcpp/AV-CPP2025/Vehicle/install/vehicle_core/include/vehicle_core/vehicle_core/msg/drive_target.hpp\n'}
[91.087843] (vehicle_core) StdoutLine: {'line': b'-- Symlinking: /home/avcpp/AV-CPP2025/Vehicle/install/vehicle_core/include/vehicle_core/vehicle_core/msg/error.hpp\n'}
[91.123488] (vehicle_core) StdoutLine: {'line': b'-- Symlinking: /home/avcpp/AV-CPP2025/Vehicle/install/vehicle_core/include/vehicle_core/vehicle_core/msg/general_status.hpp\n'}
[91.136483] (-) TimerEvent: {}
[91.142686] (vehicle_core) StdoutLine: {'line': b'-- Symlinking: /home/avcpp/AV-CPP2025/Vehicle/install/vehicle_core/include/vehicle_core/vehicle_core/msg/imu_status.hpp\n'}
[91.159524] (vehicle_core) StdoutLine: {'line': b'-- Symlinking: /home/avcpp/AV-CPP2025/Vehicle/install/vehicle_core/include/vehicle_core/vehicle_core/msg/internal_drive_command.hpp\n'}
[91.178262] (vehicle_core) StdoutLine: {'line': b'-- Symlinking: /home/avcpp/AV-CPP2025/Vehicle/install/vehicle_core/include/vehicle_core/vehicle_core/msg/lights_command.hpp\n'}
[91.210757] (vehicle_core) StdoutLine: {'line': b'-- Symlinking: /home/avcpp/AV-CPP2025/Vehicle/install/vehicle_core/include/vehicle_core/vehicle_core/msg/lights_status.hpp\n'}
[91.236807] (-) TimerEvent: {}
[91.238183] (vehicle_core) StdoutLine: {'line': b'-- Symlinking: /home/avcpp/AV-CPP2025/Vehicle/install/vehicle_core/include/vehicle_core/vehicle_core/msg/manual_drive_command.hpp\n'}
[91.273252] (vehicle_core) StdoutLine: {'line': b'-- Symlinking: /home/avcpp/AV-CPP2025/Vehicle/install/vehicle_core/include/vehicle_core/vehicle_core/msg/max_speed.hpp\n'}
[91.307446] (vehicle_core) StdoutLine: {'line': b'-- Symlinking: /home/avcpp/AV-CPP2025/Vehicle/install/vehicle_core/include/vehicle_core/vehicle_core/msg/perception_profile.hpp\n'}
[91.337010] (-) TimerEvent: {}
[91.340669] (vehicle_core) StdoutLine: {'line': b'-- Symlinking: /home/avcpp/AV-CPP2025/Vehicle/install/vehicle_core/include/vehicle_core/vehicle_core/msg/rosidl_generator_cpp__visibility_control.hpp\n'}
[91.374778] (vehicle_core) StdoutLine: {'line': b'-- Symlinking: /home/avcpp/AV-CPP2025/Vehicle/install/vehicle_core/include/vehicle_core/vehicle_core/msg/server_init.hpp\n'}
[91.402913] (vehicle_core) StdoutLine: {'line': b'-- Symlinking: /home/avcpp/AV-CPP2025/Vehicle/install/vehicle_core/include/vehicle_core/vehicle_core/msg/state_event.hpp\n'}
[91.420719] (vehicle_core) StdoutLine: {'line': b'-- Symlinking: /home/avcpp/AV-CPP2025/Vehicle/install/vehicle_core/include/vehicle_core/vehicle_core/msg/state_mode.hpp\n'}
[91.437150] (-) TimerEvent: {}
[91.452667] (vehicle_core) StdoutLine: {'line': b'-- Symlinking: /home/avcpp/AV-CPP2025/Vehicle/install/vehicle_core/include/vehicle_core/vehicle_core/msg/telemetry_data.hpp\n'}
[91.481412] (vehicle_core) StdoutLine: {'line': b'-- Symlinking: /home/avcpp/AV-CPP2025/Vehicle/install/vehicle_core/include/vehicle_core/vehicle_core/srv/detail/release_internal_control__builder.hpp\n'}
[91.514924] (vehicle_core) StdoutLine: {'line': b'-- Symlinking: /home/avcpp/AV-CPP2025/Vehicle/install/vehicle_core/include/vehicle_core/vehicle_core/srv/detail/release_internal_control__struct.hpp\n'}
[91.537497] (-) TimerEvent: {}
[91.543394] (vehicle_core) StdoutLine: {'line': b'-- Symlinking: /home/avcpp/AV-CPP2025/Vehicle/install/vehicle_core/include/vehicle_core/vehicle_core/srv/detail/release_internal_control__traits.hpp\n'}
[91.574101] (vehicle_core) StdoutLine: {'line': b'-- Symlinking: /home/avcpp/AV-CPP2025/Vehicle/install/vehicle_core/include/vehicle_core/vehicle_core/srv/detail/release_internal_control__type_support.hpp\n'}
[91.593457] (vehicle_core) StdoutLine: {'line': b'-- Symlinking: /home/avcpp/AV-CPP2025/Vehicle/install/vehicle_core/include/vehicle_core/vehicle_core/srv/detail/request_internal_control__builder.hpp\n'}
[91.610493] (vehicle_core) StdoutLine: {'line': b'-- Symlinking: /home/avcpp/AV-CPP2025/Vehicle/install/vehicle_core/include/vehicle_core/vehicle_core/srv/detail/request_internal_control__struct.hpp\n'}
[91.637598] (-) TimerEvent: {}
[91.645169] (vehicle_core) StdoutLine: {'line': b'-- Symlinking: /home/avcpp/AV-CPP2025/Vehicle/install/vehicle_core/include/vehicle_core/vehicle_core/srv/detail/request_internal_control__traits.hpp\n'}
[91.675135] (vehicle_core) StdoutLine: {'line': b'-- Symlinking: /home/avcpp/AV-CPP2025/Vehicle/install/vehicle_core/include/vehicle_core/vehicle_core/srv/detail/request_internal_control__type_support.hpp\n'}
[91.692722] (vehicle_core) StdoutLine: {'line': b'-- Symlinking: /home/avcpp/AV-CPP2025/Vehicle/install/vehicle_core/include/vehicle_core/vehicle_core/srv/detail/set_autopilot_profile__builder.hpp\n'}
[91.721685] (vehicle_core) StdoutLine: {'line': b'-- Symlinking: /home/avcpp/AV-CPP2025/Vehicle/install/vehicle_core/include/vehicle_core/vehicle_core/srv/detail/set_autopilot_profile__struct.hpp\n'}
[91.737688] (-) TimerEvent: {}
[91.747924] (vehicle_core) StdoutLine: {'line': b'-- Symlinking: /home/avcpp/AV-CPP2025/Vehicle/install/vehicle_core/include/vehicle_core/vehicle_core/srv/detail/set_autopilot_profile__traits.hpp\n'}
[91.763321] (vehicle_core) StdoutLine: {'line': b'-- Symlinking: /home/avcpp/AV-CPP2025/Vehicle/install/vehicle_core/include/vehicle_core/vehicle_core/srv/detail/set_autopilot_profile__type_support.hpp\n'}
[91.780894] (vehicle_core) StdoutLine: {'line': b'-- Symlinking: /home/avcpp/AV-CPP2025/Vehicle/install/vehicle_core/include/vehicle_core/vehicle_core/srv/release_internal_control.hpp\n'}
[91.797925] (vehicle_core) StdoutLine: {'line': b'-- Symlinking: /home/avcpp/AV-CPP2025/Vehicle/install/vehicle_core/include/vehicle_core/vehicle_core/srv/request_internal_control.hpp\n'}
[91.829478] (vehicle_core) StdoutLine: {'line': b'-- Symlinking: /home/avcpp/AV-CPP2025/Vehicle/install/vehicle_core/include/vehicle_core/vehicle_core/srv/set_autopilot_profile.hpp\n'}
[91.837850] (-) TimerEvent: {}
[91.860744] (vehicle_core) StdoutLine: {'line': b'-- Symlinking: /home/avcpp/AV-CPP2025/Vehicle/install/vehicle_core/include/vehicle_core/vehicle_core/msg/detail/autopilot_command__rosidl_typesupport_fastrtps_cpp.hpp\n'}
[91.894251] (vehicle_core) StdoutLine: {'line': b'-- Symlinking: /home/avcpp/AV-CPP2025/Vehicle/install/vehicle_core/include/vehicle_core/vehicle_core/msg/detail/autopilot_config__rosidl_typesupport_fastrtps_cpp.hpp\n'}
[91.926619] (vehicle_core) StdoutLine: {'line': b'-- Symlinking: /home/avcpp/AV-CPP2025/Vehicle/install/vehicle_core/include/vehicle_core/vehicle_core/msg/detail/autopilot_status__rosidl_typesupport_fastrtps_cpp.hpp\n'}
[91.938069] (-) TimerEvent: {}
[91.957143] (vehicle_core) StdoutLine: {'line': b'-- Symlinking: /home/avcpp/AV-CPP2025/Vehicle/install/vehicle_core/include/vehicle_core/vehicle_core/msg/detail/drive_feedback__rosidl_typesupport_fastrtps_cpp.hpp\n'}
[91.988906] (vehicle_core) StdoutLine: {'line': b'-- Symlinking: /home/avcpp/AV-CPP2025/Vehicle/install/vehicle_core/include/vehicle_core/vehicle_core/msg/detail/drive_status__rosidl_typesupport_fastrtps_cpp.hpp\n'}
[92.008251] (vehicle_core) StdoutLine: {'line': b'-- Symlinking: /home/avcpp/AV-CPP2025/Vehicle/install/vehicle_core/include/vehicle_core/vehicle_core/msg/detail/drive_target__rosidl_typesupport_fastrtps_cpp.hpp\n'}
[92.038245] (-) TimerEvent: {}
[92.040150] (vehicle_core) StdoutLine: {'line': b'-- Symlinking: /home/avcpp/AV-CPP2025/Vehicle/install/vehicle_core/include/vehicle_core/vehicle_core/msg/detail/error__rosidl_typesupport_fastrtps_cpp.hpp\n'}
[92.073877] (vehicle_core) StdoutLine: {'line': b'-- Symlinking: /home/avcpp/AV-CPP2025/Vehicle/install/vehicle_core/include/vehicle_core/vehicle_core/msg/detail/general_status__rosidl_typesupport_fastrtps_cpp.hpp\n'}
[92.107805] (vehicle_core) StdoutLine: {'line': b'-- Symlinking: /home/avcpp/AV-CPP2025/Vehicle/install/vehicle_core/include/vehicle_core/vehicle_core/msg/detail/imu_status__rosidl_typesupport_fastrtps_cpp.hpp\n'}
[92.138541] (-) TimerEvent: {}
[92.156340] (vehicle_core) StdoutLine: {'line': b'-- Symlinking: /home/avcpp/AV-CPP2025/Vehicle/install/vehicle_core/include/vehicle_core/vehicle_core/msg/detail/internal_drive_command__rosidl_typesupport_fastrtps_cpp.hpp\n'}
[92.188259] (vehicle_core) StdoutLine: {'line': b'-- Symlinking: /home/avcpp/AV-CPP2025/Vehicle/install/vehicle_core/include/vehicle_core/vehicle_core/msg/detail/lights_command__rosidl_typesupport_fastrtps_cpp.hpp\n'}
[92.218217] (vehicle_core) StdoutLine: {'line': b'-- Symlinking: /home/avcpp/AV-CPP2025/Vehicle/install/vehicle_core/include/vehicle_core/vehicle_core/msg/detail/lights_status__rosidl_typesupport_fastrtps_cpp.hpp\n'}
[92.238667] (-) TimerEvent: {}
[92.252285] (vehicle_core) StdoutLine: {'line': b'-- Symlinking: /home/avcpp/AV-CPP2025/Vehicle/install/vehicle_core/include/vehicle_core/vehicle_core/msg/detail/manual_drive_command__rosidl_typesupport_fastrtps_cpp.hpp\n'}
[92.282942] (vehicle_core) StdoutLine: {'line': b'-- Symlinking: /home/avcpp/AV-CPP2025/Vehicle/install/vehicle_core/include/vehicle_core/vehicle_core/msg/detail/max_speed__rosidl_typesupport_fastrtps_cpp.hpp\n'}
[92.302993] (vehicle_core) StdoutLine: {'line': b'-- Symlinking: /home/avcpp/AV-CPP2025/Vehicle/install/vehicle_core/include/vehicle_core/vehicle_core/msg/detail/perception_profile__rosidl_typesupport_fastrtps_cpp.hpp\n'}
[92.319514] (vehicle_core) StdoutLine: {'line': b'-- Symlinking: /home/avcpp/AV-CPP2025/Vehicle/install/vehicle_core/include/vehicle_core/vehicle_core/msg/detail/server_init__rosidl_typesupport_fastrtps_cpp.hpp\n'}
[92.335478] (vehicle_core) StdoutLine: {'line': b'-- Symlinking: /home/avcpp/AV-CPP2025/Vehicle/install/vehicle_core/include/vehicle_core/vehicle_core/msg/detail/state_event__rosidl_typesupport_fastrtps_cpp.hpp\n'}
[92.338866] (-) TimerEvent: {}
[92.371939] (vehicle_core) StdoutLine: {'line': b'-- Symlinking: /home/avcpp/AV-CPP2025/Vehicle/install/vehicle_core/include/vehicle_core/vehicle_core/msg/detail/state_mode__rosidl_typesupport_fastrtps_cpp.hpp\n'}
[92.405812] (vehicle_core) StdoutLine: {'line': b'-- Symlinking: /home/avcpp/AV-CPP2025/Vehicle/install/vehicle_core/include/vehicle_core/vehicle_core/msg/detail/telemetry_data__rosidl_typesupport_fastrtps_cpp.hpp\n'}
[92.439191] (-) TimerEvent: {}
[92.440529] (vehicle_core) StdoutLine: {'line': b'-- Symlinking: /home/avcpp/AV-CPP2025/Vehicle/install/vehicle_core/include/vehicle_core/vehicle_core/msg/rosidl_typesupport_fastrtps_cpp__visibility_control.h\n'}
[92.470986] (vehicle_core) StdoutLine: {'line': b'-- Symlinking: /home/avcpp/AV-CPP2025/Vehicle/install/vehicle_core/include/vehicle_core/vehicle_core/srv/detail/release_internal_control__rosidl_typesupport_fastrtps_cpp.hpp\n'}
[92.502890] (vehicle_core) StdoutLine: {'line': b'-- Symlinking: /home/avcpp/AV-CPP2025/Vehicle/install/vehicle_core/include/vehicle_core/vehicle_core/srv/detail/request_internal_control__rosidl_typesupport_fastrtps_cpp.hpp\n'}
[92.532491] (vehicle_core) StdoutLine: {'line': b'-- Symlinking: /home/avcpp/AV-CPP2025/Vehicle/install/vehicle_core/include/vehicle_core/vehicle_core/srv/detail/set_autopilot_profile__rosidl_typesupport_fastrtps_cpp.hpp\n'}
[92.539244] (-) TimerEvent: {}
[92.564312] (vehicle_core) StdoutLine: {'line': b'-- Symlinking: /home/avcpp/AV-CPP2025/Vehicle/install/vehicle_core/include/vehicle_core/vehicle_core/msg/detail/autopilot_command__rosidl_typesupport_introspection_c.h\n'}
[92.592354] (vehicle_core) StdoutLine: {'line': b'-- Symlinking: /home/avcpp/AV-CPP2025/Vehicle/install/vehicle_core/include/vehicle_core/vehicle_core/msg/detail/autopilot_config__rosidl_typesupport_introspection_c.h\n'}
[92.628084] (vehicle_core) StdoutLine: {'line': b'-- Symlinking: /home/avcpp/AV-CPP2025/Vehicle/install/vehicle_core/include/vehicle_core/vehicle_core/msg/detail/autopilot_status__rosidl_typesupport_introspection_c.h\n'}
[92.639376] (-) TimerEvent: {}
[92.661356] (vehicle_core) StdoutLine: {'line': b'-- Symlinking: /home/avcpp/AV-CPP2025/Vehicle/install/vehicle_core/include/vehicle_core/vehicle_core/msg/detail/drive_feedback__rosidl_typesupport_introspection_c.h\n'}
[92.694561] (vehicle_core) StdoutLine: {'line': b'-- Symlinking: /home/avcpp/AV-CPP2025/Vehicle/install/vehicle_core/include/vehicle_core/vehicle_core/msg/detail/drive_status__rosidl_typesupport_introspection_c.h\n'}
[92.730343] (vehicle_core) StdoutLine: {'line': b'-- Symlinking: /home/avcpp/AV-CPP2025/Vehicle/install/vehicle_core/include/vehicle_core/vehicle_core/msg/detail/drive_target__rosidl_typesupport_introspection_c.h\n'}
[92.739591] (-) TimerEvent: {}
[92.762878] (vehicle_core) StdoutLine: {'line': b'-- Symlinking: /home/avcpp/AV-CPP2025/Vehicle/install/vehicle_core/include/vehicle_core/vehicle_core/msg/detail/error__rosidl_typesupport_introspection_c.h\n'}
[92.795644] (vehicle_core) StdoutLine: {'line': b'-- Symlinking: /home/avcpp/AV-CPP2025/Vehicle/install/vehicle_core/include/vehicle_core/vehicle_core/msg/detail/general_status__rosidl_typesupport_introspection_c.h\n'}
[92.823334] (vehicle_core) StdoutLine: {'line': b'-- Symlinking: /home/avcpp/AV-CPP2025/Vehicle/install/vehicle_core/include/vehicle_core/vehicle_core/msg/detail/imu_status__rosidl_typesupport_introspection_c.h\n'}
[92.839628] (vehicle_core) StdoutLine: {'line': b'-- Symlinking: /home/avcpp/AV-CPP2025/Vehicle/install/vehicle_core/include/vehicle_core/vehicle_core/msg/detail/internal_drive_command__rosidl_typesupport_introspection_c.h\n'}
[92.840623] (-) TimerEvent: {}
[92.855368] (vehicle_core) StdoutLine: {'line': b'-- Symlinking: /home/avcpp/AV-CPP2025/Vehicle/install/vehicle_core/include/vehicle_core/vehicle_core/msg/detail/lights_command__rosidl_typesupport_introspection_c.h\n'}
[92.871852] (vehicle_core) StdoutLine: {'line': b'-- Symlinking: /home/avcpp/AV-CPP2025/Vehicle/install/vehicle_core/include/vehicle_core/vehicle_core/msg/detail/lights_status__rosidl_typesupport_introspection_c.h\n'}
[92.889544] (vehicle_core) StdoutLine: {'line': b'-- Symlinking: /home/avcpp/AV-CPP2025/Vehicle/install/vehicle_core/include/vehicle_core/vehicle_core/msg/detail/manual_drive_command__rosidl_typesupport_introspection_c.h\n'}
[92.924189] (vehicle_core) StdoutLine: {'line': b'-- Symlinking: /home/avcpp/AV-CPP2025/Vehicle/install/vehicle_core/include/vehicle_core/vehicle_core/msg/detail/max_speed__rosidl_typesupport_introspection_c.h\n'}
[92.940904] (-) TimerEvent: {}
[92.960425] (vehicle_core) StdoutLine: {'line': b'-- Symlinking: /home/avcpp/AV-CPP2025/Vehicle/install/vehicle_core/include/vehicle_core/vehicle_core/msg/detail/perception_profile__rosidl_typesupport_introspection_c.h\n'}
[92.994120] (vehicle_core) StdoutLine: {'line': b'-- Symlinking: /home/avcpp/AV-CPP2025/Vehicle/install/vehicle_core/include/vehicle_core/vehicle_core/msg/detail/server_init__rosidl_typesupport_introspection_c.h\n'}
[93.021805] (vehicle_core) StdoutLine: {'line': b'-- Symlinking: /home/avcpp/AV-CPP2025/Vehicle/install/vehicle_core/include/vehicle_core/vehicle_core/msg/detail/state_event__rosidl_typesupport_introspection_c.h\n'}
[93.037702] (vehicle_core) StdoutLine: {'line': b'-- Symlinking: /home/avcpp/AV-CPP2025/Vehicle/install/vehicle_core/include/vehicle_core/vehicle_core/msg/detail/state_mode__rosidl_typesupport_introspection_c.h\n'}
[93.041020] (-) TimerEvent: {}
[93.070429] (vehicle_core) StdoutLine: {'line': b'-- Symlinking: /home/avcpp/AV-CPP2025/Vehicle/install/vehicle_core/include/vehicle_core/vehicle_core/msg/detail/telemetry_data__rosidl_typesupport_introspection_c.h\n'}
[93.109005] (vehicle_core) StdoutLine: {'line': b'-- Symlinking: /home/avcpp/AV-CPP2025/Vehicle/install/vehicle_core/include/vehicle_core/vehicle_core/msg/rosidl_typesupport_introspection_c__visibility_control.h\n'}
[93.141437] (-) TimerEvent: {}
[93.144849] (vehicle_core) StdoutLine: {'line': b'-- Symlinking: /home/avcpp/AV-CPP2025/Vehicle/install/vehicle_core/include/vehicle_core/vehicle_core/srv/detail/release_internal_control__rosidl_typesupport_introspection_c.h\n'}
[93.178488] (vehicle_core) StdoutLine: {'line': b'-- Symlinking: /home/avcpp/AV-CPP2025/Vehicle/install/vehicle_core/include/vehicle_core/vehicle_core/srv/detail/request_internal_control__rosidl_typesupport_introspection_c.h\n'}
[93.195076] (vehicle_core) StdoutLine: {'line': b'-- Symlinking: /home/avcpp/AV-CPP2025/Vehicle/install/vehicle_core/include/vehicle_core/vehicle_core/srv/detail/set_autopilot_profile__rosidl_typesupport_introspection_c.h\n'}
[93.226184] (vehicle_core) StdoutLine: {'line': b'-- Symlinking: /home/avcpp/AV-CPP2025/Vehicle/install/vehicle_core/include/vehicle_core/vehicle_core/msg/detail/autopilot_command__rosidl_typesupport_introspection_cpp.hpp\n'}
[93.241648] (-) TimerEvent: {}
[93.259322] (vehicle_core) StdoutLine: {'line': b'-- Symlinking: /home/avcpp/AV-CPP2025/Vehicle/install/vehicle_core/include/vehicle_core/vehicle_core/msg/detail/autopilot_config__rosidl_typesupport_introspection_cpp.hpp\n'}
[93.278192] (vehicle_core) StdoutLine: {'line': b'-- Symlinking: /home/avcpp/AV-CPP2025/Vehicle/install/vehicle_core/include/vehicle_core/vehicle_core/msg/detail/autopilot_status__rosidl_typesupport_introspection_cpp.hpp\n'}
[93.295283] (vehicle_core) StdoutLine: {'line': b'-- Symlinking: /home/avcpp/AV-CPP2025/Vehicle/install/vehicle_core/include/vehicle_core/vehicle_core/msg/detail/drive_feedback__rosidl_typesupport_introspection_cpp.hpp\n'}
[93.312660] (vehicle_core) StdoutLine: {'line': b'-- Symlinking: /home/avcpp/AV-CPP2025/Vehicle/install/vehicle_core/include/vehicle_core/vehicle_core/msg/detail/drive_status__rosidl_typesupport_introspection_cpp.hpp\n'}
[93.341070] (vehicle_core) StdoutLine: {'line': b'-- Symlinking: /home/avcpp/AV-CPP2025/Vehicle/install/vehicle_core/include/vehicle_core/vehicle_core/msg/detail/drive_target__rosidl_typesupport_introspection_cpp.hpp\n'}
[93.342036] (-) TimerEvent: {}
[93.368352] (vehicle_core) StdoutLine: {'line': b'-- Symlinking: /home/avcpp/AV-CPP2025/Vehicle/install/vehicle_core/include/vehicle_core/vehicle_core/msg/detail/error__rosidl_typesupport_introspection_cpp.hpp\n'}
[93.386334] (vehicle_core) StdoutLine: {'line': b'-- Symlinking: /home/avcpp/AV-CPP2025/Vehicle/install/vehicle_core/include/vehicle_core/vehicle_core/msg/detail/general_status__rosidl_typesupport_introspection_cpp.hpp\n'}
[93.404681] (vehicle_core) StdoutLine: {'line': b'-- Symlinking: /home/avcpp/AV-CPP2025/Vehicle/install/vehicle_core/include/vehicle_core/vehicle_core/msg/detail/imu_status__rosidl_typesupport_introspection_cpp.hpp\n'}
[93.421593] (vehicle_core) StdoutLine: {'line': b'-- Symlinking: /home/avcpp/AV-CPP2025/Vehicle/install/vehicle_core/include/vehicle_core/vehicle_core/msg/detail/internal_drive_command__rosidl_typesupport_introspection_cpp.hpp\n'}
[93.438202] (vehicle_core) StdoutLine: {'line': b'-- Symlinking: /home/avcpp/AV-CPP2025/Vehicle/install/vehicle_core/include/vehicle_core/vehicle_core/msg/detail/lights_command__rosidl_typesupport_introspection_cpp.hpp\n'}
[93.442275] (-) TimerEvent: {}
[93.469207] (vehicle_core) StdoutLine: {'line': b'-- Symlinking: /home/avcpp/AV-CPP2025/Vehicle/install/vehicle_core/include/vehicle_core/vehicle_core/msg/detail/lights_status__rosidl_typesupport_introspection_cpp.hpp\n'}
[93.501564] (vehicle_core) StdoutLine: {'line': b'-- Symlinking: /home/avcpp/AV-CPP2025/Vehicle/install/vehicle_core/include/vehicle_core/vehicle_core/msg/detail/manual_drive_command__rosidl_typesupport_introspection_cpp.hpp\n'}
[93.533471] (vehicle_core) StdoutLine: {'line': b'-- Symlinking: /home/avcpp/AV-CPP2025/Vehicle/install/vehicle_core/include/vehicle_core/vehicle_core/msg/detail/max_speed__rosidl_typesupport_introspection_cpp.hpp\n'}
[93.542506] (-) TimerEvent: {}
[93.553063] (vehicle_core) StdoutLine: {'line': b'-- Symlinking: /home/avcpp/AV-CPP2025/Vehicle/install/vehicle_core/include/vehicle_core/vehicle_core/msg/detail/perception_profile__rosidl_typesupport_introspection_cpp.hpp\n'}
[93.569197] (vehicle_core) StdoutLine: {'line': b'-- Symlinking: /home/avcpp/AV-CPP2025/Vehicle/install/vehicle_core/include/vehicle_core/vehicle_core/msg/detail/server_init__rosidl_typesupport_introspection_cpp.hpp\n'}
[93.585724] (vehicle_core) StdoutLine: {'line': b'-- Symlinking: /home/avcpp/AV-CPP2025/Vehicle/install/vehicle_core/include/vehicle_core/vehicle_core/msg/detail/state_event__rosidl_typesupport_introspection_cpp.hpp\n'}
[93.602485] (vehicle_core) StdoutLine: {'line': b'-- Symlinking: /home/avcpp/AV-CPP2025/Vehicle/install/vehicle_core/include/vehicle_core/vehicle_core/msg/detail/state_mode__rosidl_typesupport_introspection_cpp.hpp\n'}
[93.634851] (vehicle_core) StdoutLine: {'line': b'-- Symlinking: /home/avcpp/AV-CPP2025/Vehicle/install/vehicle_core/include/vehicle_core/vehicle_core/msg/detail/telemetry_data__rosidl_typesupport_introspection_cpp.hpp\n'}
[93.642611] (-) TimerEvent: {}
[93.665784] (vehicle_core) StdoutLine: {'line': b'-- Symlinking: /home/avcpp/AV-CPP2025/Vehicle/install/vehicle_core/include/vehicle_core/vehicle_core/srv/detail/release_internal_control__rosidl_typesupport_introspection_cpp.hpp\n'}
[93.694342] (vehicle_core) StdoutLine: {'line': b'-- Symlinking: /home/avcpp/AV-CPP2025/Vehicle/install/vehicle_core/include/vehicle_core/vehicle_core/srv/detail/request_internal_control__rosidl_typesupport_introspection_cpp.hpp\n'}
[93.725200] (vehicle_core) StdoutLine: {'line': b'-- Symlinking: /home/avcpp/AV-CPP2025/Vehicle/install/vehicle_core/include/vehicle_core/vehicle_core/srv/detail/set_autopilot_profile__rosidl_typesupport_introspection_cpp.hpp\n'}
[93.742885] (-) TimerEvent: {}
[93.755298] (vehicle_core) StdoutLine: {'line': b'-- Symlinking: /home/avcpp/AV-CPP2025/Vehicle/install/vehicle_core/share/vehicle_core/environment/pythonpath.sh\n'}
[93.775024] (vehicle_core) StdoutLine: {'line': b'-- Symlinking: /home/avcpp/AV-CPP2025/Vehicle/install/vehicle_core/share/vehicle_core/environment/pythonpath.dsv\n'}
[93.808668] (vehicle_core) StdoutLine: {'line': b'-- Symlinking: /home/avcpp/AV-CPP2025/Vehicle/install/vehicle_core/lib/python3.10/site-packages/vehicle_core-0.0.0-py3.10.egg-info/PKG-INFO\n'}
[93.831213] (vehicle_core) StdoutLine: {'line': b'-- Symlinking: /home/avcpp/AV-CPP2025/Vehicle/install/vehicle_core/lib/python3.10/site-packages/vehicle_core-0.0.0-py3.10.egg-info/SOURCES.txt\n'}
[93.842973] (-) TimerEvent: {}
[93.846705] (vehicle_core) StdoutLine: {'line': b'-- Symlinking: /home/avcpp/AV-CPP2025/Vehicle/install/vehicle_core/lib/python3.10/site-packages/vehicle_core-0.0.0-py3.10.egg-info/dependency_links.txt\n'}
[93.863074] (vehicle_core) StdoutLine: {'line': b'-- Symlinking: /home/avcpp/AV-CPP2025/Vehicle/install/vehicle_core/lib/python3.10/site-packages/vehicle_core-0.0.0-py3.10.egg-info/top_level.txt\n'}
[93.885503] (vehicle_core) StdoutLine: {'line': b'-- Symlinking: /home/avcpp/AV-CPP2025/Vehicle/install/vehicle_core/lib/python3.10/site-packages/vehicle_core/__init__.py\n'}
[93.911438] (vehicle_core) StdoutLine: {'line': b'-- Symlinking: /home/avcpp/AV-CPP2025/Vehicle/install/vehicle_core/lib/python3.10/site-packages/vehicle_core/_vehicle_core_s.ep.rosidl_typesupport_c.c\n'}
[93.929520] (vehicle_core) StdoutLine: {'line': b'-- Symlinking: /home/avcpp/AV-CPP2025/Vehicle/install/vehicle_core/lib/python3.10/site-packages/vehicle_core/_vehicle_core_s.ep.rosidl_typesupport_fastrtps_c.c\n'}
[93.943301] (-) TimerEvent: {}
[93.946576] (vehicle_core) StdoutLine: {'line': b'-- Symlinking: /home/avcpp/AV-CPP2025/Vehicle/install/vehicle_core/lib/python3.10/site-packages/vehicle_core/_vehicle_core_s.ep.rosidl_typesupport_introspection_c.c\n'}
[93.974629] (vehicle_core) StdoutLine: {'line': b'-- Symlinking: /home/avcpp/AV-CPP2025/Vehicle/install/vehicle_core/lib/python3.10/site-packages/vehicle_core/libvehicle_core__rosidl_generator_py.so\n'}
[94.010171] (vehicle_core) StdoutLine: {'line': b'-- Symlinking: /home/avcpp/AV-CPP2025/Vehicle/install/vehicle_core/lib/python3.10/site-packages/vehicle_core/msg/__init__.py\n'}
[94.043490] (-) TimerEvent: {}
[94.045432] (vehicle_core) StdoutLine: {'line': b'-- Symlinking: /home/avcpp/AV-CPP2025/Vehicle/install/vehicle_core/lib/python3.10/site-packages/vehicle_core/msg/_autopilot_command.py\n'}
[94.063686] (vehicle_core) StdoutLine: {'line': b'-- Symlinking: /home/avcpp/AV-CPP2025/Vehicle/install/vehicle_core/lib/python3.10/site-packages/vehicle_core/msg/_autopilot_command_s.c\n'}
[94.082424] (vehicle_core) StdoutLine: {'line': b'-- Symlinking: /home/avcpp/AV-CPP2025/Vehicle/install/vehicle_core/lib/python3.10/site-packages/vehicle_core/msg/_autopilot_config.py\n'}
[94.100409] (vehicle_core) StdoutLine: {'line': b'-- Symlinking: /home/avcpp/AV-CPP2025/Vehicle/install/vehicle_core/lib/python3.10/site-packages/vehicle_core/msg/_autopilot_config_s.c\n'}
[94.138697] (vehicle_core) StdoutLine: {'line': b'-- Symlinking: /home/avcpp/AV-CPP2025/Vehicle/install/vehicle_core/lib/python3.10/site-packages/vehicle_core/msg/_autopilot_status.py\n'}
[94.143619] (-) TimerEvent: {}
[94.156025] (vehicle_core) StdoutLine: {'line': b'-- Symlinking: /home/avcpp/AV-CPP2025/Vehicle/install/vehicle_core/lib/python3.10/site-packages/vehicle_core/msg/_autopilot_status_s.c\n'}
[94.173183] (vehicle_core) StdoutLine: {'line': b'-- Symlinking: /home/avcpp/AV-CPP2025/Vehicle/install/vehicle_core/lib/python3.10/site-packages/vehicle_core/msg/_drive_feedback.py\n'}
[94.190652] (vehicle_core) StdoutLine: {'line': b'-- Symlinking: /home/avcpp/AV-CPP2025/Vehicle/install/vehicle_core/lib/python3.10/site-packages/vehicle_core/msg/_drive_feedback_s.c\n'}
[94.224497] (vehicle_core) StdoutLine: {'line': b'-- Symlinking: /home/avcpp/AV-CPP2025/Vehicle/install/vehicle_core/lib/python3.10/site-packages/vehicle_core/msg/_drive_status.py\n'}
[94.243778] (-) TimerEvent: {}
[94.244566] (vehicle_core) StdoutLine: {'line': b'-- Symlinking: /home/avcpp/AV-CPP2025/Vehicle/install/vehicle_core/lib/python3.10/site-packages/vehicle_core/msg/_drive_status_s.c\n'}
[94.274068] (vehicle_core) StdoutLine: {'line': b'-- Symlinking: /home/avcpp/AV-CPP2025/Vehicle/install/vehicle_core/lib/python3.10/site-packages/vehicle_core/msg/_drive_target.py\n'}
[94.308113] (vehicle_core) StdoutLine: {'line': b'-- Symlinking: /home/avcpp/AV-CPP2025/Vehicle/install/vehicle_core/lib/python3.10/site-packages/vehicle_core/msg/_drive_target_s.c\n'}
[94.336992] (vehicle_core) StdoutLine: {'line': b'-- Symlinking: /home/avcpp/AV-CPP2025/Vehicle/install/vehicle_core/lib/python3.10/site-packages/vehicle_core/msg/_error.py\n'}
[94.344034] (-) TimerEvent: {}
[94.368179] (vehicle_core) StdoutLine: {'line': b'-- Symlinking: /home/avcpp/AV-CPP2025/Vehicle/install/vehicle_core/lib/python3.10/site-packages/vehicle_core/msg/_error_s.c\n'}
[94.402114] (vehicle_core) StdoutLine: {'line': b'-- Symlinking: /home/avcpp/AV-CPP2025/Vehicle/install/vehicle_core/lib/python3.10/site-packages/vehicle_core/msg/_general_status.py\n'}
[94.441098] (vehicle_core) StdoutLine: {'line': b'-- Symlinking: /home/avcpp/AV-CPP2025/Vehicle/install/vehicle_core/lib/python3.10/site-packages/vehicle_core/msg/_general_status_s.c\n'}
[94.444296] (-) TimerEvent: {}
[94.476740] (vehicle_core) StdoutLine: {'line': b'-- Symlinking: /home/avcpp/AV-CPP2025/Vehicle/install/vehicle_core/lib/python3.10/site-packages/vehicle_core/msg/_imu_status.py\n'}
[94.511320] (vehicle_core) StdoutLine: {'line': b'-- Symlinking: /home/avcpp/AV-CPP2025/Vehicle/install/vehicle_core/lib/python3.10/site-packages/vehicle_core/msg/_imu_status_s.c\n'}
[94.544533] (-) TimerEvent: {}
[94.545859] (vehicle_core) StdoutLine: {'line': b'-- Symlinking: /home/avcpp/AV-CPP2025/Vehicle/install/vehicle_core/lib/python3.10/site-packages/vehicle_core/msg/_internal_drive_command.py\n'}
[94.582204] (vehicle_core) StdoutLine: {'line': b'-- Symlinking: /home/avcpp/AV-CPP2025/Vehicle/install/vehicle_core/lib/python3.10/site-packages/vehicle_core/msg/_internal_drive_command_s.c\n'}
[94.599025] (vehicle_core) StdoutLine: {'line': b'-- Symlinking: /home/avcpp/AV-CPP2025/Vehicle/install/vehicle_core/lib/python3.10/site-packages/vehicle_core/msg/_lights_command.py\n'}
[94.614633] (vehicle_core) StdoutLine: {'line': b'-- Symlinking: /home/avcpp/AV-CPP2025/Vehicle/install/vehicle_core/lib/python3.10/site-packages/vehicle_core/msg/_lights_command_s.c\n'}
[94.629573] (vehicle_core) StdoutLine: {'line': b'-- Symlinking: /home/avcpp/AV-CPP2025/Vehicle/install/vehicle_core/lib/python3.10/site-packages/vehicle_core/msg/_lights_status.py\n'}
[94.644114] (vehicle_core) StdoutLine: {'line': b'-- Symlinking: /home/avcpp/AV-CPP2025/Vehicle/install/vehicle_core/lib/python3.10/site-packages/vehicle_core/msg/_lights_status_s.c\n'}
[94.645103] (-) TimerEvent: {}
[94.659880] (vehicle_core) StdoutLine: {'line': b'-- Symlinking: /home/avcpp/AV-CPP2025/Vehicle/install/vehicle_core/lib/python3.10/site-packages/vehicle_core/msg/_manual_drive_command.py\n'}
[94.696835] (vehicle_core) StdoutLine: {'line': b'-- Symlinking: /home/avcpp/AV-CPP2025/Vehicle/install/vehicle_core/lib/python3.10/site-packages/vehicle_core/msg/_manual_drive_command_s.c\n'}
[94.716072] (vehicle_core) StdoutLine: {'line': b'-- Symlinking: /home/avcpp/AV-CPP2025/Vehicle/install/vehicle_core/lib/python3.10/site-packages/vehicle_core/msg/_max_speed.py\n'}
[94.744271] (vehicle_core) StdoutLine: {'line': b'-- Symlinking: /home/avcpp/AV-CPP2025/Vehicle/install/vehicle_core/lib/python3.10/site-packages/vehicle_core/msg/_max_speed_s.c\n'}
[94.745139] (-) TimerEvent: {}
[94.780547] (vehicle_core) StdoutLine: {'line': b'-- Symlinking: /home/avcpp/AV-CPP2025/Vehicle/install/vehicle_core/lib/python3.10/site-packages/vehicle_core/msg/_perception_profile.py\n'}
[94.814033] (vehicle_core) StdoutLine: {'line': b'-- Symlinking: /home/avcpp/AV-CPP2025/Vehicle/install/vehicle_core/lib/python3.10/site-packages/vehicle_core/msg/_perception_profile_s.c\n'}
[94.841030] (vehicle_core) StdoutLine: {'line': b'-- Symlinking: /home/avcpp/AV-CPP2025/Vehicle/install/vehicle_core/lib/python3.10/site-packages/vehicle_core/msg/_server_init.py\n'}
[94.845372] (-) TimerEvent: {}
[94.874073] (vehicle_core) StdoutLine: {'line': b'-- Symlinking: /home/avcpp/AV-CPP2025/Vehicle/install/vehicle_core/lib/python3.10/site-packages/vehicle_core/msg/_server_init_s.c\n'}
[94.893597] (vehicle_core) StdoutLine: {'line': b'-- Symlinking: /home/avcpp/AV-CPP2025/Vehicle/install/vehicle_core/lib/python3.10/site-packages/vehicle_core/msg/_state_event.py\n'}
[94.909016] (vehicle_core) StdoutLine: {'line': b'-- Symlinking: /home/avcpp/AV-CPP2025/Vehicle/install/vehicle_core/lib/python3.10/site-packages/vehicle_core/msg/_state_event_s.c\n'}
[94.924265] (vehicle_core) StdoutLine: {'line': b'-- Symlinking: /home/avcpp/AV-CPP2025/Vehicle/install/vehicle_core/lib/python3.10/site-packages/vehicle_core/msg/_state_mode.py\n'}
[94.945692] (-) TimerEvent: {}
[94.952164] (vehicle_core) StdoutLine: {'line': b'-- Symlinking: /home/avcpp/AV-CPP2025/Vehicle/install/vehicle_core/lib/python3.10/site-packages/vehicle_core/msg/_state_mode_s.c\n'}
[94.987943] (vehicle_core) StdoutLine: {'line': b'-- Symlinking: /home/avcpp/AV-CPP2025/Vehicle/install/vehicle_core/lib/python3.10/site-packages/vehicle_core/msg/_telemetry_data.py\n'}
[95.005844] (vehicle_core) StdoutLine: {'line': b'-- Symlinking: /home/avcpp/AV-CPP2025/Vehicle/install/vehicle_core/lib/python3.10/site-packages/vehicle_core/msg/_telemetry_data_s.c\n'}
[95.021648] (vehicle_core) StdoutLine: {'line': b'-- Symlinking: /home/avcpp/AV-CPP2025/Vehicle/install/vehicle_core/lib/python3.10/site-packages/vehicle_core/srv/__init__.py\n'}
[95.037024] (vehicle_core) StdoutLine: {'line': b'-- Symlinking: /home/avcpp/AV-CPP2025/Vehicle/install/vehicle_core/lib/python3.10/site-packages/vehicle_core/srv/_release_internal_control.py\n'}
[95.045737] (-) TimerEvent: {}
[95.052364] (vehicle_core) StdoutLine: {'line': b'-- Symlinking: /home/avcpp/AV-CPP2025/Vehicle/install/vehicle_core/lib/python3.10/site-packages/vehicle_core/srv/_release_internal_control_s.c\n'}
[95.068591] (vehicle_core) StdoutLine: {'line': b'-- Symlinking: /home/avcpp/AV-CPP2025/Vehicle/install/vehicle_core/lib/python3.10/site-packages/vehicle_core/srv/_request_internal_control.py\n'}
[95.085408] (vehicle_core) StdoutLine: {'line': b'-- Symlinking: /home/avcpp/AV-CPP2025/Vehicle/install/vehicle_core/lib/python3.10/site-packages/vehicle_core/srv/_request_internal_control_s.c\n'}
[95.101413] (vehicle_core) StdoutLine: {'line': b'-- Symlinking: /home/avcpp/AV-CPP2025/Vehicle/install/vehicle_core/lib/python3.10/site-packages/vehicle_core/srv/_set_autopilot_profile.py\n'}
[95.133290] (vehicle_core) StdoutLine: {'line': b'-- Symlinking: /home/avcpp/AV-CPP2025/Vehicle/install/vehicle_core/lib/python3.10/site-packages/vehicle_core/srv/_set_autopilot_profile_s.c\n'}
[95.146024] (-) TimerEvent: {}
[95.153374] (vehicle_core) StdoutLine: {'line': b'-- Symlinking: /home/avcpp/AV-CPP2025/Vehicle/install/vehicle_core/lib/python3.10/site-packages/vehicle_core/vehicle_core_s__rosidl_typesupport_c.cpython-310-aarch64-linux-gnu.so\n'}
[95.170409] (vehicle_core) StdoutLine: {'line': b'-- Symlinking: /home/avcpp/AV-CPP2025/Vehicle/install/vehicle_core/lib/python3.10/site-packages/vehicle_core/vehicle_core_s__rosidl_typesupport_fastrtps_c.cpython-310-aarch64-linux-gnu.so\n'}
[95.202143] (vehicle_core) StdoutLine: {'line': b'-- Symlinking: /home/avcpp/AV-CPP2025/Vehicle/install/vehicle_core/lib/python3.10/site-packages/vehicle_core/vehicle_core_s__rosidl_typesupport_introspection_c.cpython-310-aarch64-linux-gnu.so\n'}
[95.238870] (vehicle_core) StdoutLine: {'line': b'-- Up-to-date symlink: /home/avcpp/AV-CPP2025/Vehicle/install/vehicle_core/lib/python3.10/site-packages/vehicle_core/vehicle_core_s__rosidl_typesupport_fastrtps_c.cpython-310-aarch64-linux-gnu.so\n'}
[95.239900] (vehicle_core) StdoutLine: {'line': b'-- Up-to-date symlink: /home/avcpp/AV-CPP2025/Vehicle/install/vehicle_core/lib/python3.10/site-packages/vehicle_core/vehicle_core_s__rosidl_typesupport_introspection_c.cpython-310-aarch64-linux-gnu.so\n'}
[95.240577] (vehicle_core) StdoutLine: {'line': b'-- Up-to-date symlink: /home/avcpp/AV-CPP2025/Vehicle/install/vehicle_core/lib/python3.10/site-packages/vehicle_core/vehicle_core_s__rosidl_typesupport_c.cpython-310-aarch64-linux-gnu.so\n'}
[95.241133] (vehicle_core) StdoutLine: {'line': b'-- Symlinking: /home/avcpp/AV-CPP2025/Vehicle/install/vehicle_core/share/vehicle_core/msg/DriveTarget.idl\n'}
[95.246284] (-) TimerEvent: {}
[95.257302] (vehicle_core) StdoutLine: {'line': b'-- Symlinking: /home/avcpp/AV-CPP2025/Vehicle/install/vehicle_core/share/vehicle_core/msg/InternalDriveCommand.idl\n'}
[95.278982] (vehicle_core) StdoutLine: {'line': b'-- Symlinking: /home/avcpp/AV-CPP2025/Vehicle/install/vehicle_core/share/vehicle_core/msg/ManualDriveCommand.idl\n'}
[95.296680] (vehicle_core) StdoutLine: {'line': b'-- Symlinking: /home/avcpp/AV-CPP2025/Vehicle/install/vehicle_core/share/vehicle_core/msg/LightsCommand.idl\n'}
[95.314462] (vehicle_core) StdoutLine: {'line': b'-- Symlinking: /home/avcpp/AV-CPP2025/Vehicle/install/vehicle_core/share/vehicle_core/msg/MaxSpeed.idl\n'}
[95.331634] (vehicle_core) StdoutLine: {'line': b'-- Symlinking: /home/avcpp/AV-CPP2025/Vehicle/install/vehicle_core/share/vehicle_core/msg/AutopilotCommand.idl\n'}
[95.346585] (-) TimerEvent: {}
[95.348942] (vehicle_core) StdoutLine: {'line': b'-- Symlinking: /home/avcpp/AV-CPP2025/Vehicle/install/vehicle_core/share/vehicle_core/msg/LightsStatus.idl\n'}
[95.378149] (vehicle_core) StdoutLine: {'line': b'-- Symlinking: /home/avcpp/AV-CPP2025/Vehicle/install/vehicle_core/share/vehicle_core/msg/GeneralStatus.idl\n'}
[95.406801] (vehicle_core) StdoutLine: {'line': b'-- Symlinking: /home/avcpp/AV-CPP2025/Vehicle/install/vehicle_core/share/vehicle_core/msg/DriveStatus.idl\n'}
[95.423172] (vehicle_core) StdoutLine: {'line': b'-- Symlinking: /home/avcpp/AV-CPP2025/Vehicle/install/vehicle_core/share/vehicle_core/msg/AutopilotStatus.idl\n'}
[95.439936] (vehicle_core) StdoutLine: {'line': b'-- Symlinking: /home/avcpp/AV-CPP2025/Vehicle/install/vehicle_core/share/vehicle_core/msg/TelemetryData.idl\n'}
[95.446696] (-) TimerEvent: {}
[95.456585] (vehicle_core) StdoutLine: {'line': b'-- Symlinking: /home/avcpp/AV-CPP2025/Vehicle/install/vehicle_core/share/vehicle_core/msg/Error.idl\n'}
[95.475668] (vehicle_core) StdoutLine: {'line': b'-- Symlinking: /home/avcpp/AV-CPP2025/Vehicle/install/vehicle_core/share/vehicle_core/msg/ServerInit.idl\n'}
[95.492375] (vehicle_core) StdoutLine: {'line': b'-- Symlinking: /home/avcpp/AV-CPP2025/Vehicle/install/vehicle_core/share/vehicle_core/msg/AutopilotConfig.idl\n'}
[95.525030] (vehicle_core) StdoutLine: {'line': b'-- Symlinking: /home/avcpp/AV-CPP2025/Vehicle/install/vehicle_core/share/vehicle_core/msg/PerceptionProfile.idl\n'}
[95.547040] (-) TimerEvent: {}
[95.560618] (vehicle_core) StdoutLine: {'line': b'-- Symlinking: /home/avcpp/AV-CPP2025/Vehicle/install/vehicle_core/share/vehicle_core/msg/StateMode.idl\n'}
[95.588993] (vehicle_core) StdoutLine: {'line': b'-- Symlinking: /home/avcpp/AV-CPP2025/Vehicle/install/vehicle_core/share/vehicle_core/msg/StateEvent.idl\n'}
[95.625277] (vehicle_core) StdoutLine: {'line': b'-- Symlinking: /home/avcpp/AV-CPP2025/Vehicle/install/vehicle_core/share/vehicle_core/msg/DriveFeedback.idl\n'}
[95.647058] (-) TimerEvent: {}
[95.654677] (vehicle_core) StdoutLine: {'line': b'-- Symlinking: /home/avcpp/AV-CPP2025/Vehicle/install/vehicle_core/share/vehicle_core/msg/IMUStatus.idl\n'}
[95.689849] (vehicle_core) StdoutLine: {'line': b'-- Symlinking: /home/avcpp/AV-CPP2025/Vehicle/install/vehicle_core/share/vehicle_core/srv/RequestInternalControl.idl\n'}
[95.719515] (vehicle_core) StdoutLine: {'line': b'-- Symlinking: /home/avcpp/AV-CPP2025/Vehicle/install/vehicle_core/share/vehicle_core/srv/ReleaseInternalControl.idl\n'}
[95.747239] (-) TimerEvent: {}
[95.748067] (vehicle_core) StdoutLine: {'line': b'-- Symlinking: /home/avcpp/AV-CPP2025/Vehicle/install/vehicle_core/share/vehicle_core/srv/SetAutopilotProfile.idl\n'}
[95.781477] (vehicle_core) StdoutLine: {'line': b'-- Symlinking: /home/avcpp/AV-CPP2025/Vehicle/install/vehicle_core/share/vehicle_core/msg/DriveTarget.msg\n'}
[95.801421] (vehicle_core) StdoutLine: {'line': b'-- Symlinking: /home/avcpp/AV-CPP2025/Vehicle/install/vehicle_core/share/vehicle_core/msg/InternalDriveCommand.msg\n'}
[95.819646] (vehicle_core) StdoutLine: {'line': b'-- Symlinking: /home/avcpp/AV-CPP2025/Vehicle/install/vehicle_core/share/vehicle_core/msg/ManualDriveCommand.msg\n'}
[95.837800] (vehicle_core) StdoutLine: {'line': b'-- Symlinking: /home/avcpp/AV-CPP2025/Vehicle/install/vehicle_core/share/vehicle_core/msg/LightsCommand.msg\n'}
[95.847871] (-) TimerEvent: {}
[95.853892] (vehicle_core) StdoutLine: {'line': b'-- Symlinking: /home/avcpp/AV-CPP2025/Vehicle/install/vehicle_core/share/vehicle_core/msg/MaxSpeed.msg\n'}
[95.884986] (vehicle_core) StdoutLine: {'line': b'-- Symlinking: /home/avcpp/AV-CPP2025/Vehicle/install/vehicle_core/share/vehicle_core/msg/AutopilotCommand.msg\n'}
[95.905122] (vehicle_core) StdoutLine: {'line': b'-- Symlinking: /home/avcpp/AV-CPP2025/Vehicle/install/vehicle_core/share/vehicle_core/msg/LightsStatus.msg\n'}
[95.921666] (vehicle_core) StdoutLine: {'line': b'-- Symlinking: /home/avcpp/AV-CPP2025/Vehicle/install/vehicle_core/share/vehicle_core/msg/GeneralStatus.msg\n'}
[95.940415] (vehicle_core) StdoutLine: {'line': b'-- Symlinking: /home/avcpp/AV-CPP2025/Vehicle/install/vehicle_core/share/vehicle_core/msg/DriveStatus.msg\n'}
[95.947797] (-) TimerEvent: {}
[95.975237] (vehicle_core) StdoutLine: {'line': b'-- Symlinking: /home/avcpp/AV-CPP2025/Vehicle/install/vehicle_core/share/vehicle_core/msg/AutopilotStatus.msg\n'}
[95.994954] (vehicle_core) StdoutLine: {'line': b'-- Symlinking: /home/avcpp/AV-CPP2025/Vehicle/install/vehicle_core/share/vehicle_core/msg/TelemetryData.msg\n'}
[96.011892] (vehicle_core) StdoutLine: {'line': b'-- Symlinking: /home/avcpp/AV-CPP2025/Vehicle/install/vehicle_core/share/vehicle_core/msg/Error.msg\n'}
[96.029660] (vehicle_core) StdoutLine: {'line': b'-- Symlinking: /home/avcpp/AV-CPP2025/Vehicle/install/vehicle_core/share/vehicle_core/msg/ServerInit.msg\n'}
[96.046144] (vehicle_core) StdoutLine: {'line': b'-- Symlinking: /home/avcpp/AV-CPP2025/Vehicle/install/vehicle_core/share/vehicle_core/msg/AutopilotConfig.msg\n'}
[96.047928] (-) TimerEvent: {}
[96.064742] (vehicle_core) StdoutLine: {'line': b'-- Symlinking: /home/avcpp/AV-CPP2025/Vehicle/install/vehicle_core/share/vehicle_core/msg/PerceptionProfile.msg\n'}
[96.083221] (vehicle_core) StdoutLine: {'line': b'-- Symlinking: /home/avcpp/AV-CPP2025/Vehicle/install/vehicle_core/share/vehicle_core/msg/StateMode.msg\n'}
[96.101088] (vehicle_core) StdoutLine: {'line': b'-- Symlinking: /home/avcpp/AV-CPP2025/Vehicle/install/vehicle_core/share/vehicle_core/msg/StateEvent.msg\n'}
[96.118522] (vehicle_core) StdoutLine: {'line': b'-- Symlinking: /home/avcpp/AV-CPP2025/Vehicle/install/vehicle_core/share/vehicle_core/msg/DriveFeedback.msg\n'}
[96.136717] (vehicle_core) StdoutLine: {'line': b'-- Symlinking: /home/avcpp/AV-CPP2025/Vehicle/install/vehicle_core/share/vehicle_core/msg/IMUStatus.msg\n'}
[96.148279] (-) TimerEvent: {}
[96.153607] (vehicle_core) StdoutLine: {'line': b'-- Symlinking: /home/avcpp/AV-CPP2025/Vehicle/install/vehicle_core/share/vehicle_core/srv/RequestInternalControl.srv\n'}
[96.169284] (vehicle_core) StdoutLine: {'line': b'-- Symlinking: /home/avcpp/AV-CPP2025/Vehicle/install/vehicle_core/share/vehicle_core/srv/RequestInternalControl_Request.msg\n'}
[96.185755] (vehicle_core) StdoutLine: {'line': b'-- Symlinking: /home/avcpp/AV-CPP2025/Vehicle/install/vehicle_core/share/vehicle_core/srv/RequestInternalControl_Response.msg\n'}
[96.212853] (vehicle_core) StdoutLine: {'line': b'-- Symlinking: /home/avcpp/AV-CPP2025/Vehicle/install/vehicle_core/share/vehicle_core/srv/ReleaseInternalControl.srv\n'}
[96.229053] (vehicle_core) StdoutLine: {'line': b'-- Symlinking: /home/avcpp/AV-CPP2025/Vehicle/install/vehicle_core/share/vehicle_core/srv/ReleaseInternalControl_Request.msg\n'}
[96.248533] (-) TimerEvent: {}
[96.260936] (vehicle_core) StdoutLine: {'line': b'-- Symlinking: /home/avcpp/AV-CPP2025/Vehicle/install/vehicle_core/share/vehicle_core/srv/ReleaseInternalControl_Response.msg\n'}
[96.294077] (vehicle_core) StdoutLine: {'line': b'-- Symlinking: /home/avcpp/AV-CPP2025/Vehicle/install/vehicle_core/share/vehicle_core/srv/SetAutopilotProfile.srv\n'}
[96.313632] (vehicle_core) StdoutLine: {'line': b'-- Symlinking: /home/avcpp/AV-CPP2025/Vehicle/install/vehicle_core/share/vehicle_core/srv/SetAutopilotProfile_Request.msg\n'}
[96.330627] (vehicle_core) StdoutLine: {'line': b'-- Symlinking: /home/avcpp/AV-CPP2025/Vehicle/install/vehicle_core/share/vehicle_core/srv/SetAutopilotProfile_Response.msg\n'}
[96.348638] (-) TimerEvent: {}
[96.352761] (vehicle_core) StdoutLine: {'line': b'-- Symlinking: /home/avcpp/AV-CPP2025/Vehicle/install/vehicle_core/include/vehicle_core/Autopilot/KmlPathLoader.hpp\n'}
[96.373119] (vehicle_core) StdoutLine: {'line': b'-- Symlinking: /home/avcpp/AV-CPP2025/Vehicle/install/vehicle_core/include/vehicle_core/Autopilot/PurePursuit.hpp\n'}
[96.389534] (vehicle_core) StdoutLine: {'line': b'-- Symlinking: /home/avcpp/AV-CPP2025/Vehicle/install/vehicle_core/include/vehicle_core/Autopilot/autopilot_node.hpp\n'}
[96.405455] (vehicle_core) StdoutLine: {'line': b'-- Symlinking: /home/avcpp/AV-CPP2025/Vehicle/install/vehicle_core/include/vehicle_core/Devices/BNO055.hpp\n'}
[96.420874] (vehicle_core) StdoutLine: {'line': b'-- Symlinking: /home/avcpp/AV-CPP2025/Vehicle/install/vehicle_core/include/vehicle_core/Devices/DriveSubsys.hpp\n'}
[96.448734] (-) TimerEvent: {}
[96.451582] (vehicle_core) StdoutLine: {'line': b'-- Symlinking: /home/avcpp/AV-CPP2025/Vehicle/install/vehicle_core/include/vehicle_core/Devices/GtU7Gps.hpp\n'}
[96.481484] (vehicle_core) StdoutLine: {'line': b'-- Symlinking: /home/avcpp/AV-CPP2025/Vehicle/install/vehicle_core/include/vehicle_core/Devices/I2C/I2CBus.hpp\n'}
[96.517770] (vehicle_core) StdoutLine: {'line': b'-- Symlinking: /home/avcpp/AV-CPP2025/Vehicle/install/vehicle_core/include/vehicle_core/Devices/I2C/I2CBusRegistry.hpp\n'}
[96.546836] (vehicle_core) StdoutLine: {'line': b'-- Symlinking: /home/avcpp/AV-CPP2025/Vehicle/install/vehicle_core/include/vehicle_core/Devices/I2C/I2CDevice.hpp\n'}
[96.548864] (-) TimerEvent: {}
[96.578265] (vehicle_core) StdoutLine: {'line': b'-- Symlinking: /home/avcpp/AV-CPP2025/Vehicle/install/vehicle_core/include/vehicle_core/Devices/LightingSubsys.hpp\n'}
[96.599831] (vehicle_core) StdoutLine: {'line': b'-- Symlinking: /home/avcpp/AV-CPP2025/Vehicle/install/vehicle_core/include/vehicle_core/drive_arbiter_node.hpp\n'}
[96.617549] (vehicle_core) StdoutLine: {'line': b'-- Symlinking: /home/avcpp/AV-CPP2025/Vehicle/install/vehicle_core/include/vehicle_core/gst_camera_node.hpp\n'}
[96.649047] (-) TimerEvent: {}
[96.653484] (vehicle_core) StdoutLine: {'line': b'-- Symlinking: /home/avcpp/AV-CPP2025/Vehicle/install/vehicle_core/include/vehicle_core/gt_u7_gps_node.hpp\n'}
[96.672998] (vehicle_core) StdoutLine: {'line': b'-- Symlinking: /home/avcpp/AV-CPP2025/Vehicle/install/vehicle_core/include/vehicle_core/heading_calibrator_node.hpp\n'}
[96.690266] (vehicle_core) StdoutLine: {'line': b'-- Symlinking: /home/avcpp/AV-CPP2025/Vehicle/install/vehicle_core/include/vehicle_core/i2c_bridge_node.hpp\n'}
[96.707699] (vehicle_core) StdoutLine: {'line': b'-- Symlinking: /home/avcpp/AV-CPP2025/Vehicle/install/vehicle_core/include/vehicle_core/state_manager.hpp\n'}
[96.723196] (vehicle_core) StdoutLine: {'line': b'-- Symlinking: /home/avcpp/AV-CPP2025/Vehicle/install/vehicle_core/include/vehicle_core/tcp_server_node.hpp\n'}
[96.745664] (vehicle_core) StdoutLine: {'line': b'-- Symlinking: /home/avcpp/AV-CPP2025/Vehicle/install/vehicle_core/share/vehicle_core/data/Vehicle_Path.kml\n'}
[96.749177] (-) TimerEvent: {}
[96.775188] (vehicle_core) StdoutLine: {'line': b'-- Symlinking: /home/avcpp/AV-CPP2025/Vehicle/install/vehicle_core/lib/libstate_manager_node_component.so\n'}
[96.810037] (vehicle_core) StdoutLine: {'line': b'-- Symlinking: /home/avcpp/AV-CPP2025/Vehicle/install/vehicle_core/lib/libheading_calibrator_node_component.so\n'}
[96.839349] (vehicle_core) StdoutLine: {'line': b'-- Symlinking: /home/avcpp/AV-CPP2025/Vehicle/install/vehicle_core/lib/libdrive_arbiter_node_component.so\n'}
[96.849264] (-) TimerEvent: {}
[96.873563] (vehicle_core) StdoutLine: {'line': b'-- Symlinking: /home/avcpp/AV-CPP2025/Vehicle/install/vehicle_core/lib/libgt_u7_gps_node_component.so\n'}
[96.897502] (vehicle_core) StdoutLine: {'line': b'-- Symlinking: /home/avcpp/AV-CPP2025/Vehicle/install/vehicle_core/lib/libtcp_server_node_component.so\n'}
[96.916266] (vehicle_core) StdoutLine: {'line': b'-- Symlinking: /home/avcpp/AV-CPP2025/Vehicle/install/vehicle_core/lib/libi2c_bridge_node.so\n'}
[96.932398] (vehicle_core) StdoutLine: {'line': b'-- Symlinking: /home/avcpp/AV-CPP2025/Vehicle/install/vehicle_core/lib/libautopilot_node_component.so\n'}
[96.949451] (-) TimerEvent: {}
[96.961441] (vehicle_core) StdoutLine: {'line': b'-- Symlinking: /home/avcpp/AV-CPP2025/Vehicle/install/vehicle_core/lib/libgst_camera_component.so\n'}
[97.000325] (vehicle_core) StdoutLine: {'line': b'-- Symlinking: /home/avcpp/AV-CPP2025/Vehicle/install/vehicle_core/lib/vehicle_core/vehicle_core_container\n'}
[97.035767] (vehicle_core) StdoutLine: {'line': b'-- Symlinking: /home/avcpp/AV-CPP2025/Vehicle/install/vehicle_core/share/vehicle_core/cfg/autopilot.yaml\n'}
[97.049570] (-) TimerEvent: {}
[97.055399] (vehicle_core) StdoutLine: {'line': b'-- Symlinking: /home/avcpp/AV-CPP2025/Vehicle/install/vehicle_core/share/vehicle_core/cfg/camera_gscam.yaml\n'}
[97.088874] (vehicle_core) StdoutLine: {'line': b'-- Symlinking: /home/avcpp/AV-CPP2025/Vehicle/install/vehicle_core/share/vehicle_core/cfg/drive_arbiter.yaml\n'}
[97.122228] (vehicle_core) StdoutLine: {'line': b'-- Symlinking: /home/avcpp/AV-CPP2025/Vehicle/install/vehicle_core/share/vehicle_core/cfg/ekf.yaml\n'}
[97.149749] (-) TimerEvent: {}
[97.153852] (vehicle_core) StdoutLine: {'line': b'-- Symlinking: /home/avcpp/AV-CPP2025/Vehicle/install/vehicle_core/share/vehicle_core/cfg/gt_u7_gps.yaml\n'}
[97.174732] (vehicle_core) StdoutLine: {'line': b'-- Symlinking: /home/avcpp/AV-CPP2025/Vehicle/install/vehicle_core/share/vehicle_core/cfg/heading_calib.yaml\n'}
[97.205823] (vehicle_core) StdoutLine: {'line': b'-- Symlinking: /home/avcpp/AV-CPP2025/Vehicle/install/vehicle_core/share/vehicle_core/cfg/i2c_bridge.yaml\n'}
[97.241173] (vehicle_core) StdoutLine: {'line': b'-- Symlinking: /home/avcpp/AV-CPP2025/Vehicle/install/vehicle_core/share/vehicle_core/cfg/navsat.yaml\n'}
[97.249907] (-) TimerEvent: {}
[97.258763] (vehicle_core) StdoutLine: {'line': b'-- Symlinking: /home/avcpp/AV-CPP2025/Vehicle/install/vehicle_core/share/vehicle_core/cfg/state_manager.yaml\n'}
[97.281064] (vehicle_core) StdoutLine: {'line': b'-- Symlinking: /home/avcpp/AV-CPP2025/Vehicle/install/vehicle_core/share/vehicle_core/launch/bringup.launch.py\n'}
[97.298024] (vehicle_core) StdoutLine: {'line': b'-- Symlinking: /home/avcpp/AV-CPP2025/Vehicle/install/vehicle_core/share/ament_index/resource_index/package_run_dependencies/vehicle_core\n'}
[97.327651] (vehicle_core) StdoutLine: {'line': b'-- Symlinking: /home/avcpp/AV-CPP2025/Vehicle/install/vehicle_core/share/ament_index/resource_index/parent_prefix_path/vehicle_core\n'}
[97.350172] (-) TimerEvent: {}
[97.358612] (vehicle_core) StdoutLine: {'line': b'-- Symlinking: /home/avcpp/AV-CPP2025/Vehicle/install/vehicle_core/share/vehicle_core/environment/ament_prefix_path.sh\n'}
[97.393938] (vehicle_core) StdoutLine: {'line': b'-- Symlinking: /home/avcpp/AV-CPP2025/Vehicle/install/vehicle_core/share/vehicle_core/environment/ament_prefix_path.dsv\n'}
[97.427204] (vehicle_core) StdoutLine: {'line': b'-- Symlinking: /home/avcpp/AV-CPP2025/Vehicle/install/vehicle_core/share/vehicle_core/environment/path.sh\n'}
[97.450457] (-) TimerEvent: {}
[97.460122] (vehicle_core) StdoutLine: {'line': b'-- Symlinking: /home/avcpp/AV-CPP2025/Vehicle/install/vehicle_core/share/vehicle_core/environment/path.dsv\n'}
[97.479552] (vehicle_core) StdoutLine: {'line': b'-- Symlinking: /home/avcpp/AV-CPP2025/Vehicle/install/vehicle_core/share/vehicle_core/local_setup.bash\n'}
[97.495648] (vehicle_core) StdoutLine: {'line': b'-- Symlinking: /home/avcpp/AV-CPP2025/Vehicle/install/vehicle_core/share/vehicle_core/local_setup.sh\n'}
[97.524506] (vehicle_core) StdoutLine: {'line': b'-- Symlinking: /home/avcpp/AV-CPP2025/Vehicle/install/vehicle_core/share/vehicle_core/local_setup.zsh\n'}
[97.550694] (-) TimerEvent: {}
[97.557467] (vehicle_core) StdoutLine: {'line': b'-- Symlinking: /home/avcpp/AV-CPP2025/Vehicle/install/vehicle_core/share/vehicle_core/local_setup.dsv\n'}
[97.588881] (vehicle_core) StdoutLine: {'line': b'-- Symlinking: /home/avcpp/AV-CPP2025/Vehicle/install/vehicle_core/share/vehicle_core/package.dsv\n'}
[97.618420] (vehicle_core) StdoutLine: {'line': b'-- Symlinking: /home/avcpp/AV-CPP2025/Vehicle/install/vehicle_core/share/ament_index/resource_index/packages/vehicle_core\n'}
[97.649531] (vehicle_core) StdoutLine: {'line': b'-- Symlinking: /home/avcpp/AV-CPP2025/Vehicle/install/vehicle_core/share/ament_index/resource_index/rclcpp_components/vehicle_core\n'}
[97.650742] (-) TimerEvent: {}
[97.680991] (vehicle_core) StdoutLine: {'line': b'-- Symlinking: /home/avcpp/AV-CPP2025/Vehicle/install/vehicle_core/share/vehicle_core/cmake/rosidl_cmake-extras.cmake\n'}
[97.713194] (vehicle_core) StdoutLine: {'line': b'-- Symlinking: /home/avcpp/AV-CPP2025/Vehicle/install/vehicle_core/share/vehicle_core/cmake/ament_cmake_export_dependencies-extras.cmake\n'}
[97.730445] (vehicle_core) StdoutLine: {'line': b'-- Symlinking: /home/avcpp/AV-CPP2025/Vehicle/install/vehicle_core/share/vehicle_core/cmake/ament_cmake_export_include_directories-extras.cmake\n'}
[97.746634] (vehicle_core) StdoutLine: {'line': b'-- Symlinking: /home/avcpp/AV-CPP2025/Vehicle/install/vehicle_core/share/vehicle_core/cmake/ament_cmake_export_libraries-extras.cmake\n'}
[97.750970] (-) TimerEvent: {}
[97.763071] (vehicle_core) StdoutLine: {'line': b'-- Symlinking: /home/avcpp/AV-CPP2025/Vehicle/install/vehicle_core/share/vehicle_core/cmake/ament_cmake_export_targets-extras.cmake\n'}
[97.788244] (vehicle_core) StdoutLine: {'line': b'-- Symlinking: /home/avcpp/AV-CPP2025/Vehicle/install/vehicle_core/share/vehicle_core/cmake/rosidl_cmake_export_typesupport_targets-extras.cmake\n'}
[97.824802] (vehicle_core) StdoutLine: {'line': b'-- Symlinking: /home/avcpp/AV-CPP2025/Vehicle/install/vehicle_core/share/vehicle_core/cmake/rosidl_cmake_export_typesupport_libraries-extras.cmake\n'}
[97.845467] (vehicle_core) StdoutLine: {'line': b'-- Symlinking: /home/avcpp/AV-CPP2025/Vehicle/install/vehicle_core/share/vehicle_core/cmake/vehicle_coreConfig.cmake\n'}
[97.851212] (-) TimerEvent: {}
[97.862935] (vehicle_core) StdoutLine: {'line': b'-- Symlinking: /home/avcpp/AV-CPP2025/Vehicle/install/vehicle_core/share/vehicle_core/cmake/vehicle_coreConfig-version.cmake\n'}
[97.882086] (vehicle_core) StdoutLine: {'line': b'-- Symlinking: /home/avcpp/AV-CPP2025/Vehicle/install/vehicle_core/share/vehicle_core/package.xml\n'}
[97.905040] (vehicle_core) StdoutLine: {'line': b'-- Installing: /home/avcpp/AV-CPP2025/Vehicle/install/vehicle_core/lib/libvehicle_core__rosidl_generator_c.so\n'}
[97.908675] (vehicle_core) StdoutLine: {'line': b'-- Set runtime path of "/home/avcpp/AV-CPP2025/Vehicle/install/vehicle_core/lib/libvehicle_core__rosidl_generator_c.so" to ""\n'}
[97.909193] (vehicle_core) StdoutLine: {'line': b'-- Installing: /home/avcpp/AV-CPP2025/Vehicle/install/vehicle_core/lib/libvehicle_core__rosidl_typesupport_fastrtps_c.so\n'}
[97.911481] (vehicle_core) StdoutLine: {'line': b'-- Set runtime path of "/home/avcpp/AV-CPP2025/Vehicle/install/vehicle_core/lib/libvehicle_core__rosidl_typesupport_fastrtps_c.so" to ""\n'}
[97.911702] (vehicle_core) StdoutLine: {'line': b'-- Installing: /home/avcpp/AV-CPP2025/Vehicle/install/vehicle_core/lib/libvehicle_core__rosidl_typesupport_fastrtps_cpp.so\n'}
[97.915805] (vehicle_core) StdoutLine: {'line': b'-- Set runtime path of "/home/avcpp/AV-CPP2025/Vehicle/install/vehicle_core/lib/libvehicle_core__rosidl_typesupport_fastrtps_cpp.so" to ""\n'}
[97.916330] (vehicle_core) StdoutLine: {'line': b'-- Installing: /home/avcpp/AV-CPP2025/Vehicle/install/vehicle_core/lib/libvehicle_core__rosidl_typesupport_introspection_c.so\n'}
[97.917593] (vehicle_core) StdoutLine: {'line': b'-- Set runtime path of "/home/avcpp/AV-CPP2025/Vehicle/install/vehicle_core/lib/libvehicle_core__rosidl_typesupport_introspection_c.so" to ""\n'}
[97.918031] (vehicle_core) StdoutLine: {'line': b'-- Installing: /home/avcpp/AV-CPP2025/Vehicle/install/vehicle_core/lib/libvehicle_core__rosidl_typesupport_c.so\n'}
[97.919900] (vehicle_core) StdoutLine: {'line': b'-- Set runtime path of "/home/avcpp/AV-CPP2025/Vehicle/install/vehicle_core/lib/libvehicle_core__rosidl_typesupport_c.so" to ""\n'}
[97.920321] (vehicle_core) StdoutLine: {'line': b'-- Installing: /home/avcpp/AV-CPP2025/Vehicle/install/vehicle_core/lib/libvehicle_core__rosidl_typesupport_introspection_cpp.so\n'}
[97.923357] (vehicle_core) StdoutLine: {'line': b'-- Set runtime path of "/home/avcpp/AV-CPP2025/Vehicle/install/vehicle_core/lib/libvehicle_core__rosidl_typesupport_introspection_cpp.so" to ""\n'}
[97.923790] (vehicle_core) StdoutLine: {'line': b'-- Installing: /home/avcpp/AV-CPP2025/Vehicle/install/vehicle_core/lib/libvehicle_core__rosidl_typesupport_cpp.so\n'}
[97.925762] (vehicle_core) StdoutLine: {'line': b'-- Set runtime path of "/home/avcpp/AV-CPP2025/Vehicle/install/vehicle_core/lib/libvehicle_core__rosidl_typesupport_cpp.so" to ""\n'}
[97.951485] (-) TimerEvent: {}
[98.048964] (vehicle_core) StdoutLine: {'line': b"Listing '/home/avcpp/AV-CPP2025/Vehicle/install/vehicle_core/lib/python3.10/site-packages/vehicle_core'...\n"}
[98.050021] (vehicle_core) StdoutLine: {'line': b"Compiling '/home/avcpp/AV-CPP2025/Vehicle/install/vehicle_core/lib/python3.10/site-packages/vehicle_core/__init__.py'...\n"}
[98.050680] (vehicle_core) StdoutLine: {'line': b"Listing '/home/avcpp/AV-CPP2025/Vehicle/install/vehicle_core/lib/python3.10/site-packages/vehicle_core/msg'...\n"}
[98.051257] (vehicle_core) StdoutLine: {'line': b"Compiling '/home/avcpp/AV-CPP2025/Vehicle/install/vehicle_core/lib/python3.10/site-packages/vehicle_core/msg/__init__.py'...\n"}
[98.051748] (-) TimerEvent: {}
[98.052377] (vehicle_core) StdoutLine: {'line': b"Compiling '/home/avcpp/AV-CPP2025/Vehicle/install/vehicle_core/lib/python3.10/site-packages/vehicle_core/msg/_autopilot_command.py'...\n"}
[98.053143] (vehicle_core) StdoutLine: {'line': b"Compiling '/home/avcpp/AV-CPP2025/Vehicle/install/vehicle_core/lib/python3.10/site-packages/vehicle_core/msg/_autopilot_config.py'...\n"}
[98.053682] (vehicle_core) StdoutLine: {'line': b"Compiling '/home/avcpp/AV-CPP2025/Vehicle/install/vehicle_core/lib/python3.10/site-packages/vehicle_core/msg/_autopilot_status.py'...\n"}
[98.054224] (vehicle_core) StdoutLine: {'line': b"Compiling '/home/avcpp/AV-CPP2025/Vehicle/install/vehicle_core/lib/python3.10/site-packages/vehicle_core/msg/_drive_feedback.py'...\n"}
[98.054690] (vehicle_core) StdoutLine: {'line': b"Compiling '/home/avcpp/AV-CPP2025/Vehicle/install/vehicle_core/lib/python3.10/site-packages/vehicle_core/msg/_drive_status.py'...\n"}
[98.055158] (vehicle_core) StdoutLine: {'line': b"Compiling '/home/avcpp/AV-CPP2025/Vehicle/install/vehicle_core/lib/python3.10/site-packages/vehicle_core/msg/_drive_target.py'...\n"}
[98.055622] (vehicle_core) StdoutLine: {'line': b"Compiling '/home/avcpp/AV-CPP2025/Vehicle/install/vehicle_core/lib/python3.10/site-packages/vehicle_core/msg/_error.py'...\n"}
[98.056027] (vehicle_core) StdoutLine: {'line': b"Compiling '/home/avcpp/AV-CPP2025/Vehicle/install/vehicle_core/lib/python3.10/site-packages/vehicle_core/msg/_general_status.py'...\n"}
[98.056406] (vehicle_core) StdoutLine: {'line': b"Compiling '/home/avcpp/AV-CPP2025/Vehicle/install/vehicle_core/lib/python3.10/site-packages/vehicle_core/msg/_imu_status.py'...\n"}
[98.056779] (vehicle_core) StdoutLine: {'line': b"Compiling '/home/avcpp/AV-CPP2025/Vehicle/install/vehicle_core/lib/python3.10/site-packages/vehicle_core/msg/_internal_drive_command.py'...\n"}
[98.057153] (vehicle_core) StdoutLine: {'line': b"Compiling '/home/avcpp/AV-CPP2025/Vehicle/install/vehicle_core/lib/python3.10/site-packages/vehicle_core/msg/_lights_command.py'...\n"}
[98.057510] (vehicle_core) StdoutLine: {'line': b"Compiling '/home/avcpp/AV-CPP2025/Vehicle/install/vehicle_core/lib/python3.10/site-packages/vehicle_core/msg/_lights_status.py'...\n"}
[98.057866] (vehicle_core) StdoutLine: {'line': b"Compiling '/home/avcpp/AV-CPP2025/Vehicle/install/vehicle_core/lib/python3.10/site-packages/vehicle_core/msg/_manual_drive_command.py'...\n"}
[98.058300] (vehicle_core) StdoutLine: {'line': b"Compiling '/home/avcpp/AV-CPP2025/Vehicle/install/vehicle_core/lib/python3.10/site-packages/vehicle_core/msg/_max_speed.py'...\n"}
[98.058660] (vehicle_core) StdoutLine: {'line': b"Compiling '/home/avcpp/AV-CPP2025/Vehicle/install/vehicle_core/lib/python3.10/site-packages/vehicle_core/msg/_perception_profile.py'...\n"}
[98.059053] (vehicle_core) StdoutLine: {'line': b"Compiling '/home/avcpp/AV-CPP2025/Vehicle/install/vehicle_core/lib/python3.10/site-packages/vehicle_core/msg/_server_init.py'...\n"}
[98.059400] (vehicle_core) StdoutLine: {'line': b"Compiling '/home/avcpp/AV-CPP2025/Vehicle/install/vehicle_core/lib/python3.10/site-packages/vehicle_core/msg/_state_event.py'...\n"}
[98.059753] (vehicle_core) StdoutLine: {'line': b"Compiling '/home/avcpp/AV-CPP2025/Vehicle/install/vehicle_core/lib/python3.10/site-packages/vehicle_core/msg/_state_mode.py'...\n"}
[98.060105] (vehicle_core) StdoutLine: {'line': b"Compiling '/home/avcpp/AV-CPP2025/Vehicle/install/vehicle_core/lib/python3.10/site-packages/vehicle_core/msg/_telemetry_data.py'...\n"}
[98.060460] (vehicle_core) StdoutLine: {'line': b"Listing '/home/avcpp/AV-CPP2025/Vehicle/install/vehicle_core/lib/python3.10/site-packages/vehicle_core/srv'...\n"}
[98.060812] (vehicle_core) StdoutLine: {'line': b"Compiling '/home/avcpp/AV-CPP2025/Vehicle/install/vehicle_core/lib/python3.10/site-packages/vehicle_core/srv/__init__.py'...\n"}
[98.061163] (vehicle_core) StdoutLine: {'line': b"Compiling '/home/avcpp/AV-CPP2025/Vehicle/install/vehicle_core/lib/python3.10/site-packages/vehicle_core/srv/_release_internal_control.py'...\n"}
[98.061514] (vehicle_core) StdoutLine: {'line': b"Compiling '/home/avcpp/AV-CPP2025/Vehicle/install/vehicle_core/lib/python3.10/site-packages/vehicle_core/srv/_request_internal_control.py'...\n"}
[98.061928] (vehicle_core) StdoutLine: {'line': b"Compiling '/home/avcpp/AV-CPP2025/Vehicle/install/vehicle_core/lib/python3.10/site-packages/vehicle_core/srv/_set_autopilot_profile.py'...\n"}
[98.064429] (vehicle_core) StdoutLine: {'line': b'-- Installing: /home/avcpp/AV-CPP2025/Vehicle/install/vehicle_core/lib/libvehicle_core__rosidl_generator_py.so\n'}
[98.066690] (vehicle_core) StdoutLine: {'line': b'-- Set runtime path of "/home/avcpp/AV-CPP2025/Vehicle/install/vehicle_core/lib/libvehicle_core__rosidl_generator_py.so" to ""\n'}
[98.067148] (vehicle_core) StdoutLine: {'line': b'-- Installing: /home/avcpp/AV-CPP2025/Vehicle/install/vehicle_core/share/vehicle_core/cmake/export_vehicle_core__rosidl_generator_cExport.cmake\n'}
[98.068086] (vehicle_core) StdoutLine: {'line': b'-- Installing: /home/avcpp/AV-CPP2025/Vehicle/install/vehicle_core/share/vehicle_core/cmake/export_vehicle_core__rosidl_generator_cExport-noconfig.cmake\n'}
[98.068876] (vehicle_core) StdoutLine: {'line': b'-- Installing: /home/avcpp/AV-CPP2025/Vehicle/install/vehicle_core/share/vehicle_core/cmake/export_vehicle_core__rosidl_typesupport_fastrtps_cExport.cmake\n'}
[98.069772] (vehicle_core) StdoutLine: {'line': b'-- Installing: /home/avcpp/AV-CPP2025/Vehicle/install/vehicle_core/share/vehicle_core/cmake/export_vehicle_core__rosidl_typesupport_fastrtps_cExport-noconfig.cmake\n'}
[98.070482] (vehicle_core) StdoutLine: {'line': b'-- Installing: /home/avcpp/AV-CPP2025/Vehicle/install/vehicle_core/share/vehicle_core/cmake/export_vehicle_core__rosidl_generator_cppExport.cmake\n'}
[98.071219] (vehicle_core) StdoutLine: {'line': b'-- Installing: /home/avcpp/AV-CPP2025/Vehicle/install/vehicle_core/share/vehicle_core/cmake/export_vehicle_core__rosidl_typesupport_fastrtps_cppExport.cmake\n'}
[98.071942] (vehicle_core) StdoutLine: {'line': b'-- Installing: /home/avcpp/AV-CPP2025/Vehicle/install/vehicle_core/share/vehicle_core/cmake/export_vehicle_core__rosidl_typesupport_fastrtps_cppExport-noconfig.cmake\n'}
[98.072696] (vehicle_core) StdoutLine: {'line': b'-- Installing: /home/avcpp/AV-CPP2025/Vehicle/install/vehicle_core/share/vehicle_core/cmake/vehicle_core__rosidl_typesupport_introspection_cExport.cmake\n'}
[98.073367] (vehicle_core) StdoutLine: {'line': b'-- Installing: /home/avcpp/AV-CPP2025/Vehicle/install/vehicle_core/share/vehicle_core/cmake/vehicle_core__rosidl_typesupport_introspection_cExport-noconfig.cmake\n'}
[98.074004] (vehicle_core) StdoutLine: {'line': b'-- Installing: /home/avcpp/AV-CPP2025/Vehicle/install/vehicle_core/share/vehicle_core/cmake/vehicle_core__rosidl_typesupport_cExport.cmake\n'}
[98.076744] (vehicle_core) StdoutLine: {'line': b'-- Installing: /home/avcpp/AV-CPP2025/Vehicle/install/vehicle_core/share/vehicle_core/cmake/vehicle_core__rosidl_typesupport_cExport-noconfig.cmake\n'}
[98.077349] (vehicle_core) StdoutLine: {'line': b'-- Installing: /home/avcpp/AV-CPP2025/Vehicle/install/vehicle_core/share/vehicle_core/cmake/vehicle_core__rosidl_typesupport_introspection_cppExport.cmake\n'}
[98.078067] (vehicle_core) StdoutLine: {'line': b'-- Installing: /home/avcpp/AV-CPP2025/Vehicle/install/vehicle_core/share/vehicle_core/cmake/vehicle_core__rosidl_typesupport_introspection_cppExport-noconfig.cmake\n'}
[98.078703] (vehicle_core) StdoutLine: {'line': b'-- Installing: /home/avcpp/AV-CPP2025/Vehicle/install/vehicle_core/share/vehicle_core/cmake/vehicle_core__rosidl_typesupport_cppExport.cmake\n'}
[98.079518] (vehicle_core) StdoutLine: {'line': b'-- Installing: /home/avcpp/AV-CPP2025/Vehicle/install/vehicle_core/share/vehicle_core/cmake/vehicle_core__rosidl_typesupport_cppExport-noconfig.cmake\n'}
[98.080114] (vehicle_core) StdoutLine: {'line': b'-- Installing: /home/avcpp/AV-CPP2025/Vehicle/install/vehicle_core/share/vehicle_core/cmake/export_vehicle_core__rosidl_generator_pyExport.cmake\n'}
[98.080719] (vehicle_core) StdoutLine: {'line': b'-- Installing: /home/avcpp/AV-CPP2025/Vehicle/install/vehicle_core/share/vehicle_core/cmake/export_vehicle_core__rosidl_generator_pyExport-noconfig.cmake\n'}
[98.090402] (vehicle_core) CommandEnded: {'returncode': 0}
[98.151942] (-) TimerEvent: {}
[98.205450] (vehicle_core) JobEnded: {'identifier': 'vehicle_core', 'rc': 0}
[98.207492] (-) EventReactorShutdown: {}
