[0.000000] (-) TimerEvent: {}
[0.000495] (vehicle_core) JobQueued: {'identifier': 'vehicle_core', 'dependencies': OrderedDict()}
[0.000847] (vehicle_core) JobStarted: {'identifier': 'vehicle_core'}
[0.015604] (vehicle_core) JobProgress: {'identifier': 'vehicle_core', 'progress': 'cmake'}
[0.016758] (vehicle_core) JobProgress: {'identifier': 'vehicle_core', 'progress': 'build'}
[0.017887] (vehicle_core) Command: {'cmd': ['/usr/bin/cmake', '--build', '/home/avcpp/AV-CPP2025/Vehicle/build/vehicle_core', '--', '-j8', '-l8'], 'cwd': '/home/avcpp/AV-CPP2025/Vehicle/build/vehicle_core', 'env': OrderedDict([('PYTHON_BASIC_REPL', '1'), ('LESSOPEN', '| /usr/bin/lesspipe %s'), ('UMS_MOUNTPOINT', '/mnt/ums'), ('GST_V4L2_PREFERRED_FOURCC', 'NV12:YU12:NV16:YUY2'), ('LANGUAGE', 'en_US.UTF-8'), ('USER', 'avcpp'), ('SSH_CLIENT', '192.168.8.103 12038 22'), ('XDG_SESSION_TYPE', 'tty'), ('GIT_ASKPASS', '/home/avcpp/.vscode-server/cli/servers/Stable-1e3c50d64110be466c0b4a45222e81d2c9352888/server/extensions/git/dist/askpass.sh'), ('SHLVL', '1'), ('USB_FUNCS', 'adb'), ('LD_LIBRARY_PATH', '/home/avcpp/AV-CPP2025/Vehicle/install/vehicle_core/lib:/opt/ros/humble/opt/rviz_ogre_vendor/lib:/opt/ros/humble/lib/aarch64-linux-gnu:/opt/ros/humble/lib'), ('BROWSER', '/home/avcpp/.vscode-server/cli/servers/Stable-1e3c50d64110be466c0b4a45222e81d2c9352888/server/bin/helpers/browser.sh'), ('MOTD_SHOWN', 'pam'), ('HOME', '/home/avcpp'), ('OLDPWD', '/home/avcpp/AV-CPP2025'), ('TERM_PROGRAM_VERSION', '1.106.2'), ('VSCODE_IPC_HOOK_CLI', '/run/user/1001/vscode-ipc-7b1c62ac-2958-4cd1-b38f-0b2fd408122d.sock'), ('GST_INSPECT_NO_COLORS', '1'), ('GST_MPP_NO_RGA', '1'), ('ROS_PYTHON_VERSION', '3'), ('COGL_DRIVER', 'gles2'), ('VSCODE_GIT_ASKPASS_MAIN', '/home/avcpp/.vscode-server/cli/servers/Stable-1e3c50d64110be466c0b4a45222e81d2c9352888/server/extensions/git/dist/askpass-main.js'), ('VSCODE_GIT_ASKPASS_NODE', '/home/avcpp/.vscode-server/cli/servers/Stable-1e3c50d64110be466c0b4a45222e81d2c9352888/server/node'), ('SSL_CERT_FILE', '/usr/lib/ssl/certs/ca-certificates.crt'), ('PYDEVD_DISABLE_FILE_VALIDATION', '1'), ('BUNDLED_DEBUGPY_PATH', '/home/avcpp/.vscode-server/extensions/ms-python.debugpy-2025.16.0/bundled/libs/debugpy'), ('VSCODE_PYTHON_AUTOACTIVATE_GUARD', '1'), ('DBUS_SESSION_BUS_ADDRESS', 'unix:path=/run/user/1001/bus'), ('COLORTERM', 'truecolor'), ('COLCON_PREFIX_PATH', '/home/avcpp/AV-CPP2025/Vehicle/install'), ('GST_V4L2SRC_MAX_RESOLUTION', '3840x2160'), ('ROS_DISTRO', 'humble'), ('LOGNAME', 'avcpp'), ('_', '/usr/bin/colcon'), ('ROS_VERSION', '2'), ('XDG_SESSION_CLASS', 'user'), ('TERM', 'xterm-256color'), ('GST_GL_API', 'gles2'), ('XDG_SESSION_ID', '5'), ('GST_VIDEO_CONVERT_PREFERRED_FORMAT', 'NV12:NV16:I420:YUY2'), ('GST_V4L2SRC_RK_DEVICES', '_mainpath:_selfpath:_bypass:_scale'), ('ROS_LOCALHOST_ONLY', '0'), ('PATH', '/home/avcpp/.vscode-server/data/User/globalStorage/github.copilot-chat/copilotCli:/home/avcpp/.vscode-server/data/User/globalStorage/github.copilot-chat/debugCommand:/home/avcpp/.vscode-server/cli/servers/Stable-1e3c50d64110be466c0b4a45222e81d2c9352888/server/bin/remote-cli:/home/avcpp/.local/bin:/opt/ros/humble/bin:/usr/local/sbin:/usr/local/bin:/usr/sbin:/usr/bin:/sbin:/bin:/usr/games:/usr/local/games:/snap/bin:/home/avcpp/.vscode-server/extensions/ms-python.debugpy-2025.16.0/bundled/scripts/noConfigScripts'), ('XDG_RUNTIME_DIR', '/run/user/1001'), ('GST_GL_PLATFORM', 'egl'), ('GST_DEBUG_NO_COLOR', '1'), ('SSL_CERT_DIR', '/usr/lib/ssl/certs'), ('GST_V4L2SRC_DEFAULT_DEVICE', '/dev/video-camera0'), ('DISPLAY', ':0'), ('VSCODE_DEBUGPY_ADAPTER_ENDPOINTS', '/home/avcpp/.vscode-server/extensions/ms-python.debugpy-2025.16.0/.noConfigDebugAdapterEndpoints/endpoint-ef25f7e9429dbf34.txt'), ('LANG', 'en_US.UTF-8'), ('PYTHONSTARTUP', '/home/avcpp/.vscode-server/data/User/workspaceStorage/da628a90441345ac74af00bc07084975/ms-python.python/pythonrc.py'), ('LS_COLORS', 'rs=0:di=01;34:ln=01;36:mh=00:pi=40;33:so=01;35:do=01;35:bd=40;33;01:cd=40;33;01:or=40;31;01:mi=00:su=37;41:sg=30;43:ca=30;41:tw=30;42:ow=34;42:st=37;44:ex=01;32:*.tar=01;31:*.tgz=01;31:*.arc=01;31:*.arj=01;31:*.taz=01;31:*.lha=01;31:*.lz4=01;31:*.lzh=01;31:*.lzma=01;31:*.tlz=01;31:*.txz=01;31:*.tzo=01;31:*.t7z=01;31:*.zip=01;31:*.z=01;31:*.dz=01;31:*.gz=01;31:*.lrz=01;31:*.lz=01;31:*.lzo=01;31:*.xz=01;31:*.zst=01;31:*.tzst=01;31:*.bz2=01;31:*.bz=01;31:*.tbz=01;31:*.tbz2=01;31:*.tz=01;31:*.deb=01;31:*.rpm=01;31:*.jar=01;31:*.war=01;31:*.ear=01;31:*.sar=01;31:*.rar=01;31:*.alz=01;31:*.ace=01;31:*.zoo=01;31:*.cpio=01;31:*.7z=01;31:*.rz=01;31:*.cab=01;31:*.wim=01;31:*.swm=01;31:*.dwm=01;31:*.esd=01;31:*.jpg=01;35:*.jpeg=01;35:*.mjpg=01;35:*.mjpeg=01;35:*.gif=01;35:*.bmp=01;35:*.pbm=01;35:*.pgm=01;35:*.ppm=01;35:*.tga=01;35:*.xbm=01;35:*.xpm=01;35:*.tif=01;35:*.tiff=01;35:*.png=01;35:*.svg=01;35:*.svgz=01;35:*.mng=01;35:*.pcx=01;35:*.mov=01;35:*.mpg=01;35:*.mpeg=01;35:*.m2v=01;35:*.mkv=01;35:*.webm=01;35:*.webp=01;35:*.ogm=01;35:*.mp4=01;35:*.m4v=01;35:*.mp4v=01;35:*.vob=01;35:*.qt=01;35:*.nuv=01;35:*.wmv=01;35:*.asf=01;35:*.rm=01;35:*.rmvb=01;35:*.flc=01;35:*.avi=01;35:*.fli=01;35:*.flv=01;35:*.gl=01;35:*.dl=01;35:*.xcf=01;35:*.xwd=01;35:*.yuv=01;35:*.cgm=01;35:*.emf=01;35:*.ogv=01;35:*.ogx=01;35:*.aac=00;36:*.au=00;36:*.flac=00;36:*.m4a=00;36:*.mid=00;36:*.midi=00;36:*.mka=00;36:*.mp3=00;36:*.mpc=00;36:*.ogg=00;36:*.ra=00;36:*.wav=00;36:*.oga=00;36:*.opus=00;36:*.spx=00;36:*.xspf=00;36:'), ('VSCODE_GIT_IPC_HANDLE', '/run/user/1001/vscode-git-c9ee365bab.sock'), ('TERM_PROGRAM', 'vscode'), ('GST_V4L2_USE_LIBV4L2', '1'), ('UMS_SIZE', '256M'), ('AMENT_PREFIX_PATH', '/home/avcpp/AV-CPP2025/Vehicle/install/vehicle_core:/opt/ros/humble'), ('LC_MESSAGES', 'en_US.UTF-8'), ('SHELL', '/bin/bash'), ('UMS_RO', '0'), ('LESSCLOSE', '/usr/bin/lesspipe %s %s'), ('UMS_FSTYPE', 'vfat'), ('VSCODE_GIT_ASKPASS_EXTRA_ARGS', ''), ('PWD', '/home/avcpp/AV-CPP2025/Vehicle/build/vehicle_core'), ('LC_ALL', 'en_US.UTF-8'), ('SSH_CONNECTION', '192.168.8.103 12038 192.168.8.176 22'), ('PYTHONPATH', '/home/avcpp/AV-CPP2025/Vehicle/install/vehicle_core/local/lib/python3.10/dist-packages:/opt/ros/humble/lib/python3.10/site-packages:/opt/ros/humble/local/lib/python3.10/dist-packages'), ('UMS_MOUNT', '0'), ('COLCON', '1'), ('CMAKE_PREFIX_PATH', '/home/avcpp/AV-CPP2025/Vehicle/install/vehicle_core:/opt/ros/humble'), ('UMS_FILE', '/userdata/ums_shared.img')]), 'shell': False}
[0.099633] (-) TimerEvent: {}
[0.200641] (-) TimerEvent: {}
[0.235811] (vehicle_core) StdoutLine: {'line': b'[  1%] Built target vehicle_core_container\n'}
[0.248313] (vehicle_core) StdoutLine: {'line': b'[  1%] Built target vehicle_core__cpp\n'}
[0.250098] (vehicle_core) StdoutLine: {'line': b'[  2%] Built target ament_cmake_python_symlink_vehicle_core\n'}
[0.250787] (vehicle_core) StdoutLine: {'line': b'[ 12%] Built target vehicle_core__rosidl_generator_c\n'}
[0.300902] (-) TimerEvent: {}
[0.347057] (vehicle_core) StdoutLine: {'line': b'[ 22%] Built target vehicle_core__rosidl_typesupport_cpp\n'}
[0.355950] (vehicle_core) StdoutLine: {'line': b'[ 33%] Built target vehicle_core__rosidl_typesupport_introspection_cpp\n'}
[0.376647] (vehicle_core) StdoutLine: {'line': b'[ 43%] Built target vehicle_core__rosidl_typesupport_fastrtps_cpp\n'}
[0.401186] (-) TimerEvent: {}
[0.431371] (vehicle_core) StdoutLine: {'line': b'[ 54%] Built target vehicle_core__rosidl_typesupport_introspection_c\n'}
[0.433455] (vehicle_core) StdoutLine: {'line': b'[ 65%] Built target vehicle_core__rosidl_typesupport_c\n'}
[0.440840] (vehicle_core) StdoutLine: {'line': b'[ 76%] Built target vehicle_core__rosidl_typesupport_fastrtps_c\n'}
[0.488192] (vehicle_core) StdoutLine: {'line': b'[ 76%] Built target vehicle_core\n'}
[0.501502] (-) TimerEvent: {}
[0.543161] (vehicle_core) StdoutLine: {'line': b'\x1b[35m\x1b[1mConsolidate compiler generated dependencies of target tcp_server_node_component\x1b[0m\n'}
[0.547843] (vehicle_core) StdoutLine: {'line': b'[ 79%] Built target drive_arbiter_node_component\n'}
[0.548146] (vehicle_core) StdoutLine: {'line': b'[ 79%] Built target heading_calibrator_node_component\n'}
[0.549158] (vehicle_core) StdoutLine: {'line': b'[ 79%] Built target state_manager_node_component\n'}
[0.568468] (vehicle_core) StdoutLine: {'line': b'[ 79%] Built target vehicle_core__py\n'}
[0.580597] (vehicle_core) StdoutLine: {'line': b'[ 83%] Built target i2c_bridge_node\n'}
[0.594472] (vehicle_core) StdoutLine: {'line': b'[ 84%] Built target gt_u7_gps_node_component\n'}
[0.598150] (vehicle_core) StdoutLine: {'line': b'[ 85%] Built target gst_camera_component\n'}
[0.600485] (vehicle_core) StdoutLine: {'line': b'[ 86%] \x1b[32mBuilding CXX object CMakeFiles/tcp_server_node_component.dir/src/tcp_server_node.cpp.o\x1b[0m\n'}
[0.600820] (vehicle_core) StdoutLine: {'line': b'[ 86%] Built target autopilot_node_component\n'}
[0.601562] (-) TimerEvent: {}
[0.626066] (vehicle_core) StdoutLine: {'line': b'running egg_info\n'}
[0.637831] (vehicle_core) StdoutLine: {'line': b'[ 96%] Built target vehicle_core__rosidl_generator_py\n'}
[0.644384] (vehicle_core) StdoutLine: {'line': b'writing vehicle_core.egg-info/PKG-INFO\n'}
[0.645642] (vehicle_core) StdoutLine: {'line': b'writing dependency_links to vehicle_core.egg-info/dependency_links.txt\n'}
[0.645868] (vehicle_core) StdoutLine: {'line': b'writing top-level names to vehicle_core.egg-info/top_level.txt\n'}
[0.670347] (vehicle_core) StdoutLine: {'line': b'[ 97%] Built target vehicle_core__rosidl_typesupport_c__pyext\n'}
[0.689046] (vehicle_core) StdoutLine: {'line': b'[ 98%] Built target vehicle_core__rosidl_typesupport_fastrtps_c__pyext\n'}
[0.691115] (vehicle_core) StdoutLine: {'line': b'[ 99%] Built target vehicle_core__rosidl_typesupport_introspection_c__pyext\n'}
[0.700001] (vehicle_core) StdoutLine: {'line': b"reading manifest file 'vehicle_core.egg-info/SOURCES.txt'\n"}
[0.701659] (-) TimerEvent: {}
[0.702230] (vehicle_core) StdoutLine: {'line': b"writing manifest file 'vehicle_core.egg-info/SOURCES.txt'\n"}
[0.802151] (-) TimerEvent: {}
[0.809663] (vehicle_core) StdoutLine: {'line': b'[ 99%] Built target ament_cmake_python_build_vehicle_core_egg\n'}
[0.902629] (-) TimerEvent: {}
[1.004057] (-) TimerEvent: {}
[1.105109] (-) TimerEvent: {}
[1.206332] (-) TimerEvent: {}
[1.307605] (-) TimerEvent: {}
[1.409026] (-) TimerEvent: {}
[1.510376] (-) TimerEvent: {}
[1.611730] (-) TimerEvent: {}
[1.713126] (-) TimerEvent: {}
[1.814497] (-) TimerEvent: {}
[1.915962] (-) TimerEvent: {}
[2.017327] (-) TimerEvent: {}
[2.118790] (-) TimerEvent: {}
[2.220175] (-) TimerEvent: {}
[2.321570] (-) TimerEvent: {}
[2.423062] (-) TimerEvent: {}
[2.524457] (-) TimerEvent: {}
[2.625908] (-) TimerEvent: {}
[2.727242] (-) TimerEvent: {}
[2.828640] (-) TimerEvent: {}
[2.929991] (-) TimerEvent: {}
[3.031389] (-) TimerEvent: {}
[3.132812] (-) TimerEvent: {}
[3.234208] (-) TimerEvent: {}
[3.335651] (-) TimerEvent: {}
[3.437040] (-) TimerEvent: {}
[3.538459] (-) TimerEvent: {}
[3.639892] (-) TimerEvent: {}
[3.741289] (-) TimerEvent: {}
[3.842742] (-) TimerEvent: {}
[3.944138] (-) TimerEvent: {}
[4.045539] (-) TimerEvent: {}
[4.146930] (-) TimerEvent: {}
[4.248331] (-) TimerEvent: {}
[4.349777] (-) TimerEvent: {}
[4.451158] (-) TimerEvent: {}
[4.552622] (-) TimerEvent: {}
[4.654026] (-) TimerEvent: {}
[4.755487] (-) TimerEvent: {}
[4.856929] (-) TimerEvent: {}
[4.958351] (-) TimerEvent: {}
[5.059821] (-) TimerEvent: {}
[5.161294] (-) TimerEvent: {}
[5.262823] (-) TimerEvent: {}
[5.364235] (-) TimerEvent: {}
[5.465663] (-) TimerEvent: {}
[5.567068] (-) TimerEvent: {}
[5.668499] (-) TimerEvent: {}
[5.769927] (-) TimerEvent: {}
[5.871360] (-) TimerEvent: {}
[5.972828] (-) TimerEvent: {}
[6.074252] (-) TimerEvent: {}
[6.175739] (-) TimerEvent: {}
[6.277182] (-) TimerEvent: {}
[6.378677] (-) TimerEvent: {}
[6.480033] (-) TimerEvent: {}
[6.581488] (-) TimerEvent: {}
[6.682925] (-) TimerEvent: {}
[6.784324] (-) TimerEvent: {}
[6.885703] (-) TimerEvent: {}
[6.987064] (-) TimerEvent: {}
[7.088445] (-) TimerEvent: {}
[7.189933] (-) TimerEvent: {}
[7.291382] (-) TimerEvent: {}
[7.392847] (-) TimerEvent: {}
[7.494214] (-) TimerEvent: {}
[7.595679] (-) TimerEvent: {}
[7.697051] (-) TimerEvent: {}
[7.798438] (-) TimerEvent: {}
[7.899858] (-) TimerEvent: {}
[8.001316] (-) TimerEvent: {}
[8.102796] (-) TimerEvent: {}
[8.204327] (-) TimerEvent: {}
[8.305776] (-) TimerEvent: {}
[8.407219] (-) TimerEvent: {}
[8.508690] (-) TimerEvent: {}
[8.610010] (-) TimerEvent: {}
[8.711474] (-) TimerEvent: {}
[8.812971] (-) TimerEvent: {}
[8.914450] (-) TimerEvent: {}
[9.015939] (-) TimerEvent: {}
[9.117352] (-) TimerEvent: {}
[9.218827] (-) TimerEvent: {}
[9.320225] (-) TimerEvent: {}
[9.421594] (-) TimerEvent: {}
[9.523030] (-) TimerEvent: {}
[9.624453] (-) TimerEvent: {}
[9.725914] (-) TimerEvent: {}
[9.827310] (-) TimerEvent: {}
[9.928729] (-) TimerEvent: {}
[10.030164] (-) TimerEvent: {}
[10.131599] (-) TimerEvent: {}
[10.233080] (-) TimerEvent: {}
[10.334475] (-) TimerEvent: {}
[10.435852] (-) TimerEvent: {}
[10.537301] (-) TimerEvent: {}
[10.638732] (-) TimerEvent: {}
[10.740028] (-) TimerEvent: {}
[10.841489] (-) TimerEvent: {}
[10.942973] (-) TimerEvent: {}
[11.044394] (-) TimerEvent: {}
[11.145865] (-) TimerEvent: {}
[11.247309] (-) TimerEvent: {}
[11.348744] (-) TimerEvent: {}
[11.450151] (-) TimerEvent: {}
[11.551558] (-) TimerEvent: {}
[11.653043] (-) TimerEvent: {}
[11.754457] (-) TimerEvent: {}
[11.855954] (-) TimerEvent: {}
[11.957452] (-) TimerEvent: {}
[12.058876] (-) TimerEvent: {}
[12.160320] (-) TimerEvent: {}
[12.261719] (-) TimerEvent: {}
[12.363218] (-) TimerEvent: {}
[12.464668] (-) TimerEvent: {}
[12.566100] (-) TimerEvent: {}
[12.667531] (-) TimerEvent: {}
[12.768967] (-) TimerEvent: {}
[12.870404] (-) TimerEvent: {}
[12.971867] (-) TimerEvent: {}
[13.073296] (-) TimerEvent: {}
[13.174695] (-) TimerEvent: {}
[13.276124] (-) TimerEvent: {}
[13.377565] (-) TimerEvent: {}
[13.479060] (-) TimerEvent: {}
[13.580429] (-) TimerEvent: {}
[13.681909] (-) TimerEvent: {}
[13.783356] (-) TimerEvent: {}
[13.884746] (-) TimerEvent: {}
[13.986249] (-) TimerEvent: {}
[14.087683] (-) TimerEvent: {}
[14.189165] (-) TimerEvent: {}
[14.290547] (-) TimerEvent: {}
[14.392028] (-) TimerEvent: {}
[14.493504] (-) TimerEvent: {}
[14.594941] (-) TimerEvent: {}
[14.696372] (-) TimerEvent: {}
[14.797741] (-) TimerEvent: {}
[14.899179] (-) TimerEvent: {}
[15.000548] (-) TimerEvent: {}
[15.102002] (-) TimerEvent: {}
[15.203424] (-) TimerEvent: {}
[15.304859] (-) TimerEvent: {}
[15.406279] (-) TimerEvent: {}
[15.507680] (-) TimerEvent: {}
[15.609183] (-) TimerEvent: {}
[15.710617] (-) TimerEvent: {}
[15.812046] (-) TimerEvent: {}
[15.913422] (-) TimerEvent: {}
[16.014723] (-) TimerEvent: {}
[16.116134] (-) TimerEvent: {}
[16.217547] (-) TimerEvent: {}
[16.319026] (-) TimerEvent: {}
[16.420438] (-) TimerEvent: {}
[16.521849] (-) TimerEvent: {}
[16.623236] (-) TimerEvent: {}
[16.724630] (-) TimerEvent: {}
[16.826127] (-) TimerEvent: {}
[16.927394] (-) TimerEvent: {}
[17.028764] (-) TimerEvent: {}
[17.130089] (-) TimerEvent: {}
[17.231506] (-) TimerEvent: {}
[17.332951] (-) TimerEvent: {}
[17.434367] (-) TimerEvent: {}
[17.535781] (-) TimerEvent: {}
[17.637197] (-) TimerEvent: {}
[17.738650] (-) TimerEvent: {}
[17.840024] (-) TimerEvent: {}
[17.941406] (-) TimerEvent: {}
[18.042861] (-) TimerEvent: {}
[18.144264] (-) TimerEvent: {}
[18.245713] (-) TimerEvent: {}
[18.347090] (-) TimerEvent: {}
[18.448450] (-) TimerEvent: {}
[18.549877] (-) TimerEvent: {}
[18.651318] (-) TimerEvent: {}
[18.752804] (-) TimerEvent: {}
[18.854215] (-) TimerEvent: {}
[18.955642] (-) TimerEvent: {}
[19.057048] (-) TimerEvent: {}
[19.158463] (-) TimerEvent: {}
[19.259928] (-) TimerEvent: {}
[19.361402] (-) TimerEvent: {}
[19.463025] (-) TimerEvent: {}
[19.564518] (-) TimerEvent: {}
[19.665854] (-) TimerEvent: {}
[19.767199] (-) TimerEvent: {}
[19.868568] (-) TimerEvent: {}
[19.969900] (-) TimerEvent: {}
[20.071192] (-) TimerEvent: {}
[20.172530] (-) TimerEvent: {}
[20.273843] (-) TimerEvent: {}
[20.375204] (-) TimerEvent: {}
[20.476616] (-) TimerEvent: {}
[20.578036] (-) TimerEvent: {}
[20.679706] (-) TimerEvent: {}
[20.781145] (-) TimerEvent: {}
[20.882520] (-) TimerEvent: {}
[20.983890] (-) TimerEvent: {}
[21.085335] (-) TimerEvent: {}
[21.186766] (-) TimerEvent: {}
[21.288172] (-) TimerEvent: {}
[21.389590] (-) TimerEvent: {}
[21.490966] (-) TimerEvent: {}
[21.592327] (-) TimerEvent: {}
[21.693806] (-) TimerEvent: {}
[21.795353] (-) TimerEvent: {}
[21.896918] (-) TimerEvent: {}
[21.998431] (-) TimerEvent: {}
[22.100002] (-) TimerEvent: {}
[22.201446] (-) TimerEvent: {}
[22.302771] (-) TimerEvent: {}
[22.403610] (-) TimerEvent: {}
[22.504777] (-) TimerEvent: {}
[22.606232] (-) TimerEvent: {}
[22.707579] (-) TimerEvent: {}
[22.809010] (-) TimerEvent: {}
[22.910387] (-) TimerEvent: {}
[23.011793] (-) TimerEvent: {}
[23.113269] (-) TimerEvent: {}
[23.214676] (-) TimerEvent: {}
[23.316094] (-) TimerEvent: {}
[23.417507] (-) TimerEvent: {}
[23.518994] (-) TimerEvent: {}
[23.620419] (-) TimerEvent: {}
[23.721914] (-) TimerEvent: {}
[23.823309] (-) TimerEvent: {}
[23.924698] (-) TimerEvent: {}
[24.026147] (-) TimerEvent: {}
[24.127351] (-) TimerEvent: {}
[24.228600] (-) TimerEvent: {}
[24.329899] (-) TimerEvent: {}
[24.431265] (-) TimerEvent: {}
[24.532609] (-) TimerEvent: {}
[24.633799] (-) TimerEvent: {}
[24.734963] (-) TimerEvent: {}
[24.836145] (-) TimerEvent: {}
[24.937326] (-) TimerEvent: {}
[25.038576] (-) TimerEvent: {}
[25.139723] (-) TimerEvent: {}
[25.240889] (-) TimerEvent: {}
[25.342056] (-) TimerEvent: {}
[25.443044] (-) TimerEvent: {}
[25.544051] (-) TimerEvent: {}
[25.645251] (-) TimerEvent: {}
[25.746387] (-) TimerEvent: {}
[25.847521] (-) TimerEvent: {}
[25.948729] (-) TimerEvent: {}
[26.049897] (-) TimerEvent: {}
[26.151076] (-) TimerEvent: {}
[26.252238] (-) TimerEvent: {}
[26.353415] (-) TimerEvent: {}
[26.454405] (-) TimerEvent: {}
[26.555535] (-) TimerEvent: {}
[26.656640] (-) TimerEvent: {}
[26.757785] (-) TimerEvent: {}
[26.858952] (-) TimerEvent: {}
[26.960087] (-) TimerEvent: {}
[27.061274] (-) TimerEvent: {}
[27.162485] (-) TimerEvent: {}
[27.263642] (-) TimerEvent: {}
[27.364816] (-) TimerEvent: {}
[27.466001] (-) TimerEvent: {}
[27.567132] (-) TimerEvent: {}
[27.668273] (-) TimerEvent: {}
[27.769520] (-) TimerEvent: {}
[27.870751] (-) TimerEvent: {}
[27.971980] (-) TimerEvent: {}
[28.073172] (-) TimerEvent: {}
[28.174331] (-) TimerEvent: {}
[28.275471] (-) TimerEvent: {}
[28.376635] (-) TimerEvent: {}
[28.477787] (-) TimerEvent: {}
[28.578826] (-) TimerEvent: {}
[28.680011] (-) TimerEvent: {}
[28.781200] (-) TimerEvent: {}
[28.882246] (-) TimerEvent: {}
[28.983404] (-) TimerEvent: {}
[29.084577] (-) TimerEvent: {}
[29.185761] (-) TimerEvent: {}
[29.286881] (-) TimerEvent: {}
[29.388014] (-) TimerEvent: {}
[29.489222] (-) TimerEvent: {}
[29.590347] (-) TimerEvent: {}
[29.691541] (-) TimerEvent: {}
[29.792746] (-) TimerEvent: {}
[29.893886] (-) TimerEvent: {}
[29.995063] (-) TimerEvent: {}
[30.096249] (-) TimerEvent: {}
[30.197372] (-) TimerEvent: {}
[30.298515] (-) TimerEvent: {}
[30.399446] (-) TimerEvent: {}
[30.500342] (-) TimerEvent: {}
[30.601505] (-) TimerEvent: {}
[30.702709] (-) TimerEvent: {}
[30.803880] (-) TimerEvent: {}
[30.905053] (-) TimerEvent: {}
[31.006260] (-) TimerEvent: {}
[31.107435] (-) TimerEvent: {}
[31.208643] (-) TimerEvent: {}
[31.309781] (-) TimerEvent: {}
[31.410910] (-) TimerEvent: {}
[31.512072] (-) TimerEvent: {}
[31.613196] (-) TimerEvent: {}
[31.714306] (-) TimerEvent: {}
[31.815524] (-) TimerEvent: {}
[31.916626] (-) TimerEvent: {}
[32.017826] (-) TimerEvent: {}
[32.118973] (-) TimerEvent: {}
[32.220145] (-) TimerEvent: {}
[32.321257] (-) TimerEvent: {}
[32.422453] (-) TimerEvent: {}
[32.523521] (-) TimerEvent: {}
[32.624396] (-) TimerEvent: {}
[32.725570] (-) TimerEvent: {}
[32.826725] (-) TimerEvent: {}
[32.927881] (-) TimerEvent: {}
[33.028920] (-) TimerEvent: {}
[33.130076] (-) TimerEvent: {}
[33.231255] (-) TimerEvent: {}
[33.332451] (-) TimerEvent: {}
[33.433583] (-) TimerEvent: {}
[33.534796] (-) TimerEvent: {}
[33.635972] (-) TimerEvent: {}
[33.737138] (-) TimerEvent: {}
[33.838254] (-) TimerEvent: {}
[33.939472] (-) TimerEvent: {}
[34.040694] (-) TimerEvent: {}
[34.141901] (-) TimerEvent: {}
[34.243127] (-) TimerEvent: {}
[34.344304] (-) TimerEvent: {}
[34.445438] (-) TimerEvent: {}
[34.546539] (-) TimerEvent: {}
[34.647709] (-) TimerEvent: {}
[34.748849] (-) TimerEvent: {}
[34.850000] (-) TimerEvent: {}
[34.951165] (-) TimerEvent: {}
[35.052418] (-) TimerEvent: {}
[35.153581] (-) TimerEvent: {}
[35.254739] (-) TimerEvent: {}
[35.355903] (-) TimerEvent: {}
[35.457064] (-) TimerEvent: {}
[35.558444] (-) TimerEvent: {}
[35.659754] (-) TimerEvent: {}
[35.761149] (-) TimerEvent: {}
[35.862647] (-) TimerEvent: {}
[35.964010] (-) TimerEvent: {}
[36.065481] (-) TimerEvent: {}
[36.166890] (-) TimerEvent: {}
[36.268328] (-) TimerEvent: {}
[36.369756] (-) TimerEvent: {}
[36.471152] (-) TimerEvent: {}
[36.572641] (-) TimerEvent: {}
[36.674014] (-) TimerEvent: {}
[36.775496] (-) TimerEvent: {}
[36.876939] (-) TimerEvent: {}
[36.978357] (-) TimerEvent: {}
[37.079843] (-) TimerEvent: {}
[37.181215] (-) TimerEvent: {}
[37.282669] (-) TimerEvent: {}
[37.384071] (-) TimerEvent: {}
[37.485474] (-) TimerEvent: {}
[37.586824] (-) TimerEvent: {}
[37.688224] (-) TimerEvent: {}
[37.789620] (-) TimerEvent: {}
[37.890992] (-) TimerEvent: {}
[37.992415] (-) TimerEvent: {}
[38.093869] (-) TimerEvent: {}
[38.195281] (-) TimerEvent: {}
[38.296698] (-) TimerEvent: {}
[38.398070] (-) TimerEvent: {}
[38.499508] (-) TimerEvent: {}
[38.600898] (-) TimerEvent: {}
[38.702209] (-) TimerEvent: {}
[38.803596] (-) TimerEvent: {}
[38.905030] (-) TimerEvent: {}
[39.006425] (-) TimerEvent: {}
[39.107889] (-) TimerEvent: {}
[39.209286] (-) TimerEvent: {}
[39.310732] (-) TimerEvent: {}
[39.412131] (-) TimerEvent: {}
[39.513559] (-) TimerEvent: {}
[39.614945] (-) TimerEvent: {}
[39.716346] (-) TimerEvent: {}
[39.817751] (-) TimerEvent: {}
[39.919244] (-) TimerEvent: {}
[40.020651] (-) TimerEvent: {}
[40.122026] (-) TimerEvent: {}
[40.223413] (-) TimerEvent: {}
[40.324799] (-) TimerEvent: {}
[40.426128] (-) TimerEvent: {}
[40.527476] (-) TimerEvent: {}
[40.628853] (-) TimerEvent: {}
[40.730224] (-) TimerEvent: {}
[40.831618] (-) TimerEvent: {}
[40.933072] (-) TimerEvent: {}
[41.034591] (-) TimerEvent: {}
[41.136118] (-) TimerEvent: {}
[41.237385] (-) TimerEvent: {}
[41.338706] (-) TimerEvent: {}
[41.439992] (-) TimerEvent: {}
[41.541318] (-) TimerEvent: {}
[41.642655] (-) TimerEvent: {}
[41.743988] (-) TimerEvent: {}
[41.845327] (-) TimerEvent: {}
[41.946682] (-) TimerEvent: {}
[42.048004] (-) TimerEvent: {}
[42.149346] (-) TimerEvent: {}
[42.250646] (-) TimerEvent: {}
[42.351984] (-) TimerEvent: {}
[42.453286] (-) TimerEvent: {}
[42.554609] (-) TimerEvent: {}
[42.655963] (-) TimerEvent: {}
[42.757291] (-) TimerEvent: {}
[42.858659] (-) TimerEvent: {}
[42.960074] (-) TimerEvent: {}
[43.061416] (-) TimerEvent: {}
[43.162755] (-) TimerEvent: {}
[43.264064] (-) TimerEvent: {}
[43.365393] (-) TimerEvent: {}
[43.466717] (-) TimerEvent: {}
[43.568063] (-) TimerEvent: {}
[43.669543] (-) TimerEvent: {}
[43.770914] (-) TimerEvent: {}
[43.872571] (-) TimerEvent: {}
[43.974234] (-) TimerEvent: {}
[44.075563] (-) TimerEvent: {}
[44.177130] (-) TimerEvent: {}
[44.278650] (-) TimerEvent: {}
[44.380187] (-) TimerEvent: {}
[44.481581] (-) TimerEvent: {}
[44.583018] (-) TimerEvent: {}
[44.684483] (-) TimerEvent: {}
[44.786142] (-) TimerEvent: {}
[44.887683] (-) TimerEvent: {}
[44.989278] (-) TimerEvent: {}
[45.090787] (-) TimerEvent: {}
[45.192318] (-) TimerEvent: {}
[45.293926] (-) TimerEvent: {}
[45.395460] (-) TimerEvent: {}
[45.497070] (-) TimerEvent: {}
[45.598640] (-) TimerEvent: {}
[45.700026] (-) TimerEvent: {}
[45.801126] (-) TimerEvent: {}
[45.844422] (vehicle_core) StdoutLine: {'line': b'[100%] \x1b[32m\x1b[1mLinking CXX shared library libtcp_server_node_component.so\x1b[0m\n'}
[45.901498] (-) TimerEvent: {}
[46.002695] (-) TimerEvent: {}
[46.103924] (-) TimerEvent: {}
[46.205232] (-) TimerEvent: {}
[46.306403] (-) TimerEvent: {}
[46.407630] (-) TimerEvent: {}
[46.508955] (-) TimerEvent: {}
[46.610129] (-) TimerEvent: {}
[46.710928] (-) TimerEvent: {}
[46.811660] (-) TimerEvent: {}
[46.912646] (-) TimerEvent: {}
[47.013593] (-) TimerEvent: {}
[47.114376] (-) TimerEvent: {}
[47.214781] (-) TimerEvent: {}
[47.315038] (-) TimerEvent: {}
[47.415325] (-) TimerEvent: {}
[47.515686] (-) TimerEvent: {}
[47.615981] (-) TimerEvent: {}
[47.716311] (-) TimerEvent: {}
[47.816741] (-) TimerEvent: {}
[47.917097] (-) TimerEvent: {}
[48.017569] (-) TimerEvent: {}
[48.118190] (-) TimerEvent: {}
[48.218818] (-) TimerEvent: {}
[48.319477] (-) TimerEvent: {}
[48.420068] (-) TimerEvent: {}
[48.520634] (-) TimerEvent: {}
[48.621229] (-) TimerEvent: {}
[48.721928] (-) TimerEvent: {}
[48.822610] (-) TimerEvent: {}
[48.923304] (-) TimerEvent: {}
[49.024052] (-) TimerEvent: {}
[49.124629] (-) TimerEvent: {}
[49.225260] (-) TimerEvent: {}
[49.326145] (-) TimerEvent: {}
[49.427515] (-) TimerEvent: {}
[49.526687] (vehicle_core) StdoutLine: {'line': b'[100%] Built target tcp_server_node_component\n'}
[49.527505] (-) TimerEvent: {}
[49.567046] (vehicle_core) CommandEnded: {'returncode': 0}
[49.570389] (vehicle_core) JobProgress: {'identifier': 'vehicle_core', 'progress': 'install'}
[49.606761] (vehicle_core) Command: {'cmd': ['/usr/bin/cmake', '--install', '/home/avcpp/AV-CPP2025/Vehicle/build/vehicle_core'], 'cwd': '/home/avcpp/AV-CPP2025/Vehicle/build/vehicle_core', 'env': OrderedDict([('PYTHON_BASIC_REPL', '1'), ('LESSOPEN', '| /usr/bin/lesspipe %s'), ('UMS_MOUNTPOINT', '/mnt/ums'), ('GST_V4L2_PREFERRED_FOURCC', 'NV12:YU12:NV16:YUY2'), ('LANGUAGE', 'en_US.UTF-8'), ('USER', 'avcpp'), ('SSH_CLIENT', '192.168.8.103 12038 22'), ('XDG_SESSION_TYPE', 'tty'), ('GIT_ASKPASS', '/home/avcpp/.vscode-server/cli/servers/Stable-1e3c50d64110be466c0b4a45222e81d2c9352888/server/extensions/git/dist/askpass.sh'), ('SHLVL', '1'), ('USB_FUNCS', 'adb'), ('LD_LIBRARY_PATH', '/home/avcpp/AV-CPP2025/Vehicle/install/vehicle_core/lib:/opt/ros/humble/opt/rviz_ogre_vendor/lib:/opt/ros/humble/lib/aarch64-linux-gnu:/opt/ros/humble/lib'), ('BROWSER', '/home/avcpp/.vscode-server/cli/servers/Stable-1e3c50d64110be466c0b4a45222e81d2c9352888/server/bin/helpers/browser.sh'), ('MOTD_SHOWN', 'pam'), ('HOME', '/home/avcpp'), ('OLDPWD', '/home/avcpp/AV-CPP2025'), ('TERM_PROGRAM_VERSION', '1.106.2'), ('VSCODE_IPC_HOOK_CLI', '/run/user/1001/vscode-ipc-7b1c62ac-2958-4cd1-b38f-0b2fd408122d.sock'), ('GST_INSPECT_NO_COLORS', '1'), ('GST_MPP_NO_RGA', '1'), ('ROS_PYTHON_VERSION', '3'), ('COGL_DRIVER', 'gles2'), ('VSCODE_GIT_ASKPASS_MAIN', '/home/avcpp/.vscode-server/cli/servers/Stable-1e3c50d64110be466c0b4a45222e81d2c9352888/server/extensions/git/dist/askpass-main.js'), ('VSCODE_GIT_ASKPASS_NODE', '/home/avcpp/.vscode-server/cli/servers/Stable-1e3c50d64110be466c0b4a45222e81d2c9352888/server/node'), ('SSL_CERT_FILE', '/usr/lib/ssl/certs/ca-certificates.crt'), ('PYDEVD_DISABLE_FILE_VALIDATION', '1'), ('BUNDLED_DEBUGPY_PATH', '/home/avcpp/.vscode-server/extensions/ms-python.debugpy-2025.16.0/bundled/libs/debugpy'), ('VSCODE_PYTHON_AUTOACTIVATE_GUARD', '1'), ('DBUS_SESSION_BUS_ADDRESS', 'unix:path=/run/user/1001/bus'), ('COLORTERM', 'truecolor'), ('COLCON_PREFIX_PATH', '/home/avcpp/AV-CPP2025/Vehicle/install'), ('GST_V4L2SRC_MAX_RESOLUTION', '3840x2160'), ('ROS_DISTRO', 'humble'), ('LOGNAME', 'avcpp'), ('_', '/usr/bin/colcon'), ('ROS_VERSION', '2'), ('XDG_SESSION_CLASS', 'user'), ('TERM', 'xterm-256color'), ('GST_GL_API', 'gles2'), ('XDG_SESSION_ID', '5'), ('GST_VIDEO_CONVERT_PREFERRED_FORMAT', 'NV12:NV16:I420:YUY2'), ('GST_V4L2SRC_RK_DEVICES', '_mainpath:_selfpath:_bypass:_scale'), ('ROS_LOCALHOST_ONLY', '0'), ('PATH', '/home/avcpp/.vscode-server/data/User/globalStorage/github.copilot-chat/copilotCli:/home/avcpp/.vscode-server/data/User/globalStorage/github.copilot-chat/debugCommand:/home/avcpp/.vscode-server/cli/servers/Stable-1e3c50d64110be466c0b4a45222e81d2c9352888/server/bin/remote-cli:/home/avcpp/.local/bin:/opt/ros/humble/bin:/usr/local/sbin:/usr/local/bin:/usr/sbin:/usr/bin:/sbin:/bin:/usr/games:/usr/local/games:/snap/bin:/home/avcpp/.vscode-server/extensions/ms-python.debugpy-2025.16.0/bundled/scripts/noConfigScripts'), ('XDG_RUNTIME_DIR', '/run/user/1001'), ('GST_GL_PLATFORM', 'egl'), ('GST_DEBUG_NO_COLOR', '1'), ('SSL_CERT_DIR', '/usr/lib/ssl/certs'), ('GST_V4L2SRC_DEFAULT_DEVICE', '/dev/video-camera0'), ('DISPLAY', ':0'), ('VSCODE_DEBUGPY_ADAPTER_ENDPOINTS', '/home/avcpp/.vscode-server/extensions/ms-python.debugpy-2025.16.0/.noConfigDebugAdapterEndpoints/endpoint-ef25f7e9429dbf34.txt'), ('LANG', 'en_US.UTF-8'), ('PYTHONSTARTUP', '/home/avcpp/.vscode-server/data/User/workspaceStorage/da628a90441345ac74af00bc07084975/ms-python.python/pythonrc.py'), ('LS_COLORS', 'rs=0:di=01;34:ln=01;36:mh=00:pi=40;33:so=01;35:do=01;35:bd=40;33;01:cd=40;33;01:or=40;31;01:mi=00:su=37;41:sg=30;43:ca=30;41:tw=30;42:ow=34;42:st=37;44:ex=01;32:*.tar=01;31:*.tgz=01;31:*.arc=01;31:*.arj=01;31:*.taz=01;31:*.lha=01;31:*.lz4=01;31:*.lzh=01;31:*.lzma=01;31:*.tlz=01;31:*.txz=01;31:*.tzo=01;31:*.t7z=01;31:*.zip=01;31:*.z=01;31:*.dz=01;31:*.gz=01;31:*.lrz=01;31:*.lz=01;31:*.lzo=01;31:*.xz=01;31:*.zst=01;31:*.tzst=01;31:*.bz2=01;31:*.bz=01;31:*.tbz=01;31:*.tbz2=01;31:*.tz=01;31:*.deb=01;31:*.rpm=01;31:*.jar=01;31:*.war=01;31:*.ear=01;31:*.sar=01;31:*.rar=01;31:*.alz=01;31:*.ace=01;31:*.zoo=01;31:*.cpio=01;31:*.7z=01;31:*.rz=01;31:*.cab=01;31:*.wim=01;31:*.swm=01;31:*.dwm=01;31:*.esd=01;31:*.jpg=01;35:*.jpeg=01;35:*.mjpg=01;35:*.mjpeg=01;35:*.gif=01;35:*.bmp=01;35:*.pbm=01;35:*.pgm=01;35:*.ppm=01;35:*.tga=01;35:*.xbm=01;35:*.xpm=01;35:*.tif=01;35:*.tiff=01;35:*.png=01;35:*.svg=01;35:*.svgz=01;35:*.mng=01;35:*.pcx=01;35:*.mov=01;35:*.mpg=01;35:*.mpeg=01;35:*.m2v=01;35:*.mkv=01;35:*.webm=01;35:*.webp=01;35:*.ogm=01;35:*.mp4=01;35:*.m4v=01;35:*.mp4v=01;35:*.vob=01;35:*.qt=01;35:*.nuv=01;35:*.wmv=01;35:*.asf=01;35:*.rm=01;35:*.rmvb=01;35:*.flc=01;35:*.avi=01;35:*.fli=01;35:*.flv=01;35:*.gl=01;35:*.dl=01;35:*.xcf=01;35:*.xwd=01;35:*.yuv=01;35:*.cgm=01;35:*.emf=01;35:*.ogv=01;35:*.ogx=01;35:*.aac=00;36:*.au=00;36:*.flac=00;36:*.m4a=00;36:*.mid=00;36:*.midi=00;36:*.mka=00;36:*.mp3=00;36:*.mpc=00;36:*.ogg=00;36:*.ra=00;36:*.wav=00;36:*.oga=00;36:*.opus=00;36:*.spx=00;36:*.xspf=00;36:'), ('VSCODE_GIT_IPC_HANDLE', '/run/user/1001/vscode-git-c9ee365bab.sock'), ('TERM_PROGRAM', 'vscode'), ('GST_V4L2_USE_LIBV4L2', '1'), ('UMS_SIZE', '256M'), ('AMENT_PREFIX_PATH', '/home/avcpp/AV-CPP2025/Vehicle/install/vehicle_core:/opt/ros/humble'), ('LC_MESSAGES', 'en_US.UTF-8'), ('SHELL', '/bin/bash'), ('UMS_RO', '0'), ('LESSCLOSE', '/usr/bin/lesspipe %s %s'), ('UMS_FSTYPE', 'vfat'), ('VSCODE_GIT_ASKPASS_EXTRA_ARGS', ''), ('PWD', '/home/avcpp/AV-CPP2025/Vehicle/build/vehicle_core'), ('LC_ALL', 'en_US.UTF-8'), ('SSH_CONNECTION', '192.168.8.103 12038 192.168.8.176 22'), ('PYTHONPATH', '/home/avcpp/AV-CPP2025/Vehicle/install/vehicle_core/local/lib/python3.10/dist-packages:/opt/ros/humble/lib/python3.10/site-packages:/opt/ros/humble/local/lib/python3.10/dist-packages'), ('UMS_MOUNT', '0'), ('COLCON', '1'), ('CMAKE_PREFIX_PATH', '/home/avcpp/AV-CPP2025/Vehicle/install/vehicle_core:/opt/ros/humble'), ('UMS_FILE', '/userdata/ums_shared.img')]), 'shell': False}
[49.627690] (-) TimerEvent: {}
[49.636340] (vehicle_core) StdoutLine: {'line': b'-- Install configuration: ""\n'}
[49.638619] (vehicle_core) StdoutLine: {'line': b'-- Execute custom install script\n'}
[49.639604] (vehicle_core) StdoutLine: {'line': b'-- Up-to-date symlink: /home/avcpp/AV-CPP2025/Vehicle/install/vehicle_core/share/ament_index/resource_index/rosidl_interfaces/vehicle_core\n'}
[49.641958] (vehicle_core) StdoutLine: {'line': b'-- Up-to-date symlink: /home/avcpp/AV-CPP2025/Vehicle/install/vehicle_core/include/vehicle_core/vehicle_core/msg/autopilot_command.h\n'}
[49.643114] (vehicle_core) StdoutLine: {'line': b'-- Up-to-date symlink: /home/avcpp/AV-CPP2025/Vehicle/install/vehicle_core/include/vehicle_core/vehicle_core/msg/autopilot_config.h\n'}
[49.644180] (vehicle_core) StdoutLine: {'line': b'-- Up-to-date symlink: /home/avcpp/AV-CPP2025/Vehicle/install/vehicle_core/include/vehicle_core/vehicle_core/msg/autopilot_status.h\n'}
[49.644855] (vehicle_core) StdoutLine: {'line': b'-- Up-to-date symlink: /home/avcpp/AV-CPP2025/Vehicle/install/vehicle_core/include/vehicle_core/vehicle_core/msg/detail/autopilot_command__functions.h\n'}
[49.645424] (vehicle_core) StdoutLine: {'line': b'-- Up-to-date symlink: /home/avcpp/AV-CPP2025/Vehicle/install/vehicle_core/include/vehicle_core/vehicle_core/msg/detail/autopilot_command__struct.h\n'}
[49.645987] (vehicle_core) StdoutLine: {'line': b'-- Up-to-date symlink: /home/avcpp/AV-CPP2025/Vehicle/install/vehicle_core/include/vehicle_core/vehicle_core/msg/detail/autopilot_command__type_support.h\n'}
[49.646574] (vehicle_core) StdoutLine: {'line': b'-- Up-to-date symlink: /home/avcpp/AV-CPP2025/Vehicle/install/vehicle_core/include/vehicle_core/vehicle_core/msg/detail/autopilot_config__functions.h\n'}
[49.647090] (vehicle_core) StdoutLine: {'line': b'-- Up-to-date symlink: /home/avcpp/AV-CPP2025/Vehicle/install/vehicle_core/include/vehicle_core/vehicle_core/msg/detail/autopilot_config__struct.h\n'}
[49.647632] (vehicle_core) StdoutLine: {'line': b'-- Up-to-date symlink: /home/avcpp/AV-CPP2025/Vehicle/install/vehicle_core/include/vehicle_core/vehicle_core/msg/detail/autopilot_config__type_support.h\n'}
[49.648080] (vehicle_core) StdoutLine: {'line': b'-- Up-to-date symlink: /home/avcpp/AV-CPP2025/Vehicle/install/vehicle_core/include/vehicle_core/vehicle_core/msg/detail/autopilot_status__functions.h\n'}
[49.648533] (vehicle_core) StdoutLine: {'line': b'-- Up-to-date symlink: /home/avcpp/AV-CPP2025/Vehicle/install/vehicle_core/include/vehicle_core/vehicle_core/msg/detail/autopilot_status__struct.h\n'}
[49.648996] (vehicle_core) StdoutLine: {'line': b'-- Up-to-date symlink: /home/avcpp/AV-CPP2025/Vehicle/install/vehicle_core/include/vehicle_core/vehicle_core/msg/detail/autopilot_status__type_support.h\n'}
[49.649485] (vehicle_core) StdoutLine: {'line': b'-- Up-to-date symlink: /home/avcpp/AV-CPP2025/Vehicle/install/vehicle_core/include/vehicle_core/vehicle_core/msg/detail/drive_feedback__functions.h\n'}
[49.649930] (vehicle_core) StdoutLine: {'line': b'-- Up-to-date symlink: /home/avcpp/AV-CPP2025/Vehicle/install/vehicle_core/include/vehicle_core/vehicle_core/msg/detail/drive_feedback__struct.h\n'}
[49.650471] (vehicle_core) StdoutLine: {'line': b'-- Up-to-date symlink: /home/avcpp/AV-CPP2025/Vehicle/install/vehicle_core/include/vehicle_core/vehicle_core/msg/detail/drive_feedback__type_support.h\n'}
[49.650902] (vehicle_core) StdoutLine: {'line': b'-- Up-to-date symlink: /home/avcpp/AV-CPP2025/Vehicle/install/vehicle_core/include/vehicle_core/vehicle_core/msg/detail/drive_status__functions.h\n'}
[49.651344] (vehicle_core) StdoutLine: {'line': b'-- Up-to-date symlink: /home/avcpp/AV-CPP2025/Vehicle/install/vehicle_core/include/vehicle_core/vehicle_core/msg/detail/drive_status__struct.h\n'}
[49.651786] (vehicle_core) StdoutLine: {'line': b'-- Up-to-date symlink: /home/avcpp/AV-CPP2025/Vehicle/install/vehicle_core/include/vehicle_core/vehicle_core/msg/detail/drive_status__type_support.h\n'}
[49.652243] (vehicle_core) StdoutLine: {'line': b'-- Up-to-date symlink: /home/avcpp/AV-CPP2025/Vehicle/install/vehicle_core/include/vehicle_core/vehicle_core/msg/detail/drive_target__functions.h\n'}
[49.652643] (vehicle_core) StdoutLine: {'line': b'-- Up-to-date symlink: /home/avcpp/AV-CPP2025/Vehicle/install/vehicle_core/include/vehicle_core/vehicle_core/msg/detail/drive_target__struct.h\n'}
[49.653080] (vehicle_core) StdoutLine: {'line': b'-- Up-to-date symlink: /home/avcpp/AV-CPP2025/Vehicle/install/vehicle_core/include/vehicle_core/vehicle_core/msg/detail/drive_target__type_support.h\n'}
[49.653468] (vehicle_core) StdoutLine: {'line': b'-- Up-to-date symlink: /home/avcpp/AV-CPP2025/Vehicle/install/vehicle_core/include/vehicle_core/vehicle_core/msg/detail/error__functions.h\n'}
[49.653877] (vehicle_core) StdoutLine: {'line': b'-- Up-to-date symlink: /home/avcpp/AV-CPP2025/Vehicle/install/vehicle_core/include/vehicle_core/vehicle_core/msg/detail/error__struct.h\n'}
[49.654307] (vehicle_core) StdoutLine: {'line': b'-- Up-to-date symlink: /home/avcpp/AV-CPP2025/Vehicle/install/vehicle_core/include/vehicle_core/vehicle_core/msg/detail/error__type_support.h\n'}
[49.654738] (vehicle_core) StdoutLine: {'line': b'-- Up-to-date symlink: /home/avcpp/AV-CPP2025/Vehicle/install/vehicle_core/include/vehicle_core/vehicle_core/msg/detail/general_status__functions.h\n'}
[49.655178] (vehicle_core) StdoutLine: {'line': b'-- Up-to-date symlink: /home/avcpp/AV-CPP2025/Vehicle/install/vehicle_core/include/vehicle_core/vehicle_core/msg/detail/general_status__struct.h\n'}
[49.655637] (vehicle_core) StdoutLine: {'line': b'-- Up-to-date symlink: /home/avcpp/AV-CPP2025/Vehicle/install/vehicle_core/include/vehicle_core/vehicle_core/msg/detail/general_status__type_support.h\n'}
[49.656108] (vehicle_core) StdoutLine: {'line': b'-- Up-to-date symlink: /home/avcpp/AV-CPP2025/Vehicle/install/vehicle_core/include/vehicle_core/vehicle_core/msg/detail/imu_status__functions.h\n'}
[49.656621] (vehicle_core) StdoutLine: {'line': b'-- Up-to-date symlink: /home/avcpp/AV-CPP2025/Vehicle/install/vehicle_core/include/vehicle_core/vehicle_core/msg/detail/imu_status__struct.h\n'}
[49.657156] (vehicle_core) StdoutLine: {'line': b'-- Up-to-date symlink: /home/avcpp/AV-CPP2025/Vehicle/install/vehicle_core/include/vehicle_core/vehicle_core/msg/detail/imu_status__type_support.h\n'}
[49.657613] (vehicle_core) StdoutLine: {'line': b'-- Up-to-date symlink: /home/avcpp/AV-CPP2025/Vehicle/install/vehicle_core/include/vehicle_core/vehicle_core/msg/detail/internal_drive_command__functions.h\n'}
[49.658016] (vehicle_core) StdoutLine: {'line': b'-- Up-to-date symlink: /home/avcpp/AV-CPP2025/Vehicle/install/vehicle_core/include/vehicle_core/vehicle_core/msg/detail/internal_drive_command__struct.h\n'}
[49.658361] (vehicle_core) StdoutLine: {'line': b'-- Up-to-date symlink: /home/avcpp/AV-CPP2025/Vehicle/install/vehicle_core/include/vehicle_core/vehicle_core/msg/detail/internal_drive_command__type_support.h\n'}
[49.658749] (vehicle_core) StdoutLine: {'line': b'-- Up-to-date symlink: /home/avcpp/AV-CPP2025/Vehicle/install/vehicle_core/include/vehicle_core/vehicle_core/msg/detail/lights_command__functions.h\n'}
[49.659095] (vehicle_core) StdoutLine: {'line': b'-- Up-to-date symlink: /home/avcpp/AV-CPP2025/Vehicle/install/vehicle_core/include/vehicle_core/vehicle_core/msg/detail/lights_command__struct.h\n'}
[49.659603] (vehicle_core) StdoutLine: {'line': b'-- Up-to-date symlink: /home/avcpp/AV-CPP2025/Vehicle/install/vehicle_core/include/vehicle_core/vehicle_core/msg/detail/lights_command__type_support.h\n'}
[49.660195] (vehicle_core) StdoutLine: {'line': b'-- Up-to-date symlink: /home/avcpp/AV-CPP2025/Vehicle/install/vehicle_core/include/vehicle_core/vehicle_core/msg/detail/lights_status__functions.h\n'}
[49.660736] (vehicle_core) StdoutLine: {'line': b'-- Up-to-date symlink: /home/avcpp/AV-CPP2025/Vehicle/install/vehicle_core/include/vehicle_core/vehicle_core/msg/detail/lights_status__struct.h\n'}
[49.661284] (vehicle_core) StdoutLine: {'line': b'-- Up-to-date symlink: /home/avcpp/AV-CPP2025/Vehicle/install/vehicle_core/include/vehicle_core/vehicle_core/msg/detail/lights_status__type_support.h\n'}
[49.661857] (vehicle_core) StdoutLine: {'line': b'-- Up-to-date symlink: /home/avcpp/AV-CPP2025/Vehicle/install/vehicle_core/include/vehicle_core/vehicle_core/msg/detail/manual_drive_command__functions.h\n'}
[49.662213] (vehicle_core) StdoutLine: {'line': b'-- Up-to-date symlink: /home/avcpp/AV-CPP2025/Vehicle/install/vehicle_core/include/vehicle_core/vehicle_core/msg/detail/manual_drive_command__struct.h\n'}
[49.662557] (vehicle_core) StdoutLine: {'line': b'-- Up-to-date symlink: /home/avcpp/AV-CPP2025/Vehicle/install/vehicle_core/include/vehicle_core/vehicle_core/msg/detail/manual_drive_command__type_support.h\n'}
[49.662969] (vehicle_core) StdoutLine: {'line': b'-- Up-to-date symlink: /home/avcpp/AV-CPP2025/Vehicle/install/vehicle_core/include/vehicle_core/vehicle_core/msg/detail/max_speed__functions.h\n'}
[49.663314] (vehicle_core) StdoutLine: {'line': b'-- Up-to-date symlink: /home/avcpp/AV-CPP2025/Vehicle/install/vehicle_core/include/vehicle_core/vehicle_core/msg/detail/max_speed__struct.h\n'}
[49.663866] (vehicle_core) StdoutLine: {'line': b'-- Up-to-date symlink: /home/avcpp/AV-CPP2025/Vehicle/install/vehicle_core/include/vehicle_core/vehicle_core/msg/detail/max_speed__type_support.h\n'}
[49.664380] (vehicle_core) StdoutLine: {'line': b'-- Up-to-date symlink: /home/avcpp/AV-CPP2025/Vehicle/install/vehicle_core/include/vehicle_core/vehicle_core/msg/detail/perception_profile__functions.h\n'}
[49.664915] (vehicle_core) StdoutLine: {'line': b'-- Up-to-date symlink: /home/avcpp/AV-CPP2025/Vehicle/install/vehicle_core/include/vehicle_core/vehicle_core/msg/detail/perception_profile__struct.h\n'}
[49.665492] (vehicle_core) StdoutLine: {'line': b'-- Up-to-date symlink: /home/avcpp/AV-CPP2025/Vehicle/install/vehicle_core/include/vehicle_core/vehicle_core/msg/detail/perception_profile__type_support.h\n'}
[49.666050] (vehicle_core) StdoutLine: {'line': b'-- Up-to-date symlink: /home/avcpp/AV-CPP2025/Vehicle/install/vehicle_core/include/vehicle_core/vehicle_core/msg/detail/server_init__functions.h\n'}
[49.666556] (vehicle_core) StdoutLine: {'line': b'-- Up-to-date symlink: /home/avcpp/AV-CPP2025/Vehicle/install/vehicle_core/include/vehicle_core/vehicle_core/msg/detail/server_init__struct.h\n'}
[49.667101] (vehicle_core) StdoutLine: {'line': b'-- Up-to-date symlink: /home/avcpp/AV-CPP2025/Vehicle/install/vehicle_core/include/vehicle_core/vehicle_core/msg/detail/server_init__type_support.h\n'}
[49.667661] (vehicle_core) StdoutLine: {'line': b'-- Up-to-date symlink: /home/avcpp/AV-CPP2025/Vehicle/install/vehicle_core/include/vehicle_core/vehicle_core/msg/detail/state_event__functions.h\n'}
[49.668221] (vehicle_core) StdoutLine: {'line': b'-- Up-to-date symlink: /home/avcpp/AV-CPP2025/Vehicle/install/vehicle_core/include/vehicle_core/vehicle_core/msg/detail/state_event__struct.h\n'}
[49.668750] (vehicle_core) StdoutLine: {'line': b'-- Up-to-date symlink: /home/avcpp/AV-CPP2025/Vehicle/install/vehicle_core/include/vehicle_core/vehicle_core/msg/detail/state_event__type_support.h\n'}
[49.669339] (vehicle_core) StdoutLine: {'line': b'-- Up-to-date symlink: /home/avcpp/AV-CPP2025/Vehicle/install/vehicle_core/include/vehicle_core/vehicle_core/msg/detail/state_mode__functions.h\n'}
[49.669841] (vehicle_core) StdoutLine: {'line': b'-- Up-to-date symlink: /home/avcpp/AV-CPP2025/Vehicle/install/vehicle_core/include/vehicle_core/vehicle_core/msg/detail/state_mode__struct.h\n'}
[49.670383] (vehicle_core) StdoutLine: {'line': b'-- Up-to-date symlink: /home/avcpp/AV-CPP2025/Vehicle/install/vehicle_core/include/vehicle_core/vehicle_core/msg/detail/state_mode__type_support.h\n'}
[49.670949] (vehicle_core) StdoutLine: {'line': b'-- Up-to-date symlink: /home/avcpp/AV-CPP2025/Vehicle/install/vehicle_core/include/vehicle_core/vehicle_core/msg/detail/telemetry_data__functions.h\n'}
[49.671504] (vehicle_core) StdoutLine: {'line': b'-- Up-to-date symlink: /home/avcpp/AV-CPP2025/Vehicle/install/vehicle_core/include/vehicle_core/vehicle_core/msg/detail/telemetry_data__struct.h\n'}
[49.672068] (vehicle_core) StdoutLine: {'line': b'-- Up-to-date symlink: /home/avcpp/AV-CPP2025/Vehicle/install/vehicle_core/include/vehicle_core/vehicle_core/msg/detail/telemetry_data__type_support.h\n'}
[49.672581] (vehicle_core) StdoutLine: {'line': b'-- Up-to-date symlink: /home/avcpp/AV-CPP2025/Vehicle/install/vehicle_core/include/vehicle_core/vehicle_core/msg/drive_feedback.h\n'}
[49.673123] (vehicle_core) StdoutLine: {'line': b'-- Up-to-date symlink: /home/avcpp/AV-CPP2025/Vehicle/install/vehicle_core/include/vehicle_core/vehicle_core/msg/drive_status.h\n'}
[49.673688] (vehicle_core) StdoutLine: {'line': b'-- Up-to-date symlink: /home/avcpp/AV-CPP2025/Vehicle/install/vehicle_core/include/vehicle_core/vehicle_core/msg/drive_target.h\n'}
[49.674230] (vehicle_core) StdoutLine: {'line': b'-- Up-to-date symlink: /home/avcpp/AV-CPP2025/Vehicle/install/vehicle_core/include/vehicle_core/vehicle_core/msg/error.h\n'}
[49.674793] (vehicle_core) StdoutLine: {'line': b'-- Up-to-date symlink: /home/avcpp/AV-CPP2025/Vehicle/install/vehicle_core/include/vehicle_core/vehicle_core/msg/general_status.h\n'}
[49.675369] (vehicle_core) StdoutLine: {'line': b'-- Up-to-date symlink: /home/avcpp/AV-CPP2025/Vehicle/install/vehicle_core/include/vehicle_core/vehicle_core/msg/imu_status.h\n'}
[49.675882] (vehicle_core) StdoutLine: {'line': b'-- Up-to-date symlink: /home/avcpp/AV-CPP2025/Vehicle/install/vehicle_core/include/vehicle_core/vehicle_core/msg/internal_drive_command.h\n'}
[49.676271] (vehicle_core) StdoutLine: {'line': b'-- Up-to-date symlink: /home/avcpp/AV-CPP2025/Vehicle/install/vehicle_core/include/vehicle_core/vehicle_core/msg/lights_command.h\n'}
[49.676633] (vehicle_core) StdoutLine: {'line': b'-- Up-to-date symlink: /home/avcpp/AV-CPP2025/Vehicle/install/vehicle_core/include/vehicle_core/vehicle_core/msg/lights_status.h\n'}
[49.676984] (vehicle_core) StdoutLine: {'line': b'-- Up-to-date symlink: /home/avcpp/AV-CPP2025/Vehicle/install/vehicle_core/include/vehicle_core/vehicle_core/msg/manual_drive_command.h\n'}
[49.677461] (vehicle_core) StdoutLine: {'line': b'-- Up-to-date symlink: /home/avcpp/AV-CPP2025/Vehicle/install/vehicle_core/include/vehicle_core/vehicle_core/msg/max_speed.h\n'}
[49.678022] (vehicle_core) StdoutLine: {'line': b'-- Up-to-date symlink: /home/avcpp/AV-CPP2025/Vehicle/install/vehicle_core/include/vehicle_core/vehicle_core/msg/perception_profile.h\n'}
[49.678544] (vehicle_core) StdoutLine: {'line': b'-- Up-to-date symlink: /home/avcpp/AV-CPP2025/Vehicle/install/vehicle_core/include/vehicle_core/vehicle_core/msg/rosidl_generator_c__visibility_control.h\n'}
[49.679111] (vehicle_core) StdoutLine: {'line': b'-- Up-to-date symlink: /home/avcpp/AV-CPP2025/Vehicle/install/vehicle_core/include/vehicle_core/vehicle_core/msg/server_init.h\n'}
[49.679668] (vehicle_core) StdoutLine: {'line': b'-- Up-to-date symlink: /home/avcpp/AV-CPP2025/Vehicle/install/vehicle_core/include/vehicle_core/vehicle_core/msg/state_event.h\n'}
[49.680062] (vehicle_core) StdoutLine: {'line': b'-- Up-to-date symlink: /home/avcpp/AV-CPP2025/Vehicle/install/vehicle_core/include/vehicle_core/vehicle_core/msg/state_mode.h\n'}
[49.680413] (vehicle_core) StdoutLine: {'line': b'-- Up-to-date symlink: /home/avcpp/AV-CPP2025/Vehicle/install/vehicle_core/include/vehicle_core/vehicle_core/msg/telemetry_data.h\n'}
[49.680970] (vehicle_core) StdoutLine: {'line': b'-- Up-to-date symlink: /home/avcpp/AV-CPP2025/Vehicle/install/vehicle_core/include/vehicle_core/vehicle_core/srv/detail/release_internal_control__functions.h\n'}
[49.681480] (vehicle_core) StdoutLine: {'line': b'-- Up-to-date symlink: /home/avcpp/AV-CPP2025/Vehicle/install/vehicle_core/include/vehicle_core/vehicle_core/srv/detail/release_internal_control__struct.h\n'}
[49.682049] (vehicle_core) StdoutLine: {'line': b'-- Up-to-date symlink: /home/avcpp/AV-CPP2025/Vehicle/install/vehicle_core/include/vehicle_core/vehicle_core/srv/detail/release_internal_control__type_support.h\n'}
[49.682660] (vehicle_core) StdoutLine: {'line': b'-- Up-to-date symlink: /home/avcpp/AV-CPP2025/Vehicle/install/vehicle_core/include/vehicle_core/vehicle_core/srv/detail/request_internal_control__functions.h\n'}
[49.683138] (vehicle_core) StdoutLine: {'line': b'-- Up-to-date symlink: /home/avcpp/AV-CPP2025/Vehicle/install/vehicle_core/include/vehicle_core/vehicle_core/srv/detail/request_internal_control__struct.h\n'}
[49.683487] (vehicle_core) StdoutLine: {'line': b'-- Up-to-date symlink: /home/avcpp/AV-CPP2025/Vehicle/install/vehicle_core/include/vehicle_core/vehicle_core/srv/detail/request_internal_control__type_support.h\n'}
[49.683931] (vehicle_core) StdoutLine: {'line': b'-- Up-to-date symlink: /home/avcpp/AV-CPP2025/Vehicle/install/vehicle_core/include/vehicle_core/vehicle_core/srv/detail/set_autopilot_profile__functions.h\n'}
[49.684476] (vehicle_core) StdoutLine: {'line': b'-- Up-to-date symlink: /home/avcpp/AV-CPP2025/Vehicle/install/vehicle_core/include/vehicle_core/vehicle_core/srv/detail/set_autopilot_profile__struct.h\n'}
[49.685030] (vehicle_core) StdoutLine: {'line': b'-- Up-to-date symlink: /home/avcpp/AV-CPP2025/Vehicle/install/vehicle_core/include/vehicle_core/vehicle_core/srv/detail/set_autopilot_profile__type_support.h\n'}
[49.685553] (vehicle_core) StdoutLine: {'line': b'-- Up-to-date symlink: /home/avcpp/AV-CPP2025/Vehicle/install/vehicle_core/include/vehicle_core/vehicle_core/srv/release_internal_control.h\n'}
[49.686065] (vehicle_core) StdoutLine: {'line': b'-- Up-to-date symlink: /home/avcpp/AV-CPP2025/Vehicle/install/vehicle_core/include/vehicle_core/vehicle_core/srv/request_internal_control.h\n'}
[49.686592] (vehicle_core) StdoutLine: {'line': b'-- Up-to-date symlink: /home/avcpp/AV-CPP2025/Vehicle/install/vehicle_core/include/vehicle_core/vehicle_core/srv/set_autopilot_profile.h\n'}
[49.687047] (vehicle_core) StdoutLine: {'line': b'-- Up-to-date symlink: /home/avcpp/AV-CPP2025/Vehicle/install/vehicle_core/share/vehicle_core/environment/library_path.sh\n'}
[49.687472] (vehicle_core) StdoutLine: {'line': b'-- Up-to-date symlink: /home/avcpp/AV-CPP2025/Vehicle/install/vehicle_core/share/vehicle_core/environment/library_path.dsv\n'}
[49.687819] (vehicle_core) StdoutLine: {'line': b'-- Up-to-date symlink: /home/avcpp/AV-CPP2025/Vehicle/install/vehicle_core/include/vehicle_core/vehicle_core/msg/detail/autopilot_command__rosidl_typesupport_fastrtps_c.h\n'}
[49.688169] (vehicle_core) StdoutLine: {'line': b'-- Up-to-date symlink: /home/avcpp/AV-CPP2025/Vehicle/install/vehicle_core/include/vehicle_core/vehicle_core/msg/detail/autopilot_config__rosidl_typesupport_fastrtps_c.h\n'}
[49.688621] (vehicle_core) StdoutLine: {'line': b'-- Up-to-date symlink: /home/avcpp/AV-CPP2025/Vehicle/install/vehicle_core/include/vehicle_core/vehicle_core/msg/detail/autopilot_status__rosidl_typesupport_fastrtps_c.h\n'}
[49.689148] (vehicle_core) StdoutLine: {'line': b'-- Up-to-date symlink: /home/avcpp/AV-CPP2025/Vehicle/install/vehicle_core/include/vehicle_core/vehicle_core/msg/detail/drive_feedback__rosidl_typesupport_fastrtps_c.h\n'}
[49.689736] (vehicle_core) StdoutLine: {'line': b'-- Up-to-date symlink: /home/avcpp/AV-CPP2025/Vehicle/install/vehicle_core/include/vehicle_core/vehicle_core/msg/detail/drive_status__rosidl_typesupport_fastrtps_c.h\n'}
[49.690260] (vehicle_core) StdoutLine: {'line': b'-- Up-to-date symlink: /home/avcpp/AV-CPP2025/Vehicle/install/vehicle_core/include/vehicle_core/vehicle_core/msg/detail/drive_target__rosidl_typesupport_fastrtps_c.h\n'}
[49.690843] (vehicle_core) StdoutLine: {'line': b'-- Up-to-date symlink: /home/avcpp/AV-CPP2025/Vehicle/install/vehicle_core/include/vehicle_core/vehicle_core/msg/detail/error__rosidl_typesupport_fastrtps_c.h\n'}
[49.691399] (vehicle_core) StdoutLine: {'line': b'-- Up-to-date symlink: /home/avcpp/AV-CPP2025/Vehicle/install/vehicle_core/include/vehicle_core/vehicle_core/msg/detail/general_status__rosidl_typesupport_fastrtps_c.h\n'}
[49.691969] (vehicle_core) StdoutLine: {'line': b'-- Up-to-date symlink: /home/avcpp/AV-CPP2025/Vehicle/install/vehicle_core/include/vehicle_core/vehicle_core/msg/detail/imu_status__rosidl_typesupport_fastrtps_c.h\n'}
[49.692523] (vehicle_core) StdoutLine: {'line': b'-- Up-to-date symlink: /home/avcpp/AV-CPP2025/Vehicle/install/vehicle_core/include/vehicle_core/vehicle_core/msg/detail/internal_drive_command__rosidl_typesupport_fastrtps_c.h\n'}
[49.693087] (vehicle_core) StdoutLine: {'line': b'-- Up-to-date symlink: /home/avcpp/AV-CPP2025/Vehicle/install/vehicle_core/include/vehicle_core/vehicle_core/msg/detail/lights_command__rosidl_typesupport_fastrtps_c.h\n'}
[49.693645] (vehicle_core) StdoutLine: {'line': b'-- Up-to-date symlink: /home/avcpp/AV-CPP2025/Vehicle/install/vehicle_core/include/vehicle_core/vehicle_core/msg/detail/lights_status__rosidl_typesupport_fastrtps_c.h\n'}
[49.694200] (vehicle_core) StdoutLine: {'line': b'-- Up-to-date symlink: /home/avcpp/AV-CPP2025/Vehicle/install/vehicle_core/include/vehicle_core/vehicle_core/msg/detail/manual_drive_command__rosidl_typesupport_fastrtps_c.h\n'}
[49.694625] (vehicle_core) StdoutLine: {'line': b'-- Up-to-date symlink: /home/avcpp/AV-CPP2025/Vehicle/install/vehicle_core/include/vehicle_core/vehicle_core/msg/detail/max_speed__rosidl_typesupport_fastrtps_c.h\n'}
[49.695059] (vehicle_core) StdoutLine: {'line': b'-- Up-to-date symlink: /home/avcpp/AV-CPP2025/Vehicle/install/vehicle_core/include/vehicle_core/vehicle_core/msg/detail/perception_profile__rosidl_typesupport_fastrtps_c.h\n'}
[49.695471] (vehicle_core) StdoutLine: {'line': b'-- Up-to-date symlink: /home/avcpp/AV-CPP2025/Vehicle/install/vehicle_core/include/vehicle_core/vehicle_core/msg/detail/server_init__rosidl_typesupport_fastrtps_c.h\n'}
[49.695960] (vehicle_core) StdoutLine: {'line': b'-- Up-to-date symlink: /home/avcpp/AV-CPP2025/Vehicle/install/vehicle_core/include/vehicle_core/vehicle_core/msg/detail/state_event__rosidl_typesupport_fastrtps_c.h\n'}
[49.696488] (vehicle_core) StdoutLine: {'line': b'-- Up-to-date symlink: /home/avcpp/AV-CPP2025/Vehicle/install/vehicle_core/include/vehicle_core/vehicle_core/msg/detail/state_mode__rosidl_typesupport_fastrtps_c.h\n'}
[49.696993] (vehicle_core) StdoutLine: {'line': b'-- Up-to-date symlink: /home/avcpp/AV-CPP2025/Vehicle/install/vehicle_core/include/vehicle_core/vehicle_core/msg/detail/telemetry_data__rosidl_typesupport_fastrtps_c.h\n'}
[49.697488] (vehicle_core) StdoutLine: {'line': b'-- Up-to-date symlink: /home/avcpp/AV-CPP2025/Vehicle/install/vehicle_core/include/vehicle_core/vehicle_core/msg/rosidl_typesupport_fastrtps_c__visibility_control.h\n'}
[49.697959] (vehicle_core) StdoutLine: {'line': b'-- Up-to-date symlink: /home/avcpp/AV-CPP2025/Vehicle/install/vehicle_core/include/vehicle_core/vehicle_core/srv/detail/release_internal_control__rosidl_typesupport_fastrtps_c.h\n'}
[49.698446] (vehicle_core) StdoutLine: {'line': b'-- Up-to-date symlink: /home/avcpp/AV-CPP2025/Vehicle/install/vehicle_core/include/vehicle_core/vehicle_core/srv/detail/request_internal_control__rosidl_typesupport_fastrtps_c.h\n'}
[49.698966] (vehicle_core) StdoutLine: {'line': b'-- Up-to-date symlink: /home/avcpp/AV-CPP2025/Vehicle/install/vehicle_core/include/vehicle_core/vehicle_core/srv/detail/set_autopilot_profile__rosidl_typesupport_fastrtps_c.h\n'}
[49.699518] (vehicle_core) StdoutLine: {'line': b'-- Up-to-date symlink: /home/avcpp/AV-CPP2025/Vehicle/install/vehicle_core/include/vehicle_core/vehicle_core/msg/autopilot_command.hpp\n'}
[49.700001] (vehicle_core) StdoutLine: {'line': b'-- Up-to-date symlink: /home/avcpp/AV-CPP2025/Vehicle/install/vehicle_core/include/vehicle_core/vehicle_core/msg/autopilot_config.hpp\n'}
[49.700479] (vehicle_core) StdoutLine: {'line': b'-- Up-to-date symlink: /home/avcpp/AV-CPP2025/Vehicle/install/vehicle_core/include/vehicle_core/vehicle_core/msg/autopilot_status.hpp\n'}
[49.701009] (vehicle_core) StdoutLine: {'line': b'-- Up-to-date symlink: /home/avcpp/AV-CPP2025/Vehicle/install/vehicle_core/include/vehicle_core/vehicle_core/msg/detail/autopilot_command__builder.hpp\n'}
[49.701511] (vehicle_core) StdoutLine: {'line': b'-- Up-to-date symlink: /home/avcpp/AV-CPP2025/Vehicle/install/vehicle_core/include/vehicle_core/vehicle_core/msg/detail/autopilot_command__struct.hpp\n'}
[49.702001] (vehicle_core) StdoutLine: {'line': b'-- Up-to-date symlink: /home/avcpp/AV-CPP2025/Vehicle/install/vehicle_core/include/vehicle_core/vehicle_core/msg/detail/autopilot_command__traits.hpp\n'}
[49.702482] (vehicle_core) StdoutLine: {'line': b'-- Up-to-date symlink: /home/avcpp/AV-CPP2025/Vehicle/install/vehicle_core/include/vehicle_core/vehicle_core/msg/detail/autopilot_command__type_support.hpp\n'}
[49.702964] (vehicle_core) StdoutLine: {'line': b'-- Up-to-date symlink: /home/avcpp/AV-CPP2025/Vehicle/install/vehicle_core/include/vehicle_core/vehicle_core/msg/detail/autopilot_config__builder.hpp\n'}
[49.703404] (vehicle_core) StdoutLine: {'line': b'-- Up-to-date symlink: /home/avcpp/AV-CPP2025/Vehicle/install/vehicle_core/include/vehicle_core/vehicle_core/msg/detail/autopilot_config__struct.hpp\n'}
[49.703844] (vehicle_core) StdoutLine: {'line': b'-- Up-to-date symlink: /home/avcpp/AV-CPP2025/Vehicle/install/vehicle_core/include/vehicle_core/vehicle_core/msg/detail/autopilot_config__traits.hpp\n'}
[49.704352] (vehicle_core) StdoutLine: {'line': b'-- Up-to-date symlink: /home/avcpp/AV-CPP2025/Vehicle/install/vehicle_core/include/vehicle_core/vehicle_core/msg/detail/autopilot_config__type_support.hpp\n'}
[49.704990] (vehicle_core) StdoutLine: {'line': b'-- Up-to-date symlink: /home/avcpp/AV-CPP2025/Vehicle/install/vehicle_core/include/vehicle_core/vehicle_core/msg/detail/autopilot_status__builder.hpp\n'}
[49.705536] (vehicle_core) StdoutLine: {'line': b'-- Up-to-date symlink: /home/avcpp/AV-CPP2025/Vehicle/install/vehicle_core/include/vehicle_core/vehicle_core/msg/detail/autopilot_status__struct.hpp\n'}
[49.705955] (vehicle_core) StdoutLine: {'line': b'-- Up-to-date symlink: /home/avcpp/AV-CPP2025/Vehicle/install/vehicle_core/include/vehicle_core/vehicle_core/msg/detail/autopilot_status__traits.hpp\n'}
[49.706337] (vehicle_core) StdoutLine: {'line': b'-- Up-to-date symlink: /home/avcpp/AV-CPP2025/Vehicle/install/vehicle_core/include/vehicle_core/vehicle_core/msg/detail/autopilot_status__type_support.hpp\n'}
[49.706683] (vehicle_core) StdoutLine: {'line': b'-- Up-to-date symlink: /home/avcpp/AV-CPP2025/Vehicle/install/vehicle_core/include/vehicle_core/vehicle_core/msg/detail/drive_feedback__builder.hpp\n'}
[49.707030] (vehicle_core) StdoutLine: {'line': b'-- Up-to-date symlink: /home/avcpp/AV-CPP2025/Vehicle/install/vehicle_core/include/vehicle_core/vehicle_core/msg/detail/drive_feedback__struct.hpp\n'}
[49.707375] (vehicle_core) StdoutLine: {'line': b'-- Up-to-date symlink: /home/avcpp/AV-CPP2025/Vehicle/install/vehicle_core/include/vehicle_core/vehicle_core/msg/detail/drive_feedback__traits.hpp\n'}
[49.707720] (vehicle_core) StdoutLine: {'line': b'-- Up-to-date symlink: /home/avcpp/AV-CPP2025/Vehicle/install/vehicle_core/include/vehicle_core/vehicle_core/msg/detail/drive_feedback__type_support.hpp\n'}
[49.708068] (vehicle_core) StdoutLine: {'line': b'-- Up-to-date symlink: /home/avcpp/AV-CPP2025/Vehicle/install/vehicle_core/include/vehicle_core/vehicle_core/msg/detail/drive_status__builder.hpp\n'}
[49.708416] (vehicle_core) StdoutLine: {'line': b'-- Up-to-date symlink: /home/avcpp/AV-CPP2025/Vehicle/install/vehicle_core/include/vehicle_core/vehicle_core/msg/detail/drive_status__struct.hpp\n'}
[49.708786] (vehicle_core) StdoutLine: {'line': b'-- Up-to-date symlink: /home/avcpp/AV-CPP2025/Vehicle/install/vehicle_core/include/vehicle_core/vehicle_core/msg/detail/drive_status__traits.hpp\n'}
[49.709151] (vehicle_core) StdoutLine: {'line': b'-- Up-to-date symlink: /home/avcpp/AV-CPP2025/Vehicle/install/vehicle_core/include/vehicle_core/vehicle_core/msg/detail/drive_status__type_support.hpp\n'}
[49.709498] (vehicle_core) StdoutLine: {'line': b'-- Up-to-date symlink: /home/avcpp/AV-CPP2025/Vehicle/install/vehicle_core/include/vehicle_core/vehicle_core/msg/detail/drive_target__builder.hpp\n'}
[49.709844] (vehicle_core) StdoutLine: {'line': b'-- Up-to-date symlink: /home/avcpp/AV-CPP2025/Vehicle/install/vehicle_core/include/vehicle_core/vehicle_core/msg/detail/drive_target__struct.hpp\n'}
[49.710254] (vehicle_core) StdoutLine: {'line': b'-- Up-to-date symlink: /home/avcpp/AV-CPP2025/Vehicle/install/vehicle_core/include/vehicle_core/vehicle_core/msg/detail/drive_target__traits.hpp\n'}
[49.710662] (vehicle_core) StdoutLine: {'line': b'-- Up-to-date symlink: /home/avcpp/AV-CPP2025/Vehicle/install/vehicle_core/include/vehicle_core/vehicle_core/msg/detail/drive_target__type_support.hpp\n'}
[49.711089] (vehicle_core) StdoutLine: {'line': b'-- Up-to-date symlink: /home/avcpp/AV-CPP2025/Vehicle/install/vehicle_core/include/vehicle_core/vehicle_core/msg/detail/error__builder.hpp\n'}
[49.711530] (vehicle_core) StdoutLine: {'line': b'-- Up-to-date symlink: /home/avcpp/AV-CPP2025/Vehicle/install/vehicle_core/include/vehicle_core/vehicle_core/msg/detail/error__struct.hpp\n'}
[49.711981] (vehicle_core) StdoutLine: {'line': b'-- Up-to-date symlink: /home/avcpp/AV-CPP2025/Vehicle/install/vehicle_core/include/vehicle_core/vehicle_core/msg/detail/error__traits.hpp\n'}
[49.712420] (vehicle_core) StdoutLine: {'line': b'-- Up-to-date symlink: /home/avcpp/AV-CPP2025/Vehicle/install/vehicle_core/include/vehicle_core/vehicle_core/msg/detail/error__type_support.hpp\n'}
[49.712849] (vehicle_core) StdoutLine: {'line': b'-- Up-to-date symlink: /home/avcpp/AV-CPP2025/Vehicle/install/vehicle_core/include/vehicle_core/vehicle_core/msg/detail/general_status__builder.hpp\n'}
[49.713283] (vehicle_core) StdoutLine: {'line': b'-- Up-to-date symlink: /home/avcpp/AV-CPP2025/Vehicle/install/vehicle_core/include/vehicle_core/vehicle_core/msg/detail/general_status__struct.hpp\n'}
[49.713784] (vehicle_core) StdoutLine: {'line': b'-- Up-to-date symlink: /home/avcpp/AV-CPP2025/Vehicle/install/vehicle_core/include/vehicle_core/vehicle_core/msg/detail/general_status__traits.hpp\n'}
[49.714266] (vehicle_core) StdoutLine: {'line': b'-- Up-to-date symlink: /home/avcpp/AV-CPP2025/Vehicle/install/vehicle_core/include/vehicle_core/vehicle_core/msg/detail/general_status__type_support.hpp\n'}
[49.714794] (vehicle_core) StdoutLine: {'line': b'-- Up-to-date symlink: /home/avcpp/AV-CPP2025/Vehicle/install/vehicle_core/include/vehicle_core/vehicle_core/msg/detail/imu_status__builder.hpp\n'}
[49.715229] (vehicle_core) StdoutLine: {'line': b'-- Up-to-date symlink: /home/avcpp/AV-CPP2025/Vehicle/install/vehicle_core/include/vehicle_core/vehicle_core/msg/detail/imu_status__struct.hpp\n'}
[49.715704] (vehicle_core) StdoutLine: {'line': b'-- Up-to-date symlink: /home/avcpp/AV-CPP2025/Vehicle/install/vehicle_core/include/vehicle_core/vehicle_core/msg/detail/imu_status__traits.hpp\n'}
[49.716357] (vehicle_core) StdoutLine: {'line': b'-- Up-to-date symlink: /home/avcpp/AV-CPP2025/Vehicle/install/vehicle_core/include/vehicle_core/vehicle_core/msg/detail/imu_status__type_support.hpp\n'}
[49.716785] (vehicle_core) StdoutLine: {'line': b'-- Up-to-date symlink: /home/avcpp/AV-CPP2025/Vehicle/install/vehicle_core/include/vehicle_core/vehicle_core/msg/detail/internal_drive_command__builder.hpp\n'}
[49.717135] (vehicle_core) StdoutLine: {'line': b'-- Up-to-date symlink: /home/avcpp/AV-CPP2025/Vehicle/install/vehicle_core/include/vehicle_core/vehicle_core/msg/detail/internal_drive_command__struct.hpp\n'}
[49.717484] (vehicle_core) StdoutLine: {'line': b'-- Up-to-date symlink: /home/avcpp/AV-CPP2025/Vehicle/install/vehicle_core/include/vehicle_core/vehicle_core/msg/detail/internal_drive_command__traits.hpp\n'}
[49.717832] (vehicle_core) StdoutLine: {'line': b'-- Up-to-date symlink: /home/avcpp/AV-CPP2025/Vehicle/install/vehicle_core/include/vehicle_core/vehicle_core/msg/detail/internal_drive_command__type_support.hpp\n'}
[49.718181] (vehicle_core) StdoutLine: {'line': b'-- Up-to-date symlink: /home/avcpp/AV-CPP2025/Vehicle/install/vehicle_core/include/vehicle_core/vehicle_core/msg/detail/lights_command__builder.hpp\n'}
[49.718548] (vehicle_core) StdoutLine: {'line': b'-- Up-to-date symlink: /home/avcpp/AV-CPP2025/Vehicle/install/vehicle_core/include/vehicle_core/vehicle_core/msg/detail/lights_command__struct.hpp\n'}
[49.718909] (vehicle_core) StdoutLine: {'line': b'-- Up-to-date symlink: /home/avcpp/AV-CPP2025/Vehicle/install/vehicle_core/include/vehicle_core/vehicle_core/msg/detail/lights_command__traits.hpp\n'}
[49.719256] (vehicle_core) StdoutLine: {'line': b'-- Up-to-date symlink: /home/avcpp/AV-CPP2025/Vehicle/install/vehicle_core/include/vehicle_core/vehicle_core/msg/detail/lights_command__type_support.hpp\n'}
[49.719602] (vehicle_core) StdoutLine: {'line': b'-- Up-to-date symlink: /home/avcpp/AV-CPP2025/Vehicle/install/vehicle_core/include/vehicle_core/vehicle_core/msg/detail/lights_status__builder.hpp\n'}
[49.719969] (vehicle_core) StdoutLine: {'line': b'-- Up-to-date symlink: /home/avcpp/AV-CPP2025/Vehicle/install/vehicle_core/include/vehicle_core/vehicle_core/msg/detail/lights_status__struct.hpp\n'}
[49.720317] (vehicle_core) StdoutLine: {'line': b'-- Up-to-date symlink: /home/avcpp/AV-CPP2025/Vehicle/install/vehicle_core/include/vehicle_core/vehicle_core/msg/detail/lights_status__traits.hpp\n'}
[49.720666] (vehicle_core) StdoutLine: {'line': b'-- Up-to-date symlink: /home/avcpp/AV-CPP2025/Vehicle/install/vehicle_core/include/vehicle_core/vehicle_core/msg/detail/lights_status__type_support.hpp\n'}
[49.721014] (vehicle_core) StdoutLine: {'line': b'-- Up-to-date symlink: /home/avcpp/AV-CPP2025/Vehicle/install/vehicle_core/include/vehicle_core/vehicle_core/msg/detail/manual_drive_command__builder.hpp\n'}
[49.721363] (vehicle_core) StdoutLine: {'line': b'-- Up-to-date symlink: /home/avcpp/AV-CPP2025/Vehicle/install/vehicle_core/include/vehicle_core/vehicle_core/msg/detail/manual_drive_command__struct.hpp\n'}
[49.721728] (vehicle_core) StdoutLine: {'line': b'-- Up-to-date symlink: /home/avcpp/AV-CPP2025/Vehicle/install/vehicle_core/include/vehicle_core/vehicle_core/msg/detail/manual_drive_command__traits.hpp\n'}
[49.722100] (vehicle_core) StdoutLine: {'line': b'-- Up-to-date symlink: /home/avcpp/AV-CPP2025/Vehicle/install/vehicle_core/include/vehicle_core/vehicle_core/msg/detail/manual_drive_command__type_support.hpp\n'}
[49.722449] (vehicle_core) StdoutLine: {'line': b'-- Up-to-date symlink: /home/avcpp/AV-CPP2025/Vehicle/install/vehicle_core/include/vehicle_core/vehicle_core/msg/detail/max_speed__builder.hpp\n'}
[49.722797] (vehicle_core) StdoutLine: {'line': b'-- Up-to-date symlink: /home/avcpp/AV-CPP2025/Vehicle/install/vehicle_core/include/vehicle_core/vehicle_core/msg/detail/max_speed__struct.hpp\n'}
[49.723144] (vehicle_core) StdoutLine: {'line': b'-- Up-to-date symlink: /home/avcpp/AV-CPP2025/Vehicle/install/vehicle_core/include/vehicle_core/vehicle_core/msg/detail/max_speed__traits.hpp\n'}
[49.723492] (vehicle_core) StdoutLine: {'line': b'-- Up-to-date symlink: /home/avcpp/AV-CPP2025/Vehicle/install/vehicle_core/include/vehicle_core/vehicle_core/msg/detail/max_speed__type_support.hpp\n'}
[49.723838] (vehicle_core) StdoutLine: {'line': b'-- Up-to-date symlink: /home/avcpp/AV-CPP2025/Vehicle/install/vehicle_core/include/vehicle_core/vehicle_core/msg/detail/perception_profile__builder.hpp\n'}
[49.724182] (vehicle_core) StdoutLine: {'line': b'-- Up-to-date symlink: /home/avcpp/AV-CPP2025/Vehicle/install/vehicle_core/include/vehicle_core/vehicle_core/msg/detail/perception_profile__struct.hpp\n'}
[49.724526] (vehicle_core) StdoutLine: {'line': b'-- Up-to-date symlink: /home/avcpp/AV-CPP2025/Vehicle/install/vehicle_core/include/vehicle_core/vehicle_core/msg/detail/perception_profile__traits.hpp\n'}
[49.724868] (vehicle_core) StdoutLine: {'line': b'-- Up-to-date symlink: /home/avcpp/AV-CPP2025/Vehicle/install/vehicle_core/include/vehicle_core/vehicle_core/msg/detail/perception_profile__type_support.hpp\n'}
[49.725225] (vehicle_core) StdoutLine: {'line': b'-- Up-to-date symlink: /home/avcpp/AV-CPP2025/Vehicle/install/vehicle_core/include/vehicle_core/vehicle_core/msg/detail/server_init__builder.hpp\n'}
[49.725580] (vehicle_core) StdoutLine: {'line': b'-- Up-to-date symlink: /home/avcpp/AV-CPP2025/Vehicle/install/vehicle_core/include/vehicle_core/vehicle_core/msg/detail/server_init__struct.hpp\n'}
[49.725958] (vehicle_core) StdoutLine: {'line': b'-- Up-to-date symlink: /home/avcpp/AV-CPP2025/Vehicle/install/vehicle_core/include/vehicle_core/vehicle_core/msg/detail/server_init__traits.hpp\n'}
[49.726308] (vehicle_core) StdoutLine: {'line': b'-- Up-to-date symlink: /home/avcpp/AV-CPP2025/Vehicle/install/vehicle_core/include/vehicle_core/vehicle_core/msg/detail/server_init__type_support.hpp\n'}
[49.726651] (vehicle_core) StdoutLine: {'line': b'-- Up-to-date symlink: /home/avcpp/AV-CPP2025/Vehicle/install/vehicle_core/include/vehicle_core/vehicle_core/msg/detail/state_event__builder.hpp\n'}
[49.726996] (vehicle_core) StdoutLine: {'line': b'-- Up-to-date symlink: /home/avcpp/AV-CPP2025/Vehicle/install/vehicle_core/include/vehicle_core/vehicle_core/msg/detail/state_event__struct.hpp\n'}
[49.727339] (vehicle_core) StdoutLine: {'line': b'-- Up-to-date symlink: /home/avcpp/AV-CPP2025/Vehicle/install/vehicle_core/include/vehicle_core/vehicle_core/msg/detail/state_event__traits.hpp\n'}
[49.727672] (-) TimerEvent: {}
[49.728106] (vehicle_core) StdoutLine: {'line': b'-- Up-to-date symlink: /home/avcpp/AV-CPP2025/Vehicle/install/vehicle_core/include/vehicle_core/vehicle_core/msg/detail/state_event__type_support.hpp\n'}
[49.728461] (vehicle_core) StdoutLine: {'line': b'-- Up-to-date symlink: /home/avcpp/AV-CPP2025/Vehicle/install/vehicle_core/include/vehicle_core/vehicle_core/msg/detail/state_mode__builder.hpp\n'}
[49.728941] (vehicle_core) StdoutLine: {'line': b'-- Up-to-date symlink: /home/avcpp/AV-CPP2025/Vehicle/install/vehicle_core/include/vehicle_core/vehicle_core/msg/detail/state_mode__struct.hpp\n'}
[49.729240] (vehicle_core) StdoutLine: {'line': b'-- Up-to-date symlink: /home/avcpp/AV-CPP2025/Vehicle/install/vehicle_core/include/vehicle_core/vehicle_core/msg/detail/state_mode__traits.hpp\n'}
[49.729544] (vehicle_core) StdoutLine: {'line': b'-- Up-to-date symlink: /home/avcpp/AV-CPP2025/Vehicle/install/vehicle_core/include/vehicle_core/vehicle_core/msg/detail/state_mode__type_support.hpp\n'}
[49.729794] (vehicle_core) StdoutLine: {'line': b'-- Up-to-date symlink: /home/avcpp/AV-CPP2025/Vehicle/install/vehicle_core/include/vehicle_core/vehicle_core/msg/detail/telemetry_data__builder.hpp\n'}
[49.730036] (vehicle_core) StdoutLine: {'line': b'-- Up-to-date symlink: /home/avcpp/AV-CPP2025/Vehicle/install/vehicle_core/include/vehicle_core/vehicle_core/msg/detail/telemetry_data__struct.hpp\n'}
[49.730277] (vehicle_core) StdoutLine: {'line': b'-- Up-to-date symlink: /home/avcpp/AV-CPP2025/Vehicle/install/vehicle_core/include/vehicle_core/vehicle_core/msg/detail/telemetry_data__traits.hpp\n'}
[49.730514] (vehicle_core) StdoutLine: {'line': b'-- Up-to-date symlink: /home/avcpp/AV-CPP2025/Vehicle/install/vehicle_core/include/vehicle_core/vehicle_core/msg/detail/telemetry_data__type_support.hpp\n'}
[49.730752] (vehicle_core) StdoutLine: {'line': b'-- Up-to-date symlink: /home/avcpp/AV-CPP2025/Vehicle/install/vehicle_core/include/vehicle_core/vehicle_core/msg/drive_feedback.hpp\n'}
[49.730991] (vehicle_core) StdoutLine: {'line': b'-- Up-to-date symlink: /home/avcpp/AV-CPP2025/Vehicle/install/vehicle_core/include/vehicle_core/vehicle_core/msg/drive_status.hpp\n'}
[49.731230] (vehicle_core) StdoutLine: {'line': b'-- Up-to-date symlink: /home/avcpp/AV-CPP2025/Vehicle/install/vehicle_core/include/vehicle_core/vehicle_core/msg/drive_target.hpp\n'}
[49.731466] (vehicle_core) StdoutLine: {'line': b'-- Up-to-date symlink: /home/avcpp/AV-CPP2025/Vehicle/install/vehicle_core/include/vehicle_core/vehicle_core/msg/error.hpp\n'}
[49.731704] (vehicle_core) StdoutLine: {'line': b'-- Up-to-date symlink: /home/avcpp/AV-CPP2025/Vehicle/install/vehicle_core/include/vehicle_core/vehicle_core/msg/general_status.hpp\n'}
[49.732047] (vehicle_core) StdoutLine: {'line': b'-- Up-to-date symlink: /home/avcpp/AV-CPP2025/Vehicle/install/vehicle_core/include/vehicle_core/vehicle_core/msg/imu_status.hpp\n'}
[49.732343] (vehicle_core) StdoutLine: {'line': b'-- Up-to-date symlink: /home/avcpp/AV-CPP2025/Vehicle/install/vehicle_core/include/vehicle_core/vehicle_core/msg/internal_drive_command.hpp\n'}
[49.732595] (vehicle_core) StdoutLine: {'line': b'-- Up-to-date symlink: /home/avcpp/AV-CPP2025/Vehicle/install/vehicle_core/include/vehicle_core/vehicle_core/msg/lights_command.hpp\n'}
[49.732858] (vehicle_core) StdoutLine: {'line': b'-- Up-to-date symlink: /home/avcpp/AV-CPP2025/Vehicle/install/vehicle_core/include/vehicle_core/vehicle_core/msg/lights_status.hpp\n'}
[49.733097] (vehicle_core) StdoutLine: {'line': b'-- Up-to-date symlink: /home/avcpp/AV-CPP2025/Vehicle/install/vehicle_core/include/vehicle_core/vehicle_core/msg/manual_drive_command.hpp\n'}
[49.733357] (vehicle_core) StdoutLine: {'line': b'-- Up-to-date symlink: /home/avcpp/AV-CPP2025/Vehicle/install/vehicle_core/include/vehicle_core/vehicle_core/msg/max_speed.hpp\n'}
[49.733595] (vehicle_core) StdoutLine: {'line': b'-- Up-to-date symlink: /home/avcpp/AV-CPP2025/Vehicle/install/vehicle_core/include/vehicle_core/vehicle_core/msg/perception_profile.hpp\n'}
[49.733865] (vehicle_core) StdoutLine: {'line': b'-- Up-to-date symlink: /home/avcpp/AV-CPP2025/Vehicle/install/vehicle_core/include/vehicle_core/vehicle_core/msg/rosidl_generator_cpp__visibility_control.hpp\n'}
[49.734125] (vehicle_core) StdoutLine: {'line': b'-- Up-to-date symlink: /home/avcpp/AV-CPP2025/Vehicle/install/vehicle_core/include/vehicle_core/vehicle_core/msg/server_init.hpp\n'}
[49.734368] (vehicle_core) StdoutLine: {'line': b'-- Up-to-date symlink: /home/avcpp/AV-CPP2025/Vehicle/install/vehicle_core/include/vehicle_core/vehicle_core/msg/state_event.hpp\n'}
[49.734665] (vehicle_core) StdoutLine: {'line': b'-- Up-to-date symlink: /home/avcpp/AV-CPP2025/Vehicle/install/vehicle_core/include/vehicle_core/vehicle_core/msg/state_mode.hpp\n'}
[49.734922] (vehicle_core) StdoutLine: {'line': b'-- Up-to-date symlink: /home/avcpp/AV-CPP2025/Vehicle/install/vehicle_core/include/vehicle_core/vehicle_core/msg/telemetry_data.hpp\n'}
[49.735195] (vehicle_core) StdoutLine: {'line': b'-- Up-to-date symlink: /home/avcpp/AV-CPP2025/Vehicle/install/vehicle_core/include/vehicle_core/vehicle_core/srv/detail/release_internal_control__builder.hpp\n'}
[49.735467] (vehicle_core) StdoutLine: {'line': b'-- Up-to-date symlink: /home/avcpp/AV-CPP2025/Vehicle/install/vehicle_core/include/vehicle_core/vehicle_core/srv/detail/release_internal_control__struct.hpp\n'}
[49.735709] (vehicle_core) StdoutLine: {'line': b'-- Up-to-date symlink: /home/avcpp/AV-CPP2025/Vehicle/install/vehicle_core/include/vehicle_core/vehicle_core/srv/detail/release_internal_control__traits.hpp\n'}
[49.735970] (vehicle_core) StdoutLine: {'line': b'-- Up-to-date symlink: /home/avcpp/AV-CPP2025/Vehicle/install/vehicle_core/include/vehicle_core/vehicle_core/srv/detail/release_internal_control__type_support.hpp\n'}
[49.736210] (vehicle_core) StdoutLine: {'line': b'-- Up-to-date symlink: /home/avcpp/AV-CPP2025/Vehicle/install/vehicle_core/include/vehicle_core/vehicle_core/srv/detail/request_internal_control__builder.hpp\n'}
[49.736482] (vehicle_core) StdoutLine: {'line': b'-- Up-to-date symlink: /home/avcpp/AV-CPP2025/Vehicle/install/vehicle_core/include/vehicle_core/vehicle_core/srv/detail/request_internal_control__struct.hpp\n'}
[49.736741] (vehicle_core) StdoutLine: {'line': b'-- Up-to-date symlink: /home/avcpp/AV-CPP2025/Vehicle/install/vehicle_core/include/vehicle_core/vehicle_core/srv/detail/request_internal_control__traits.hpp\n'}
[49.736982] (vehicle_core) StdoutLine: {'line': b'-- Up-to-date symlink: /home/avcpp/AV-CPP2025/Vehicle/install/vehicle_core/include/vehicle_core/vehicle_core/srv/detail/request_internal_control__type_support.hpp\n'}
[49.737239] (vehicle_core) StdoutLine: {'line': b'-- Up-to-date symlink: /home/avcpp/AV-CPP2025/Vehicle/install/vehicle_core/include/vehicle_core/vehicle_core/srv/detail/set_autopilot_profile__builder.hpp\n'}
[49.737495] (vehicle_core) StdoutLine: {'line': b'-- Up-to-date symlink: /home/avcpp/AV-CPP2025/Vehicle/install/vehicle_core/include/vehicle_core/vehicle_core/srv/detail/set_autopilot_profile__struct.hpp\n'}
[49.737777] (vehicle_core) StdoutLine: {'line': b'-- Up-to-date symlink: /home/avcpp/AV-CPP2025/Vehicle/install/vehicle_core/include/vehicle_core/vehicle_core/srv/detail/set_autopilot_profile__traits.hpp\n'}
[49.738020] (vehicle_core) StdoutLine: {'line': b'-- Up-to-date symlink: /home/avcpp/AV-CPP2025/Vehicle/install/vehicle_core/include/vehicle_core/vehicle_core/srv/detail/set_autopilot_profile__type_support.hpp\n'}
[49.738256] (vehicle_core) StdoutLine: {'line': b'-- Up-to-date symlink: /home/avcpp/AV-CPP2025/Vehicle/install/vehicle_core/include/vehicle_core/vehicle_core/srv/release_internal_control.hpp\n'}
[49.738551] (vehicle_core) StdoutLine: {'line': b'-- Up-to-date symlink: /home/avcpp/AV-CPP2025/Vehicle/install/vehicle_core/include/vehicle_core/vehicle_core/srv/request_internal_control.hpp\n'}
[49.738814] (vehicle_core) StdoutLine: {'line': b'-- Up-to-date symlink: /home/avcpp/AV-CPP2025/Vehicle/install/vehicle_core/include/vehicle_core/vehicle_core/srv/set_autopilot_profile.hpp\n'}
[49.739076] (vehicle_core) StdoutLine: {'line': b'-- Up-to-date symlink: /home/avcpp/AV-CPP2025/Vehicle/install/vehicle_core/include/vehicle_core/vehicle_core/msg/detail/autopilot_command__rosidl_typesupport_fastrtps_cpp.hpp\n'}
[49.739319] (vehicle_core) StdoutLine: {'line': b'-- Up-to-date symlink: /home/avcpp/AV-CPP2025/Vehicle/install/vehicle_core/include/vehicle_core/vehicle_core/msg/detail/autopilot_config__rosidl_typesupport_fastrtps_cpp.hpp\n'}
[49.739580] (vehicle_core) StdoutLine: {'line': b'-- Up-to-date symlink: /home/avcpp/AV-CPP2025/Vehicle/install/vehicle_core/include/vehicle_core/vehicle_core/msg/detail/autopilot_status__rosidl_typesupport_fastrtps_cpp.hpp\n'}
[49.739818] (vehicle_core) StdoutLine: {'line': b'-- Up-to-date symlink: /home/avcpp/AV-CPP2025/Vehicle/install/vehicle_core/include/vehicle_core/vehicle_core/msg/detail/drive_feedback__rosidl_typesupport_fastrtps_cpp.hpp\n'}
[49.740093] (vehicle_core) StdoutLine: {'line': b'-- Up-to-date symlink: /home/avcpp/AV-CPP2025/Vehicle/install/vehicle_core/include/vehicle_core/vehicle_core/msg/detail/drive_status__rosidl_typesupport_fastrtps_cpp.hpp\n'}
[49.740350] (vehicle_core) StdoutLine: {'line': b'-- Up-to-date symlink: /home/avcpp/AV-CPP2025/Vehicle/install/vehicle_core/include/vehicle_core/vehicle_core/msg/detail/drive_target__rosidl_typesupport_fastrtps_cpp.hpp\n'}
[49.740592] (vehicle_core) StdoutLine: {'line': b'-- Up-to-date symlink: /home/avcpp/AV-CPP2025/Vehicle/install/vehicle_core/include/vehicle_core/vehicle_core/msg/detail/error__rosidl_typesupport_fastrtps_cpp.hpp\n'}
[49.740850] (vehicle_core) StdoutLine: {'line': b'-- Up-to-date symlink: /home/avcpp/AV-CPP2025/Vehicle/install/vehicle_core/include/vehicle_core/vehicle_core/msg/detail/general_status__rosidl_typesupport_fastrtps_cpp.hpp\n'}
[49.741088] (vehicle_core) StdoutLine: {'line': b'-- Up-to-date symlink: /home/avcpp/AV-CPP2025/Vehicle/install/vehicle_core/include/vehicle_core/vehicle_core/msg/detail/imu_status__rosidl_typesupport_fastrtps_cpp.hpp\n'}
[49.741376] (vehicle_core) StdoutLine: {'line': b'-- Up-to-date symlink: /home/avcpp/AV-CPP2025/Vehicle/install/vehicle_core/include/vehicle_core/vehicle_core/msg/detail/internal_drive_command__rosidl_typesupport_fastrtps_cpp.hpp\n'}
[49.741639] (vehicle_core) StdoutLine: {'line': b'-- Up-to-date symlink: /home/avcpp/AV-CPP2025/Vehicle/install/vehicle_core/include/vehicle_core/vehicle_core/msg/detail/lights_command__rosidl_typesupport_fastrtps_cpp.hpp\n'}
[49.741894] (vehicle_core) StdoutLine: {'line': b'-- Up-to-date symlink: /home/avcpp/AV-CPP2025/Vehicle/install/vehicle_core/include/vehicle_core/vehicle_core/msg/detail/lights_status__rosidl_typesupport_fastrtps_cpp.hpp\n'}
[49.742158] (vehicle_core) StdoutLine: {'line': b'-- Up-to-date symlink: /home/avcpp/AV-CPP2025/Vehicle/install/vehicle_core/include/vehicle_core/vehicle_core/msg/detail/manual_drive_command__rosidl_typesupport_fastrtps_cpp.hpp\n'}
[49.742416] (vehicle_core) StdoutLine: {'line': b'-- Up-to-date symlink: /home/avcpp/AV-CPP2025/Vehicle/install/vehicle_core/include/vehicle_core/vehicle_core/msg/detail/max_speed__rosidl_typesupport_fastrtps_cpp.hpp\n'}
[49.742678] (vehicle_core) StdoutLine: {'line': b'-- Up-to-date symlink: /home/avcpp/AV-CPP2025/Vehicle/install/vehicle_core/include/vehicle_core/vehicle_core/msg/detail/perception_profile__rosidl_typesupport_fastrtps_cpp.hpp\n'}
[49.742947] (vehicle_core) StdoutLine: {'line': b'-- Up-to-date symlink: /home/avcpp/AV-CPP2025/Vehicle/install/vehicle_core/include/vehicle_core/vehicle_core/msg/detail/server_init__rosidl_typesupport_fastrtps_cpp.hpp\n'}
[49.743186] (vehicle_core) StdoutLine: {'line': b'-- Up-to-date symlink: /home/avcpp/AV-CPP2025/Vehicle/install/vehicle_core/include/vehicle_core/vehicle_core/msg/detail/state_event__rosidl_typesupport_fastrtps_cpp.hpp\n'}
[49.743445] (vehicle_core) StdoutLine: {'line': b'-- Up-to-date symlink: /home/avcpp/AV-CPP2025/Vehicle/install/vehicle_core/include/vehicle_core/vehicle_core/msg/detail/state_mode__rosidl_typesupport_fastrtps_cpp.hpp\n'}
[49.743682] (vehicle_core) StdoutLine: {'line': b'-- Up-to-date symlink: /home/avcpp/AV-CPP2025/Vehicle/install/vehicle_core/include/vehicle_core/vehicle_core/msg/detail/telemetry_data__rosidl_typesupport_fastrtps_cpp.hpp\n'}
[49.743940] (vehicle_core) StdoutLine: {'line': b'-- Up-to-date symlink: /home/avcpp/AV-CPP2025/Vehicle/install/vehicle_core/include/vehicle_core/vehicle_core/msg/rosidl_typesupport_fastrtps_cpp__visibility_control.h\n'}
[49.744177] (vehicle_core) StdoutLine: {'line': b'-- Up-to-date symlink: /home/avcpp/AV-CPP2025/Vehicle/install/vehicle_core/include/vehicle_core/vehicle_core/srv/detail/release_internal_control__rosidl_typesupport_fastrtps_cpp.hpp\n'}
[49.744435] (vehicle_core) StdoutLine: {'line': b'-- Up-to-date symlink: /home/avcpp/AV-CPP2025/Vehicle/install/vehicle_core/include/vehicle_core/vehicle_core/srv/detail/request_internal_control__rosidl_typesupport_fastrtps_cpp.hpp\n'}
[49.744714] (vehicle_core) StdoutLine: {'line': b'-- Up-to-date symlink: /home/avcpp/AV-CPP2025/Vehicle/install/vehicle_core/include/vehicle_core/vehicle_core/srv/detail/set_autopilot_profile__rosidl_typesupport_fastrtps_cpp.hpp\n'}
[49.744955] (vehicle_core) StdoutLine: {'line': b'-- Up-to-date symlink: /home/avcpp/AV-CPP2025/Vehicle/install/vehicle_core/include/vehicle_core/vehicle_core/msg/detail/autopilot_command__rosidl_typesupport_introspection_c.h\n'}
[49.745174] (vehicle_core) StdoutLine: {'line': b'-- Up-to-date symlink: /home/avcpp/AV-CPP2025/Vehicle/install/vehicle_core/include/vehicle_core/vehicle_core/msg/detail/autopilot_config__rosidl_typesupport_introspection_c.h\n'}
[49.745247] (vehicle_core) StdoutLine: {'line': b'-- Up-to-date symlink: /home/avcpp/AV-CPP2025/Vehicle/install/vehicle_core/include/vehicle_core/vehicle_core/msg/detail/autopilot_status__rosidl_typesupport_introspection_c.h\n'}
[49.745313] (vehicle_core) StdoutLine: {'line': b'-- Up-to-date symlink: /home/avcpp/AV-CPP2025/Vehicle/install/vehicle_core/include/vehicle_core/vehicle_core/msg/detail/drive_feedback__rosidl_typesupport_introspection_c.h\n'}
[49.745378] (vehicle_core) StdoutLine: {'line': b'-- Up-to-date symlink: /home/avcpp/AV-CPP2025/Vehicle/install/vehicle_core/include/vehicle_core/vehicle_core/msg/detail/drive_status__rosidl_typesupport_introspection_c.h\n'}
[49.745443] (vehicle_core) StdoutLine: {'line': b'-- Up-to-date symlink: /home/avcpp/AV-CPP2025/Vehicle/install/vehicle_core/include/vehicle_core/vehicle_core/msg/detail/drive_target__rosidl_typesupport_introspection_c.h\n'}
[49.745511] (vehicle_core) StdoutLine: {'line': b'-- Up-to-date symlink: /home/avcpp/AV-CPP2025/Vehicle/install/vehicle_core/include/vehicle_core/vehicle_core/msg/detail/error__rosidl_typesupport_introspection_c.h\n'}
[49.745578] (vehicle_core) StdoutLine: {'line': b'-- Up-to-date symlink: /home/avcpp/AV-CPP2025/Vehicle/install/vehicle_core/include/vehicle_core/vehicle_core/msg/detail/general_status__rosidl_typesupport_introspection_c.h\n'}
[49.745645] (vehicle_core) StdoutLine: {'line': b'-- Up-to-date symlink: /home/avcpp/AV-CPP2025/Vehicle/install/vehicle_core/include/vehicle_core/vehicle_core/msg/detail/imu_status__rosidl_typesupport_introspection_c.h\n'}
[49.745715] (vehicle_core) StdoutLine: {'line': b'-- Up-to-date symlink: /home/avcpp/AV-CPP2025/Vehicle/install/vehicle_core/include/vehicle_core/vehicle_core/msg/detail/internal_drive_command__rosidl_typesupport_introspection_c.h\n'}
[49.745812] (vehicle_core) StdoutLine: {'line': b'-- Up-to-date symlink: /home/avcpp/AV-CPP2025/Vehicle/install/vehicle_core/include/vehicle_core/vehicle_core/msg/detail/lights_command__rosidl_typesupport_introspection_c.h\n'}
[49.745884] (vehicle_core) StdoutLine: {'line': b'-- Up-to-date symlink: /home/avcpp/AV-CPP2025/Vehicle/install/vehicle_core/include/vehicle_core/vehicle_core/msg/detail/lights_status__rosidl_typesupport_introspection_c.h\n'}
[49.745949] (vehicle_core) StdoutLine: {'line': b'-- Up-to-date symlink: /home/avcpp/AV-CPP2025/Vehicle/install/vehicle_core/include/vehicle_core/vehicle_core/msg/detail/manual_drive_command__rosidl_typesupport_introspection_c.h\n'}
[49.746021] (vehicle_core) StdoutLine: {'line': b'-- Up-to-date symlink: /home/avcpp/AV-CPP2025/Vehicle/install/vehicle_core/include/vehicle_core/vehicle_core/msg/detail/max_speed__rosidl_typesupport_introspection_c.h\n'}
[49.746088] (vehicle_core) StdoutLine: {'line': b'-- Up-to-date symlink: /home/avcpp/AV-CPP2025/Vehicle/install/vehicle_core/include/vehicle_core/vehicle_core/msg/detail/perception_profile__rosidl_typesupport_introspection_c.h\n'}
[49.746156] (vehicle_core) StdoutLine: {'line': b'-- Up-to-date symlink: /home/avcpp/AV-CPP2025/Vehicle/install/vehicle_core/include/vehicle_core/vehicle_core/msg/detail/server_init__rosidl_typesupport_introspection_c.h\n'}
[49.746221] (vehicle_core) StdoutLine: {'line': b'-- Up-to-date symlink: /home/avcpp/AV-CPP2025/Vehicle/install/vehicle_core/include/vehicle_core/vehicle_core/msg/detail/state_event__rosidl_typesupport_introspection_c.h\n'}
[49.746297] (vehicle_core) StdoutLine: {'line': b'-- Up-to-date symlink: /home/avcpp/AV-CPP2025/Vehicle/install/vehicle_core/include/vehicle_core/vehicle_core/msg/detail/state_mode__rosidl_typesupport_introspection_c.h\n'}
[49.746366] (vehicle_core) StdoutLine: {'line': b'-- Up-to-date symlink: /home/avcpp/AV-CPP2025/Vehicle/install/vehicle_core/include/vehicle_core/vehicle_core/msg/detail/telemetry_data__rosidl_typesupport_introspection_c.h\n'}
[49.746432] (vehicle_core) StdoutLine: {'line': b'-- Up-to-date symlink: /home/avcpp/AV-CPP2025/Vehicle/install/vehicle_core/include/vehicle_core/vehicle_core/msg/rosidl_typesupport_introspection_c__visibility_control.h\n'}
[49.746497] (vehicle_core) StdoutLine: {'line': b'-- Up-to-date symlink: /home/avcpp/AV-CPP2025/Vehicle/install/vehicle_core/include/vehicle_core/vehicle_core/srv/detail/release_internal_control__rosidl_typesupport_introspection_c.h\n'}
[49.746563] (vehicle_core) StdoutLine: {'line': b'-- Up-to-date symlink: /home/avcpp/AV-CPP2025/Vehicle/install/vehicle_core/include/vehicle_core/vehicle_core/srv/detail/request_internal_control__rosidl_typesupport_introspection_c.h\n'}
[49.746628] (vehicle_core) StdoutLine: {'line': b'-- Up-to-date symlink: /home/avcpp/AV-CPP2025/Vehicle/install/vehicle_core/include/vehicle_core/vehicle_core/srv/detail/set_autopilot_profile__rosidl_typesupport_introspection_c.h\n'}
[49.746694] (vehicle_core) StdoutLine: {'line': b'-- Up-to-date symlink: /home/avcpp/AV-CPP2025/Vehicle/install/vehicle_core/include/vehicle_core/vehicle_core/msg/detail/autopilot_command__rosidl_typesupport_introspection_cpp.hpp\n'}
[49.746759] (vehicle_core) StdoutLine: {'line': b'-- Up-to-date symlink: /home/avcpp/AV-CPP2025/Vehicle/install/vehicle_core/include/vehicle_core/vehicle_core/msg/detail/autopilot_config__rosidl_typesupport_introspection_cpp.hpp\n'}
[49.746825] (vehicle_core) StdoutLine: {'line': b'-- Up-to-date symlink: /home/avcpp/AV-CPP2025/Vehicle/install/vehicle_core/include/vehicle_core/vehicle_core/msg/detail/autopilot_status__rosidl_typesupport_introspection_cpp.hpp\n'}
[49.746892] (vehicle_core) StdoutLine: {'line': b'-- Up-to-date symlink: /home/avcpp/AV-CPP2025/Vehicle/install/vehicle_core/include/vehicle_core/vehicle_core/msg/detail/drive_feedback__rosidl_typesupport_introspection_cpp.hpp\n'}
[49.746959] (vehicle_core) StdoutLine: {'line': b'-- Up-to-date symlink: /home/avcpp/AV-CPP2025/Vehicle/install/vehicle_core/include/vehicle_core/vehicle_core/msg/detail/drive_status__rosidl_typesupport_introspection_cpp.hpp\n'}
[49.747025] (vehicle_core) StdoutLine: {'line': b'-- Up-to-date symlink: /home/avcpp/AV-CPP2025/Vehicle/install/vehicle_core/include/vehicle_core/vehicle_core/msg/detail/drive_target__rosidl_typesupport_introspection_cpp.hpp\n'}
[49.747112] (vehicle_core) StdoutLine: {'line': b'-- Up-to-date symlink: /home/avcpp/AV-CPP2025/Vehicle/install/vehicle_core/include/vehicle_core/vehicle_core/msg/detail/error__rosidl_typesupport_introspection_cpp.hpp\n'}
[49.747184] (vehicle_core) StdoutLine: {'line': b'-- Up-to-date symlink: /home/avcpp/AV-CPP2025/Vehicle/install/vehicle_core/include/vehicle_core/vehicle_core/msg/detail/general_status__rosidl_typesupport_introspection_cpp.hpp\n'}
[49.747256] (vehicle_core) StdoutLine: {'line': b'-- Up-to-date symlink: /home/avcpp/AV-CPP2025/Vehicle/install/vehicle_core/include/vehicle_core/vehicle_core/msg/detail/imu_status__rosidl_typesupport_introspection_cpp.hpp\n'}
[49.747327] (vehicle_core) StdoutLine: {'line': b'-- Up-to-date symlink: /home/avcpp/AV-CPP2025/Vehicle/install/vehicle_core/include/vehicle_core/vehicle_core/msg/detail/internal_drive_command__rosidl_typesupport_introspection_cpp.hpp\n'}
[49.747575] (vehicle_core) StdoutLine: {'line': b'-- Up-to-date symlink: /home/avcpp/AV-CPP2025/Vehicle/install/vehicle_core/include/vehicle_core/vehicle_core/msg/detail/lights_command__rosidl_typesupport_introspection_cpp.hpp\n'}
[49.747736] (vehicle_core) StdoutLine: {'line': b'-- Up-to-date symlink: /home/avcpp/AV-CPP2025/Vehicle/install/vehicle_core/include/vehicle_core/vehicle_core/msg/detail/lights_status__rosidl_typesupport_introspection_cpp.hpp\n'}
[49.747857] (vehicle_core) StdoutLine: {'line': b'-- Up-to-date symlink: /home/avcpp/AV-CPP2025/Vehicle/install/vehicle_core/include/vehicle_core/vehicle_core/msg/detail/manual_drive_command__rosidl_typesupport_introspection_cpp.hpp\n'}
[49.747934] (vehicle_core) StdoutLine: {'line': b'-- Up-to-date symlink: /home/avcpp/AV-CPP2025/Vehicle/install/vehicle_core/include/vehicle_core/vehicle_core/msg/detail/max_speed__rosidl_typesupport_introspection_cpp.hpp\n'}
[49.748007] (vehicle_core) StdoutLine: {'line': b'-- Up-to-date symlink: /home/avcpp/AV-CPP2025/Vehicle/install/vehicle_core/include/vehicle_core/vehicle_core/msg/detail/perception_profile__rosidl_typesupport_introspection_cpp.hpp\n'}
[49.748079] (vehicle_core) StdoutLine: {'line': b'-- Up-to-date symlink: /home/avcpp/AV-CPP2025/Vehicle/install/vehicle_core/include/vehicle_core/vehicle_core/msg/detail/server_init__rosidl_typesupport_introspection_cpp.hpp\n'}
[49.748152] (vehicle_core) StdoutLine: {'line': b'-- Up-to-date symlink: /home/avcpp/AV-CPP2025/Vehicle/install/vehicle_core/include/vehicle_core/vehicle_core/msg/detail/state_event__rosidl_typesupport_introspection_cpp.hpp\n'}
[49.748224] (vehicle_core) StdoutLine: {'line': b'-- Up-to-date symlink: /home/avcpp/AV-CPP2025/Vehicle/install/vehicle_core/include/vehicle_core/vehicle_core/msg/detail/state_mode__rosidl_typesupport_introspection_cpp.hpp\n'}
[49.748297] (vehicle_core) StdoutLine: {'line': b'-- Up-to-date symlink: /home/avcpp/AV-CPP2025/Vehicle/install/vehicle_core/include/vehicle_core/vehicle_core/msg/detail/telemetry_data__rosidl_typesupport_introspection_cpp.hpp\n'}
[49.748370] (vehicle_core) StdoutLine: {'line': b'-- Up-to-date symlink: /home/avcpp/AV-CPP2025/Vehicle/install/vehicle_core/include/vehicle_core/vehicle_core/srv/detail/release_internal_control__rosidl_typesupport_introspection_cpp.hpp\n'}
[49.748442] (vehicle_core) StdoutLine: {'line': b'-- Up-to-date symlink: /home/avcpp/AV-CPP2025/Vehicle/install/vehicle_core/include/vehicle_core/vehicle_core/srv/detail/request_internal_control__rosidl_typesupport_introspection_cpp.hpp\n'}
[49.748573] (vehicle_core) StdoutLine: {'line': b'-- Up-to-date symlink: /home/avcpp/AV-CPP2025/Vehicle/install/vehicle_core/include/vehicle_core/vehicle_core/srv/detail/set_autopilot_profile__rosidl_typesupport_introspection_cpp.hpp\n'}
[49.748649] (vehicle_core) StdoutLine: {'line': b'-- Up-to-date symlink: /home/avcpp/AV-CPP2025/Vehicle/install/vehicle_core/share/vehicle_core/environment/pythonpath.sh\n'}
[49.748725] (vehicle_core) StdoutLine: {'line': b'-- Up-to-date symlink: /home/avcpp/AV-CPP2025/Vehicle/install/vehicle_core/share/vehicle_core/environment/pythonpath.dsv\n'}
[49.748797] (vehicle_core) StdoutLine: {'line': b'-- Up-to-date symlink: /home/avcpp/AV-CPP2025/Vehicle/install/vehicle_core/local/lib/python3.10/dist-packages/vehicle_core-0.0.0-py3.10.egg-info/PKG-INFO\n'}
[49.748870] (vehicle_core) StdoutLine: {'line': b'-- Up-to-date symlink: /home/avcpp/AV-CPP2025/Vehicle/install/vehicle_core/local/lib/python3.10/dist-packages/vehicle_core-0.0.0-py3.10.egg-info/SOURCES.txt\n'}
[49.748942] (vehicle_core) StdoutLine: {'line': b'-- Up-to-date symlink: /home/avcpp/AV-CPP2025/Vehicle/install/vehicle_core/local/lib/python3.10/dist-packages/vehicle_core-0.0.0-py3.10.egg-info/dependency_links.txt\n'}
[49.749015] (vehicle_core) StdoutLine: {'line': b'-- Up-to-date symlink: /home/avcpp/AV-CPP2025/Vehicle/install/vehicle_core/local/lib/python3.10/dist-packages/vehicle_core-0.0.0-py3.10.egg-info/top_level.txt\n'}
[49.749088] (vehicle_core) StdoutLine: {'line': b'-- Up-to-date symlink: /home/avcpp/AV-CPP2025/Vehicle/install/vehicle_core/local/lib/python3.10/dist-packages/vehicle_core/__init__.py\n'}
[49.749161] (vehicle_core) StdoutLine: {'line': b'-- Up-to-date symlink: /home/avcpp/AV-CPP2025/Vehicle/install/vehicle_core/local/lib/python3.10/dist-packages/vehicle_core/_vehicle_core_s.ep.rosidl_typesupport_c.c\n'}
[49.749317] (vehicle_core) StdoutLine: {'line': b'-- Up-to-date symlink: /home/avcpp/AV-CPP2025/Vehicle/install/vehicle_core/local/lib/python3.10/dist-packages/vehicle_core/_vehicle_core_s.ep.rosidl_typesupport_fastrtps_c.c\n'}
[49.749391] (vehicle_core) StdoutLine: {'line': b'-- Up-to-date symlink: /home/avcpp/AV-CPP2025/Vehicle/install/vehicle_core/local/lib/python3.10/dist-packages/vehicle_core/_vehicle_core_s.ep.rosidl_typesupport_introspection_c.c\n'}
[49.749464] (vehicle_core) StdoutLine: {'line': b'-- Up-to-date symlink: /home/avcpp/AV-CPP2025/Vehicle/install/vehicle_core/local/lib/python3.10/dist-packages/vehicle_core/libvehicle_core__rosidl_generator_py.so\n'}
[49.749538] (vehicle_core) StdoutLine: {'line': b'-- Up-to-date symlink: /home/avcpp/AV-CPP2025/Vehicle/install/vehicle_core/local/lib/python3.10/dist-packages/vehicle_core/msg/__init__.py\n'}
[49.749607] (vehicle_core) StdoutLine: {'line': b'-- Up-to-date symlink: /home/avcpp/AV-CPP2025/Vehicle/install/vehicle_core/local/lib/python3.10/dist-packages/vehicle_core/msg/_autopilot_command.py\n'}
[49.749789] (vehicle_core) StdoutLine: {'line': b'-- Up-to-date symlink: /home/avcpp/AV-CPP2025/Vehicle/install/vehicle_core/local/lib/python3.10/dist-packages/vehicle_core/msg/_autopilot_command_s.c\n'}
[49.749859] (vehicle_core) StdoutLine: {'line': b'-- Up-to-date symlink: /home/avcpp/AV-CPP2025/Vehicle/install/vehicle_core/local/lib/python3.10/dist-packages/vehicle_core/msg/_autopilot_config.py\n'}
[49.749925] (vehicle_core) StdoutLine: {'line': b'-- Up-to-date symlink: /home/avcpp/AV-CPP2025/Vehicle/install/vehicle_core/local/lib/python3.10/dist-packages/vehicle_core/msg/_autopilot_config_s.c\n'}
[49.749991] (vehicle_core) StdoutLine: {'line': b'-- Up-to-date symlink: /home/avcpp/AV-CPP2025/Vehicle/install/vehicle_core/local/lib/python3.10/dist-packages/vehicle_core/msg/_autopilot_status.py\n'}
[49.750058] (vehicle_core) StdoutLine: {'line': b'-- Up-to-date symlink: /home/avcpp/AV-CPP2025/Vehicle/install/vehicle_core/local/lib/python3.10/dist-packages/vehicle_core/msg/_autopilot_status_s.c\n'}
[49.750123] (vehicle_core) StdoutLine: {'line': b'-- Up-to-date symlink: /home/avcpp/AV-CPP2025/Vehicle/install/vehicle_core/local/lib/python3.10/dist-packages/vehicle_core/msg/_drive_feedback.py\n'}
[49.750189] (vehicle_core) StdoutLine: {'line': b'-- Up-to-date symlink: /home/avcpp/AV-CPP2025/Vehicle/install/vehicle_core/local/lib/python3.10/dist-packages/vehicle_core/msg/_drive_feedback_s.c\n'}
[49.750269] (vehicle_core) StdoutLine: {'line': b'-- Up-to-date symlink: /home/avcpp/AV-CPP2025/Vehicle/install/vehicle_core/local/lib/python3.10/dist-packages/vehicle_core/msg/_drive_status.py\n'}
[49.750344] (vehicle_core) StdoutLine: {'line': b'-- Up-to-date symlink: /home/avcpp/AV-CPP2025/Vehicle/install/vehicle_core/local/lib/python3.10/dist-packages/vehicle_core/msg/_drive_status_s.c\n'}
[49.750415] (vehicle_core) StdoutLine: {'line': b'-- Up-to-date symlink: /home/avcpp/AV-CPP2025/Vehicle/install/vehicle_core/local/lib/python3.10/dist-packages/vehicle_core/msg/_drive_target.py\n'}
[49.750486] (vehicle_core) StdoutLine: {'line': b'-- Up-to-date symlink: /home/avcpp/AV-CPP2025/Vehicle/install/vehicle_core/local/lib/python3.10/dist-packages/vehicle_core/msg/_drive_target_s.c\n'}
[49.750606] (vehicle_core) StdoutLine: {'line': b'-- Up-to-date symlink: /home/avcpp/AV-CPP2025/Vehicle/install/vehicle_core/local/lib/python3.10/dist-packages/vehicle_core/msg/_error.py\n'}
[49.750675] (vehicle_core) StdoutLine: {'line': b'-- Up-to-date symlink: /home/avcpp/AV-CPP2025/Vehicle/install/vehicle_core/local/lib/python3.10/dist-packages/vehicle_core/msg/_error_s.c\n'}
[49.750742] (vehicle_core) StdoutLine: {'line': b'-- Up-to-date symlink: /home/avcpp/AV-CPP2025/Vehicle/install/vehicle_core/local/lib/python3.10/dist-packages/vehicle_core/msg/_general_status.py\n'}
[49.750807] (vehicle_core) StdoutLine: {'line': b'-- Up-to-date symlink: /home/avcpp/AV-CPP2025/Vehicle/install/vehicle_core/local/lib/python3.10/dist-packages/vehicle_core/msg/_general_status_s.c\n'}
[49.750880] (vehicle_core) StdoutLine: {'line': b'-- Up-to-date symlink: /home/avcpp/AV-CPP2025/Vehicle/install/vehicle_core/local/lib/python3.10/dist-packages/vehicle_core/msg/_imu_status.py\n'}
[49.750949] (vehicle_core) StdoutLine: {'line': b'-- Up-to-date symlink: /home/avcpp/AV-CPP2025/Vehicle/install/vehicle_core/local/lib/python3.10/dist-packages/vehicle_core/msg/_imu_status_s.c\n'}
[49.751014] (vehicle_core) StdoutLine: {'line': b'-- Up-to-date symlink: /home/avcpp/AV-CPP2025/Vehicle/install/vehicle_core/local/lib/python3.10/dist-packages/vehicle_core/msg/_internal_drive_command.py\n'}
[49.751079] (vehicle_core) StdoutLine: {'line': b'-- Up-to-date symlink: /home/avcpp/AV-CPP2025/Vehicle/install/vehicle_core/local/lib/python3.10/dist-packages/vehicle_core/msg/_internal_drive_command_s.c\n'}
[49.751147] (vehicle_core) StdoutLine: {'line': b'-- Up-to-date symlink: /home/avcpp/AV-CPP2025/Vehicle/install/vehicle_core/local/lib/python3.10/dist-packages/vehicle_core/msg/_lights_command.py\n'}
[49.751218] (vehicle_core) StdoutLine: {'line': b'-- Up-to-date symlink: /home/avcpp/AV-CPP2025/Vehicle/install/vehicle_core/local/lib/python3.10/dist-packages/vehicle_core/msg/_lights_command_s.c\n'}
[49.751290] (vehicle_core) StdoutLine: {'line': b'-- Up-to-date symlink: /home/avcpp/AV-CPP2025/Vehicle/install/vehicle_core/local/lib/python3.10/dist-packages/vehicle_core/msg/_lights_status.py\n'}
[49.751361] (vehicle_core) StdoutLine: {'line': b'-- Up-to-date symlink: /home/avcpp/AV-CPP2025/Vehicle/install/vehicle_core/local/lib/python3.10/dist-packages/vehicle_core/msg/_lights_status_s.c\n'}
[49.751485] (vehicle_core) StdoutLine: {'line': b'-- Up-to-date symlink: /home/avcpp/AV-CPP2025/Vehicle/install/vehicle_core/local/lib/python3.10/dist-packages/vehicle_core/msg/_manual_drive_command.py\n'}
[49.751560] (vehicle_core) StdoutLine: {'line': b'-- Up-to-date symlink: /home/avcpp/AV-CPP2025/Vehicle/install/vehicle_core/local/lib/python3.10/dist-packages/vehicle_core/msg/_manual_drive_command_s.c\n'}
[49.751630] (vehicle_core) StdoutLine: {'line': b'-- Up-to-date symlink: /home/avcpp/AV-CPP2025/Vehicle/install/vehicle_core/local/lib/python3.10/dist-packages/vehicle_core/msg/_max_speed.py\n'}
[49.751701] (vehicle_core) StdoutLine: {'line': b'-- Up-to-date symlink: /home/avcpp/AV-CPP2025/Vehicle/install/vehicle_core/local/lib/python3.10/dist-packages/vehicle_core/msg/_max_speed_s.c\n'}
[49.751822] (vehicle_core) StdoutLine: {'line': b'-- Up-to-date symlink: /home/avcpp/AV-CPP2025/Vehicle/install/vehicle_core/local/lib/python3.10/dist-packages/vehicle_core/msg/_perception_profile.py\n'}
[49.751905] (vehicle_core) StdoutLine: {'line': b'-- Up-to-date symlink: /home/avcpp/AV-CPP2025/Vehicle/install/vehicle_core/local/lib/python3.10/dist-packages/vehicle_core/msg/_perception_profile_s.c\n'}
[49.751972] (vehicle_core) StdoutLine: {'line': b'-- Up-to-date symlink: /home/avcpp/AV-CPP2025/Vehicle/install/vehicle_core/local/lib/python3.10/dist-packages/vehicle_core/msg/_server_init.py\n'}
[49.752038] (vehicle_core) StdoutLine: {'line': b'-- Up-to-date symlink: /home/avcpp/AV-CPP2025/Vehicle/install/vehicle_core/local/lib/python3.10/dist-packages/vehicle_core/msg/_server_init_s.c\n'}
[49.752103] (vehicle_core) StdoutLine: {'line': b'-- Up-to-date symlink: /home/avcpp/AV-CPP2025/Vehicle/install/vehicle_core/local/lib/python3.10/dist-packages/vehicle_core/msg/_state_event.py\n'}
[49.752168] (vehicle_core) StdoutLine: {'line': b'-- Up-to-date symlink: /home/avcpp/AV-CPP2025/Vehicle/install/vehicle_core/local/lib/python3.10/dist-packages/vehicle_core/msg/_state_event_s.c\n'}
[49.752234] (vehicle_core) StdoutLine: {'line': b'-- Up-to-date symlink: /home/avcpp/AV-CPP2025/Vehicle/install/vehicle_core/local/lib/python3.10/dist-packages/vehicle_core/msg/_state_mode.py\n'}
[49.752299] (vehicle_core) StdoutLine: {'line': b'-- Up-to-date symlink: /home/avcpp/AV-CPP2025/Vehicle/install/vehicle_core/local/lib/python3.10/dist-packages/vehicle_core/msg/_state_mode_s.c\n'}
[49.752365] (vehicle_core) StdoutLine: {'line': b'-- Up-to-date symlink: /home/avcpp/AV-CPP2025/Vehicle/install/vehicle_core/local/lib/python3.10/dist-packages/vehicle_core/msg/_telemetry_data.py\n'}
[49.752488] (vehicle_core) StdoutLine: {'line': b'-- Up-to-date symlink: /home/avcpp/AV-CPP2025/Vehicle/install/vehicle_core/local/lib/python3.10/dist-packages/vehicle_core/msg/_telemetry_data_s.c\n'}
[49.752555] (vehicle_core) StdoutLine: {'line': b'-- Up-to-date symlink: /home/avcpp/AV-CPP2025/Vehicle/install/vehicle_core/local/lib/python3.10/dist-packages/vehicle_core/srv/__init__.py\n'}
[49.752619] (vehicle_core) StdoutLine: {'line': b'-- Up-to-date symlink: /home/avcpp/AV-CPP2025/Vehicle/install/vehicle_core/local/lib/python3.10/dist-packages/vehicle_core/srv/_release_internal_control.py\n'}
[49.752685] (vehicle_core) StdoutLine: {'line': b'-- Up-to-date symlink: /home/avcpp/AV-CPP2025/Vehicle/install/vehicle_core/local/lib/python3.10/dist-packages/vehicle_core/srv/_release_internal_control_s.c\n'}
[49.752749] (vehicle_core) StdoutLine: {'line': b'-- Up-to-date symlink: /home/avcpp/AV-CPP2025/Vehicle/install/vehicle_core/local/lib/python3.10/dist-packages/vehicle_core/srv/_request_internal_control.py\n'}
[49.752814] (vehicle_core) StdoutLine: {'line': b'-- Up-to-date symlink: /home/avcpp/AV-CPP2025/Vehicle/install/vehicle_core/local/lib/python3.10/dist-packages/vehicle_core/srv/_request_internal_control_s.c\n'}
[49.752879] (vehicle_core) StdoutLine: {'line': b'-- Up-to-date symlink: /home/avcpp/AV-CPP2025/Vehicle/install/vehicle_core/local/lib/python3.10/dist-packages/vehicle_core/srv/_set_autopilot_profile.py\n'}
[49.752944] (vehicle_core) StdoutLine: {'line': b'-- Up-to-date symlink: /home/avcpp/AV-CPP2025/Vehicle/install/vehicle_core/local/lib/python3.10/dist-packages/vehicle_core/srv/_set_autopilot_profile_s.c\n'}
[49.753009] (vehicle_core) StdoutLine: {'line': b'-- Up-to-date symlink: /home/avcpp/AV-CPP2025/Vehicle/install/vehicle_core/local/lib/python3.10/dist-packages/vehicle_core/vehicle_core_s__rosidl_typesupport_c.cpython-310-aarch64-linux-gnu.so\n'}
[49.753079] (vehicle_core) StdoutLine: {'line': b'-- Up-to-date symlink: /home/avcpp/AV-CPP2025/Vehicle/install/vehicle_core/local/lib/python3.10/dist-packages/vehicle_core/vehicle_core_s__rosidl_typesupport_fastrtps_c.cpython-310-aarch64-linux-gnu.so\n'}
[49.753146] (vehicle_core) StdoutLine: {'line': b'-- Up-to-date symlink: /home/avcpp/AV-CPP2025/Vehicle/install/vehicle_core/local/lib/python3.10/dist-packages/vehicle_core/vehicle_core_s__rosidl_typesupport_introspection_c.cpython-310-aarch64-linux-gnu.so\n'}
[49.753214] (vehicle_core) StdoutLine: {'line': b'-- Up-to-date symlink: /home/avcpp/AV-CPP2025/Vehicle/install/vehicle_core/local/lib/python3.10/dist-packages/vehicle_core/vehicle_core_s__rosidl_typesupport_fastrtps_c.cpython-310-aarch64-linux-gnu.so\n'}
[49.753279] (vehicle_core) StdoutLine: {'line': b'-- Up-to-date symlink: /home/avcpp/AV-CPP2025/Vehicle/install/vehicle_core/local/lib/python3.10/dist-packages/vehicle_core/vehicle_core_s__rosidl_typesupport_introspection_c.cpython-310-aarch64-linux-gnu.so\n'}
[49.753344] (vehicle_core) StdoutLine: {'line': b'-- Up-to-date symlink: /home/avcpp/AV-CPP2025/Vehicle/install/vehicle_core/local/lib/python3.10/dist-packages/vehicle_core/vehicle_core_s__rosidl_typesupport_c.cpython-310-aarch64-linux-gnu.so\n'}
[49.753466] (vehicle_core) StdoutLine: {'line': b'-- Up-to-date symlink: /home/avcpp/AV-CPP2025/Vehicle/install/vehicle_core/share/vehicle_core/msg/DriveTarget.idl\n'}
[49.753538] (vehicle_core) StdoutLine: {'line': b'-- Up-to-date symlink: /home/avcpp/AV-CPP2025/Vehicle/install/vehicle_core/share/vehicle_core/msg/InternalDriveCommand.idl\n'}
[49.753604] (vehicle_core) StdoutLine: {'line': b'-- Up-to-date symlink: /home/avcpp/AV-CPP2025/Vehicle/install/vehicle_core/share/vehicle_core/msg/ManualDriveCommand.idl\n'}
[49.753673] (vehicle_core) StdoutLine: {'line': b'-- Up-to-date symlink: /home/avcpp/AV-CPP2025/Vehicle/install/vehicle_core/share/vehicle_core/msg/LightsCommand.idl\n'}
[49.753798] (vehicle_core) StdoutLine: {'line': b'-- Up-to-date symlink: /home/avcpp/AV-CPP2025/Vehicle/install/vehicle_core/share/vehicle_core/msg/MaxSpeed.idl\n'}
[49.753871] (vehicle_core) StdoutLine: {'line': b'-- Up-to-date symlink: /home/avcpp/AV-CPP2025/Vehicle/install/vehicle_core/share/vehicle_core/msg/AutopilotCommand.idl\n'}
[49.753979] (vehicle_core) StdoutLine: {'line': b'-- Up-to-date symlink: /home/avcpp/AV-CPP2025/Vehicle/install/vehicle_core/share/vehicle_core/msg/LightsStatus.idl\n'}
[49.754046] (vehicle_core) StdoutLine: {'line': b'-- Up-to-date symlink: /home/avcpp/AV-CPP2025/Vehicle/install/vehicle_core/share/vehicle_core/msg/GeneralStatus.idl\n'}
[49.754112] (vehicle_core) StdoutLine: {'line': b'-- Up-to-date symlink: /home/avcpp/AV-CPP2025/Vehicle/install/vehicle_core/share/vehicle_core/msg/DriveStatus.idl\n'}
[49.754178] (vehicle_core) StdoutLine: {'line': b'-- Up-to-date symlink: /home/avcpp/AV-CPP2025/Vehicle/install/vehicle_core/share/vehicle_core/msg/AutopilotStatus.idl\n'}
[49.754243] (vehicle_core) StdoutLine: {'line': b'-- Up-to-date symlink: /home/avcpp/AV-CPP2025/Vehicle/install/vehicle_core/share/vehicle_core/msg/TelemetryData.idl\n'}
[49.754308] (vehicle_core) StdoutLine: {'line': b'-- Up-to-date symlink: /home/avcpp/AV-CPP2025/Vehicle/install/vehicle_core/share/vehicle_core/msg/Error.idl\n'}
[49.754372] (vehicle_core) StdoutLine: {'line': b'-- Up-to-date symlink: /home/avcpp/AV-CPP2025/Vehicle/install/vehicle_core/share/vehicle_core/msg/ServerInit.idl\n'}
[49.754437] (vehicle_core) StdoutLine: {'line': b'-- Up-to-date symlink: /home/avcpp/AV-CPP2025/Vehicle/install/vehicle_core/share/vehicle_core/msg/AutopilotConfig.idl\n'}
[49.754503] (vehicle_core) StdoutLine: {'line': b'-- Up-to-date symlink: /home/avcpp/AV-CPP2025/Vehicle/install/vehicle_core/share/vehicle_core/msg/PerceptionProfile.idl\n'}
[49.754568] (vehicle_core) StdoutLine: {'line': b'-- Up-to-date symlink: /home/avcpp/AV-CPP2025/Vehicle/install/vehicle_core/share/vehicle_core/msg/StateMode.idl\n'}
[49.754633] (vehicle_core) StdoutLine: {'line': b'-- Up-to-date symlink: /home/avcpp/AV-CPP2025/Vehicle/install/vehicle_core/share/vehicle_core/msg/StateEvent.idl\n'}
[49.754701] (vehicle_core) StdoutLine: {'line': b'-- Up-to-date symlink: /home/avcpp/AV-CPP2025/Vehicle/install/vehicle_core/share/vehicle_core/msg/DriveFeedback.idl\n'}
[49.754766] (vehicle_core) StdoutLine: {'line': b'-- Up-to-date symlink: /home/avcpp/AV-CPP2025/Vehicle/install/vehicle_core/share/vehicle_core/msg/IMUStatus.idl\n'}
[49.754831] (vehicle_core) StdoutLine: {'line': b'-- Up-to-date symlink: /home/avcpp/AV-CPP2025/Vehicle/install/vehicle_core/share/vehicle_core/srv/RequestInternalControl.idl\n'}
[49.754896] (vehicle_core) StdoutLine: {'line': b'-- Up-to-date symlink: /home/avcpp/AV-CPP2025/Vehicle/install/vehicle_core/share/vehicle_core/srv/ReleaseInternalControl.idl\n'}
[49.754961] (vehicle_core) StdoutLine: {'line': b'-- Up-to-date symlink: /home/avcpp/AV-CPP2025/Vehicle/install/vehicle_core/share/vehicle_core/srv/SetAutopilotProfile.idl\n'}
[49.755027] (vehicle_core) StdoutLine: {'line': b'-- Up-to-date symlink: /home/avcpp/AV-CPP2025/Vehicle/install/vehicle_core/share/vehicle_core/msg/DriveTarget.msg\n'}
[49.755092] (vehicle_core) StdoutLine: {'line': b'-- Up-to-date symlink: /home/avcpp/AV-CPP2025/Vehicle/install/vehicle_core/share/vehicle_core/msg/InternalDriveCommand.msg\n'}
[49.755166] (vehicle_core) StdoutLine: {'line': b'-- Up-to-date symlink: /home/avcpp/AV-CPP2025/Vehicle/install/vehicle_core/share/vehicle_core/msg/ManualDriveCommand.msg\n'}
[49.755235] (vehicle_core) StdoutLine: {'line': b'-- Up-to-date symlink: /home/avcpp/AV-CPP2025/Vehicle/install/vehicle_core/share/vehicle_core/msg/LightsCommand.msg\n'}
[49.755301] (vehicle_core) StdoutLine: {'line': b'-- Up-to-date symlink: /home/avcpp/AV-CPP2025/Vehicle/install/vehicle_core/share/vehicle_core/msg/MaxSpeed.msg\n'}
[49.755367] (vehicle_core) StdoutLine: {'line': b'-- Up-to-date symlink: /home/avcpp/AV-CPP2025/Vehicle/install/vehicle_core/share/vehicle_core/msg/AutopilotCommand.msg\n'}
[49.755431] (vehicle_core) StdoutLine: {'line': b'-- Up-to-date symlink: /home/avcpp/AV-CPP2025/Vehicle/install/vehicle_core/share/vehicle_core/msg/LightsStatus.msg\n'}
[49.755503] (vehicle_core) StdoutLine: {'line': b'-- Up-to-date symlink: /home/avcpp/AV-CPP2025/Vehicle/install/vehicle_core/share/vehicle_core/msg/GeneralStatus.msg\n'}
[49.755570] (vehicle_core) StdoutLine: {'line': b'-- Up-to-date symlink: /home/avcpp/AV-CPP2025/Vehicle/install/vehicle_core/share/vehicle_core/msg/DriveStatus.msg\n'}
[49.755637] (vehicle_core) StdoutLine: {'line': b'-- Up-to-date symlink: /home/avcpp/AV-CPP2025/Vehicle/install/vehicle_core/share/vehicle_core/msg/AutopilotStatus.msg\n'}
[49.755703] (vehicle_core) StdoutLine: {'line': b'-- Up-to-date symlink: /home/avcpp/AV-CPP2025/Vehicle/install/vehicle_core/share/vehicle_core/msg/TelemetryData.msg\n'}
[49.755776] (vehicle_core) StdoutLine: {'line': b'-- Up-to-date symlink: /home/avcpp/AV-CPP2025/Vehicle/install/vehicle_core/share/vehicle_core/msg/Error.msg\n'}
[49.755843] (vehicle_core) StdoutLine: {'line': b'-- Up-to-date symlink: /home/avcpp/AV-CPP2025/Vehicle/install/vehicle_core/share/vehicle_core/msg/ServerInit.msg\n'}
[49.755909] (vehicle_core) StdoutLine: {'line': b'-- Up-to-date symlink: /home/avcpp/AV-CPP2025/Vehicle/install/vehicle_core/share/vehicle_core/msg/AutopilotConfig.msg\n'}
[49.755974] (vehicle_core) StdoutLine: {'line': b'-- Up-to-date symlink: /home/avcpp/AV-CPP2025/Vehicle/install/vehicle_core/share/vehicle_core/msg/PerceptionProfile.msg\n'}
[49.756038] (vehicle_core) StdoutLine: {'line': b'-- Up-to-date symlink: /home/avcpp/AV-CPP2025/Vehicle/install/vehicle_core/share/vehicle_core/msg/StateMode.msg\n'}
[49.756106] (vehicle_core) StdoutLine: {'line': b'-- Up-to-date symlink: /home/avcpp/AV-CPP2025/Vehicle/install/vehicle_core/share/vehicle_core/msg/StateEvent.msg\n'}
[49.756171] (vehicle_core) StdoutLine: {'line': b'-- Up-to-date symlink: /home/avcpp/AV-CPP2025/Vehicle/install/vehicle_core/share/vehicle_core/msg/DriveFeedback.msg\n'}
[49.756248] (vehicle_core) StdoutLine: {'line': b'-- Up-to-date symlink: /home/avcpp/AV-CPP2025/Vehicle/install/vehicle_core/share/vehicle_core/msg/IMUStatus.msg\n'}
[49.756314] (vehicle_core) StdoutLine: {'line': b'-- Up-to-date symlink: /home/avcpp/AV-CPP2025/Vehicle/install/vehicle_core/share/vehicle_core/srv/RequestInternalControl.srv\n'}
[49.756379] (vehicle_core) StdoutLine: {'line': b'-- Up-to-date symlink: /home/avcpp/AV-CPP2025/Vehicle/install/vehicle_core/share/vehicle_core/srv/RequestInternalControl_Request.msg\n'}
[49.756446] (vehicle_core) StdoutLine: {'line': b'-- Up-to-date symlink: /home/avcpp/AV-CPP2025/Vehicle/install/vehicle_core/share/vehicle_core/srv/RequestInternalControl_Response.msg\n'}
[49.756511] (vehicle_core) StdoutLine: {'line': b'-- Up-to-date symlink: /home/avcpp/AV-CPP2025/Vehicle/install/vehicle_core/share/vehicle_core/srv/ReleaseInternalControl.srv\n'}
[49.756575] (vehicle_core) StdoutLine: {'line': b'-- Up-to-date symlink: /home/avcpp/AV-CPP2025/Vehicle/install/vehicle_core/share/vehicle_core/srv/ReleaseInternalControl_Request.msg\n'}
[49.756644] (vehicle_core) StdoutLine: {'line': b'-- Up-to-date symlink: /home/avcpp/AV-CPP2025/Vehicle/install/vehicle_core/share/vehicle_core/srv/ReleaseInternalControl_Response.msg\n'}
[49.756710] (vehicle_core) StdoutLine: {'line': b'-- Up-to-date symlink: /home/avcpp/AV-CPP2025/Vehicle/install/vehicle_core/share/vehicle_core/srv/SetAutopilotProfile.srv\n'}
[49.756775] (vehicle_core) StdoutLine: {'line': b'-- Up-to-date symlink: /home/avcpp/AV-CPP2025/Vehicle/install/vehicle_core/share/vehicle_core/srv/SetAutopilotProfile_Request.msg\n'}
[49.756840] (vehicle_core) StdoutLine: {'line': b'-- Up-to-date symlink: /home/avcpp/AV-CPP2025/Vehicle/install/vehicle_core/share/vehicle_core/srv/SetAutopilotProfile_Response.msg\n'}
[49.756905] (vehicle_core) StdoutLine: {'line': b'-- Up-to-date symlink: /home/avcpp/AV-CPP2025/Vehicle/install/vehicle_core/include/vehicle_core/Autopilot/KmlPathLoader.hpp\n'}
[49.756970] (vehicle_core) StdoutLine: {'line': b'-- Up-to-date symlink: /home/avcpp/AV-CPP2025/Vehicle/install/vehicle_core/include/vehicle_core/Autopilot/PurePursuit.hpp\n'}
[49.757041] (vehicle_core) StdoutLine: {'line': b'-- Up-to-date symlink: /home/avcpp/AV-CPP2025/Vehicle/install/vehicle_core/include/vehicle_core/Autopilot/autopilot_node.hpp\n'}
[49.757108] (vehicle_core) StdoutLine: {'line': b'-- Up-to-date symlink: /home/avcpp/AV-CPP2025/Vehicle/install/vehicle_core/include/vehicle_core/Devices/BNO055.hpp\n'}
[49.757178] (vehicle_core) StdoutLine: {'line': b'-- Up-to-date symlink: /home/avcpp/AV-CPP2025/Vehicle/install/vehicle_core/include/vehicle_core/Devices/DriveSubsys.hpp\n'}
[49.757242] (vehicle_core) StdoutLine: {'line': b'-- Up-to-date symlink: /home/avcpp/AV-CPP2025/Vehicle/install/vehicle_core/include/vehicle_core/Devices/GtU7Gps.hpp\n'}
[49.757307] (vehicle_core) StdoutLine: {'line': b'-- Up-to-date symlink: /home/avcpp/AV-CPP2025/Vehicle/install/vehicle_core/include/vehicle_core/Devices/I2C/I2CBus.hpp\n'}
[49.757372] (vehicle_core) StdoutLine: {'line': b'-- Up-to-date symlink: /home/avcpp/AV-CPP2025/Vehicle/install/vehicle_core/include/vehicle_core/Devices/I2C/I2CBusRegistry.hpp\n'}
[49.757436] (vehicle_core) StdoutLine: {'line': b'-- Up-to-date symlink: /home/avcpp/AV-CPP2025/Vehicle/install/vehicle_core/include/vehicle_core/Devices/I2C/I2CDevice.hpp\n'}
[49.757501] (vehicle_core) StdoutLine: {'line': b'-- Up-to-date symlink: /home/avcpp/AV-CPP2025/Vehicle/install/vehicle_core/include/vehicle_core/Devices/LightingSubsys.hpp\n'}
[49.757566] (vehicle_core) StdoutLine: {'line': b'-- Up-to-date symlink: /home/avcpp/AV-CPP2025/Vehicle/install/vehicle_core/include/vehicle_core/drive_arbiter_node.hpp\n'}
[49.757631] (vehicle_core) StdoutLine: {'line': b'-- Up-to-date symlink: /home/avcpp/AV-CPP2025/Vehicle/install/vehicle_core/include/vehicle_core/gst_camera_node.hpp\n'}
[49.757698] (vehicle_core) StdoutLine: {'line': b'-- Up-to-date symlink: /home/avcpp/AV-CPP2025/Vehicle/install/vehicle_core/include/vehicle_core/gt_u7_gps_node.hpp\n'}
[49.757763] (vehicle_core) StdoutLine: {'line': b'-- Up-to-date symlink: /home/avcpp/AV-CPP2025/Vehicle/install/vehicle_core/include/vehicle_core/heading_calibrator_node.hpp\n'}
[49.757834] (vehicle_core) StdoutLine: {'line': b'-- Up-to-date symlink: /home/avcpp/AV-CPP2025/Vehicle/install/vehicle_core/include/vehicle_core/i2c_bridge_node.hpp\n'}
[49.757901] (vehicle_core) StdoutLine: {'line': b'-- Up-to-date symlink: /home/avcpp/AV-CPP2025/Vehicle/install/vehicle_core/include/vehicle_core/state_manager.hpp\n'}
[49.757966] (vehicle_core) StdoutLine: {'line': b'-- Up-to-date symlink: /home/avcpp/AV-CPP2025/Vehicle/install/vehicle_core/include/vehicle_core/tcp_server_node.hpp\n'}
[49.758031] (vehicle_core) StdoutLine: {'line': b'-- Up-to-date symlink: /home/avcpp/AV-CPP2025/Vehicle/install/vehicle_core/share/vehicle_core/data/Vehicle_Path.kml\n'}
[49.758097] (vehicle_core) StdoutLine: {'line': b'-- Up-to-date symlink: /home/avcpp/AV-CPP2025/Vehicle/install/vehicle_core/lib/libstate_manager_node_component.so\n'}
[49.758162] (vehicle_core) StdoutLine: {'line': b'-- Up-to-date symlink: /home/avcpp/AV-CPP2025/Vehicle/install/vehicle_core/lib/libheading_calibrator_node_component.so\n'}
[49.758229] (vehicle_core) StdoutLine: {'line': b'-- Up-to-date symlink: /home/avcpp/AV-CPP2025/Vehicle/install/vehicle_core/lib/libdrive_arbiter_node_component.so\n'}
[49.758294] (vehicle_core) StdoutLine: {'line': b'-- Up-to-date symlink: /home/avcpp/AV-CPP2025/Vehicle/install/vehicle_core/lib/libgt_u7_gps_node_component.so\n'}
[49.758360] (vehicle_core) StdoutLine: {'line': b'-- Up-to-date symlink: /home/avcpp/AV-CPP2025/Vehicle/install/vehicle_core/lib/libtcp_server_node_component.so\n'}
[49.758426] (vehicle_core) StdoutLine: {'line': b'-- Up-to-date symlink: /home/avcpp/AV-CPP2025/Vehicle/install/vehicle_core/lib/libi2c_bridge_node.so\n'}
[49.758509] (vehicle_core) StdoutLine: {'line': b'-- Up-to-date symlink: /home/avcpp/AV-CPP2025/Vehicle/install/vehicle_core/lib/libautopilot_node_component.so\n'}
[49.758578] (vehicle_core) StdoutLine: {'line': b'-- Up-to-date symlink: /home/avcpp/AV-CPP2025/Vehicle/install/vehicle_core/lib/libgst_camera_component.so\n'}
[49.758650] (vehicle_core) StdoutLine: {'line': b'-- Up-to-date symlink: /home/avcpp/AV-CPP2025/Vehicle/install/vehicle_core/lib/vehicle_core/vehicle_core_container\n'}
[49.758715] (vehicle_core) StdoutLine: {'line': b'-- Up-to-date symlink: /home/avcpp/AV-CPP2025/Vehicle/install/vehicle_core/share/vehicle_core/cfg/autopilot.yaml\n'}
[49.758782] (vehicle_core) StdoutLine: {'line': b'-- Up-to-date symlink: /home/avcpp/AV-CPP2025/Vehicle/install/vehicle_core/share/vehicle_core/cfg/camera_gscam.yaml\n'}
[49.758847] (vehicle_core) StdoutLine: {'line': b'-- Up-to-date symlink: /home/avcpp/AV-CPP2025/Vehicle/install/vehicle_core/share/vehicle_core/cfg/drive_arbiter.yaml\n'}
[49.758913] (vehicle_core) StdoutLine: {'line': b'-- Up-to-date symlink: /home/avcpp/AV-CPP2025/Vehicle/install/vehicle_core/share/vehicle_core/cfg/ekf.yaml\n'}
[49.758979] (vehicle_core) StdoutLine: {'line': b'-- Up-to-date symlink: /home/avcpp/AV-CPP2025/Vehicle/install/vehicle_core/share/vehicle_core/cfg/gt_u7_gps.yaml\n'}
[49.759045] (vehicle_core) StdoutLine: {'line': b'-- Up-to-date symlink: /home/avcpp/AV-CPP2025/Vehicle/install/vehicle_core/share/vehicle_core/cfg/heading_calib.yaml\n'}
[49.759111] (vehicle_core) StdoutLine: {'line': b'-- Up-to-date symlink: /home/avcpp/AV-CPP2025/Vehicle/install/vehicle_core/share/vehicle_core/cfg/i2c_bridge.yaml\n'}
[49.759176] (vehicle_core) StdoutLine: {'line': b'-- Up-to-date symlink: /home/avcpp/AV-CPP2025/Vehicle/install/vehicle_core/share/vehicle_core/cfg/navsat.yaml\n'}
[49.759241] (vehicle_core) StdoutLine: {'line': b'-- Up-to-date symlink: /home/avcpp/AV-CPP2025/Vehicle/install/vehicle_core/share/vehicle_core/cfg/state_manager.yaml\n'}
[49.759309] (vehicle_core) StdoutLine: {'line': b'-- Up-to-date symlink: /home/avcpp/AV-CPP2025/Vehicle/install/vehicle_core/share/vehicle_core/launch/bringup.launch.py\n'}
[49.759374] (vehicle_core) StdoutLine: {'line': b'-- Up-to-date symlink: /home/avcpp/AV-CPP2025/Vehicle/install/vehicle_core/share/ament_index/resource_index/package_run_dependencies/vehicle_core\n'}
[49.759441] (vehicle_core) StdoutLine: {'line': b'-- Up-to-date symlink: /home/avcpp/AV-CPP2025/Vehicle/install/vehicle_core/share/ament_index/resource_index/parent_prefix_path/vehicle_core\n'}
[49.759506] (vehicle_core) StdoutLine: {'line': b'-- Up-to-date symlink: /home/avcpp/AV-CPP2025/Vehicle/install/vehicle_core/share/vehicle_core/environment/ament_prefix_path.sh\n'}
[49.759572] (vehicle_core) StdoutLine: {'line': b'-- Up-to-date symlink: /home/avcpp/AV-CPP2025/Vehicle/install/vehicle_core/share/vehicle_core/environment/ament_prefix_path.dsv\n'}
[49.759637] (vehicle_core) StdoutLine: {'line': b'-- Up-to-date symlink: /home/avcpp/AV-CPP2025/Vehicle/install/vehicle_core/share/vehicle_core/environment/path.sh\n'}
[49.759702] (vehicle_core) StdoutLine: {'line': b'-- Up-to-date symlink: /home/avcpp/AV-CPP2025/Vehicle/install/vehicle_core/share/vehicle_core/environment/path.dsv\n'}
[49.759767] (vehicle_core) StdoutLine: {'line': b'-- Up-to-date symlink: /home/avcpp/AV-CPP2025/Vehicle/install/vehicle_core/share/vehicle_core/local_setup.bash\n'}
[49.759835] (vehicle_core) StdoutLine: {'line': b'-- Up-to-date symlink: /home/avcpp/AV-CPP2025/Vehicle/install/vehicle_core/share/vehicle_core/local_setup.sh\n'}
[49.759900] (vehicle_core) StdoutLine: {'line': b'-- Up-to-date symlink: /home/avcpp/AV-CPP2025/Vehicle/install/vehicle_core/share/vehicle_core/local_setup.zsh\n'}
[49.759971] (vehicle_core) StdoutLine: {'line': b'-- Up-to-date symlink: /home/avcpp/AV-CPP2025/Vehicle/install/vehicle_core/share/vehicle_core/local_setup.dsv\n'}
[49.760038] (vehicle_core) StdoutLine: {'line': b'-- Symlinking: /home/avcpp/AV-CPP2025/Vehicle/install/vehicle_core/share/vehicle_core/package.dsv\n'}
[49.760105] (vehicle_core) StdoutLine: {'line': b'-- Up-to-date symlink: /home/avcpp/AV-CPP2025/Vehicle/install/vehicle_core/share/ament_index/resource_index/packages/vehicle_core\n'}
[49.760170] (vehicle_core) StdoutLine: {'line': b'-- Up-to-date symlink: /home/avcpp/AV-CPP2025/Vehicle/install/vehicle_core/share/ament_index/resource_index/rclcpp_components/vehicle_core\n'}
[49.760243] (vehicle_core) StdoutLine: {'line': b'-- Up-to-date symlink: /home/avcpp/AV-CPP2025/Vehicle/install/vehicle_core/share/vehicle_core/cmake/rosidl_cmake-extras.cmake\n'}
[49.760309] (vehicle_core) StdoutLine: {'line': b'-- Up-to-date symlink: /home/avcpp/AV-CPP2025/Vehicle/install/vehicle_core/share/vehicle_core/cmake/ament_cmake_export_dependencies-extras.cmake\n'}
[49.760376] (vehicle_core) StdoutLine: {'line': b'-- Up-to-date symlink: /home/avcpp/AV-CPP2025/Vehicle/install/vehicle_core/share/vehicle_core/cmake/ament_cmake_export_include_directories-extras.cmake\n'}
[49.760442] (vehicle_core) StdoutLine: {'line': b'-- Up-to-date symlink: /home/avcpp/AV-CPP2025/Vehicle/install/vehicle_core/share/vehicle_core/cmake/ament_cmake_export_libraries-extras.cmake\n'}
[49.760507] (vehicle_core) StdoutLine: {'line': b'-- Up-to-date symlink: /home/avcpp/AV-CPP2025/Vehicle/install/vehicle_core/share/vehicle_core/cmake/ament_cmake_export_targets-extras.cmake\n'}
[49.760573] (vehicle_core) StdoutLine: {'line': b'-- Up-to-date symlink: /home/avcpp/AV-CPP2025/Vehicle/install/vehicle_core/share/vehicle_core/cmake/rosidl_cmake_export_typesupport_targets-extras.cmake\n'}
[49.760638] (vehicle_core) StdoutLine: {'line': b'-- Up-to-date symlink: /home/avcpp/AV-CPP2025/Vehicle/install/vehicle_core/share/vehicle_core/cmake/rosidl_cmake_export_typesupport_libraries-extras.cmake\n'}
[49.760716] (vehicle_core) StdoutLine: {'line': b'-- Up-to-date symlink: /home/avcpp/AV-CPP2025/Vehicle/install/vehicle_core/share/vehicle_core/cmake/vehicle_coreConfig.cmake\n'}
[49.760781] (vehicle_core) StdoutLine: {'line': b'-- Up-to-date symlink: /home/avcpp/AV-CPP2025/Vehicle/install/vehicle_core/share/vehicle_core/cmake/vehicle_coreConfig-version.cmake\n'}
[49.760846] (vehicle_core) StdoutLine: {'line': b'-- Up-to-date symlink: /home/avcpp/AV-CPP2025/Vehicle/install/vehicle_core/share/vehicle_core/package.xml\n'}
[49.760915] (vehicle_core) StdoutLine: {'line': b'-- Up-to-date: /home/avcpp/AV-CPP2025/Vehicle/install/vehicle_core/lib/libvehicle_core__rosidl_generator_c.so\n'}
[49.760979] (vehicle_core) StdoutLine: {'line': b'-- Up-to-date: /home/avcpp/AV-CPP2025/Vehicle/install/vehicle_core/lib/libvehicle_core__rosidl_typesupport_fastrtps_c.so\n'}
[49.761044] (vehicle_core) StdoutLine: {'line': b'-- Up-to-date: /home/avcpp/AV-CPP2025/Vehicle/install/vehicle_core/lib/libvehicle_core__rosidl_typesupport_fastrtps_cpp.so\n'}
[49.761108] (vehicle_core) StdoutLine: {'line': b'-- Up-to-date: /home/avcpp/AV-CPP2025/Vehicle/install/vehicle_core/lib/libvehicle_core__rosidl_typesupport_introspection_c.so\n'}
[49.761172] (vehicle_core) StdoutLine: {'line': b'-- Up-to-date: /home/avcpp/AV-CPP2025/Vehicle/install/vehicle_core/lib/libvehicle_core__rosidl_typesupport_c.so\n'}
[49.761236] (vehicle_core) StdoutLine: {'line': b'-- Up-to-date: /home/avcpp/AV-CPP2025/Vehicle/install/vehicle_core/lib/libvehicle_core__rosidl_typesupport_introspection_cpp.so\n'}
[49.761300] (vehicle_core) StdoutLine: {'line': b'-- Up-to-date: /home/avcpp/AV-CPP2025/Vehicle/install/vehicle_core/lib/libvehicle_core__rosidl_typesupport_cpp.so\n'}
[49.827767] (-) TimerEvent: {}
[49.830088] (vehicle_core) StdoutLine: {'line': b"Listing '/home/avcpp/AV-CPP2025/Vehicle/install/vehicle_core/local/lib/python3.10/dist-packages/vehicle_core'...\n"}
[49.830299] (vehicle_core) StdoutLine: {'line': b"Listing '/home/avcpp/AV-CPP2025/Vehicle/install/vehicle_core/local/lib/python3.10/dist-packages/vehicle_core/msg'...\n"}
[49.830380] (vehicle_core) StdoutLine: {'line': b"Listing '/home/avcpp/AV-CPP2025/Vehicle/install/vehicle_core/local/lib/python3.10/dist-packages/vehicle_core/srv'...\n"}
[49.854231] (vehicle_core) StdoutLine: {'line': b'-- Up-to-date: /home/avcpp/AV-CPP2025/Vehicle/install/vehicle_core/lib/libvehicle_core__rosidl_generator_py.so\n'}
[49.854978] (vehicle_core) StdoutLine: {'line': b'-- Up-to-date: /home/avcpp/AV-CPP2025/Vehicle/install/vehicle_core/share/vehicle_core/cmake/export_vehicle_core__rosidl_generator_cExport.cmake\n'}
[49.855153] (vehicle_core) StdoutLine: {'line': b'-- Up-to-date: /home/avcpp/AV-CPP2025/Vehicle/install/vehicle_core/share/vehicle_core/cmake/export_vehicle_core__rosidl_generator_cExport-noconfig.cmake\n'}
[49.855497] (vehicle_core) StdoutLine: {'line': b'-- Up-to-date: /home/avcpp/AV-CPP2025/Vehicle/install/vehicle_core/share/vehicle_core/cmake/export_vehicle_core__rosidl_typesupport_fastrtps_cExport.cmake\n'}
[49.855591] (vehicle_core) StdoutLine: {'line': b'-- Up-to-date: /home/avcpp/AV-CPP2025/Vehicle/install/vehicle_core/share/vehicle_core/cmake/export_vehicle_core__rosidl_typesupport_fastrtps_cExport-noconfig.cmake\n'}
[49.855939] (vehicle_core) StdoutLine: {'line': b'-- Up-to-date: /home/avcpp/AV-CPP2025/Vehicle/install/vehicle_core/share/vehicle_core/cmake/export_vehicle_core__rosidl_generator_cppExport.cmake\n'}
[49.856373] (vehicle_core) StdoutLine: {'line': b'-- Up-to-date: /home/avcpp/AV-CPP2025/Vehicle/install/vehicle_core/share/vehicle_core/cmake/export_vehicle_core__rosidl_typesupport_fastrtps_cppExport.cmake\n'}
[49.856463] (vehicle_core) StdoutLine: {'line': b'-- Up-to-date: /home/avcpp/AV-CPP2025/Vehicle/install/vehicle_core/share/vehicle_core/cmake/export_vehicle_core__rosidl_typesupport_fastrtps_cppExport-noconfig.cmake\n'}
[49.856994] (vehicle_core) StdoutLine: {'line': b'-- Up-to-date: /home/avcpp/AV-CPP2025/Vehicle/install/vehicle_core/share/vehicle_core/cmake/vehicle_core__rosidl_typesupport_introspection_cExport.cmake\n'}
[49.857172] (vehicle_core) StdoutLine: {'line': b'-- Up-to-date: /home/avcpp/AV-CPP2025/Vehicle/install/vehicle_core/share/vehicle_core/cmake/vehicle_core__rosidl_typesupport_introspection_cExport-noconfig.cmake\n'}
[49.857516] (vehicle_core) StdoutLine: {'line': b'-- Up-to-date: /home/avcpp/AV-CPP2025/Vehicle/install/vehicle_core/share/vehicle_core/cmake/vehicle_core__rosidl_typesupport_cExport.cmake\n'}
[49.857613] (vehicle_core) StdoutLine: {'line': b'-- Up-to-date: /home/avcpp/AV-CPP2025/Vehicle/install/vehicle_core/share/vehicle_core/cmake/vehicle_core__rosidl_typesupport_cExport-noconfig.cmake\n'}
[49.857902] (vehicle_core) StdoutLine: {'line': b'-- Up-to-date: /home/avcpp/AV-CPP2025/Vehicle/install/vehicle_core/share/vehicle_core/cmake/vehicle_core__rosidl_typesupport_introspection_cppExport.cmake\n'}
[49.857976] (vehicle_core) StdoutLine: {'line': b'-- Up-to-date: /home/avcpp/AV-CPP2025/Vehicle/install/vehicle_core/share/vehicle_core/cmake/vehicle_core__rosidl_typesupport_introspection_cppExport-noconfig.cmake\n'}
[49.858416] (vehicle_core) StdoutLine: {'line': b'-- Up-to-date: /home/avcpp/AV-CPP2025/Vehicle/install/vehicle_core/share/vehicle_core/cmake/vehicle_core__rosidl_typesupport_cppExport.cmake\n'}
[49.858509] (vehicle_core) StdoutLine: {'line': b'-- Up-to-date: /home/avcpp/AV-CPP2025/Vehicle/install/vehicle_core/share/vehicle_core/cmake/vehicle_core__rosidl_typesupport_cppExport-noconfig.cmake\n'}
[49.859007] (vehicle_core) StdoutLine: {'line': b'-- Up-to-date: /home/avcpp/AV-CPP2025/Vehicle/install/vehicle_core/share/vehicle_core/cmake/export_vehicle_core__rosidl_generator_pyExport.cmake\n'}
[49.859170] (vehicle_core) StdoutLine: {'line': b'-- Up-to-date: /home/avcpp/AV-CPP2025/Vehicle/install/vehicle_core/share/vehicle_core/cmake/export_vehicle_core__rosidl_generator_pyExport-noconfig.cmake\n'}
[49.867986] (vehicle_core) CommandEnded: {'returncode': 0}
[49.927910] (-) TimerEvent: {}
[49.937914] (vehicle_core) JobEnded: {'identifier': 'vehicle_core', 'rc': 0}
[49.939336] (-) EventReactorShutdown: {}
