[0.000000] (-) TimerEvent: {}
[0.001477] (computer_vision) JobQueued: {'identifier': 'computer_vision', 'dependencies': OrderedDict()}
[0.001818] (object_detector) JobQueued: {'identifier': 'object_detector', 'dependencies': OrderedDict()}
[0.001944] (vehicle_core) JobQueued: {'identifier': 'vehicle_core', 'dependencies': OrderedDict()}
[0.002055] (computer_vision) JobStarted: {'identifier': 'computer_vision'}
[0.011353] (object_detector) JobStarted: {'identifier': 'object_detector'}
[0.017725] (vehicle_core) JobStarted: {'identifier': 'vehicle_core'}
[0.029216] (computer_vision) JobProgress: {'identifier': 'computer_vision', 'progress': 'cmake'}
[0.030407] (computer_vision) Command: {'cmd': ['/usr/bin/cmake', '/home/avcpp/AV-CPP2025/Vehicle/src/computer_vision', '-DCMAKE_INSTALL_PREFIX=/home/avcpp/AV-CPP2025/Vehicle/install/computer_vision'], 'cwd': '/home/avcpp/AV-CPP2025/Vehicle/build/computer_vision', 'env': OrderedDict([('LESSOPEN', '| /usr/bin/lesspipe %s'), ('UMS_MOUNTPOINT', '/mnt/ums'), ('GST_V4L2_PREFERRED_FOURCC', 'NV12:YU12:NV16:YUY2'), ('LANGUAGE', 'en_US.UTF-8'), ('USER', 'avcpp'), ('SSH_CLIENT', '192.168.8.104 55278 22'), ('XDG_SESSION_TYPE', 'tty'), ('SHLVL', '1'), ('USB_FUNCS', 'adb'), ('LD_LIBRARY_PATH', '/opt/ros/humble/opt/rviz_ogre_vendor/lib:/opt/ros/humble/lib/aarch64-linux-gnu:/opt/ros/humble/lib'), ('BROWSER', '/home/avcpp/.vscode-server/cli/servers/Stable-bf9252a2fb45be6893dd8870c0bf37e2e1766d61/server/bin/helpers/browser.sh'), ('MOTD_SHOWN', 'pam'), ('HOME', '/home/avcpp'), ('OLDPWD', '/home/avcpp/AV-CPP2025/Vehicle'), ('TERM_PROGRAM_VERSION', '1.106.3'), ('VSCODE_IPC_HOOK_CLI', '/run/user/1001/vscode-ipc-29a14b5f-27a1-4ba4-a7b1-8866c400ef58.sock'), ('GST_INSPECT_NO_COLORS', '1'), ('GST_MPP_NO_RGA', '1'), ('ROS_PYTHON_VERSION', '3'), ('COGL_DRIVER', 'gles2'), ('SSL_CERT_FILE', '/usr/lib/ssl/certs/ca-certificates.crt'), ('VSCODE_PYTHON_AUTOACTIVATE_GUARD', '1'), ('DBUS_SESSION_BUS_ADDRESS', 'unix:path=/run/user/1001/bus'), ('COLORTERM', 'truecolor'), ('GST_V4L2SRC_MAX_RESOLUTION', '3840x2160'), ('ROS_DISTRO', 'humble'), ('LOGNAME', 'avcpp'), ('_', '/usr/bin/colcon'), ('ROS_VERSION', '2'), ('XDG_SESSION_CLASS', 'user'), ('TERM', 'xterm-256color'), ('GST_GL_API', 'gles2'), ('XDG_SESSION_ID', '5'), ('GST_VIDEO_CONVERT_PREFERRED_FORMAT', 'NV12:NV16:I420:YUY2'), ('GST_V4L2SRC_RK_DEVICES', '_mainpath:_selfpath:_bypass:_scale'), ('ROS_LOCALHOST_ONLY', '0'), ('PATH', '/home/avcpp/.vscode-server/cli/servers/Stable-bf9252a2fb45be6893dd8870c0bf37e2e1766d61/server/bin/remote-cli:/home/avcpp/.local/bin:/opt/ros/humble/bin:/usr/local/sbin:/usr/local/bin:/usr/sbin:/usr/bin:/sbin:/bin:/usr/games:/usr/local/games:/snap/bin'), ('XDG_RUNTIME_DIR', '/run/user/1001'), ('GST_GL_PLATFORM', 'egl'), ('GST_DEBUG_NO_COLOR', '1'), ('SSL_CERT_DIR', '/usr/lib/ssl/certs'), ('GST_V4L2SRC_DEFAULT_DEVICE', '/dev/video-camera0'), ('DISPLAY', ':0'), ('LANG', 'en_US.UTF-8'), ('LS_COLORS', 'rs=0:di=01;34:ln=01;36:mh=00:pi=40;33:so=01;35:do=01;35:bd=40;33;01:cd=40;33;01:or=40;31;01:mi=00:su=37;41:sg=30;43:ca=30;41:tw=30;42:ow=34;42:st=37;44:ex=01;32:*.tar=01;31:*.tgz=01;31:*.arc=01;31:*.arj=01;31:*.taz=01;31:*.lha=01;31:*.lz4=01;31:*.lzh=01;31:*.lzma=01;31:*.tlz=01;31:*.txz=01;31:*.tzo=01;31:*.t7z=01;31:*.zip=01;31:*.z=01;31:*.dz=01;31:*.gz=01;31:*.lrz=01;31:*.lz=01;31:*.lzo=01;31:*.xz=01;31:*.zst=01;31:*.tzst=01;31:*.bz2=01;31:*.bz=01;31:*.tbz=01;31:*.tbz2=01;31:*.tz=01;31:*.deb=01;31:*.rpm=01;31:*.jar=01;31:*.war=01;31:*.ear=01;31:*.sar=01;31:*.rar=01;31:*.alz=01;31:*.ace=01;31:*.zoo=01;31:*.cpio=01;31:*.7z=01;31:*.rz=01;31:*.cab=01;31:*.wim=01;31:*.swm=01;31:*.dwm=01;31:*.esd=01;31:*.jpg=01;35:*.jpeg=01;35:*.mjpg=01;35:*.mjpeg=01;35:*.gif=01;35:*.bmp=01;35:*.pbm=01;35:*.pgm=01;35:*.ppm=01;35:*.tga=01;35:*.xbm=01;35:*.xpm=01;35:*.tif=01;35:*.tiff=01;35:*.png=01;35:*.svg=01;35:*.svgz=01;35:*.mng=01;35:*.pcx=01;35:*.mov=01;35:*.mpg=01;35:*.mpeg=01;35:*.m2v=01;35:*.mkv=01;35:*.webm=01;35:*.webp=01;35:*.ogm=01;35:*.mp4=01;35:*.m4v=01;35:*.mp4v=01;35:*.vob=01;35:*.qt=01;35:*.nuv=01;35:*.wmv=01;35:*.asf=01;35:*.rm=01;35:*.rmvb=01;35:*.flc=01;35:*.avi=01;35:*.fli=01;35:*.flv=01;35:*.gl=01;35:*.dl=01;35:*.xcf=01;35:*.xwd=01;35:*.yuv=01;35:*.cgm=01;35:*.emf=01;35:*.ogv=01;35:*.ogx=01;35:*.aac=00;36:*.au=00;36:*.flac=00;36:*.m4a=00;36:*.mid=00;36:*.midi=00;36:*.mka=00;36:*.mp3=00;36:*.mpc=00;36:*.ogg=00;36:*.ra=00;36:*.wav=00;36:*.oga=00;36:*.opus=00;36:*.spx=00;36:*.xspf=00;36:'), ('TERM_PROGRAM', 'vscode'), ('GST_V4L2_USE_LIBV4L2', '1'), ('UMS_SIZE', '256M'), ('AMENT_PREFIX_PATH', '/opt/ros/humble'), ('LC_MESSAGES', 'en_US.UTF-8'), ('SHELL', '/bin/bash'), ('UMS_RO', '0'), ('LESSCLOSE', '/usr/bin/lesspipe %s %s'), ('UMS_FSTYPE', 'vfat'), ('PWD', '/home/avcpp/AV-CPP2025/Vehicle/build/computer_vision'), ('LC_ALL', 'en_US.UTF-8'), ('SSH_CONNECTION', '192.168.8.104 55278 192.168.8.176 22'), ('PYTHONPATH', '/opt/ros/humble/lib/python3.10/site-packages:/opt/ros/humble/local/lib/python3.10/dist-packages'), ('UMS_MOUNT', '0'), ('COLCON', '1'), ('UMS_FILE', '/userdata/ums_shared.img'), ('CMAKE_PREFIX_PATH', '/opt/ros/humble')]), 'shell': False}
[0.036507] (object_detector) JobProgress: {'identifier': 'object_detector', 'progress': 'cmake'}
[0.037036] (object_detector) Command: {'cmd': ['/usr/bin/cmake', '/home/avcpp/AV-CPP2025/Vehicle/src/object_detector', '-DCMAKE_INSTALL_PREFIX=/home/avcpp/AV-CPP2025/Vehicle/install/object_detector'], 'cwd': '/home/avcpp/AV-CPP2025/Vehicle/build/object_detector', 'env': OrderedDict([('LESSOPEN', '| /usr/bin/lesspipe %s'), ('UMS_MOUNTPOINT', '/mnt/ums'), ('GST_V4L2_PREFERRED_FOURCC', 'NV12:YU12:NV16:YUY2'), ('LANGUAGE', 'en_US.UTF-8'), ('USER', 'avcpp'), ('SSH_CLIENT', '192.168.8.104 55278 22'), ('XDG_SESSION_TYPE', 'tty'), ('SHLVL', '1'), ('USB_FUNCS', 'adb'), ('LD_LIBRARY_PATH', '/opt/ros/humble/opt/rviz_ogre_vendor/lib:/opt/ros/humble/lib/aarch64-linux-gnu:/opt/ros/humble/lib'), ('BROWSER', '/home/avcpp/.vscode-server/cli/servers/Stable-bf9252a2fb45be6893dd8870c0bf37e2e1766d61/server/bin/helpers/browser.sh'), ('MOTD_SHOWN', 'pam'), ('HOME', '/home/avcpp'), ('OLDPWD', '/home/avcpp/AV-CPP2025/Vehicle'), ('TERM_PROGRAM_VERSION', '1.106.3'), ('VSCODE_IPC_HOOK_CLI', '/run/user/1001/vscode-ipc-29a14b5f-27a1-4ba4-a7b1-8866c400ef58.sock'), ('GST_INSPECT_NO_COLORS', '1'), ('GST_MPP_NO_RGA', '1'), ('ROS_PYTHON_VERSION', '3'), ('COGL_DRIVER', 'gles2'), ('SSL_CERT_FILE', '/usr/lib/ssl/certs/ca-certificates.crt'), ('VSCODE_PYTHON_AUTOACTIVATE_GUARD', '1'), ('DBUS_SESSION_BUS_ADDRESS', 'unix:path=/run/user/1001/bus'), ('COLORTERM', 'truecolor'), ('GST_V4L2SRC_MAX_RESOLUTION', '3840x2160'), ('ROS_DISTRO', 'humble'), ('LOGNAME', 'avcpp'), ('_', '/usr/bin/colcon'), ('ROS_VERSION', '2'), ('XDG_SESSION_CLASS', 'user'), ('TERM', 'xterm-256color'), ('GST_GL_API', 'gles2'), ('XDG_SESSION_ID', '5'), ('GST_VIDEO_CONVERT_PREFERRED_FORMAT', 'NV12:NV16:I420:YUY2'), ('GST_V4L2SRC_RK_DEVICES', '_mainpath:_selfpath:_bypass:_scale'), ('ROS_LOCALHOST_ONLY', '0'), ('PATH', '/home/avcpp/.vscode-server/cli/servers/Stable-bf9252a2fb45be6893dd8870c0bf37e2e1766d61/server/bin/remote-cli:/home/avcpp/.local/bin:/opt/ros/humble/bin:/usr/local/sbin:/usr/local/bin:/usr/sbin:/usr/bin:/sbin:/bin:/usr/games:/usr/local/games:/snap/bin'), ('XDG_RUNTIME_DIR', '/run/user/1001'), ('GST_GL_PLATFORM', 'egl'), ('GST_DEBUG_NO_COLOR', '1'), ('SSL_CERT_DIR', '/usr/lib/ssl/certs'), ('GST_V4L2SRC_DEFAULT_DEVICE', '/dev/video-camera0'), ('DISPLAY', ':0'), ('LANG', 'en_US.UTF-8'), ('LS_COLORS', 'rs=0:di=01;34:ln=01;36:mh=00:pi=40;33:so=01;35:do=01;35:bd=40;33;01:cd=40;33;01:or=40;31;01:mi=00:su=37;41:sg=30;43:ca=30;41:tw=30;42:ow=34;42:st=37;44:ex=01;32:*.tar=01;31:*.tgz=01;31:*.arc=01;31:*.arj=01;31:*.taz=01;31:*.lha=01;31:*.lz4=01;31:*.lzh=01;31:*.lzma=01;31:*.tlz=01;31:*.txz=01;31:*.tzo=01;31:*.t7z=01;31:*.zip=01;31:*.z=01;31:*.dz=01;31:*.gz=01;31:*.lrz=01;31:*.lz=01;31:*.lzo=01;31:*.xz=01;31:*.zst=01;31:*.tzst=01;31:*.bz2=01;31:*.bz=01;31:*.tbz=01;31:*.tbz2=01;31:*.tz=01;31:*.deb=01;31:*.rpm=01;31:*.jar=01;31:*.war=01;31:*.ear=01;31:*.sar=01;31:*.rar=01;31:*.alz=01;31:*.ace=01;31:*.zoo=01;31:*.cpio=01;31:*.7z=01;31:*.rz=01;31:*.cab=01;31:*.wim=01;31:*.swm=01;31:*.dwm=01;31:*.esd=01;31:*.jpg=01;35:*.jpeg=01;35:*.mjpg=01;35:*.mjpeg=01;35:*.gif=01;35:*.bmp=01;35:*.pbm=01;35:*.pgm=01;35:*.ppm=01;35:*.tga=01;35:*.xbm=01;35:*.xpm=01;35:*.tif=01;35:*.tiff=01;35:*.png=01;35:*.svg=01;35:*.svgz=01;35:*.mng=01;35:*.pcx=01;35:*.mov=01;35:*.mpg=01;35:*.mpeg=01;35:*.m2v=01;35:*.mkv=01;35:*.webm=01;35:*.webp=01;35:*.ogm=01;35:*.mp4=01;35:*.m4v=01;35:*.mp4v=01;35:*.vob=01;35:*.qt=01;35:*.nuv=01;35:*.wmv=01;35:*.asf=01;35:*.rm=01;35:*.rmvb=01;35:*.flc=01;35:*.avi=01;35:*.fli=01;35:*.flv=01;35:*.gl=01;35:*.dl=01;35:*.xcf=01;35:*.xwd=01;35:*.yuv=01;35:*.cgm=01;35:*.emf=01;35:*.ogv=01;35:*.ogx=01;35:*.aac=00;36:*.au=00;36:*.flac=00;36:*.m4a=00;36:*.mid=00;36:*.midi=00;36:*.mka=00;36:*.mp3=00;36:*.mpc=00;36:*.ogg=00;36:*.ra=00;36:*.wav=00;36:*.oga=00;36:*.opus=00;36:*.spx=00;36:*.xspf=00;36:'), ('TERM_PROGRAM', 'vscode'), ('GST_V4L2_USE_LIBV4L2', '1'), ('UMS_SIZE', '256M'), ('AMENT_PREFIX_PATH', '/opt/ros/humble'), ('LC_MESSAGES', 'en_US.UTF-8'), ('SHELL', '/bin/bash'), ('UMS_RO', '0'), ('LESSCLOSE', '/usr/bin/lesspipe %s %s'), ('UMS_FSTYPE', 'vfat'), ('PWD', '/home/avcpp/AV-CPP2025/Vehicle/build/object_detector'), ('LC_ALL', 'en_US.UTF-8'), ('SSH_CONNECTION', '192.168.8.104 55278 192.168.8.176 22'), ('PYTHONPATH', '/opt/ros/humble/lib/python3.10/site-packages:/opt/ros/humble/local/lib/python3.10/dist-packages'), ('UMS_MOUNT', '0'), ('COLCON', '1'), ('UMS_FILE', '/userdata/ums_shared.img'), ('CMAKE_PREFIX_PATH', '/opt/ros/humble')]), 'shell': False}
[0.039695] (vehicle_core) JobProgress: {'identifier': 'vehicle_core', 'progress': 'cmake'}
[0.040607] (vehicle_core) Command: {'cmd': ['/usr/bin/cmake', '/home/avcpp/AV-CPP2025/Vehicle/src/vehicle_core', '-DCMAKE_INSTALL_PREFIX=/home/avcpp/AV-CPP2025/Vehicle/install/vehicle_core'], 'cwd': '/home/avcpp/AV-CPP2025/Vehicle/build/vehicle_core', 'env': OrderedDict([('LESSOPEN', '| /usr/bin/lesspipe %s'), ('UMS_MOUNTPOINT', '/mnt/ums'), ('GST_V4L2_PREFERRED_FOURCC', 'NV12:YU12:NV16:YUY2'), ('LANGUAGE', 'en_US.UTF-8'), ('USER', 'avcpp'), ('SSH_CLIENT', '192.168.8.104 55278 22'), ('XDG_SESSION_TYPE', 'tty'), ('SHLVL', '1'), ('USB_FUNCS', 'adb'), ('LD_LIBRARY_PATH', '/opt/ros/humble/opt/rviz_ogre_vendor/lib:/opt/ros/humble/lib/aarch64-linux-gnu:/opt/ros/humble/lib'), ('BROWSER', '/home/avcpp/.vscode-server/cli/servers/Stable-bf9252a2fb45be6893dd8870c0bf37e2e1766d61/server/bin/helpers/browser.sh'), ('MOTD_SHOWN', 'pam'), ('HOME', '/home/avcpp'), ('OLDPWD', '/home/avcpp/AV-CPP2025/Vehicle'), ('TERM_PROGRAM_VERSION', '1.106.3'), ('VSCODE_IPC_HOOK_CLI', '/run/user/1001/vscode-ipc-29a14b5f-27a1-4ba4-a7b1-8866c400ef58.sock'), ('GST_INSPECT_NO_COLORS', '1'), ('GST_MPP_NO_RGA', '1'), ('ROS_PYTHON_VERSION', '3'), ('COGL_DRIVER', 'gles2'), ('SSL_CERT_FILE', '/usr/lib/ssl/certs/ca-certificates.crt'), ('VSCODE_PYTHON_AUTOACTIVATE_GUARD', '1'), ('DBUS_SESSION_BUS_ADDRESS', 'unix:path=/run/user/1001/bus'), ('COLORTERM', 'truecolor'), ('GST_V4L2SRC_MAX_RESOLUTION', '3840x2160'), ('ROS_DISTRO', 'humble'), ('LOGNAME', 'avcpp'), ('_', '/usr/bin/colcon'), ('ROS_VERSION', '2'), ('XDG_SESSION_CLASS', 'user'), ('TERM', 'xterm-256color'), ('GST_GL_API', 'gles2'), ('XDG_SESSION_ID', '5'), ('GST_VIDEO_CONVERT_PREFERRED_FORMAT', 'NV12:NV16:I420:YUY2'), ('GST_V4L2SRC_RK_DEVICES', '_mainpath:_selfpath:_bypass:_scale'), ('ROS_LOCALHOST_ONLY', '0'), ('PATH', '/home/avcpp/.vscode-server/cli/servers/Stable-bf9252a2fb45be6893dd8870c0bf37e2e1766d61/server/bin/remote-cli:/home/avcpp/.local/bin:/opt/ros/humble/bin:/usr/local/sbin:/usr/local/bin:/usr/sbin:/usr/bin:/sbin:/bin:/usr/games:/usr/local/games:/snap/bin'), ('XDG_RUNTIME_DIR', '/run/user/1001'), ('GST_GL_PLATFORM', 'egl'), ('GST_DEBUG_NO_COLOR', '1'), ('SSL_CERT_DIR', '/usr/lib/ssl/certs'), ('GST_V4L2SRC_DEFAULT_DEVICE', '/dev/video-camera0'), ('DISPLAY', ':0'), ('LANG', 'en_US.UTF-8'), ('LS_COLORS', 'rs=0:di=01;34:ln=01;36:mh=00:pi=40;33:so=01;35:do=01;35:bd=40;33;01:cd=40;33;01:or=40;31;01:mi=00:su=37;41:sg=30;43:ca=30;41:tw=30;42:ow=34;42:st=37;44:ex=01;32:*.tar=01;31:*.tgz=01;31:*.arc=01;31:*.arj=01;31:*.taz=01;31:*.lha=01;31:*.lz4=01;31:*.lzh=01;31:*.lzma=01;31:*.tlz=01;31:*.txz=01;31:*.tzo=01;31:*.t7z=01;31:*.zip=01;31:*.z=01;31:*.dz=01;31:*.gz=01;31:*.lrz=01;31:*.lz=01;31:*.lzo=01;31:*.xz=01;31:*.zst=01;31:*.tzst=01;31:*.bz2=01;31:*.bz=01;31:*.tbz=01;31:*.tbz2=01;31:*.tz=01;31:*.deb=01;31:*.rpm=01;31:*.jar=01;31:*.war=01;31:*.ear=01;31:*.sar=01;31:*.rar=01;31:*.alz=01;31:*.ace=01;31:*.zoo=01;31:*.cpio=01;31:*.7z=01;31:*.rz=01;31:*.cab=01;31:*.wim=01;31:*.swm=01;31:*.dwm=01;31:*.esd=01;31:*.jpg=01;35:*.jpeg=01;35:*.mjpg=01;35:*.mjpeg=01;35:*.gif=01;35:*.bmp=01;35:*.pbm=01;35:*.pgm=01;35:*.ppm=01;35:*.tga=01;35:*.xbm=01;35:*.xpm=01;35:*.tif=01;35:*.tiff=01;35:*.png=01;35:*.svg=01;35:*.svgz=01;35:*.mng=01;35:*.pcx=01;35:*.mov=01;35:*.mpg=01;35:*.mpeg=01;35:*.m2v=01;35:*.mkv=01;35:*.webm=01;35:*.webp=01;35:*.ogm=01;35:*.mp4=01;35:*.m4v=01;35:*.mp4v=01;35:*.vob=01;35:*.qt=01;35:*.nuv=01;35:*.wmv=01;35:*.asf=01;35:*.rm=01;35:*.rmvb=01;35:*.flc=01;35:*.avi=01;35:*.fli=01;35:*.flv=01;35:*.gl=01;35:*.dl=01;35:*.xcf=01;35:*.xwd=01;35:*.yuv=01;35:*.cgm=01;35:*.emf=01;35:*.ogv=01;35:*.ogx=01;35:*.aac=00;36:*.au=00;36:*.flac=00;36:*.m4a=00;36:*.mid=00;36:*.midi=00;36:*.mka=00;36:*.mp3=00;36:*.mpc=00;36:*.ogg=00;36:*.ra=00;36:*.wav=00;36:*.oga=00;36:*.opus=00;36:*.spx=00;36:*.xspf=00;36:'), ('TERM_PROGRAM', 'vscode'), ('GST_V4L2_USE_LIBV4L2', '1'), ('UMS_SIZE', '256M'), ('AMENT_PREFIX_PATH', '/opt/ros/humble'), ('LC_MESSAGES', 'en_US.UTF-8'), ('SHELL', '/bin/bash'), ('UMS_RO', '0'), ('LESSCLOSE', '/usr/bin/lesspipe %s %s'), ('UMS_FSTYPE', 'vfat'), ('PWD', '/home/avcpp/AV-CPP2025/Vehicle/build/vehicle_core'), ('LC_ALL', 'en_US.UTF-8'), ('SSH_CONNECTION', '192.168.8.104 55278 192.168.8.176 22'), ('PYTHONPATH', '/opt/ros/humble/lib/python3.10/site-packages:/opt/ros/humble/local/lib/python3.10/dist-packages'), ('UMS_MOUNT', '0'), ('COLCON', '1'), ('UMS_FILE', '/userdata/ums_shared.img'), ('CMAKE_PREFIX_PATH', '/opt/ros/humble')]), 'shell': False}
[0.099331] (-) TimerEvent: {}
[0.200037] (-) TimerEvent: {}
[0.281935] (vehicle_core) StdoutLine: {'line': b'-- The C compiler identification is GNU 11.4.0\n'}
[0.300315] (-) TimerEvent: {}
[0.303408] (object_detector) StdoutLine: {'line': b'-- The C compiler identification is GNU 11.4.0\n'}
[0.304834] (computer_vision) StdoutLine: {'line': b'-- The C compiler identification is GNU 11.4.0\n'}
[0.400508] (-) TimerEvent: {}
[0.424223] (computer_vision) StdoutLine: {'line': b'-- The CXX compiler identification is GNU 11.4.0\n'}
[0.430408] (vehicle_core) StdoutLine: {'line': b'-- The CXX compiler identification is GNU 11.4.0\n'}
[0.437655] (object_detector) StdoutLine: {'line': b'-- The CXX compiler identification is GNU 11.4.0\n'}
[0.445557] (computer_vision) StdoutLine: {'line': b'-- Detecting C compiler ABI info\n'}
[0.453098] (object_detector) StdoutLine: {'line': b'-- Detecting C compiler ABI info\n'}
[0.454599] (vehicle_core) StdoutLine: {'line': b'-- Detecting C compiler ABI info\n'}
[0.500765] (-) TimerEvent: {}
[0.599340] (computer_vision) StdoutLine: {'line': b'-- Detecting C compiler ABI info - done\n'}
[0.600870] (-) TimerEvent: {}
[0.601549] (vehicle_core) StdoutLine: {'line': b'-- Detecting C compiler ABI info - done\n'}
[0.610319] (computer_vision) StdoutLine: {'line': b'-- Check for working C compiler: /usr/bin/cc - skipped\n'}
[0.615043] (computer_vision) StdoutLine: {'line': b'-- Detecting C compile features\n'}
[0.615770] (computer_vision) StdoutLine: {'line': b'-- Detecting C compile features - done\n'}
[0.621953] (computer_vision) StdoutLine: {'line': b'-- Detecting CXX compiler ABI info\n'}
[0.636304] (object_detector) StdoutLine: {'line': b'-- Detecting C compiler ABI info - done\n'}
[0.640056] (vehicle_core) StdoutLine: {'line': b'-- Check for working C compiler: /usr/bin/cc - skipped\n'}
[0.640718] (vehicle_core) StdoutLine: {'line': b'-- Detecting C compile features\n'}
[0.641350] (vehicle_core) StdoutLine: {'line': b'-- Detecting C compile features - done\n'}
[0.645889] (vehicle_core) StdoutLine: {'line': b'-- Detecting CXX compiler ABI info\n'}
[0.646510] (object_detector) StdoutLine: {'line': b'-- Check for working C compiler: /usr/bin/cc - skipped\n'}
[0.647859] (object_detector) StdoutLine: {'line': b'-- Detecting C compile features\n'}
[0.648326] (object_detector) StdoutLine: {'line': b'-- Detecting C compile features - done\n'}
[0.651421] (object_detector) StdoutLine: {'line': b'-- Detecting CXX compiler ABI info\n'}
[0.701208] (-) TimerEvent: {}
[0.792141] (computer_vision) StdoutLine: {'line': b'-- Detecting CXX compiler ABI info - done\n'}
[0.801388] (-) TimerEvent: {}
[0.802921] (computer_vision) StdoutLine: {'line': b'-- Check for working CXX compiler: /usr/bin/c++ - skipped\n'}
[0.803706] (computer_vision) StdoutLine: {'line': b'-- Detecting CXX compile features\n'}
[0.804344] (computer_vision) StdoutLine: {'line': b'-- Detecting CXX compile features - done\n'}
[0.811318] (computer_vision) StdoutLine: {'line': b'-- Found ament_cmake: 1.3.12 (/opt/ros/humble/share/ament_cmake/cmake)\n'}
[0.838166] (object_detector) StdoutLine: {'line': b'-- Detecting CXX compiler ABI info - done\n'}
[0.851625] (vehicle_core) StdoutLine: {'line': b'-- Detecting CXX compiler ABI info - done\n'}
[0.877873] (object_detector) StdoutLine: {'line': b'-- Check for working CXX compiler: /usr/bin/c++ - skipped\n'}
[0.878966] (object_detector) StdoutLine: {'line': b'-- Detecting CXX compile features\n'}
[0.881437] (object_detector) StdoutLine: {'line': b'-- Detecting CXX compile features - done\n'}
[0.891407] (vehicle_core) StdoutLine: {'line': b'-- Check for working CXX compiler: /usr/bin/c++ - skipped\n'}
[0.892101] (object_detector) StdoutLine: {'line': b'-- Found ament_cmake: 1.3.12 (/opt/ros/humble/share/ament_cmake/cmake)\n'}
[0.892564] (vehicle_core) StdoutLine: {'line': b'-- Detecting CXX compile features\n'}
[0.894167] (vehicle_core) StdoutLine: {'line': b'-- Detecting CXX compile features - done\n'}
[0.896416] (vehicle_core) StdoutLine: {'line': b'-- Found ament_cmake: 1.3.12 (/opt/ros/humble/share/ament_cmake/cmake)\n'}
[0.901468] (-) TimerEvent: {}
[1.002003] (-) TimerEvent: {}
[1.102820] (-) TimerEvent: {}
[1.203669] (-) TimerEvent: {}
[1.304425] (-) TimerEvent: {}
[1.405253] (-) TimerEvent: {}
[1.506279] (-) TimerEvent: {}
[1.607344] (-) TimerEvent: {}
[1.708188] (-) TimerEvent: {}
[1.809016] (-) TimerEvent: {}
[1.909969] (-) TimerEvent: {}
[2.001806] (computer_vision) StdoutLine: {'line': b'-- Found Python3: /usr/bin/python3 (found version "3.10.12") found components: Interpreter \n'}
[2.010214] (-) TimerEvent: {}
[2.099664] (object_detector) StdoutLine: {'line': b'-- Found Python3: /usr/bin/python3 (found version "3.10.12") found components: Interpreter \n'}
[2.110516] (-) TimerEvent: {}
[2.111509] (vehicle_core) StdoutLine: {'line': b'-- Found Python3: /usr/bin/python3 (found version "3.10.12") found components: Interpreter \n'}
[2.210806] (-) TimerEvent: {}
[2.218920] (computer_vision) StdoutLine: {'line': b'-- Found rclcpp: 16.0.15 (/opt/ros/humble/share/rclcpp/cmake)\n'}
[2.260764] (object_detector) StdoutLine: {'line': b'-- Found rclpy: 3.3.17 (/opt/ros/humble/share/rclpy/cmake)\n'}
[2.262470] (object_detector) StdoutLine: {'line': b'-- Found std_msgs: 4.9.0 (/opt/ros/humble/share/std_msgs/cmake)\n'}
[2.281703] (vehicle_core) StdoutLine: {'line': b'-- Found rclcpp: 16.0.15 (/opt/ros/humble/share/rclcpp/cmake)\n'}
[2.299691] (object_detector) StdoutLine: {'line': b'-- Found rosidl_generator_c: 3.1.7 (/opt/ros/humble/share/rosidl_generator_c/cmake)\n'}
[2.300430] (computer_vision) StdoutLine: {'line': b'-- Found rosidl_generator_c: 3.1.7 (/opt/ros/humble/share/rosidl_generator_c/cmake)\n'}
[2.307699] (object_detector) StdoutLine: {'line': b'-- Found rosidl_adapter: 3.1.7 (/opt/ros/humble/share/rosidl_adapter/cmake)\n'}
[2.308524] (computer_vision) StdoutLine: {'line': b'-- Found rosidl_adapter: 3.1.7 (/opt/ros/humble/share/rosidl_adapter/cmake)\n'}
[2.310878] (-) TimerEvent: {}
[2.320745] (object_detector) StdoutLine: {'line': b'-- Found rosidl_generator_cpp: 3.1.7 (/opt/ros/humble/share/rosidl_generator_cpp/cmake)\n'}
[2.321413] (computer_vision) StdoutLine: {'line': b'-- Found rosidl_generator_cpp: 3.1.7 (/opt/ros/humble/share/rosidl_generator_cpp/cmake)\n'}
[2.326027] (vehicle_core) StdoutLine: {'line': b'-- Found rosidl_generator_c: 3.1.7 (/opt/ros/humble/share/rosidl_generator_c/cmake)\n'}
[2.331385] (vehicle_core) StdoutLine: {'line': b'-- Found rosidl_adapter: 3.1.7 (/opt/ros/humble/share/rosidl_adapter/cmake)\n'}
[2.340240] (object_detector) StdoutLine: {'line': b'-- Using all available rosidl_typesupport_c: rosidl_typesupport_fastrtps_c;rosidl_typesupport_introspection_c\n'}
[2.341153] (computer_vision) StdoutLine: {'line': b'-- Using all available rosidl_typesupport_c: rosidl_typesupport_fastrtps_c;rosidl_typesupport_introspection_c\n'}
[2.341654] (vehicle_core) StdoutLine: {'line': b'-- Found rosidl_generator_cpp: 3.1.7 (/opt/ros/humble/share/rosidl_generator_cpp/cmake)\n'}
[2.355551] (vehicle_core) StdoutLine: {'line': b'-- Using all available rosidl_typesupport_c: rosidl_typesupport_fastrtps_c;rosidl_typesupport_introspection_c\n'}
[2.364429] (computer_vision) StdoutLine: {'line': b'-- Using all available rosidl_typesupport_cpp: rosidl_typesupport_fastrtps_cpp;rosidl_typesupport_introspection_cpp\n'}
[2.365333] (object_detector) StdoutLine: {'line': b'-- Using all available rosidl_typesupport_cpp: rosidl_typesupport_fastrtps_cpp;rosidl_typesupport_introspection_cpp\n'}
[2.375000] (vehicle_core) StdoutLine: {'line': b'-- Using all available rosidl_typesupport_cpp: rosidl_typesupport_fastrtps_cpp;rosidl_typesupport_introspection_cpp\n'}
[2.408572] (object_detector) StdoutLine: {'line': b'-- Found sensor_msgs: 4.9.0 (/opt/ros/humble/share/sensor_msgs/cmake)\n'}
[2.411075] (-) TimerEvent: {}
[2.435950] (computer_vision) StdoutLine: {'line': b'-- Found rmw_implementation_cmake: 6.1.2 (/opt/ros/humble/share/rmw_implementation_cmake/cmake)\n'}
[2.437022] (vehicle_core) StdoutLine: {'line': b'-- Found rmw_implementation_cmake: 6.1.2 (/opt/ros/humble/share/rmw_implementation_cmake/cmake)\n'}
[2.440151] (computer_vision) StdoutLine: {'line': b'-- Found rmw_fastrtps_cpp: 6.2.8 (/opt/ros/humble/share/rmw_fastrtps_cpp/cmake)\n'}
[2.440930] (vehicle_core) StdoutLine: {'line': b'-- Found rmw_fastrtps_cpp: 6.2.8 (/opt/ros/humble/share/rmw_fastrtps_cpp/cmake)\n'}
[2.469804] (object_detector) StdoutLine: {'line': b'-- Found visualization_msgs: 4.9.0 (/opt/ros/humble/share/visualization_msgs/cmake)\n'}
[2.511524] (-) TimerEvent: {}
[2.515654] (object_detector) StdoutLine: {'line': b'-- Found ament_lint_auto: 0.12.14 (/opt/ros/humble/share/ament_lint_auto/cmake)\n'}
[2.611752] (-) TimerEvent: {}
[2.622246] (vehicle_core) StdoutLine: {'line': b'-- Found OpenSSL: /usr/lib/aarch64-linux-gnu/libcrypto.so (found version "3.0.2")  \n'}
[2.623254] (computer_vision) StdoutLine: {'line': b'-- Found OpenSSL: /usr/lib/aarch64-linux-gnu/libcrypto.so (found version "3.0.2")  \n'}
[2.665576] (computer_vision) StdoutLine: {'line': b'-- Found FastRTPS: /opt/ros/humble/include  \n'}
[2.671399] (vehicle_core) StdoutLine: {'line': b'-- Found FastRTPS: /opt/ros/humble/include  \n'}
[2.685680] (object_detector) StdoutLine: {'line': b"-- Added test 'flake8' to check Python code syntax and style conventions\n"}
[2.686284] (object_detector) StdoutLine: {'line': b"-- Added test 'lint_cmake' to check CMake code style\n"}
[2.687001] (object_detector) StdoutLine: {'line': b"-- Added test 'pep257' to check Python code against some of the docstring style conventions in PEP 257\n"}
[2.688332] (object_detector) StdoutLine: {'line': b"-- Added test 'xmllint' to check XML markup files\n"}
[2.690346] (object_detector) StdoutLine: {'line': b'-- Configuring done\n'}
[2.696045] (object_detector) StdoutLine: {'line': b'-- Generating done\n'}
[2.699035] (object_detector) StdoutLine: {'line': b'-- Build files have been written to: /home/avcpp/AV-CPP2025/Vehicle/build/object_detector\n'}
[2.711892] (-) TimerEvent: {}
[2.715619] (object_detector) CommandEnded: {'returncode': 0}
[2.719740] (object_detector) JobProgress: {'identifier': 'object_detector', 'progress': 'build'}
[2.720843] (object_detector) Command: {'cmd': ['/usr/bin/cmake', '--build', '/home/avcpp/AV-CPP2025/Vehicle/build/object_detector', '--', '-j8', '-l8'], 'cwd': '/home/avcpp/AV-CPP2025/Vehicle/build/object_detector', 'env': OrderedDict([('LESSOPEN', '| /usr/bin/lesspipe %s'), ('UMS_MOUNTPOINT', '/mnt/ums'), ('GST_V4L2_PREFERRED_FOURCC', 'NV12:YU12:NV16:YUY2'), ('LANGUAGE', 'en_US.UTF-8'), ('USER', 'avcpp'), ('SSH_CLIENT', '192.168.8.104 55278 22'), ('XDG_SESSION_TYPE', 'tty'), ('SHLVL', '1'), ('USB_FUNCS', 'adb'), ('LD_LIBRARY_PATH', '/opt/ros/humble/opt/rviz_ogre_vendor/lib:/opt/ros/humble/lib/aarch64-linux-gnu:/opt/ros/humble/lib'), ('BROWSER', '/home/avcpp/.vscode-server/cli/servers/Stable-bf9252a2fb45be6893dd8870c0bf37e2e1766d61/server/bin/helpers/browser.sh'), ('MOTD_SHOWN', 'pam'), ('HOME', '/home/avcpp'), ('OLDPWD', '/home/avcpp/AV-CPP2025/Vehicle'), ('TERM_PROGRAM_VERSION', '1.106.3'), ('VSCODE_IPC_HOOK_CLI', '/run/user/1001/vscode-ipc-29a14b5f-27a1-4ba4-a7b1-8866c400ef58.sock'), ('GST_INSPECT_NO_COLORS', '1'), ('GST_MPP_NO_RGA', '1'), ('ROS_PYTHON_VERSION', '3'), ('COGL_DRIVER', 'gles2'), ('SSL_CERT_FILE', '/usr/lib/ssl/certs/ca-certificates.crt'), ('VSCODE_PYTHON_AUTOACTIVATE_GUARD', '1'), ('DBUS_SESSION_BUS_ADDRESS', 'unix:path=/run/user/1001/bus'), ('COLORTERM', 'truecolor'), ('GST_V4L2SRC_MAX_RESOLUTION', '3840x2160'), ('ROS_DISTRO', 'humble'), ('LOGNAME', 'avcpp'), ('_', '/usr/bin/colcon'), ('ROS_VERSION', '2'), ('XDG_SESSION_CLASS', 'user'), ('TERM', 'xterm-256color'), ('GST_GL_API', 'gles2'), ('XDG_SESSION_ID', '5'), ('GST_VIDEO_CONVERT_PREFERRED_FORMAT', 'NV12:NV16:I420:YUY2'), ('GST_V4L2SRC_RK_DEVICES', '_mainpath:_selfpath:_bypass:_scale'), ('ROS_LOCALHOST_ONLY', '0'), ('PATH', '/home/avcpp/.vscode-server/cli/servers/Stable-bf9252a2fb45be6893dd8870c0bf37e2e1766d61/server/bin/remote-cli:/home/avcpp/.local/bin:/opt/ros/humble/bin:/usr/local/sbin:/usr/local/bin:/usr/sbin:/usr/bin:/sbin:/bin:/usr/games:/usr/local/games:/snap/bin'), ('XDG_RUNTIME_DIR', '/run/user/1001'), ('GST_GL_PLATFORM', 'egl'), ('GST_DEBUG_NO_COLOR', '1'), ('SSL_CERT_DIR', '/usr/lib/ssl/certs'), ('GST_V4L2SRC_DEFAULT_DEVICE', '/dev/video-camera0'), ('DISPLAY', ':0'), ('LANG', 'en_US.UTF-8'), ('LS_COLORS', 'rs=0:di=01;34:ln=01;36:mh=00:pi=40;33:so=01;35:do=01;35:bd=40;33;01:cd=40;33;01:or=40;31;01:mi=00:su=37;41:sg=30;43:ca=30;41:tw=30;42:ow=34;42:st=37;44:ex=01;32:*.tar=01;31:*.tgz=01;31:*.arc=01;31:*.arj=01;31:*.taz=01;31:*.lha=01;31:*.lz4=01;31:*.lzh=01;31:*.lzma=01;31:*.tlz=01;31:*.txz=01;31:*.tzo=01;31:*.t7z=01;31:*.zip=01;31:*.z=01;31:*.dz=01;31:*.gz=01;31:*.lrz=01;31:*.lz=01;31:*.lzo=01;31:*.xz=01;31:*.zst=01;31:*.tzst=01;31:*.bz2=01;31:*.bz=01;31:*.tbz=01;31:*.tbz2=01;31:*.tz=01;31:*.deb=01;31:*.rpm=01;31:*.jar=01;31:*.war=01;31:*.ear=01;31:*.sar=01;31:*.rar=01;31:*.alz=01;31:*.ace=01;31:*.zoo=01;31:*.cpio=01;31:*.7z=01;31:*.rz=01;31:*.cab=01;31:*.wim=01;31:*.swm=01;31:*.dwm=01;31:*.esd=01;31:*.jpg=01;35:*.jpeg=01;35:*.mjpg=01;35:*.mjpeg=01;35:*.gif=01;35:*.bmp=01;35:*.pbm=01;35:*.pgm=01;35:*.ppm=01;35:*.tga=01;35:*.xbm=01;35:*.xpm=01;35:*.tif=01;35:*.tiff=01;35:*.png=01;35:*.svg=01;35:*.svgz=01;35:*.mng=01;35:*.pcx=01;35:*.mov=01;35:*.mpg=01;35:*.mpeg=01;35:*.m2v=01;35:*.mkv=01;35:*.webm=01;35:*.webp=01;35:*.ogm=01;35:*.mp4=01;35:*.m4v=01;35:*.mp4v=01;35:*.vob=01;35:*.qt=01;35:*.nuv=01;35:*.wmv=01;35:*.asf=01;35:*.rm=01;35:*.rmvb=01;35:*.flc=01;35:*.avi=01;35:*.fli=01;35:*.flv=01;35:*.gl=01;35:*.dl=01;35:*.xcf=01;35:*.xwd=01;35:*.yuv=01;35:*.cgm=01;35:*.emf=01;35:*.ogv=01;35:*.ogx=01;35:*.aac=00;36:*.au=00;36:*.flac=00;36:*.m4a=00;36:*.mid=00;36:*.midi=00;36:*.mka=00;36:*.mp3=00;36:*.mpc=00;36:*.ogg=00;36:*.ra=00;36:*.wav=00;36:*.oga=00;36:*.opus=00;36:*.spx=00;36:*.xspf=00;36:'), ('TERM_PROGRAM', 'vscode'), ('GST_V4L2_USE_LIBV4L2', '1'), ('UMS_SIZE', '256M'), ('AMENT_PREFIX_PATH', '/opt/ros/humble'), ('LC_MESSAGES', 'en_US.UTF-8'), ('SHELL', '/bin/bash'), ('UMS_RO', '0'), ('LESSCLOSE', '/usr/bin/lesspipe %s %s'), ('UMS_FSTYPE', 'vfat'), ('PWD', '/home/avcpp/AV-CPP2025/Vehicle/build/object_detector'), ('LC_ALL', 'en_US.UTF-8'), ('SSH_CONNECTION', '192.168.8.104 55278 192.168.8.176 22'), ('PYTHONPATH', '/opt/ros/humble/lib/python3.10/site-packages:/opt/ros/humble/local/lib/python3.10/dist-packages'), ('UMS_MOUNT', '0'), ('COLCON', '1'), ('UMS_FILE', '/userdata/ums_shared.img'), ('CMAKE_PREFIX_PATH', '/opt/ros/humble')]), 'shell': False}
[2.725228] (computer_vision) StdoutLine: {'line': b"-- Using RMW implementation 'rmw_fastrtps_cpp' as default\n"}
[2.732528] (vehicle_core) StdoutLine: {'line': b"-- Using RMW implementation 'rmw_fastrtps_cpp' as default\n"}
[2.741142] (computer_vision) StdoutLine: {'line': b'-- Looking for pthread.h\n'}
[2.742861] (vehicle_core) StdoutLine: {'line': b'-- Looking for pthread.h\n'}
[2.807590] (object_detector) CommandEnded: {'returncode': 0}
[2.810317] (object_detector) JobProgress: {'identifier': 'object_detector', 'progress': 'install'}
[2.811954] (-) TimerEvent: {}
[2.842529] (object_detector) Command: {'cmd': ['/usr/bin/cmake', '--install', '/home/avcpp/AV-CPP2025/Vehicle/build/object_detector'], 'cwd': '/home/avcpp/AV-CPP2025/Vehicle/build/object_detector', 'env': OrderedDict([('LESSOPEN', '| /usr/bin/lesspipe %s'), ('UMS_MOUNTPOINT', '/mnt/ums'), ('GST_V4L2_PREFERRED_FOURCC', 'NV12:YU12:NV16:YUY2'), ('LANGUAGE', 'en_US.UTF-8'), ('USER', 'avcpp'), ('SSH_CLIENT', '192.168.8.104 55278 22'), ('XDG_SESSION_TYPE', 'tty'), ('SHLVL', '1'), ('USB_FUNCS', 'adb'), ('LD_LIBRARY_PATH', '/opt/ros/humble/opt/rviz_ogre_vendor/lib:/opt/ros/humble/lib/aarch64-linux-gnu:/opt/ros/humble/lib'), ('BROWSER', '/home/avcpp/.vscode-server/cli/servers/Stable-bf9252a2fb45be6893dd8870c0bf37e2e1766d61/server/bin/helpers/browser.sh'), ('MOTD_SHOWN', 'pam'), ('HOME', '/home/avcpp'), ('OLDPWD', '/home/avcpp/AV-CPP2025/Vehicle'), ('TERM_PROGRAM_VERSION', '1.106.3'), ('VSCODE_IPC_HOOK_CLI', '/run/user/1001/vscode-ipc-29a14b5f-27a1-4ba4-a7b1-8866c400ef58.sock'), ('GST_INSPECT_NO_COLORS', '1'), ('GST_MPP_NO_RGA', '1'), ('ROS_PYTHON_VERSION', '3'), ('COGL_DRIVER', 'gles2'), ('SSL_CERT_FILE', '/usr/lib/ssl/certs/ca-certificates.crt'), ('VSCODE_PYTHON_AUTOACTIVATE_GUARD', '1'), ('DBUS_SESSION_BUS_ADDRESS', 'unix:path=/run/user/1001/bus'), ('COLORTERM', 'truecolor'), ('GST_V4L2SRC_MAX_RESOLUTION', '3840x2160'), ('ROS_DISTRO', 'humble'), ('LOGNAME', 'avcpp'), ('_', '/usr/bin/colcon'), ('ROS_VERSION', '2'), ('XDG_SESSION_CLASS', 'user'), ('TERM', 'xterm-256color'), ('GST_GL_API', 'gles2'), ('XDG_SESSION_ID', '5'), ('GST_VIDEO_CONVERT_PREFERRED_FORMAT', 'NV12:NV16:I420:YUY2'), ('GST_V4L2SRC_RK_DEVICES', '_mainpath:_selfpath:_bypass:_scale'), ('ROS_LOCALHOST_ONLY', '0'), ('PATH', '/home/avcpp/.vscode-server/cli/servers/Stable-bf9252a2fb45be6893dd8870c0bf37e2e1766d61/server/bin/remote-cli:/home/avcpp/.local/bin:/opt/ros/humble/bin:/usr/local/sbin:/usr/local/bin:/usr/sbin:/usr/bin:/sbin:/bin:/usr/games:/usr/local/games:/snap/bin'), ('XDG_RUNTIME_DIR', '/run/user/1001'), ('GST_GL_PLATFORM', 'egl'), ('GST_DEBUG_NO_COLOR', '1'), ('SSL_CERT_DIR', '/usr/lib/ssl/certs'), ('GST_V4L2SRC_DEFAULT_DEVICE', '/dev/video-camera0'), ('DISPLAY', ':0'), ('LANG', 'en_US.UTF-8'), ('LS_COLORS', 'rs=0:di=01;34:ln=01;36:mh=00:pi=40;33:so=01;35:do=01;35:bd=40;33;01:cd=40;33;01:or=40;31;01:mi=00:su=37;41:sg=30;43:ca=30;41:tw=30;42:ow=34;42:st=37;44:ex=01;32:*.tar=01;31:*.tgz=01;31:*.arc=01;31:*.arj=01;31:*.taz=01;31:*.lha=01;31:*.lz4=01;31:*.lzh=01;31:*.lzma=01;31:*.tlz=01;31:*.txz=01;31:*.tzo=01;31:*.t7z=01;31:*.zip=01;31:*.z=01;31:*.dz=01;31:*.gz=01;31:*.lrz=01;31:*.lz=01;31:*.lzo=01;31:*.xz=01;31:*.zst=01;31:*.tzst=01;31:*.bz2=01;31:*.bz=01;31:*.tbz=01;31:*.tbz2=01;31:*.tz=01;31:*.deb=01;31:*.rpm=01;31:*.jar=01;31:*.war=01;31:*.ear=01;31:*.sar=01;31:*.rar=01;31:*.alz=01;31:*.ace=01;31:*.zoo=01;31:*.cpio=01;31:*.7z=01;31:*.rz=01;31:*.cab=01;31:*.wim=01;31:*.swm=01;31:*.dwm=01;31:*.esd=01;31:*.jpg=01;35:*.jpeg=01;35:*.mjpg=01;35:*.mjpeg=01;35:*.gif=01;35:*.bmp=01;35:*.pbm=01;35:*.pgm=01;35:*.ppm=01;35:*.tga=01;35:*.xbm=01;35:*.xpm=01;35:*.tif=01;35:*.tiff=01;35:*.png=01;35:*.svg=01;35:*.svgz=01;35:*.mng=01;35:*.pcx=01;35:*.mov=01;35:*.mpg=01;35:*.mpeg=01;35:*.m2v=01;35:*.mkv=01;35:*.webm=01;35:*.webp=01;35:*.ogm=01;35:*.mp4=01;35:*.m4v=01;35:*.mp4v=01;35:*.vob=01;35:*.qt=01;35:*.nuv=01;35:*.wmv=01;35:*.asf=01;35:*.rm=01;35:*.rmvb=01;35:*.flc=01;35:*.avi=01;35:*.fli=01;35:*.flv=01;35:*.gl=01;35:*.dl=01;35:*.xcf=01;35:*.xwd=01;35:*.yuv=01;35:*.cgm=01;35:*.emf=01;35:*.ogv=01;35:*.ogx=01;35:*.aac=00;36:*.au=00;36:*.flac=00;36:*.m4a=00;36:*.mid=00;36:*.midi=00;36:*.mka=00;36:*.mp3=00;36:*.mpc=00;36:*.ogg=00;36:*.ra=00;36:*.wav=00;36:*.oga=00;36:*.opus=00;36:*.spx=00;36:*.xspf=00;36:'), ('TERM_PROGRAM', 'vscode'), ('GST_V4L2_USE_LIBV4L2', '1'), ('UMS_SIZE', '256M'), ('AMENT_PREFIX_PATH', '/opt/ros/humble'), ('LC_MESSAGES', 'en_US.UTF-8'), ('SHELL', '/bin/bash'), ('UMS_RO', '0'), ('LESSCLOSE', '/usr/bin/lesspipe %s %s'), ('UMS_FSTYPE', 'vfat'), ('PWD', '/home/avcpp/AV-CPP2025/Vehicle/build/object_detector'), ('LC_ALL', 'en_US.UTF-8'), ('SSH_CONNECTION', '192.168.8.104 55278 192.168.8.176 22'), ('PYTHONPATH', '/opt/ros/humble/lib/python3.10/site-packages:/opt/ros/humble/local/lib/python3.10/dist-packages'), ('UMS_MOUNT', '0'), ('COLCON', '1'), ('UMS_FILE', '/userdata/ums_shared.img'), ('CMAKE_PREFIX_PATH', '/opt/ros/humble')]), 'shell': False}
[2.864555] (object_detector) StdoutLine: {'line': b'-- Install configuration: ""\n'}
[2.866343] (object_detector) StdoutLine: {'line': b'-- Installing: /home/avcpp/AV-CPP2025/Vehicle/install/object_detector/lib/object_detector/object_detector.py\n'}
[2.867447] (object_detector) StdoutLine: {'line': b'-- Installing: /home/avcpp/AV-CPP2025/Vehicle/install/object_detector/share/ament_index/resource_index/package_run_dependencies/object_detector\n'}
[2.868258] (object_detector) StdoutLine: {'line': b'-- Installing: /home/avcpp/AV-CPP2025/Vehicle/install/object_detector/share/ament_index/resource_index/parent_prefix_path/object_detector\n'}
[2.871623] (object_detector) StdoutLine: {'line': b'-- Installing: /home/avcpp/AV-CPP2025/Vehicle/install/object_detector/share/object_detector/environment/ament_prefix_path.sh\n'}
[2.872651] (object_detector) StdoutLine: {'line': b'-- Installing: /home/avcpp/AV-CPP2025/Vehicle/install/object_detector/share/object_detector/environment/ament_prefix_path.dsv\n'}
[2.874714] (object_detector) StdoutLine: {'line': b'-- Installing: /home/avcpp/AV-CPP2025/Vehicle/install/object_detector/share/object_detector/environment/path.sh\n'}
[2.875577] (object_detector) StdoutLine: {'line': b'-- Installing: /home/avcpp/AV-CPP2025/Vehicle/install/object_detector/share/object_detector/environment/path.dsv\n'}
[2.876153] (object_detector) StdoutLine: {'line': b'-- Installing: /home/avcpp/AV-CPP2025/Vehicle/install/object_detector/share/object_detector/local_setup.bash\n'}
[2.876593] (object_detector) StdoutLine: {'line': b'-- Installing: /home/avcpp/AV-CPP2025/Vehicle/install/object_detector/share/object_detector/local_setup.sh\n'}
[2.877033] (object_detector) StdoutLine: {'line': b'-- Installing: /home/avcpp/AV-CPP2025/Vehicle/install/object_detector/share/object_detector/local_setup.zsh\n'}
[2.877493] (object_detector) StdoutLine: {'line': b'-- Installing: /home/avcpp/AV-CPP2025/Vehicle/install/object_detector/share/object_detector/local_setup.dsv\n'}
[2.878054] (object_detector) StdoutLine: {'line': b'-- Installing: /home/avcpp/AV-CPP2025/Vehicle/install/object_detector/share/object_detector/package.dsv\n'}
[2.878428] (object_detector) StdoutLine: {'line': b'-- Installing: /home/avcpp/AV-CPP2025/Vehicle/install/object_detector/share/ament_index/resource_index/packages/object_detector\n'}
[2.878782] (object_detector) StdoutLine: {'line': b'-- Installing: /home/avcpp/AV-CPP2025/Vehicle/install/object_detector/share/object_detector/cmake/object_detectorConfig.cmake\n'}
[2.879150] (object_detector) StdoutLine: {'line': b'-- Installing: /home/avcpp/AV-CPP2025/Vehicle/install/object_detector/share/object_detector/cmake/object_detectorConfig-version.cmake\n'}
[2.879714] (object_detector) StdoutLine: {'line': b'-- Installing: /home/avcpp/AV-CPP2025/Vehicle/install/object_detector/share/object_detector/package.xml\n'}
[2.883834] (object_detector) CommandEnded: {'returncode': 0}
[2.912623] (-) TimerEvent: {}
[2.928794] (object_detector) JobEnded: {'identifier': 'object_detector', 'rc': 0}
[2.931214] (computer_vision) StdoutLine: {'line': b'-- Looking for pthread.h - found\n'}
[2.931922] (computer_vision) StdoutLine: {'line': b'-- Performing Test CMAKE_HAVE_LIBC_PTHREAD\n'}
[2.933919] (vehicle_core) StdoutLine: {'line': b'-- Looking for pthread.h - found\n'}
[2.940473] (vehicle_core) StdoutLine: {'line': b'-- Performing Test CMAKE_HAVE_LIBC_PTHREAD\n'}
[3.012769] (-) TimerEvent: {}
[3.109399] (computer_vision) StdoutLine: {'line': b'-- Performing Test CMAKE_HAVE_LIBC_PTHREAD - Success\n'}
[3.109991] (computer_vision) StdoutLine: {'line': b'-- Found Threads: TRUE  \n'}
[3.113073] (-) TimerEvent: {}
[3.157241] (vehicle_core) StdoutLine: {'line': b'-- Performing Test CMAKE_HAVE_LIBC_PTHREAD - Success\n'}
[3.158758] (vehicle_core) StdoutLine: {'line': b'-- Found Threads: TRUE  \n'}
[3.213188] (-) TimerEvent: {}
[3.239917] (computer_vision) StdoutLine: {'line': b'-- Found sensor_msgs: 4.9.0 (/opt/ros/humble/share/sensor_msgs/cmake)\n'}
[3.240293] (vehicle_core) StdoutLine: {'line': b'-- Found rclcpp_components: 16.0.15 (/opt/ros/humble/share/rclcpp_components/cmake)\n'}
[3.284651] (vehicle_core) StdoutLine: {'line': b'-- Found std_srvs: 4.9.0 (/opt/ros/humble/share/std_srvs/cmake)\n'}
[3.289378] (computer_vision) StdoutLine: {'line': b'-- Found cv_bridge: 3.2.1 (/opt/ros/humble/share/cv_bridge/cmake)\n'}
[3.306068] (vehicle_core) StdoutLine: {'line': b'-- Found rosidl_default_generators: 1.2.0 (/opt/ros/humble/share/rosidl_default_generators/cmake)\n'}
[3.314433] (-) TimerEvent: {}
[3.316382] (computer_vision) StdoutLine: {'line': b'-- Found OpenCV: /usr (found version "4.5.4") \n'}
[3.318313] (computer_vision) StdoutLine: {'line': b'-- Found rclcpp_components: 16.0.15 (/opt/ros/humble/share/rclcpp_components/cmake)\n'}
[3.328910] (vehicle_core) StdoutLine: {'line': b'-- Found geometry_msgs: 4.9.0 (/opt/ros/humble/share/geometry_msgs/cmake)\n'}
[3.350952] (vehicle_core) StdoutLine: {'line': b'-- Found nav_msgs: 4.9.0 (/opt/ros/humble/share/nav_msgs/cmake)\n'}
[3.384485] (vehicle_core) StdoutLine: {'line': b'-- Found sensor_msgs: 4.9.0 (/opt/ros/humble/share/sensor_msgs/cmake)\n'}
[3.414752] (-) TimerEvent: {}
[3.420357] (vehicle_core) StdoutLine: {'line': b'-- Found tf2: 0.25.16 (/opt/ros/humble/share/tf2/cmake)\n'}
[3.429159] (vehicle_core) StdoutLine: {'line': b'-- Found cv_bridge: 3.2.1 (/opt/ros/humble/share/cv_bridge/cmake)\n'}
[3.452840] (vehicle_core) StdoutLine: {'line': b'-- Found robot_localization: 3.5.4 (/opt/ros/humble/share/robot_localization/cmake)\n'}
[3.514980] (-) TimerEvent: {}
[3.516966] (computer_vision) StdoutLine: {'line': b'-- Configuring done\n'}
[3.539806] (computer_vision) StdoutLine: {'line': b'-- Generating done\n'}
[3.546869] (computer_vision) StdoutLine: {'line': b'-- Build files have been written to: /home/avcpp/AV-CPP2025/Vehicle/build/computer_vision\n'}
[3.566143] (computer_vision) CommandEnded: {'returncode': 0}
[3.571684] (computer_vision) JobProgress: {'identifier': 'computer_vision', 'progress': 'build'}
[3.571910] (computer_vision) Command: {'cmd': ['/usr/bin/cmake', '--build', '/home/avcpp/AV-CPP2025/Vehicle/build/computer_vision', '--', '-j8', '-l8'], 'cwd': '/home/avcpp/AV-CPP2025/Vehicle/build/computer_vision', 'env': OrderedDict([('LESSOPEN', '| /usr/bin/lesspipe %s'), ('UMS_MOUNTPOINT', '/mnt/ums'), ('GST_V4L2_PREFERRED_FOURCC', 'NV12:YU12:NV16:YUY2'), ('LANGUAGE', 'en_US.UTF-8'), ('USER', 'avcpp'), ('SSH_CLIENT', '192.168.8.104 55278 22'), ('XDG_SESSION_TYPE', 'tty'), ('SHLVL', '1'), ('USB_FUNCS', 'adb'), ('LD_LIBRARY_PATH', '/opt/ros/humble/opt/rviz_ogre_vendor/lib:/opt/ros/humble/lib/aarch64-linux-gnu:/opt/ros/humble/lib'), ('BROWSER', '/home/avcpp/.vscode-server/cli/servers/Stable-bf9252a2fb45be6893dd8870c0bf37e2e1766d61/server/bin/helpers/browser.sh'), ('MOTD_SHOWN', 'pam'), ('HOME', '/home/avcpp'), ('OLDPWD', '/home/avcpp/AV-CPP2025/Vehicle'), ('TERM_PROGRAM_VERSION', '1.106.3'), ('VSCODE_IPC_HOOK_CLI', '/run/user/1001/vscode-ipc-29a14b5f-27a1-4ba4-a7b1-8866c400ef58.sock'), ('GST_INSPECT_NO_COLORS', '1'), ('GST_MPP_NO_RGA', '1'), ('ROS_PYTHON_VERSION', '3'), ('COGL_DRIVER', 'gles2'), ('SSL_CERT_FILE', '/usr/lib/ssl/certs/ca-certificates.crt'), ('VSCODE_PYTHON_AUTOACTIVATE_GUARD', '1'), ('DBUS_SESSION_BUS_ADDRESS', 'unix:path=/run/user/1001/bus'), ('COLORTERM', 'truecolor'), ('GST_V4L2SRC_MAX_RESOLUTION', '3840x2160'), ('ROS_DISTRO', 'humble'), ('LOGNAME', 'avcpp'), ('_', '/usr/bin/colcon'), ('ROS_VERSION', '2'), ('XDG_SESSION_CLASS', 'user'), ('TERM', 'xterm-256color'), ('GST_GL_API', 'gles2'), ('XDG_SESSION_ID', '5'), ('GST_VIDEO_CONVERT_PREFERRED_FORMAT', 'NV12:NV16:I420:YUY2'), ('GST_V4L2SRC_RK_DEVICES', '_mainpath:_selfpath:_bypass:_scale'), ('ROS_LOCALHOST_ONLY', '0'), ('PATH', '/home/avcpp/.vscode-server/cli/servers/Stable-bf9252a2fb45be6893dd8870c0bf37e2e1766d61/server/bin/remote-cli:/home/avcpp/.local/bin:/opt/ros/humble/bin:/usr/local/sbin:/usr/local/bin:/usr/sbin:/usr/bin:/sbin:/bin:/usr/games:/usr/local/games:/snap/bin'), ('XDG_RUNTIME_DIR', '/run/user/1001'), ('GST_GL_PLATFORM', 'egl'), ('GST_DEBUG_NO_COLOR', '1'), ('SSL_CERT_DIR', '/usr/lib/ssl/certs'), ('GST_V4L2SRC_DEFAULT_DEVICE', '/dev/video-camera0'), ('DISPLAY', ':0'), ('LANG', 'en_US.UTF-8'), ('LS_COLORS', 'rs=0:di=01;34:ln=01;36:mh=00:pi=40;33:so=01;35:do=01;35:bd=40;33;01:cd=40;33;01:or=40;31;01:mi=00:su=37;41:sg=30;43:ca=30;41:tw=30;42:ow=34;42:st=37;44:ex=01;32:*.tar=01;31:*.tgz=01;31:*.arc=01;31:*.arj=01;31:*.taz=01;31:*.lha=01;31:*.lz4=01;31:*.lzh=01;31:*.lzma=01;31:*.tlz=01;31:*.txz=01;31:*.tzo=01;31:*.t7z=01;31:*.zip=01;31:*.z=01;31:*.dz=01;31:*.gz=01;31:*.lrz=01;31:*.lz=01;31:*.lzo=01;31:*.xz=01;31:*.zst=01;31:*.tzst=01;31:*.bz2=01;31:*.bz=01;31:*.tbz=01;31:*.tbz2=01;31:*.tz=01;31:*.deb=01;31:*.rpm=01;31:*.jar=01;31:*.war=01;31:*.ear=01;31:*.sar=01;31:*.rar=01;31:*.alz=01;31:*.ace=01;31:*.zoo=01;31:*.cpio=01;31:*.7z=01;31:*.rz=01;31:*.cab=01;31:*.wim=01;31:*.swm=01;31:*.dwm=01;31:*.esd=01;31:*.jpg=01;35:*.jpeg=01;35:*.mjpg=01;35:*.mjpeg=01;35:*.gif=01;35:*.bmp=01;35:*.pbm=01;35:*.pgm=01;35:*.ppm=01;35:*.tga=01;35:*.xbm=01;35:*.xpm=01;35:*.tif=01;35:*.tiff=01;35:*.png=01;35:*.svg=01;35:*.svgz=01;35:*.mng=01;35:*.pcx=01;35:*.mov=01;35:*.mpg=01;35:*.mpeg=01;35:*.m2v=01;35:*.mkv=01;35:*.webm=01;35:*.webp=01;35:*.ogm=01;35:*.mp4=01;35:*.m4v=01;35:*.mp4v=01;35:*.vob=01;35:*.qt=01;35:*.nuv=01;35:*.wmv=01;35:*.asf=01;35:*.rm=01;35:*.rmvb=01;35:*.flc=01;35:*.avi=01;35:*.fli=01;35:*.flv=01;35:*.gl=01;35:*.dl=01;35:*.xcf=01;35:*.xwd=01;35:*.yuv=01;35:*.cgm=01;35:*.emf=01;35:*.ogv=01;35:*.ogx=01;35:*.aac=00;36:*.au=00;36:*.flac=00;36:*.m4a=00;36:*.mid=00;36:*.midi=00;36:*.mka=00;36:*.mp3=00;36:*.mpc=00;36:*.ogg=00;36:*.ra=00;36:*.wav=00;36:*.oga=00;36:*.opus=00;36:*.spx=00;36:*.xspf=00;36:'), ('TERM_PROGRAM', 'vscode'), ('GST_V4L2_USE_LIBV4L2', '1'), ('UMS_SIZE', '256M'), ('AMENT_PREFIX_PATH', '/opt/ros/humble'), ('LC_MESSAGES', 'en_US.UTF-8'), ('SHELL', '/bin/bash'), ('UMS_RO', '0'), ('LESSCLOSE', '/usr/bin/lesspipe %s %s'), ('UMS_FSTYPE', 'vfat'), ('PWD', '/home/avcpp/AV-CPP2025/Vehicle/build/computer_vision'), ('LC_ALL', 'en_US.UTF-8'), ('SSH_CONNECTION', '192.168.8.104 55278 192.168.8.176 22'), ('PYTHONPATH', '/opt/ros/humble/lib/python3.10/site-packages:/opt/ros/humble/local/lib/python3.10/dist-packages'), ('UMS_MOUNT', '0'), ('COLCON', '1'), ('UMS_FILE', '/userdata/ums_shared.img'), ('CMAKE_PREFIX_PATH', '/opt/ros/humble')]), 'shell': False}
[3.607074] (vehicle_core) StdoutLine: {'line': b'-- Found PkgConfig: /usr/bin/pkg-config (found version "0.29.2") \n'}
[3.608706] (vehicle_core) StdoutLine: {'line': b"-- Checking for modules 'gstreamer-1.0;gstreamer-app-1.0;gobject-2.0;glib-2.0'\n"}
[3.615100] (-) TimerEvent: {}
[3.659677] (vehicle_core) StdoutLine: {'line': b'--   Found gstreamer-1.0, version 1.20.3\n'}
[3.669759] (vehicle_core) StdoutLine: {'line': b'--   Found gstreamer-app-1.0, version 1.20.1\n'}
[3.687793] (vehicle_core) StdoutLine: {'line': b'--   Found gobject-2.0, version 2.72.4\n'}
[3.711448] (vehicle_core) StdoutLine: {'line': b'--   Found glib-2.0, version 2.72.4\n'}
[3.715257] (-) TimerEvent: {}
[3.723632] (computer_vision) StdoutLine: {'line': b'[ 50%] \x1b[32mBuilding CXX object CMakeFiles/computer_vision_node.dir/src/computer_vision_node.cpp.o\x1b[0m\n'}
[3.815554] (-) TimerEvent: {}
[3.916461] (-) TimerEvent: {}
[4.017257] (-) TimerEvent: {}
[4.118081] (-) TimerEvent: {}
[4.218923] (-) TimerEvent: {}
[4.319821] (-) TimerEvent: {}
[4.420741] (-) TimerEvent: {}
[4.521587] (-) TimerEvent: {}
[4.622567] (-) TimerEvent: {}
[4.682206] (vehicle_core) StdoutLine: {'line': b'-- Found ament_cmake_ros: 0.10.0 (/opt/ros/humble/share/ament_cmake_ros/cmake)\n'}
[4.722844] (-) TimerEvent: {}
[4.823711] (-) TimerEvent: {}
[4.924602] (-) TimerEvent: {}
[5.025598] (-) TimerEvent: {}
[5.126560] (-) TimerEvent: {}
[5.227461] (-) TimerEvent: {}
[5.328495] (-) TimerEvent: {}
[5.429347] (-) TimerEvent: {}
[5.530336] (-) TimerEvent: {}
[5.599977] (vehicle_core) StdoutLine: {'line': b'-- Using all available rosidl_typesupport_c: rosidl_typesupport_fastrtps_c;rosidl_typesupport_introspection_c\n'}
[5.630557] (-) TimerEvent: {}
[5.731454] (-) TimerEvent: {}
[5.832621] (-) TimerEvent: {}
[5.922079] (vehicle_core) StdoutLine: {'line': b'-- Using all available rosidl_typesupport_cpp: rosidl_typesupport_fastrtps_cpp;rosidl_typesupport_introspection_cpp\n'}
[5.932969] (-) TimerEvent: {}
[5.974007] (vehicle_core) StdoutLine: {'line': b'-- Found PythonInterp: /usr/bin/python3 (found suitable version "3.10.12", minimum required is "3.6") \n'}
[5.979493] (vehicle_core) StdoutLine: {'line': b'-- Found python_cmake_module: 0.10.0 (/opt/ros/humble/share/python_cmake_module/cmake)\n'}
[6.033312] (-) TimerEvent: {}
[6.035562] (vehicle_core) StdoutLine: {'line': b'-- Found PythonLibs: /usr/lib/aarch64-linux-gnu/libpython3.10.so (found suitable version "3.10.12", minimum required is "3.5") \n'}
[6.036543] (vehicle_core) StdoutLine: {'line': b'-- Using PYTHON_EXECUTABLE: /usr/bin/python3\n'}
[6.037385] (vehicle_core) StdoutLine: {'line': b'-- Using PYTHON_INCLUDE_DIRS: /usr/include/python3.10\n'}
[6.038022] (vehicle_core) StdoutLine: {'line': b'-- Using PYTHON_LIBRARIES: /usr/lib/aarch64-linux-gnu/libpython3.10.so\n'}
[6.077531] (vehicle_core) StdoutLine: {'line': b'-- Found PythonExtra: .so  \n'}
[6.133648] (-) TimerEvent: {}
[6.182796] (vehicle_core) StderrLine: {'line': b'\x1b[0mCMake Deprecation Warning at /opt/ros/humble/share/rosidl_cmake/cmake/rosidl_target_interfaces.cmake:32 (message):\n'}
[6.183989] (vehicle_core) StderrLine: {'line': b'  Use rosidl_get_typesupport_target() and target_link_libraries() instead of\n'}
[6.184480] (vehicle_core) StderrLine: {'line': b'  rosidl_target_interfaces()\n'}
[6.184839] (vehicle_core) StderrLine: {'line': b'Call Stack (most recent call first):\n'}
[6.185179] (vehicle_core) StderrLine: {'line': b'  CMakeLists.txt:145 (rosidl_target_interfaces)\n'}
[6.185512] (vehicle_core) StderrLine: {'line': b'\n'}
[6.185836] (vehicle_core) StderrLine: {'line': b'\x1b[0m\n'}
[6.188986] (vehicle_core) StderrLine: {'line': b'\x1b[0mCMake Deprecation Warning at /opt/ros/humble/share/rosidl_cmake/cmake/rosidl_target_interfaces.cmake:32 (message):\n'}
[6.189784] (vehicle_core) StderrLine: {'line': b'  Use rosidl_get_typesupport_target() and target_link_libraries() instead of\n'}
[6.190201] (vehicle_core) StderrLine: {'line': b'  rosidl_target_interfaces()\n'}
[6.190569] (vehicle_core) StderrLine: {'line': b'Call Stack (most recent call first):\n'}
[6.190965] (vehicle_core) StderrLine: {'line': b'  CMakeLists.txt:160 (rosidl_target_interfaces)\n'}
[6.191309] (vehicle_core) StderrLine: {'line': b'\n'}
[6.191957] (vehicle_core) StderrLine: {'line': b'\x1b[0m\n'}
[6.192285] (vehicle_core) StderrLine: {'line': b'\x1b[0mCMake Deprecation Warning at /opt/ros/humble/share/rosidl_cmake/cmake/rosidl_target_interfaces.cmake:32 (message):\n'}
[6.192611] (vehicle_core) StderrLine: {'line': b'  Use rosidl_get_typesupport_target() and target_link_libraries() instead of\n'}
[6.193092] (vehicle_core) StderrLine: {'line': b'  rosidl_target_interfaces()\n'}
[6.193414] (vehicle_core) StderrLine: {'line': b'Call Stack (most recent call first):\n'}
[6.193761] (vehicle_core) StderrLine: {'line': b'  CMakeLists.txt:175 (rosidl_target_interfaces)\n'}
[6.194307] (vehicle_core) StderrLine: {'line': b'\n'}
[6.194631] (vehicle_core) StderrLine: {'line': b'\x1b[0m\n'}
[6.194951] (vehicle_core) StderrLine: {'line': b'\x1b[0mCMake Deprecation Warning at /opt/ros/humble/share/rosidl_cmake/cmake/rosidl_target_interfaces.cmake:32 (message):\n'}
[6.195438] (vehicle_core) StderrLine: {'line': b'  Use rosidl_get_typesupport_target() and target_link_libraries() instead of\n'}
[6.195761] (vehicle_core) StderrLine: {'line': b'  rosidl_target_interfaces()\n'}
[6.196080] (vehicle_core) StderrLine: {'line': b'Call Stack (most recent call first):\n'}
[6.196401] (vehicle_core) StderrLine: {'line': b'  CMakeLists.txt:196 (rosidl_target_interfaces)\n'}
[6.196723] (vehicle_core) StderrLine: {'line': b'\n'}
[6.197086] (vehicle_core) StderrLine: {'line': b'\x1b[0m\n'}
[6.197407] (vehicle_core) StderrLine: {'line': b'\x1b[0mCMake Deprecation Warning at /opt/ros/humble/share/rosidl_cmake/cmake/rosidl_target_interfaces.cmake:32 (message):\n'}
[6.197731] (vehicle_core) StderrLine: {'line': b'  Use rosidl_get_typesupport_target() and target_link_libraries() instead of\n'}
[6.198058] (vehicle_core) StderrLine: {'line': b'  rosidl_target_interfaces()\n'}
[6.198629] (vehicle_core) StderrLine: {'line': b'Call Stack (most recent call first):\n'}
[6.198956] (vehicle_core) StderrLine: {'line': b'  CMakeLists.txt:215 (rosidl_target_interfaces)\n'}
[6.199279] (vehicle_core) StderrLine: {'line': b'\n'}
[6.199598] (vehicle_core) StderrLine: {'line': b'\x1b[0m\n'}
[6.199917] (vehicle_core) StderrLine: {'line': b'\x1b[0mCMake Deprecation Warning at /opt/ros/humble/share/rosidl_cmake/cmake/rosidl_target_interfaces.cmake:32 (message):\n'}
[6.200255] (vehicle_core) StderrLine: {'line': b'  Use rosidl_get_typesupport_target() and target_link_libraries() instead of\n'}
[6.200585] (vehicle_core) StderrLine: {'line': b'  rosidl_target_interfaces()\n'}
[6.200905] (vehicle_core) StderrLine: {'line': b'Call Stack (most recent call first):\n'}
[6.201224] (vehicle_core) StderrLine: {'line': b'  CMakeLists.txt:241 (rosidl_target_interfaces)\n'}
[6.201545] (vehicle_core) StderrLine: {'line': b'\n'}
[6.201868] (vehicle_core) StderrLine: {'line': b'\x1b[0m\n'}
[6.203160] (vehicle_core) StderrLine: {'line': b'\x1b[0mCMake Deprecation Warning at /opt/ros/humble/share/rosidl_cmake/cmake/rosidl_target_interfaces.cmake:32 (message):\n'}
[6.203534] (vehicle_core) StderrLine: {'line': b'  Use rosidl_get_typesupport_target() and target_link_libraries() instead of\n'}
[6.203866] (vehicle_core) StderrLine: {'line': b'  rosidl_target_interfaces()\n'}
[6.204186] (vehicle_core) StderrLine: {'line': b'Call Stack (most recent call first):\n'}
[6.204506] (vehicle_core) StderrLine: {'line': b'  CMakeLists.txt:262 (rosidl_target_interfaces)\n'}
[6.204826] (vehicle_core) StderrLine: {'line': b'\n'}
[6.205143] (vehicle_core) StderrLine: {'line': b'\x1b[0m\n'}
[6.207101] (vehicle_core) StderrLine: {'line': b'\x1b[0mCMake Deprecation Warning at /opt/ros/humble/share/rosidl_cmake/cmake/rosidl_target_interfaces.cmake:32 (message):\n'}
[6.207573] (vehicle_core) StderrLine: {'line': b'  Use rosidl_get_typesupport_target() and target_link_libraries() instead of\n'}
[6.207903] (vehicle_core) StderrLine: {'line': b'  rosidl_target_interfaces()\n'}
[6.208225] (vehicle_core) StderrLine: {'line': b'Call Stack (most recent call first):\n'}
[6.208551] (vehicle_core) StderrLine: {'line': b'  CMakeLists.txt:313 (rosidl_target_interfaces)\n'}
[6.208873] (vehicle_core) StderrLine: {'line': b'\n'}
[6.209192] (vehicle_core) StderrLine: {'line': b'\x1b[0m\n'}
[6.220118] (vehicle_core) StdoutLine: {'line': b'-- Configuring done\n'}
[6.233940] (-) TimerEvent: {}
[6.335294] (-) TimerEvent: {}
[6.415769] (vehicle_core) StdoutLine: {'line': b'-- Generating done\n'}
[6.435678] (-) TimerEvent: {}
[6.474579] (vehicle_core) StdoutLine: {'line': b'-- Build files have been written to: /home/avcpp/AV-CPP2025/Vehicle/build/vehicle_core\n'}
[6.536045] (vehicle_core) CommandEnded: {'returncode': 0}
[6.539166] (-) TimerEvent: {}
[6.539756] (vehicle_core) JobProgress: {'identifier': 'vehicle_core', 'progress': 'build'}
[6.541928] (vehicle_core) Command: {'cmd': ['/usr/bin/cmake', '--build', '/home/avcpp/AV-CPP2025/Vehicle/build/vehicle_core', '--', '-j8', '-l8'], 'cwd': '/home/avcpp/AV-CPP2025/Vehicle/build/vehicle_core', 'env': OrderedDict([('LESSOPEN', '| /usr/bin/lesspipe %s'), ('UMS_MOUNTPOINT', '/mnt/ums'), ('GST_V4L2_PREFERRED_FOURCC', 'NV12:YU12:NV16:YUY2'), ('LANGUAGE', 'en_US.UTF-8'), ('USER', 'avcpp'), ('SSH_CLIENT', '192.168.8.104 55278 22'), ('XDG_SESSION_TYPE', 'tty'), ('SHLVL', '1'), ('USB_FUNCS', 'adb'), ('LD_LIBRARY_PATH', '/opt/ros/humble/opt/rviz_ogre_vendor/lib:/opt/ros/humble/lib/aarch64-linux-gnu:/opt/ros/humble/lib'), ('BROWSER', '/home/avcpp/.vscode-server/cli/servers/Stable-bf9252a2fb45be6893dd8870c0bf37e2e1766d61/server/bin/helpers/browser.sh'), ('MOTD_SHOWN', 'pam'), ('HOME', '/home/avcpp'), ('OLDPWD', '/home/avcpp/AV-CPP2025/Vehicle'), ('TERM_PROGRAM_VERSION', '1.106.3'), ('VSCODE_IPC_HOOK_CLI', '/run/user/1001/vscode-ipc-29a14b5f-27a1-4ba4-a7b1-8866c400ef58.sock'), ('GST_INSPECT_NO_COLORS', '1'), ('GST_MPP_NO_RGA', '1'), ('ROS_PYTHON_VERSION', '3'), ('COGL_DRIVER', 'gles2'), ('SSL_CERT_FILE', '/usr/lib/ssl/certs/ca-certificates.crt'), ('VSCODE_PYTHON_AUTOACTIVATE_GUARD', '1'), ('DBUS_SESSION_BUS_ADDRESS', 'unix:path=/run/user/1001/bus'), ('COLORTERM', 'truecolor'), ('GST_V4L2SRC_MAX_RESOLUTION', '3840x2160'), ('ROS_DISTRO', 'humble'), ('LOGNAME', 'avcpp'), ('_', '/usr/bin/colcon'), ('ROS_VERSION', '2'), ('XDG_SESSION_CLASS', 'user'), ('TERM', 'xterm-256color'), ('GST_GL_API', 'gles2'), ('XDG_SESSION_ID', '5'), ('GST_VIDEO_CONVERT_PREFERRED_FORMAT', 'NV12:NV16:I420:YUY2'), ('GST_V4L2SRC_RK_DEVICES', '_mainpath:_selfpath:_bypass:_scale'), ('ROS_LOCALHOST_ONLY', '0'), ('PATH', '/home/avcpp/.vscode-server/cli/servers/Stable-bf9252a2fb45be6893dd8870c0bf37e2e1766d61/server/bin/remote-cli:/home/avcpp/.local/bin:/opt/ros/humble/bin:/usr/local/sbin:/usr/local/bin:/usr/sbin:/usr/bin:/sbin:/bin:/usr/games:/usr/local/games:/snap/bin'), ('XDG_RUNTIME_DIR', '/run/user/1001'), ('GST_GL_PLATFORM', 'egl'), ('GST_DEBUG_NO_COLOR', '1'), ('SSL_CERT_DIR', '/usr/lib/ssl/certs'), ('GST_V4L2SRC_DEFAULT_DEVICE', '/dev/video-camera0'), ('DISPLAY', ':0'), ('LANG', 'en_US.UTF-8'), ('LS_COLORS', 'rs=0:di=01;34:ln=01;36:mh=00:pi=40;33:so=01;35:do=01;35:bd=40;33;01:cd=40;33;01:or=40;31;01:mi=00:su=37;41:sg=30;43:ca=30;41:tw=30;42:ow=34;42:st=37;44:ex=01;32:*.tar=01;31:*.tgz=01;31:*.arc=01;31:*.arj=01;31:*.taz=01;31:*.lha=01;31:*.lz4=01;31:*.lzh=01;31:*.lzma=01;31:*.tlz=01;31:*.txz=01;31:*.tzo=01;31:*.t7z=01;31:*.zip=01;31:*.z=01;31:*.dz=01;31:*.gz=01;31:*.lrz=01;31:*.lz=01;31:*.lzo=01;31:*.xz=01;31:*.zst=01;31:*.tzst=01;31:*.bz2=01;31:*.bz=01;31:*.tbz=01;31:*.tbz2=01;31:*.tz=01;31:*.deb=01;31:*.rpm=01;31:*.jar=01;31:*.war=01;31:*.ear=01;31:*.sar=01;31:*.rar=01;31:*.alz=01;31:*.ace=01;31:*.zoo=01;31:*.cpio=01;31:*.7z=01;31:*.rz=01;31:*.cab=01;31:*.wim=01;31:*.swm=01;31:*.dwm=01;31:*.esd=01;31:*.jpg=01;35:*.jpeg=01;35:*.mjpg=01;35:*.mjpeg=01;35:*.gif=01;35:*.bmp=01;35:*.pbm=01;35:*.pgm=01;35:*.ppm=01;35:*.tga=01;35:*.xbm=01;35:*.xpm=01;35:*.tif=01;35:*.tiff=01;35:*.png=01;35:*.svg=01;35:*.svgz=01;35:*.mng=01;35:*.pcx=01;35:*.mov=01;35:*.mpg=01;35:*.mpeg=01;35:*.m2v=01;35:*.mkv=01;35:*.webm=01;35:*.webp=01;35:*.ogm=01;35:*.mp4=01;35:*.m4v=01;35:*.mp4v=01;35:*.vob=01;35:*.qt=01;35:*.nuv=01;35:*.wmv=01;35:*.asf=01;35:*.rm=01;35:*.rmvb=01;35:*.flc=01;35:*.avi=01;35:*.fli=01;35:*.flv=01;35:*.gl=01;35:*.dl=01;35:*.xcf=01;35:*.xwd=01;35:*.yuv=01;35:*.cgm=01;35:*.emf=01;35:*.ogv=01;35:*.ogx=01;35:*.aac=00;36:*.au=00;36:*.flac=00;36:*.m4a=00;36:*.mid=00;36:*.midi=00;36:*.mka=00;36:*.mp3=00;36:*.mpc=00;36:*.ogg=00;36:*.ra=00;36:*.wav=00;36:*.oga=00;36:*.opus=00;36:*.spx=00;36:*.xspf=00;36:'), ('TERM_PROGRAM', 'vscode'), ('GST_V4L2_USE_LIBV4L2', '1'), ('UMS_SIZE', '256M'), ('AMENT_PREFIX_PATH', '/opt/ros/humble'), ('LC_MESSAGES', 'en_US.UTF-8'), ('SHELL', '/bin/bash'), ('UMS_RO', '0'), ('LESSCLOSE', '/usr/bin/lesspipe %s %s'), ('UMS_FSTYPE', 'vfat'), ('PWD', '/home/avcpp/AV-CPP2025/Vehicle/build/vehicle_core'), ('LC_ALL', 'en_US.UTF-8'), ('SSH_CONNECTION', '192.168.8.104 55278 192.168.8.176 22'), ('PYTHONPATH', '/opt/ros/humble/lib/python3.10/site-packages:/opt/ros/humble/local/lib/python3.10/dist-packages'), ('UMS_MOUNT', '0'), ('COLCON', '1'), ('UMS_FILE', '/userdata/ums_shared.img'), ('CMAKE_PREFIX_PATH', '/opt/ros/humble')]), 'shell': False}
[6.639630] (-) TimerEvent: {}
[6.725754] (vehicle_core) StdoutLine: {'line': b'[  0%] \x1b[32mBuilding CXX object CMakeFiles/rtsp_streamer_node.dir/src/rtsp_streamer_node.cpp.o\x1b[0m\n'}
[6.729792] (vehicle_core) StdoutLine: {'line': b'[  1%] \x1b[34m\x1b[1mGenerating C code for ROS interfaces\x1b[0m\n'}
[6.731204] (vehicle_core) StdoutLine: {'line': b'[  2%] \x1b[34m\x1b[1mGenerating C++ code for ROS interfaces\x1b[0m\n'}
[6.739889] (-) TimerEvent: {}
[6.763960] (vehicle_core) StdoutLine: {'line': b'[  2%] \x1b[32mBuilding CXX object CMakeFiles/vehicle_core_container.dir/src/vehicle_core_container.cpp.o\x1b[0m\n'}
[6.795531] (vehicle_core) StdoutLine: {'line': b'[  2%] Built target ament_cmake_python_copy_vehicle_core\n'}
[6.840147] (-) TimerEvent: {}
[6.941034] (-) TimerEvent: {}
[7.042230] (-) TimerEvent: {}
[7.143982] (-) TimerEvent: {}
[7.247165] (-) TimerEvent: {}
[7.348622] (-) TimerEvent: {}
[7.387455] (vehicle_core) StdoutLine: {'line': b'running egg_info\n'}
[7.391831] (vehicle_core) StdoutLine: {'line': b'creating vehicle_core.egg-info\n'}
[7.449038] (-) TimerEvent: {}
[7.477915] (vehicle_core) StdoutLine: {'line': b'writing vehicle_core.egg-info/PKG-INFO\n'}
[7.479254] (vehicle_core) StdoutLine: {'line': b'writing dependency_links to vehicle_core.egg-info/dependency_links.txt\n'}
[7.480425] (vehicle_core) StdoutLine: {'line': b'writing top-level names to vehicle_core.egg-info/top_level.txt\n'}
[7.481279] (vehicle_core) StdoutLine: {'line': b"writing manifest file 'vehicle_core.egg-info/SOURCES.txt'\n"}
[7.549431] (-) TimerEvent: {}
[7.650737] (-) TimerEvent: {}
[7.746554] (vehicle_core) StdoutLine: {'line': b"reading manifest file 'vehicle_core.egg-info/SOURCES.txt'\n"}
[7.750035] (vehicle_core) StdoutLine: {'line': b"writing manifest file 'vehicle_core.egg-info/SOURCES.txt'\n"}
[7.750970] (-) TimerEvent: {}
[7.852115] (-) TimerEvent: {}
[7.953425] (-) TimerEvent: {}
[8.054730] (-) TimerEvent: {}
[8.156124] (-) TimerEvent: {}
[8.257599] (-) TimerEvent: {}
[8.328904] (vehicle_core) StdoutLine: {'line': b'[  2%] Built target ament_cmake_python_build_vehicle_core_egg\n'}
[8.357887] (-) TimerEvent: {}
[8.459259] (-) TimerEvent: {}
[8.560636] (-) TimerEvent: {}
[8.661974] (-) TimerEvent: {}
[8.763491] (-) TimerEvent: {}
[8.865067] (-) TimerEvent: {}
[8.966583] (-) TimerEvent: {}
[9.068096] (-) TimerEvent: {}
[9.169450] (-) TimerEvent: {}
[9.273126] (-) TimerEvent: {}
[9.374447] (-) TimerEvent: {}
[9.476933] (-) TimerEvent: {}
[9.577947] (-) TimerEvent: {}
[9.680249] (-) TimerEvent: {}
[9.782610] (-) TimerEvent: {}
[9.883719] (-) TimerEvent: {}
[9.984915] (-) TimerEvent: {}
[10.086155] (-) TimerEvent: {}
[10.188487] (-) TimerEvent: {}
[10.257425] (vehicle_core) StdoutLine: {'line': b'[  2%] \x1b[32mBuilding C object CMakeFiles/vehicle_core__rosidl_generator_c.dir/rosidl_generator_c/vehicle_core/msg/detail/drive_target__functions.c.o\x1b[0m\n'}
[10.283186] (vehicle_core) StdoutLine: {'line': b'[  3%] \x1b[32mBuilding C object CMakeFiles/vehicle_core__rosidl_generator_c.dir/rosidl_generator_c/vehicle_core/msg/detail/internal_drive_command__functions.c.o\x1b[0m\n'}
[10.288604] (-) TimerEvent: {}
[10.351781] (vehicle_core) StdoutLine: {'line': b'[  3%] \x1b[32mBuilding C object CMakeFiles/vehicle_core__rosidl_generator_c.dir/rosidl_generator_c/vehicle_core/msg/detail/manual_drive_command__functions.c.o\x1b[0m\n'}
[10.364241] (vehicle_core) StdoutLine: {'line': b'[  3%] \x1b[32mBuilding C object CMakeFiles/vehicle_core__rosidl_generator_c.dir/rosidl_generator_c/vehicle_core/msg/detail/lights_command__functions.c.o\x1b[0m\n'}
[10.388916] (-) TimerEvent: {}
[10.412367] (vehicle_core) StdoutLine: {'line': b'[  4%] \x1b[32mBuilding C object CMakeFiles/vehicle_core__rosidl_generator_c.dir/rosidl_generator_c/vehicle_core/msg/detail/max_speed__functions.c.o\x1b[0m\n'}
[10.489035] (-) TimerEvent: {}
[10.491267] (vehicle_core) StdoutLine: {'line': b'[  5%] \x1b[32mBuilding C object CMakeFiles/vehicle_core__rosidl_generator_c.dir/rosidl_generator_c/vehicle_core/msg/detail/lights_status__functions.c.o\x1b[0m\n'}
[10.492701] (vehicle_core) StdoutLine: {'line': b'[  5%] \x1b[32mBuilding C object CMakeFiles/vehicle_core__rosidl_generator_c.dir/rosidl_generator_c/vehicle_core/msg/detail/autopilot_command__functions.c.o\x1b[0m\n'}
[10.542814] (vehicle_core) StdoutLine: {'line': b'[  5%] \x1b[32mBuilding C object CMakeFiles/vehicle_core__rosidl_generator_c.dir/rosidl_generator_c/vehicle_core/msg/detail/general_status__functions.c.o\x1b[0m\n'}
[10.572042] (vehicle_core) StdoutLine: {'line': b'[  6%] \x1b[32mBuilding C object CMakeFiles/vehicle_core__rosidl_generator_c.dir/rosidl_generator_c/vehicle_core/msg/detail/drive_status__functions.c.o\x1b[0m\n'}
[10.586446] (vehicle_core) StdoutLine: {'line': b'[  6%] \x1b[32mBuilding C object CMakeFiles/vehicle_core__rosidl_generator_c.dir/rosidl_generator_c/vehicle_core/msg/detail/autopilot_status__functions.c.o\x1b[0m\n'}
[10.589185] (-) TimerEvent: {}
[10.632255] (vehicle_core) StdoutLine: {'line': b'[  6%] \x1b[32mBuilding C object CMakeFiles/vehicle_core__rosidl_generator_c.dir/rosidl_generator_c/vehicle_core/msg/detail/telemetry_data__functions.c.o\x1b[0m\n'}
[10.689638] (-) TimerEvent: {}
[10.723658] (vehicle_core) StdoutLine: {'line': b'[  7%] \x1b[32mBuilding C object CMakeFiles/vehicle_core__rosidl_generator_c.dir/rosidl_generator_c/vehicle_core/msg/detail/error__functions.c.o\x1b[0m\n'}
[10.752541] (vehicle_core) StdoutLine: {'line': b'[  7%] \x1b[32mBuilding C object CMakeFiles/vehicle_core__rosidl_generator_c.dir/rosidl_generator_c/vehicle_core/msg/detail/server_init__functions.c.o\x1b[0m\n'}
[10.763661] (vehicle_core) StdoutLine: {'line': b'[  8%] \x1b[32mBuilding C object CMakeFiles/vehicle_core__rosidl_generator_c.dir/rosidl_generator_c/vehicle_core/msg/detail/autopilot_config__functions.c.o\x1b[0m\n'}
[10.776689] (vehicle_core) StdoutLine: {'line': b'[  8%] \x1b[32mBuilding C object CMakeFiles/vehicle_core__rosidl_generator_c.dir/rosidl_generator_c/vehicle_core/msg/detail/perception_profile__functions.c.o\x1b[0m\n'}
[10.789516] (-) TimerEvent: {}
[10.855405] (vehicle_core) StdoutLine: {'line': b'[  9%] \x1b[32mBuilding C object CMakeFiles/vehicle_core__rosidl_generator_c.dir/rosidl_generator_c/vehicle_core/msg/detail/state_mode__functions.c.o\x1b[0m\n'}
[10.860437] (vehicle_core) StdoutLine: {'line': b'[  9%] \x1b[32mBuilding C object CMakeFiles/vehicle_core__rosidl_generator_c.dir/rosidl_generator_c/vehicle_core/msg/detail/state_event__functions.c.o\x1b[0m\n'}
[10.889828] (-) TimerEvent: {}
[10.954277] (vehicle_core) StdoutLine: {'line': b'[  9%] \x1b[32mBuilding C object CMakeFiles/vehicle_core__rosidl_generator_c.dir/rosidl_generator_c/vehicle_core/msg/detail/imu_status__functions.c.o\x1b[0m\n'}
[10.958650] (vehicle_core) StdoutLine: {'line': b'[ 10%] \x1b[32mBuilding C object CMakeFiles/vehicle_core__rosidl_generator_c.dir/rosidl_generator_c/vehicle_core/msg/detail/drive_feedback__functions.c.o\x1b[0m\n'}
[10.989931] (-) TimerEvent: {}
[11.004362] (vehicle_core) StdoutLine: {'line': b'[ 10%] \x1b[32mBuilding C object CMakeFiles/vehicle_core__rosidl_generator_c.dir/rosidl_generator_c/vehicle_core/srv/detail/request_internal_control__functions.c.o\x1b[0m\n'}
[11.021040] (vehicle_core) StdoutLine: {'line': b'[ 11%] \x1b[32mBuilding C object CMakeFiles/vehicle_core__rosidl_generator_c.dir/rosidl_generator_c/vehicle_core/srv/detail/release_internal_control__functions.c.o\x1b[0m\n'}
[11.063961] (vehicle_core) StdoutLine: {'line': b'[ 11%] \x1b[32mBuilding C object CMakeFiles/vehicle_core__rosidl_generator_c.dir/rosidl_generator_c/vehicle_core/srv/detail/set_autopilot_profile__functions.c.o\x1b[0m\n'}
[11.090081] (-) TimerEvent: {}
[11.190585] (-) TimerEvent: {}
[11.291585] (-) TimerEvent: {}
[11.339971] (vehicle_core) StdoutLine: {'line': b'[ 12%] \x1b[32m\x1b[1mLinking C shared library libvehicle_core__rosidl_generator_c.so\x1b[0m\n'}
[11.341376] (vehicle_core) StdoutLine: {'line': b'[ 12%] Built target vehicle_core__cpp\n'}
[11.360086] (vehicle_core) StdoutLine: {'line': b'[ 13%] \x1b[34m\x1b[1mGenerating C++ introspection for ROS interfaces\x1b[0m\n'}
[11.376028] (vehicle_core) StdoutLine: {'line': b'[ 14%] \x1b[34m\x1b[1mGenerating C++ type support dispatch for ROS interfaces\x1b[0m\n'}
[11.378120] (vehicle_core) StdoutLine: {'line': b'[ 15%] \x1b[34m\x1b[1mGenerating C++ type support for eProsima Fast-RTPS\x1b[0m\n'}
[11.391900] (-) TimerEvent: {}
[11.475567] (vehicle_core) StdoutLine: {'line': b'[ 15%] Built target vehicle_core__rosidl_generator_c\n'}
[11.492011] (-) TimerEvent: {}
[11.516665] (vehicle_core) StdoutLine: {'line': b'[ 15%] \x1b[34m\x1b[1mGenerating C introspection for ROS interfaces\x1b[0m\n'}
[11.519051] (vehicle_core) StdoutLine: {'line': b'[ 15%] \x1b[34m\x1b[1mGenerating C type support for eProsima Fast-RTPS\x1b[0m\n'}
[11.523945] (vehicle_core) StdoutLine: {'line': b'[ 15%] \x1b[34m\x1b[1mGenerating C type support dispatch for ROS interfaces\x1b[0m\n'}
[11.592143] (-) TimerEvent: {}
[11.693011] (-) TimerEvent: {}
[11.793973] (-) TimerEvent: {}
[11.894913] (-) TimerEvent: {}
[11.995341] (-) TimerEvent: {}
[12.095760] (-) TimerEvent: {}
[12.196617] (-) TimerEvent: {}
[12.297406] (-) TimerEvent: {}
[12.398186] (-) TimerEvent: {}
[12.499067] (-) TimerEvent: {}
[12.599978] (-) TimerEvent: {}
[12.700792] (-) TimerEvent: {}
[12.743172] (vehicle_core) StdoutLine: {'line': b'[ 16%] \x1b[32m\x1b[1mLinking CXX executable vehicle_core_container\x1b[0m\n'}
[12.800914] (-) TimerEvent: {}
[12.901333] (-) TimerEvent: {}
[13.001744] (-) TimerEvent: {}
[13.102148] (-) TimerEvent: {}
[13.202548] (-) TimerEvent: {}
[13.302962] (-) TimerEvent: {}
[13.403405] (-) TimerEvent: {}
[13.478915] (vehicle_core) StdoutLine: {'line': b'[ 16%] Built target vehicle_core_container\n'}
[13.503554] (-) TimerEvent: {}
[13.603978] (-) TimerEvent: {}
[13.704447] (-) TimerEvent: {}
[13.804886] (-) TimerEvent: {}
[13.905537] (-) TimerEvent: {}
[14.005961] (-) TimerEvent: {}
[14.106395] (-) TimerEvent: {}
[14.207050] (-) TimerEvent: {}
[14.307503] (-) TimerEvent: {}
[14.369356] (vehicle_core) StdoutLine: {'line': b'[ 17%] \x1b[32mBuilding CXX object CMakeFiles/vehicle_core__rosidl_typesupport_c.dir/rosidl_typesupport_c/vehicle_core/msg/drive_target__type_support.cpp.o\x1b[0m\n'}
[14.381028] (vehicle_core) StdoutLine: {'line': b'[ 17%] \x1b[32mBuilding C object CMakeFiles/vehicle_core__rosidl_typesupport_introspection_c.dir/rosidl_typesupport_introspection_c/vehicle_core/msg/detail/internal_drive_command__type_support.c.o\x1b[0m\n'}
[14.395670] (vehicle_core) StdoutLine: {'line': b'[ 18%] \x1b[32mBuilding C object CMakeFiles/vehicle_core__rosidl_typesupport_introspection_c.dir/rosidl_typesupport_introspection_c/vehicle_core/msg/detail/drive_target__type_support.c.o\x1b[0m\n'}
[14.407632] (-) TimerEvent: {}
[14.508384] (-) TimerEvent: {}
[14.517981] (vehicle_core) StdoutLine: {'line': b'[ 18%] \x1b[32mBuilding C object CMakeFiles/vehicle_core__rosidl_typesupport_introspection_c.dir/rosidl_typesupport_introspection_c/vehicle_core/msg/detail/manual_drive_command__type_support.c.o\x1b[0m\n'}
[14.518352] (vehicle_core) StdoutLine: {'line': b'[ 18%] \x1b[32mBuilding CXX object CMakeFiles/vehicle_core__rosidl_typesupport_c.dir/rosidl_typesupport_c/vehicle_core/msg/internal_drive_command__type_support.cpp.o\x1b[0m\n'}
[14.542370] (vehicle_core) StdoutLine: {'line': b'[ 19%] \x1b[32mBuilding CXX object CMakeFiles/vehicle_core__rosidl_typesupport_c.dir/rosidl_typesupport_c/vehicle_core/msg/manual_drive_command__type_support.cpp.o\x1b[0m\n'}
[14.608537] (-) TimerEvent: {}
[14.654128] (vehicle_core) StdoutLine: {'line': b'[ 20%] \x1b[32mBuilding C object CMakeFiles/vehicle_core__rosidl_typesupport_introspection_c.dir/rosidl_typesupport_introspection_c/vehicle_core/msg/detail/lights_command__type_support.c.o\x1b[0m\n'}
[14.674138] (vehicle_core) StdoutLine: {'line': b'[ 20%] \x1b[32mBuilding CXX object CMakeFiles/vehicle_core__rosidl_typesupport_c.dir/rosidl_typesupport_c/vehicle_core/msg/lights_command__type_support.cpp.o\x1b[0m\n'}
[14.703495] (vehicle_core) StdoutLine: {'line': b'[ 21%] \x1b[32mBuilding C object CMakeFiles/vehicle_core__rosidl_typesupport_introspection_c.dir/rosidl_typesupport_introspection_c/vehicle_core/msg/detail/autopilot_command__type_support.c.o\x1b[0m\n'}
[14.707693] (vehicle_core) StdoutLine: {'line': b'[ 21%] \x1b[32mBuilding C object CMakeFiles/vehicle_core__rosidl_typesupport_introspection_c.dir/rosidl_typesupport_introspection_c/vehicle_core/msg/detail/max_speed__type_support.c.o\x1b[0m\n'}
[14.708641] (-) TimerEvent: {}
[14.768933] (vehicle_core) StdoutLine: {'line': b'[ 21%] \x1b[32mBuilding CXX object CMakeFiles/vehicle_core__rosidl_typesupport_c.dir/rosidl_typesupport_c/vehicle_core/msg/max_speed__type_support.cpp.o\x1b[0m\n'}
[14.808965] (-) TimerEvent: {}
[14.849161] (vehicle_core) StdoutLine: {'line': b'[ 21%] \x1b[32mBuilding C object CMakeFiles/vehicle_core__rosidl_typesupport_introspection_c.dir/rosidl_typesupport_introspection_c/vehicle_core/msg/detail/lights_status__type_support.c.o\x1b[0m\n'}
[14.876471] (vehicle_core) StdoutLine: {'line': b'[ 22%] \x1b[32mBuilding CXX object CMakeFiles/vehicle_core__rosidl_typesupport_c.dir/rosidl_typesupport_c/vehicle_core/msg/autopilot_command__type_support.cpp.o\x1b[0m\n'}
[14.902130] (vehicle_core) StdoutLine: {'line': b'[ 23%] \x1b[32mBuilding C object CMakeFiles/vehicle_core__rosidl_typesupport_introspection_c.dir/rosidl_typesupport_introspection_c/vehicle_core/msg/detail/general_status__type_support.c.o\x1b[0m\n'}
[14.909236] (-) TimerEvent: {}
[14.910561] (vehicle_core) StdoutLine: {'line': b'[ 23%] \x1b[32mBuilding C object CMakeFiles/vehicle_core__rosidl_typesupport_introspection_c.dir/rosidl_typesupport_introspection_c/vehicle_core/msg/detail/drive_status__type_support.c.o\x1b[0m\n'}
[14.973337] (vehicle_core) StdoutLine: {'line': b'[ 23%] \x1b[32mBuilding C object CMakeFiles/vehicle_core__rosidl_typesupport_introspection_c.dir/rosidl_typesupport_introspection_c/vehicle_core/msg/detail/telemetry_data__type_support.c.o\x1b[0m\n'}
[14.981478] (vehicle_core) StdoutLine: {'line': b'[ 24%] \x1b[32mBuilding C object CMakeFiles/vehicle_core__rosidl_typesupport_introspection_c.dir/rosidl_typesupport_introspection_c/vehicle_core/msg/detail/autopilot_status__type_support.c.o\x1b[0m\n'}
[15.001175] (vehicle_core) StdoutLine: {'line': b'[ 24%] \x1b[32mBuilding CXX object CMakeFiles/vehicle_core__rosidl_typesupport_c.dir/rosidl_typesupport_c/vehicle_core/msg/lights_status__type_support.cpp.o\x1b[0m\n'}
[15.009341] (-) TimerEvent: {}
[15.021747] (vehicle_core) StdoutLine: {'line': b'[ 24%] \x1b[32mBuilding C object CMakeFiles/vehicle_core__rosidl_typesupport_introspection_c.dir/rosidl_typesupport_introspection_c/vehicle_core/msg/detail/error__type_support.c.o\x1b[0m\n'}
[15.072010] (vehicle_core) StdoutLine: {'line': b'[ 25%] \x1b[32mBuilding CXX object CMakeFiles/vehicle_core__rosidl_typesupport_fastrtps_c.dir/rosidl_typesupport_fastrtps_c/vehicle_core/msg/detail/drive_target__type_support_c.cpp.o\x1b[0m\n'}
[15.080586] (vehicle_core) StdoutLine: {'line': b'[ 25%] \x1b[32mBuilding CXX object CMakeFiles/vehicle_core__rosidl_typesupport_introspection_cpp.dir/rosidl_typesupport_introspection_cpp/vehicle_core/msg/detail/drive_target__type_support.cpp.o\x1b[0m\n'}
[15.098058] (vehicle_core) StdoutLine: {'line': b'[ 25%] \x1b[32mBuilding CXX object CMakeFiles/vehicle_core__rosidl_typesupport_fastrtps_c.dir/rosidl_typesupport_fastrtps_c/vehicle_core/msg/detail/internal_drive_command__type_support_c.cpp.o\x1b[0m\n'}
[15.109483] (-) TimerEvent: {}
[15.144804] (vehicle_core) StdoutLine: {'line': b'[ 26%] \x1b[32mBuilding C object CMakeFiles/vehicle_core__rosidl_typesupport_introspection_c.dir/rosidl_typesupport_introspection_c/vehicle_core/msg/detail/server_init__type_support.c.o\x1b[0m\n'}
[15.151366] (vehicle_core) StdoutLine: {'line': b'[ 26%] \x1b[32mBuilding CXX object CMakeFiles/vehicle_core__rosidl_typesupport_cpp.dir/rosidl_typesupport_cpp/vehicle_core/msg/drive_target__type_support.cpp.o\x1b[0m\n'}
[15.159973] (vehicle_core) StdoutLine: {'line': b'[ 27%] \x1b[32mBuilding CXX object CMakeFiles/vehicle_core__rosidl_typesupport_c.dir/rosidl_typesupport_c/vehicle_core/msg/general_status__type_support.cpp.o\x1b[0m\n'}
[15.209656] (-) TimerEvent: {}
[15.302588] (vehicle_core) StdoutLine: {'line': b'[ 27%] \x1b[32mBuilding C object CMakeFiles/vehicle_core__rosidl_typesupport_introspection_c.dir/rosidl_typesupport_introspection_c/vehicle_core/msg/detail/autopilot_config__type_support.c.o\x1b[0m\n'}
[15.309813] (-) TimerEvent: {}
[15.319116] (vehicle_core) StdoutLine: {'line': b'[ 27%] \x1b[32mBuilding CXX object CMakeFiles/vehicle_core__rosidl_typesupport_c.dir/rosidl_typesupport_c/vehicle_core/msg/drive_status__type_support.cpp.o\x1b[0m\n'}
[15.409984] (-) TimerEvent: {}
[15.415524] (vehicle_core) StdoutLine: {'line': b'[ 28%] \x1b[32mBuilding CXX object CMakeFiles/vehicle_core__rosidl_typesupport_c.dir/rosidl_typesupport_c/vehicle_core/msg/autopilot_status__type_support.cpp.o\x1b[0m\n'}
[15.472954] (vehicle_core) StdoutLine: {'line': b'[ 29%] \x1b[32mBuilding C object CMakeFiles/vehicle_core__rosidl_typesupport_introspection_c.dir/rosidl_typesupport_introspection_c/vehicle_core/msg/detail/perception_profile__type_support.c.o\x1b[0m\n'}
[15.505128] (vehicle_core) StdoutLine: {'line': b'[ 29%] \x1b[32mBuilding CXX object CMakeFiles/vehicle_core__rosidl_typesupport_c.dir/rosidl_typesupport_c/vehicle_core/msg/telemetry_data__type_support.cpp.o\x1b[0m\n'}
[15.510138] (-) TimerEvent: {}
[15.543127] (vehicle_core) StdoutLine: {'line': b'[ 29%] \x1b[32mBuilding C object CMakeFiles/vehicle_core__rosidl_typesupport_introspection_c.dir/rosidl_typesupport_introspection_c/vehicle_core/msg/detail/state_mode__type_support.c.o\x1b[0m\n'}
[15.604202] (vehicle_core) StdoutLine: {'line': b'[ 30%] \x1b[32mBuilding C object CMakeFiles/vehicle_core__rosidl_typesupport_introspection_c.dir/rosidl_typesupport_introspection_c/vehicle_core/msg/detail/state_event__type_support.c.o\x1b[0m\n'}
[15.607381] (vehicle_core) StdoutLine: {'line': b'[ 31%] \x1b[32mBuilding CXX object CMakeFiles/vehicle_core__rosidl_typesupport_fastrtps_c.dir/rosidl_typesupport_fastrtps_c/vehicle_core/msg/detail/manual_drive_command__type_support_c.cpp.o\x1b[0m\n'}
[15.610380] (-) TimerEvent: {}
[15.632000] (vehicle_core) StdoutLine: {'line': b'[ 32%] \x1b[32mBuilding CXX object CMakeFiles/vehicle_core__rosidl_typesupport_c.dir/rosidl_typesupport_c/vehicle_core/msg/error__type_support.cpp.o\x1b[0m\n'}
[15.666394] (vehicle_core) StdoutLine: {'line': b'[ 32%] \x1b[32mBuilding C object CMakeFiles/vehicle_core__rosidl_typesupport_introspection_c.dir/rosidl_typesupport_introspection_c/vehicle_core/msg/detail/drive_feedback__type_support.c.o\x1b[0m\n'}
[15.711497] (-) TimerEvent: {}
[15.718844] (vehicle_core) StdoutLine: {'line': b'[ 32%] \x1b[32mBuilding CXX object CMakeFiles/vehicle_core__rosidl_typesupport_introspection_cpp.dir/rosidl_typesupport_introspection_cpp/vehicle_core/msg/detail/internal_drive_command__type_support.cpp.o\x1b[0m\n'}
[15.748966] (vehicle_core) StdoutLine: {'line': b'[ 32%] \x1b[32mBuilding CXX object CMakeFiles/vehicle_core__rosidl_typesupport_c.dir/rosidl_typesupport_c/vehicle_core/msg/server_init__type_support.cpp.o\x1b[0m\n'}
[15.756200] (vehicle_core) StdoutLine: {'line': b'[ 32%] \x1b[32mBuilding C object CMakeFiles/vehicle_core__rosidl_typesupport_introspection_c.dir/rosidl_typesupport_introspection_c/vehicle_core/msg/detail/imu_status__type_support.c.o\x1b[0m\n'}
[15.809069] (vehicle_core) StdoutLine: {'line': b'[ 32%] \x1b[32mBuilding CXX object CMakeFiles/vehicle_core__rosidl_typesupport_fastrtps_cpp.dir/rosidl_typesupport_fastrtps_cpp/vehicle_core/msg/detail/dds_fastrtps/drive_target__type_support.cpp.o\x1b[0m\n'}
[15.811636] (-) TimerEvent: {}
[15.873990] (vehicle_core) StdoutLine: {'line': b'[ 33%] \x1b[32mBuilding C object CMakeFiles/vehicle_core__rosidl_typesupport_introspection_c.dir/rosidl_typesupport_introspection_c/vehicle_core/srv/detail/request_internal_control__type_support.c.o\x1b[0m\n'}
[15.911784] (-) TimerEvent: {}
[15.926755] (vehicle_core) StdoutLine: {'line': b'[ 33%] \x1b[32mBuilding CXX object CMakeFiles/vehicle_core__rosidl_typesupport_c.dir/rosidl_typesupport_c/vehicle_core/msg/autopilot_config__type_support.cpp.o\x1b[0m\n'}
[16.011935] (-) TimerEvent: {}
[16.033849] (vehicle_core) StdoutLine: {'line': b'[ 34%] \x1b[32mBuilding CXX object CMakeFiles/vehicle_core__rosidl_typesupport_c.dir/rosidl_typesupport_c/vehicle_core/msg/perception_profile__type_support.cpp.o\x1b[0m\n'}
[16.062521] (vehicle_core) StdoutLine: {'line': b'[ 34%] \x1b[32mBuilding C object CMakeFiles/vehicle_core__rosidl_typesupport_introspection_c.dir/rosidl_typesupport_introspection_c/vehicle_core/srv/detail/release_internal_control__type_support.c.o\x1b[0m\n'}
[16.112074] (-) TimerEvent: {}
[16.143648] (vehicle_core) StdoutLine: {'line': b'[ 34%] \x1b[32mBuilding CXX object CMakeFiles/vehicle_core__rosidl_typesupport_fastrtps_c.dir/rosidl_typesupport_fastrtps_c/vehicle_core/msg/detail/lights_command__type_support_c.cpp.o\x1b[0m\n'}
[16.158361] (vehicle_core) StdoutLine: {'line': b'[ 34%] \x1b[32mBuilding CXX object CMakeFiles/vehicle_core__rosidl_typesupport_c.dir/rosidl_typesupport_c/vehicle_core/msg/state_mode__type_support.cpp.o\x1b[0m\n'}
[16.202731] (vehicle_core) StdoutLine: {'line': b'[ 36%] \x1b[32mBuilding CXX object CMakeFiles/vehicle_core__rosidl_typesupport_c.dir/rosidl_typesupport_c/vehicle_core/msg/state_event__type_support.cpp.o\x1b[0m\n'}
[16.203093] (vehicle_core) StdoutLine: {'line': b'[ 36%] \x1b[32mBuilding C object CMakeFiles/vehicle_core__rosidl_typesupport_introspection_c.dir/rosidl_typesupport_introspection_c/vehicle_core/srv/detail/set_autopilot_profile__type_support.c.o\x1b[0m\n'}
[16.212214] (-) TimerEvent: {}
[16.276498] (vehicle_core) StdoutLine: {'line': b'[ 36%] \x1b[32mBuilding CXX object CMakeFiles/vehicle_core__rosidl_typesupport_c.dir/rosidl_typesupport_c/vehicle_core/msg/drive_feedback__type_support.cpp.o\x1b[0m\n'}
[16.287613] (vehicle_core) StdoutLine: {'line': b'[ 36%] \x1b[32m\x1b[1mLinking C shared library libvehicle_core__rosidl_typesupport_introspection_c.so\x1b[0m\n'}
[16.312364] (-) TimerEvent: {}
[16.341550] (vehicle_core) StdoutLine: {'line': b'[ 37%] \x1b[32mBuilding CXX object CMakeFiles/vehicle_core__rosidl_typesupport_c.dir/rosidl_typesupport_c/vehicle_core/msg/imu_status__type_support.cpp.o\x1b[0m\n'}
[16.385213] (vehicle_core) StdoutLine: {'line': b'[ 37%] \x1b[32mBuilding CXX object CMakeFiles/vehicle_core__rosidl_typesupport_c.dir/rosidl_typesupport_c/vehicle_core/srv/request_internal_control__type_support.cpp.o\x1b[0m\n'}
[16.398823] (vehicle_core) StdoutLine: {'line': b'[ 38%] \x1b[32mBuilding CXX object CMakeFiles/vehicle_core__rosidl_typesupport_introspection_cpp.dir/rosidl_typesupport_introspection_cpp/vehicle_core/msg/detail/manual_drive_command__type_support.cpp.o\x1b[0m\n'}
[16.412523] (-) TimerEvent: {}
[16.427618] (vehicle_core) StdoutLine: {'line': b'[ 38%] Built target vehicle_core__rosidl_typesupport_introspection_c\n'}
[16.444256] (vehicle_core) StdoutLine: {'line': b'[ 38%] \x1b[32mBuilding CXX object CMakeFiles/vehicle_core__rosidl_typesupport_introspection_cpp.dir/rosidl_typesupport_introspection_cpp/vehicle_core/msg/detail/lights_command__type_support.cpp.o\x1b[0m\n'}
[16.480709] (vehicle_core) StdoutLine: {'line': b'[ 38%] \x1b[32mBuilding CXX object CMakeFiles/vehicle_core__rosidl_typesupport_c.dir/rosidl_typesupport_c/vehicle_core/srv/release_internal_control__type_support.cpp.o\x1b[0m\n'}
[16.512671] (-) TimerEvent: {}
[16.531116] (vehicle_core) StdoutLine: {'line': b'[ 39%] \x1b[32mBuilding CXX object CMakeFiles/vehicle_core__rosidl_typesupport_cpp.dir/rosidl_typesupport_cpp/vehicle_core/msg/internal_drive_command__type_support.cpp.o\x1b[0m\n'}
[16.612819] (-) TimerEvent: {}
[16.621069] (vehicle_core) StdoutLine: {'line': b'[ 40%] \x1b[32mBuilding CXX object CMakeFiles/vehicle_core__rosidl_typesupport_c.dir/rosidl_typesupport_c/vehicle_core/srv/set_autopilot_profile__type_support.cpp.o\x1b[0m\n'}
[16.713084] (-) TimerEvent: {}
[16.762152] (vehicle_core) StdoutLine: {'line': b'[ 40%] \x1b[32m\x1b[1mLinking CXX shared library libvehicle_core__rosidl_typesupport_c.so\x1b[0m\n'}
[16.767878] (vehicle_core) StdoutLine: {'line': b'[ 41%] \x1b[32mBuilding CXX object CMakeFiles/vehicle_core__rosidl_typesupport_introspection_cpp.dir/rosidl_typesupport_introspection_cpp/vehicle_core/msg/detail/max_speed__type_support.cpp.o\x1b[0m\n'}
[16.813231] (-) TimerEvent: {}
[16.913737] (-) TimerEvent: {}
[17.001052] (vehicle_core) StdoutLine: {'line': b'[ 41%] Built target vehicle_core__rosidl_typesupport_c\n'}
[17.013885] (-) TimerEvent: {}
[17.061946] (vehicle_core) StdoutLine: {'line': b'[ 41%] \x1b[32mBuilding CXX object CMakeFiles/vehicle_core__rosidl_typesupport_introspection_cpp.dir/rosidl_typesupport_introspection_cpp/vehicle_core/msg/detail/autopilot_command__type_support.cpp.o\x1b[0m\n'}
[17.063661] (vehicle_core) StdoutLine: {'line': b'[ 42%] \x1b[32mBuilding CXX object CMakeFiles/vehicle_core__rosidl_typesupport_introspection_cpp.dir/rosidl_typesupport_introspection_cpp/vehicle_core/msg/detail/lights_status__type_support.cpp.o\x1b[0m\n'}
[17.110041] (vehicle_core) StdoutLine: {'line': b'[ 42%] \x1b[32mBuilding CXX object CMakeFiles/vehicle_core__rosidl_typesupport_introspection_cpp.dir/rosidl_typesupport_introspection_cpp/vehicle_core/msg/detail/general_status__type_support.cpp.o\x1b[0m\n'}
[17.114025] (-) TimerEvent: {}
[17.215031] (-) TimerEvent: {}
[17.316034] (-) TimerEvent: {}
[17.416938] (-) TimerEvent: {}
[17.517845] (-) TimerEvent: {}
[17.618785] (-) TimerEvent: {}
[17.666054] (vehicle_core) StdoutLine: {'line': b'[ 42%] \x1b[32mBuilding CXX object CMakeFiles/vehicle_core__rosidl_typesupport_introspection_cpp.dir/rosidl_typesupport_introspection_cpp/vehicle_core/msg/detail/drive_status__type_support.cpp.o\x1b[0m\n'}
[17.703905] (vehicle_core) StdoutLine: {'line': b'[ 42%] \x1b[32mBuilding CXX object CMakeFiles/vehicle_core__rosidl_typesupport_fastrtps_c.dir/rosidl_typesupport_fastrtps_c/vehicle_core/msg/detail/max_speed__type_support_c.cpp.o\x1b[0m\n'}
[17.718943] (-) TimerEvent: {}
[17.727033] (vehicle_core) StdoutLine: {'line': b'[ 42%] \x1b[32mBuilding CXX object CMakeFiles/vehicle_core__rosidl_typesupport_fastrtps_cpp.dir/rosidl_typesupport_fastrtps_cpp/vehicle_core/msg/detail/dds_fastrtps/internal_drive_command__type_support.cpp.o\x1b[0m\n'}
[17.819091] (-) TimerEvent: {}
[17.849541] (vehicle_core) StdoutLine: {'line': b'[ 42%] \x1b[32mBuilding CXX object CMakeFiles/vehicle_core__rosidl_typesupport_cpp.dir/rosidl_typesupport_cpp/vehicle_core/msg/manual_drive_command__type_support.cpp.o\x1b[0m\n'}
[17.851629] (vehicle_core) StdoutLine: {'line': b'[ 43%] \x1b[32mBuilding CXX object CMakeFiles/vehicle_core__rosidl_typesupport_introspection_cpp.dir/rosidl_typesupport_introspection_cpp/vehicle_core/msg/detail/autopilot_status__type_support.cpp.o\x1b[0m\n'}
[17.860992] (vehicle_core) StdoutLine: {'line': b'[ 44%] \x1b[32mBuilding CXX object CMakeFiles/vehicle_core__rosidl_typesupport_fastrtps_c.dir/rosidl_typesupport_fastrtps_c/vehicle_core/msg/detail/autopilot_command__type_support_c.cpp.o\x1b[0m\n'}
[17.919238] (-) TimerEvent: {}
[18.020089] (-) TimerEvent: {}
[18.120982] (-) TimerEvent: {}
[18.221905] (-) TimerEvent: {}
[18.241595] (vehicle_core) StdoutLine: {'line': b'[ 44%] \x1b[32mBuilding CXX object CMakeFiles/vehicle_core__rosidl_typesupport_cpp.dir/rosidl_typesupport_cpp/vehicle_core/msg/lights_command__type_support.cpp.o\x1b[0m\n'}
[18.317074] (vehicle_core) StdoutLine: {'line': b'[ 44%] \x1b[32mBuilding CXX object CMakeFiles/vehicle_core__rosidl_typesupport_introspection_cpp.dir/rosidl_typesupport_introspection_cpp/vehicle_core/msg/detail/telemetry_data__type_support.cpp.o\x1b[0m\n'}
[18.322061] (-) TimerEvent: {}
[18.422556] (-) TimerEvent: {}
[18.523042] (-) TimerEvent: {}
[18.623555] (-) TimerEvent: {}
[18.724514] (-) TimerEvent: {}
[18.791763] (vehicle_core) StdoutLine: {'line': b'[ 45%] \x1b[32mBuilding CXX object CMakeFiles/vehicle_core__rosidl_typesupport_introspection_cpp.dir/rosidl_typesupport_introspection_cpp/vehicle_core/msg/detail/error__type_support.cpp.o\x1b[0m\n'}
[18.803475] (vehicle_core) StdoutLine: {'line': b'[ 45%] \x1b[32mBuilding CXX object CMakeFiles/vehicle_core__rosidl_typesupport_fastrtps_c.dir/rosidl_typesupport_fastrtps_c/vehicle_core/msg/detail/lights_status__type_support_c.cpp.o\x1b[0m\n'}
[18.805477] (vehicle_core) StdoutLine: {'line': b'[ 46%] \x1b[32mBuilding CXX object CMakeFiles/vehicle_core__rosidl_typesupport_cpp.dir/rosidl_typesupport_cpp/vehicle_core/msg/max_speed__type_support.cpp.o\x1b[0m\n'}
[18.824683] (-) TimerEvent: {}
[18.925191] (-) TimerEvent: {}
[18.960463] (vehicle_core) StdoutLine: {'line': b'[ 46%] \x1b[32mBuilding CXX object CMakeFiles/vehicle_core__rosidl_typesupport_introspection_cpp.dir/rosidl_typesupport_introspection_cpp/vehicle_core/msg/detail/server_init__type_support.cpp.o\x1b[0m\n'}
[19.025400] (-) TimerEvent: {}
[19.125967] (-) TimerEvent: {}
[19.196638] (vehicle_core) StdoutLine: {'line': b'[ 46%] \x1b[32mBuilding CXX object CMakeFiles/vehicle_core__rosidl_typesupport_cpp.dir/rosidl_typesupport_cpp/vehicle_core/msg/autopilot_command__type_support.cpp.o\x1b[0m\n'}
[19.226139] (-) TimerEvent: {}
[19.251013] (vehicle_core) StdoutLine: {'line': b'[ 47%] \x1b[32mBuilding CXX object CMakeFiles/vehicle_core__rosidl_typesupport_fastrtps_c.dir/rosidl_typesupport_fastrtps_c/vehicle_core/msg/detail/general_status__type_support_c.cpp.o\x1b[0m\n'}
[19.326298] (-) TimerEvent: {}
[19.389902] (vehicle_core) StdoutLine: {'line': b'[ 48%] \x1b[32mBuilding CXX object CMakeFiles/vehicle_core__rosidl_typesupport_introspection_cpp.dir/rosidl_typesupport_introspection_cpp/vehicle_core/msg/detail/autopilot_config__type_support.cpp.o\x1b[0m\n'}
[19.426452] (-) TimerEvent: {}
[19.527008] (-) TimerEvent: {}
[19.627520] (-) TimerEvent: {}
[19.643353] (vehicle_core) StdoutLine: {'line': b'[ 49%] \x1b[32mBuilding CXX object CMakeFiles/vehicle_core__rosidl_typesupport_cpp.dir/rosidl_typesupport_cpp/vehicle_core/msg/lights_status__type_support.cpp.o\x1b[0m\n'}
[19.645186] (vehicle_core) StdoutLine: {'line': b'[ 49%] \x1b[32mBuilding CXX object CMakeFiles/vehicle_core__rosidl_typesupport_introspection_cpp.dir/rosidl_typesupport_introspection_cpp/vehicle_core/msg/detail/perception_profile__type_support.cpp.o\x1b[0m\n'}
[19.715509] (vehicle_core) StdoutLine: {'line': b'[ 50%] \x1b[32mBuilding CXX object CMakeFiles/vehicle_core__rosidl_typesupport_fastrtps_cpp.dir/rosidl_typesupport_fastrtps_cpp/vehicle_core/msg/detail/dds_fastrtps/manual_drive_command__type_support.cpp.o\x1b[0m\n'}
[19.727671] (-) TimerEvent: {}
[19.728264] (vehicle_core) StdoutLine: {'line': b'[ 50%] \x1b[32mBuilding CXX object CMakeFiles/vehicle_core__rosidl_typesupport_fastrtps_c.dir/rosidl_typesupport_fastrtps_c/vehicle_core/msg/detail/drive_status__type_support_c.cpp.o\x1b[0m\n'}
[19.827810] (-) TimerEvent: {}
[19.886883] (vehicle_core) StdoutLine: {'line': b'[ 50%] \x1b[32mBuilding CXX object CMakeFiles/vehicle_core__rosidl_typesupport_cpp.dir/rosidl_typesupport_cpp/vehicle_core/msg/general_status__type_support.cpp.o\x1b[0m\n'}
[19.927957] (-) TimerEvent: {}
[20.028920] (-) TimerEvent: {}
[20.063064] (vehicle_core) StdoutLine: {'line': b'[ 51%] \x1b[32mBuilding CXX object CMakeFiles/vehicle_core__rosidl_typesupport_cpp.dir/rosidl_typesupport_cpp/vehicle_core/msg/drive_status__type_support.cpp.o\x1b[0m\n'}
[20.129101] (-) TimerEvent: {}
[20.230017] (-) TimerEvent: {}
[20.330921] (-) TimerEvent: {}
[20.385719] (vehicle_core) StdoutLine: {'line': b'[ 52%] \x1b[32mBuilding CXX object CMakeFiles/vehicle_core__rosidl_typesupport_introspection_cpp.dir/rosidl_typesupport_introspection_cpp/vehicle_core/msg/detail/state_mode__type_support.cpp.o\x1b[0m\n'}
[20.431071] (-) TimerEvent: {}
[20.517253] (vehicle_core) StdoutLine: {'line': b'[ 52%] \x1b[32mBuilding CXX object CMakeFiles/vehicle_core__rosidl_typesupport_fastrtps_cpp.dir/rosidl_typesupport_fastrtps_cpp/vehicle_core/msg/detail/dds_fastrtps/lights_command__type_support.cpp.o\x1b[0m\n'}
[20.531205] (-) TimerEvent: {}
[20.533584] (vehicle_core) StdoutLine: {'line': b'[ 52%] \x1b[32mBuilding CXX object CMakeFiles/vehicle_core__rosidl_typesupport_cpp.dir/rosidl_typesupport_cpp/vehicle_core/msg/autopilot_status__type_support.cpp.o\x1b[0m\n'}
[20.631353] (-) TimerEvent: {}
[20.707428] (vehicle_core) StdoutLine: {'line': b'[ 53%] \x1b[32mBuilding CXX object CMakeFiles/vehicle_core__rosidl_typesupport_cpp.dir/rosidl_typesupport_cpp/vehicle_core/msg/telemetry_data__type_support.cpp.o\x1b[0m\n'}
[20.731491] (-) TimerEvent: {}
[20.831975] (-) TimerEvent: {}
[20.932475] (-) TimerEvent: {}
[21.017293] (vehicle_core) StdoutLine: {'line': b'[ 53%] \x1b[32mBuilding CXX object CMakeFiles/vehicle_core__rosidl_typesupport_introspection_cpp.dir/rosidl_typesupport_introspection_cpp/vehicle_core/msg/detail/state_event__type_support.cpp.o\x1b[0m\n'}
[21.026582] (vehicle_core) StdoutLine: {'line': b'[ 53%] \x1b[32mBuilding CXX object CMakeFiles/vehicle_core__rosidl_typesupport_introspection_cpp.dir/rosidl_typesupport_introspection_cpp/vehicle_core/msg/detail/drive_feedback__type_support.cpp.o\x1b[0m\n'}
[21.032636] (-) TimerEvent: {}
[21.097483] (vehicle_core) StdoutLine: {'line': b'[ 54%] \x1b[32mBuilding CXX object CMakeFiles/vehicle_core__rosidl_typesupport_introspection_cpp.dir/rosidl_typesupport_introspection_cpp/vehicle_core/msg/detail/imu_status__type_support.cpp.o\x1b[0m\n'}
[21.105915] (vehicle_core) StdoutLine: {'line': b'[ 54%] \x1b[32mBuilding CXX object CMakeFiles/vehicle_core__rosidl_typesupport_cpp.dir/rosidl_typesupport_cpp/vehicle_core/msg/error__type_support.cpp.o\x1b[0m\n'}
[21.132786] (-) TimerEvent: {}
[21.235537] (-) TimerEvent: {}
[21.323764] (vehicle_core) StdoutLine: {'line': b'[ 55%] \x1b[32mBuilding CXX object CMakeFiles/vehicle_core__rosidl_typesupport_fastrtps_cpp.dir/rosidl_typesupport_fastrtps_cpp/vehicle_core/msg/detail/dds_fastrtps/max_speed__type_support.cpp.o\x1b[0m\n'}
[21.335685] (-) TimerEvent: {}
[21.344164] (vehicle_core) StdoutLine: {'line': b'[ 56%] \x1b[32mBuilding CXX object CMakeFiles/vehicle_core__rosidl_typesupport_fastrtps_c.dir/rosidl_typesupport_fastrtps_c/vehicle_core/msg/detail/autopilot_status__type_support_c.cpp.o\x1b[0m\n'}
[21.435846] (-) TimerEvent: {}
[21.536321] (-) TimerEvent: {}
[21.636808] (-) TimerEvent: {}
[21.647365] (vehicle_core) StdoutLine: {'line': b'[ 56%] \x1b[32mBuilding CXX object CMakeFiles/vehicle_core__rosidl_typesupport_fastrtps_c.dir/rosidl_typesupport_fastrtps_c/vehicle_core/msg/detail/telemetry_data__type_support_c.cpp.o\x1b[0m\n'}
[21.674686] (vehicle_core) StdoutLine: {'line': b'[ 56%] \x1b[32mBuilding CXX object CMakeFiles/vehicle_core__rosidl_typesupport_introspection_cpp.dir/rosidl_typesupport_introspection_cpp/vehicle_core/srv/detail/request_internal_control__type_support.cpp.o\x1b[0m\n'}
[21.676006] (vehicle_core) StdoutLine: {'line': b'[ 57%] \x1b[32mBuilding CXX object CMakeFiles/vehicle_core__rosidl_typesupport_introspection_cpp.dir/rosidl_typesupport_introspection_cpp/vehicle_core/srv/detail/release_internal_control__type_support.cpp.o\x1b[0m\n'}
[21.736981] (-) TimerEvent: {}
[21.771597] (vehicle_core) StdoutLine: {'line': b'[ 57%] \x1b[32mBuilding CXX object CMakeFiles/vehicle_core__rosidl_typesupport_introspection_cpp.dir/rosidl_typesupport_introspection_cpp/vehicle_core/srv/detail/set_autopilot_profile__type_support.cpp.o\x1b[0m\n'}
[21.837523] (-) TimerEvent: {}
[21.937991] (-) TimerEvent: {}
[21.977547] (vehicle_core) StdoutLine: {'line': b'[ 57%] \x1b[32mBuilding CXX object CMakeFiles/vehicle_core__rosidl_typesupport_cpp.dir/rosidl_typesupport_cpp/vehicle_core/msg/server_init__type_support.cpp.o\x1b[0m\n'}
[22.038145] (-) TimerEvent: {}
[22.138618] (-) TimerEvent: {}
[22.169541] (vehicle_core) StdoutLine: {'line': b'[ 57%] \x1b[32mBuilding CXX object CMakeFiles/vehicle_core__rosidl_typesupport_fastrtps_c.dir/rosidl_typesupport_fastrtps_c/vehicle_core/msg/detail/error__type_support_c.cpp.o\x1b[0m\n'}
[22.238780] (-) TimerEvent: {}
[22.339309] (-) TimerEvent: {}
[22.347143] (vehicle_core) StdoutLine: {'line': b'[ 58%] \x1b[32mBuilding CXX object CMakeFiles/vehicle_core__rosidl_typesupport_cpp.dir/rosidl_typesupport_cpp/vehicle_core/msg/autopilot_config__type_support.cpp.o\x1b[0m\n'}
[22.360128] (vehicle_core) StdoutLine: {'line': b'[ 58%] \x1b[32mBuilding CXX object CMakeFiles/vehicle_core__rosidl_typesupport_cpp.dir/rosidl_typesupport_cpp/vehicle_core/msg/perception_profile__type_support.cpp.o\x1b[0m\n'}
[22.439467] (-) TimerEvent: {}
[22.538681] (vehicle_core) StdoutLine: {'line': b'[ 59%] \x1b[32mBuilding CXX object CMakeFiles/vehicle_core__rosidl_typesupport_cpp.dir/rosidl_typesupport_cpp/vehicle_core/msg/state_mode__type_support.cpp.o\x1b[0m\n'}
[22.539614] (-) TimerEvent: {}
[22.551730] (vehicle_core) StdoutLine: {'line': b'[ 60%] \x1b[32m\x1b[1mLinking CXX shared library libvehicle_core__rosidl_typesupport_introspection_cpp.so\x1b[0m\n'}
[22.639781] (-) TimerEvent: {}
[22.740904] (-) TimerEvent: {}
[22.800136] (vehicle_core) StdoutLine: {'line': b'[ 61%] \x1b[32mBuilding CXX object CMakeFiles/vehicle_core__rosidl_typesupport_fastrtps_c.dir/rosidl_typesupport_fastrtps_c/vehicle_core/msg/detail/server_init__type_support_c.cpp.o\x1b[0m\n'}
[22.823162] (vehicle_core) StdoutLine: {'line': b'[ 61%] \x1b[32mBuilding CXX object CMakeFiles/vehicle_core__rosidl_typesupport_fastrtps_cpp.dir/rosidl_typesupport_fastrtps_cpp/vehicle_core/msg/detail/dds_fastrtps/autopilot_command__type_support.cpp.o\x1b[0m\n'}
[22.841048] (-) TimerEvent: {}
[22.844478] (vehicle_core) StdoutLine: {'line': b'[ 62%] \x1b[32mBuilding CXX object CMakeFiles/vehicle_core__rosidl_typesupport_fastrtps_cpp.dir/rosidl_typesupport_fastrtps_cpp/vehicle_core/msg/detail/dds_fastrtps/lights_status__type_support.cpp.o\x1b[0m\n'}
[22.858603] (vehicle_core) StdoutLine: {'line': b'[ 62%] Built target vehicle_core__rosidl_typesupport_introspection_cpp\n'}
[22.899778] (vehicle_core) StdoutLine: {'line': b'[ 62%] \x1b[32mBuilding CXX object CMakeFiles/vehicle_core__rosidl_typesupport_cpp.dir/rosidl_typesupport_cpp/vehicle_core/msg/state_event__type_support.cpp.o\x1b[0m\n'}
[22.941188] (-) TimerEvent: {}
[22.987223] (vehicle_core) StdoutLine: {'line': b'[ 63%] \x1b[32mBuilding CXX object CMakeFiles/vehicle_core__rosidl_typesupport_cpp.dir/rosidl_typesupport_cpp/vehicle_core/msg/drive_feedback__type_support.cpp.o\x1b[0m\n'}
[23.041333] (-) TimerEvent: {}
[23.142204] (-) TimerEvent: {}
[23.243112] (-) TimerEvent: {}
[23.248544] (vehicle_core) StdoutLine: {'line': b'[ 63%] \x1b[32mBuilding CXX object CMakeFiles/vehicle_core__rosidl_typesupport_fastrtps_cpp.dir/rosidl_typesupport_fastrtps_cpp/vehicle_core/msg/detail/dds_fastrtps/general_status__type_support.cpp.o\x1b[0m\n'}
[23.283485] (vehicle_core) StdoutLine: {'line': b'[ 63%] \x1b[32mBuilding CXX object CMakeFiles/vehicle_core__rosidl_typesupport_cpp.dir/rosidl_typesupport_cpp/vehicle_core/msg/imu_status__type_support.cpp.o\x1b[0m\n'}
[23.343268] (-) TimerEvent: {}
[23.443777] (-) TimerEvent: {}
[23.447993] (vehicle_core) StdoutLine: {'line': b'[ 63%] \x1b[32mBuilding CXX object CMakeFiles/vehicle_core__rosidl_typesupport_cpp.dir/rosidl_typesupport_cpp/vehicle_core/srv/request_internal_control__type_support.cpp.o\x1b[0m\n'}
[23.541607] (vehicle_core) StdoutLine: {'line': b'[ 64%] \x1b[32mBuilding CXX object CMakeFiles/vehicle_core__rosidl_typesupport_fastrtps_cpp.dir/rosidl_typesupport_fastrtps_cpp/vehicle_core/msg/detail/dds_fastrtps/drive_status__type_support.cpp.o\x1b[0m\n'}
[23.543914] (-) TimerEvent: {}
[23.605887] (vehicle_core) StdoutLine: {'line': b'[ 65%] \x1b[32mBuilding CXX object CMakeFiles/vehicle_core__rosidl_typesupport_cpp.dir/rosidl_typesupport_cpp/vehicle_core/srv/release_internal_control__type_support.cpp.o\x1b[0m\n'}
[23.644047] (-) TimerEvent: {}
[23.647174] (vehicle_core) StdoutLine: {'line': b'[ 65%] \x1b[32mBuilding CXX object CMakeFiles/vehicle_core__rosidl_typesupport_fastrtps_cpp.dir/rosidl_typesupport_fastrtps_cpp/vehicle_core/msg/detail/dds_fastrtps/autopilot_status__type_support.cpp.o\x1b[0m\n'}
[23.744512] (-) TimerEvent: {}
[23.845353] (-) TimerEvent: {}
[23.946242] (-) TimerEvent: {}
[24.030851] (vehicle_core) StdoutLine: {'line': b'[ 65%] \x1b[32mBuilding CXX object CMakeFiles/vehicle_core__rosidl_typesupport_fastrtps_c.dir/rosidl_typesupport_fastrtps_c/vehicle_core/msg/detail/autopilot_config__type_support_c.cpp.o\x1b[0m\n'}
[24.046411] (-) TimerEvent: {}
[24.113906] (vehicle_core) StdoutLine: {'line': b'[ 66%] \x1b[32mBuilding CXX object CMakeFiles/vehicle_core__rosidl_typesupport_fastrtps_c.dir/rosidl_typesupport_fastrtps_c/vehicle_core/msg/detail/perception_profile__type_support_c.cpp.o\x1b[0m\n'}
[24.146558] (-) TimerEvent: {}
[24.230412] (vehicle_core) StdoutLine: {'line': b'[ 66%] \x1b[32mBuilding CXX object CMakeFiles/vehicle_core__rosidl_typesupport_fastrtps_cpp.dir/rosidl_typesupport_fastrtps_cpp/vehicle_core/msg/detail/dds_fastrtps/telemetry_data__type_support.cpp.o\x1b[0m\n'}
[24.246709] (-) TimerEvent: {}
[24.347199] (-) TimerEvent: {}
[24.373080] (vehicle_core) StdoutLine: {'line': b'[ 67%] \x1b[32mBuilding CXX object CMakeFiles/vehicle_core__rosidl_typesupport_fastrtps_cpp.dir/rosidl_typesupport_fastrtps_cpp/vehicle_core/msg/detail/dds_fastrtps/error__type_support.cpp.o\x1b[0m\n'}
[24.447343] (-) TimerEvent: {}
[24.547047] (vehicle_core) StdoutLine: {'line': b'[ 67%] \x1b[32mBuilding CXX object CMakeFiles/vehicle_core__rosidl_typesupport_fastrtps_cpp.dir/rosidl_typesupport_fastrtps_cpp/vehicle_core/msg/detail/dds_fastrtps/server_init__type_support.cpp.o\x1b[0m\n'}
[24.547357] (-) TimerEvent: {}
[24.613292] (vehicle_core) StdoutLine: {'line': b'[ 67%] \x1b[32mBuilding CXX object CMakeFiles/vehicle_core__rosidl_typesupport_cpp.dir/rosidl_typesupport_cpp/vehicle_core/srv/set_autopilot_profile__type_support.cpp.o\x1b[0m\n'}
[24.633993] (vehicle_core) StdoutLine: {'line': b'[ 68%] \x1b[32mBuilding CXX object CMakeFiles/vehicle_core__rosidl_typesupport_fastrtps_cpp.dir/rosidl_typesupport_fastrtps_cpp/vehicle_core/msg/detail/dds_fastrtps/autopilot_config__type_support.cpp.o\x1b[0m\n'}
[24.647526] (-) TimerEvent: {}
[24.713983] (vehicle_core) StdoutLine: {'line': b'[ 68%] \x1b[32mBuilding CXX object CMakeFiles/vehicle_core__rosidl_typesupport_fastrtps_c.dir/rosidl_typesupport_fastrtps_c/vehicle_core/msg/detail/state_mode__type_support_c.cpp.o\x1b[0m\n'}
[24.747679] (-) TimerEvent: {}
[24.848566] (-) TimerEvent: {}
[24.949029] (-) TimerEvent: {}
[24.970551] (vehicle_core) StdoutLine: {'line': b'[ 68%] \x1b[32mBuilding CXX object CMakeFiles/vehicle_core__rosidl_typesupport_fastrtps_cpp.dir/rosidl_typesupport_fastrtps_cpp/vehicle_core/msg/detail/dds_fastrtps/perception_profile__type_support.cpp.o\x1b[0m\n'}
[25.049186] (-) TimerEvent: {}
[25.084029] (vehicle_core) StdoutLine: {'line': b'[ 69%] \x1b[32mBuilding CXX object CMakeFiles/vehicle_core__rosidl_typesupport_fastrtps_cpp.dir/rosidl_typesupport_fastrtps_cpp/vehicle_core/msg/detail/dds_fastrtps/state_mode__type_support.cpp.o\x1b[0m\n'}
[25.149338] (-) TimerEvent: {}
[25.250246] (-) TimerEvent: {}
[25.351124] (-) TimerEvent: {}
[25.391459] (vehicle_core) StdoutLine: {'line': b'[ 70%] \x1b[32mBuilding CXX object CMakeFiles/vehicle_core__rosidl_typesupport_fastrtps_c.dir/rosidl_typesupport_fastrtps_c/vehicle_core/msg/detail/state_event__type_support_c.cpp.o\x1b[0m\n'}
[25.451276] (-) TimerEvent: {}
[25.552159] (-) TimerEvent: {}
[25.578973] (vehicle_core) StdoutLine: {'line': b'[ 70%] \x1b[32mBuilding CXX object CMakeFiles/vehicle_core__rosidl_typesupport_fastrtps_cpp.dir/rosidl_typesupport_fastrtps_cpp/vehicle_core/msg/detail/dds_fastrtps/state_event__type_support.cpp.o\x1b[0m\n'}
[25.652308] (-) TimerEvent: {}
[25.690408] (vehicle_core) StdoutLine: {'line': b'[ 70%] \x1b[32mBuilding CXX object CMakeFiles/vehicle_core__rosidl_typesupport_fastrtps_c.dir/rosidl_typesupport_fastrtps_c/vehicle_core/msg/detail/drive_feedback__type_support_c.cpp.o\x1b[0m\n'}
[25.717762] (vehicle_core) StdoutLine: {'line': b'[ 71%] \x1b[32mBuilding CXX object CMakeFiles/vehicle_core__rosidl_typesupport_fastrtps_cpp.dir/rosidl_typesupport_fastrtps_cpp/vehicle_core/msg/detail/dds_fastrtps/drive_feedback__type_support.cpp.o\x1b[0m\n'}
[25.752458] (-) TimerEvent: {}
[25.852948] (-) TimerEvent: {}
[25.880424] (vehicle_core) StdoutLine: {'line': b'[ 71%] \x1b[32mBuilding CXX object CMakeFiles/vehicle_core__rosidl_typesupport_fastrtps_cpp.dir/rosidl_typesupport_fastrtps_cpp/vehicle_core/msg/detail/dds_fastrtps/imu_status__type_support.cpp.o\x1b[0m\n'}
[25.953103] (-) TimerEvent: {}
[26.014733] (vehicle_core) StdoutLine: {'line': b'[ 72%] \x1b[32m\x1b[1mLinking CXX shared library libvehicle_core__rosidl_typesupport_cpp.so\x1b[0m\n'}
[26.053258] (-) TimerEvent: {}
[26.153746] (-) TimerEvent: {}
[26.156441] (vehicle_core) StdoutLine: {'line': b'[ 73%] \x1b[32mBuilding CXX object CMakeFiles/vehicle_core__rosidl_typesupport_fastrtps_c.dir/rosidl_typesupport_fastrtps_c/vehicle_core/msg/detail/imu_status__type_support_c.cpp.o\x1b[0m\n'}
[26.172426] (vehicle_core) StdoutLine: {'line': b'[ 73%] Built target vehicle_core__rosidl_typesupport_cpp\n'}
[26.199938] (vehicle_core) StdoutLine: {'line': b'[ 73%] \x1b[32mBuilding CXX object CMakeFiles/vehicle_core__rosidl_typesupport_fastrtps_c.dir/rosidl_typesupport_fastrtps_c/vehicle_core/srv/detail/request_internal_control__type_support_c.cpp.o\x1b[0m\n'}
[26.253887] (-) TimerEvent: {}
[26.285795] (vehicle_core) StdoutLine: {'line': b'[ 73%] \x1b[32mBuilding CXX object CMakeFiles/vehicle_core__rosidl_typesupport_fastrtps_c.dir/rosidl_typesupport_fastrtps_c/vehicle_core/srv/detail/release_internal_control__type_support_c.cpp.o\x1b[0m\n'}
[26.347251] (vehicle_core) StdoutLine: {'line': b'[ 73%] \x1b[32mBuilding CXX object CMakeFiles/vehicle_core__rosidl_typesupport_fastrtps_cpp.dir/rosidl_typesupport_fastrtps_cpp/vehicle_core/srv/detail/dds_fastrtps/request_internal_control__type_support.cpp.o\x1b[0m\n'}
[26.354026] (-) TimerEvent: {}
[26.427374] (vehicle_core) StdoutLine: {'line': b'[ 74%] \x1b[32mBuilding CXX object CMakeFiles/vehicle_core__rosidl_typesupport_fastrtps_cpp.dir/rosidl_typesupport_fastrtps_cpp/vehicle_core/srv/detail/dds_fastrtps/release_internal_control__type_support.cpp.o\x1b[0m\n'}
[26.454205] (-) TimerEvent: {}
[26.511159] (vehicle_core) StdoutLine: {'line': b'[ 74%] \x1b[32mBuilding CXX object CMakeFiles/vehicle_core__rosidl_typesupport_fastrtps_cpp.dir/rosidl_typesupport_fastrtps_cpp/vehicle_core/srv/detail/dds_fastrtps/set_autopilot_profile__type_support.cpp.o\x1b[0m\n'}
[26.554601] (-) TimerEvent: {}
[26.655487] (-) TimerEvent: {}
[26.755995] (-) TimerEvent: {}
[26.854041] (vehicle_core) StdoutLine: {'line': b'[ 75%] \x1b[32mBuilding CXX object CMakeFiles/vehicle_core__rosidl_typesupport_fastrtps_c.dir/rosidl_typesupport_fastrtps_c/vehicle_core/srv/detail/set_autopilot_profile__type_support_c.cpp.o\x1b[0m\n'}
[26.856129] (-) TimerEvent: {}
[26.956633] (-) TimerEvent: {}
[27.057586] (-) TimerEvent: {}
[27.159834] (-) TimerEvent: {}
[27.260842] (-) TimerEvent: {}
[27.361763] (-) TimerEvent: {}
[27.429154] (vehicle_core) StdoutLine: {'line': b'[ 75%] \x1b[32m\x1b[1mLinking CXX shared library libvehicle_core__rosidl_typesupport_fastrtps_c.so\x1b[0m\n'}
[27.462076] (-) TimerEvent: {}
[27.562982] (-) TimerEvent: {}
[27.630285] (vehicle_core) StdoutLine: {'line': b'[ 75%] Built target vehicle_core__rosidl_typesupport_fastrtps_c\n'}
[27.663293] (-) TimerEvent: {}
[27.689071] (vehicle_core) StdoutLine: {'line': b'[ 76%] \x1b[32m\x1b[1mLinking CXX shared library libvehicle_core__rosidl_typesupport_fastrtps_cpp.so\x1b[0m\n'}
[27.763764] (-) TimerEvent: {}
[27.865397] (-) TimerEvent: {}
[27.934282] (vehicle_core) StdoutLine: {'line': b'[ 76%] Built target vehicle_core__rosidl_typesupport_fastrtps_cpp\n'}
[27.965538] (-) TimerEvent: {}
[28.008319] (vehicle_core) StdoutLine: {'line': b'[ 76%] Built target vehicle_core\n'}
[28.059192] (vehicle_core) StdoutLine: {'line': b'[ 77%] \x1b[32mBuilding CXX object CMakeFiles/i2c_bridge_node.dir/src/i2c_bridge_node.cpp.o\x1b[0m\n'}
[28.065709] (vehicle_core) StdoutLine: {'line': b'[ 78%] \x1b[32mBuilding CXX object CMakeFiles/heading_calibrator_node_component.dir/src/heading_calibrator_node.cpp.o\x1b[0m\n'}
[28.066295] (-) TimerEvent: {}
[28.079309] (vehicle_core) StdoutLine: {'line': b'[ 78%] \x1b[32mBuilding CXX object CMakeFiles/gt_u7_gps_node_component.dir/src/gt_u7_gps_node.cpp.o\x1b[0m\n'}
[28.085026] (vehicle_core) StdoutLine: {'line': b'[ 78%] \x1b[34m\x1b[1mGenerating Python code for ROS interfaces\x1b[0m\n'}
[28.087781] (vehicle_core) StdoutLine: {'line': b'[ 78%] \x1b[32mBuilding CXX object CMakeFiles/state_manager_node_component.dir/src/state_manager.cpp.o\x1b[0m\n'}
[28.094238] (vehicle_core) StdoutLine: {'line': b'[ 79%] \x1b[32mBuilding CXX object CMakeFiles/tcp_server_node_component.dir/src/tcp_server_node.cpp.o\x1b[0m\n'}
[28.109527] (vehicle_core) StdoutLine: {'line': b'[ 80%] \x1b[32mBuilding CXX object CMakeFiles/drive_arbiter_node_component.dir/src/drive_arbiter.cpp.o\x1b[0m\n'}
[28.166426] (-) TimerEvent: {}
[28.267305] (-) TimerEvent: {}
[28.368615] (-) TimerEvent: {}
[28.469859] (-) TimerEvent: {}
[28.570387] (-) TimerEvent: {}
[28.671041] (-) TimerEvent: {}
[28.771907] (-) TimerEvent: {}
[28.872370] (-) TimerEvent: {}
[28.973197] (-) TimerEvent: {}
[29.074044] (-) TimerEvent: {}
[29.174871] (-) TimerEvent: {}
[29.275686] (-) TimerEvent: {}
[29.376464] (-) TimerEvent: {}
[29.477347] (-) TimerEvent: {}
[29.578165] (-) TimerEvent: {}
[29.678636] (-) TimerEvent: {}
[29.779082] (-) TimerEvent: {}
[29.879571] (-) TimerEvent: {}
[29.980530] (-) TimerEvent: {}
[30.086224] (-) TimerEvent: {}
[30.187258] (-) TimerEvent: {}
[30.278638] (vehicle_core) StdoutLine: {'line': b'[ 81%] \x1b[32m\x1b[1mLinking CXX shared library librtsp_streamer_node.so\x1b[0m\n'}
[30.287401] (-) TimerEvent: {}
[30.387857] (-) TimerEvent: {}
[30.488794] (-) TimerEvent: {}
[30.589287] (-) TimerEvent: {}
[30.689790] (-) TimerEvent: {}
[30.790316] (-) TimerEvent: {}
[30.890843] (-) TimerEvent: {}
[30.992185] (-) TimerEvent: {}
[31.093573] (-) TimerEvent: {}
[31.194775] (-) TimerEvent: {}
[31.295796] (-) TimerEvent: {}
[31.396656] (-) TimerEvent: {}
[31.497545] (-) TimerEvent: {}
[31.598545] (-) TimerEvent: {}
[31.699500] (-) TimerEvent: {}
[31.800402] (-) TimerEvent: {}
[31.900912] (-) TimerEvent: {}
[32.001923] (-) TimerEvent: {}
[32.102857] (-) TimerEvent: {}
[32.203881] (-) TimerEvent: {}
[32.304760] (-) TimerEvent: {}
[32.405652] (-) TimerEvent: {}
[32.416980] (vehicle_core) StdoutLine: {'line': b'[ 81%] Built target rtsp_streamer_node\n'}
[32.473076] (vehicle_core) StdoutLine: {'line': b'[ 82%] \x1b[32mBuilding CXX object CMakeFiles/gt_u7_gps_node_component.dir/src/Devices/GtU7Gps.cpp.o\x1b[0m\n'}
[32.505810] (-) TimerEvent: {}
[32.606760] (-) TimerEvent: {}
[32.707701] (-) TimerEvent: {}
[32.808541] (-) TimerEvent: {}
[32.909354] (-) TimerEvent: {}
[33.010225] (-) TimerEvent: {}
[33.110956] (-) TimerEvent: {}
[33.211747] (-) TimerEvent: {}
[33.312563] (-) TimerEvent: {}
[33.413436] (-) TimerEvent: {}
[33.490926] (computer_vision) StdoutLine: {'line': b'[100%] \x1b[32m\x1b[1mLinking CXX shared library libcomputer_vision_node.so\x1b[0m\n'}
[33.513604] (-) TimerEvent: {}
[33.614471] (-) TimerEvent: {}
[33.715435] (-) TimerEvent: {}
[33.816494] (-) TimerEvent: {}
[33.819855] (vehicle_core) StdoutLine: {'line': b'[ 82%] \x1b[32mBuilding CXX object CMakeFiles/i2c_bridge_node.dir/src/Devices/I2C/I2CBus.cpp.o\x1b[0m\n'}
[33.916701] (-) TimerEvent: {}
[34.017676] (-) TimerEvent: {}
[34.118710] (-) TimerEvent: {}
[34.219946] (-) TimerEvent: {}
[34.321139] (-) TimerEvent: {}
[34.422045] (-) TimerEvent: {}
[34.523037] (-) TimerEvent: {}
[34.633701] (-) TimerEvent: {}
[34.734185] (-) TimerEvent: {}
[34.795094] (vehicle_core) StderrLine: {'line': b'In file included from \x1b[01m\x1b[K/home/avcpp/AV-CPP2025/Vehicle/src/vehicle_core/src/tcp_server_node.cpp:1\x1b[m\x1b[K:\n'}
[34.795496] (vehicle_core) StderrLine: {'line': b'\x1b[01m\x1b[K/home/avcpp/AV-CPP2025/Vehicle/src/vehicle_core/include/vehicle_core/tcp_server_node.hpp:98:37:\x1b[m\x1b[K \x1b[01;31m\x1b[Kerror: \x1b[m\x1b[K\xe2\x80\x98\x1b[01m\x1b[KPORT\x1b[m\x1b[K\xe2\x80\x99 was not declared in this scope\n'}
[34.795666] (vehicle_core) StderrLine: {'line': b'   98 |   int         port_               { \x1b[01;31m\x1b[KPORT\x1b[m\x1b[K };        // from Keys.h\n'}
[34.795811] (vehicle_core) StderrLine: {'line': b'      |                                     \x1b[01;31m\x1b[K^~~~\x1b[m\x1b[K\n'}
[34.796043] (vehicle_core) StderrLine: {'line': b'\x1b[01m\x1b[K/home/avcpp/AV-CPP2025/Vehicle/src/vehicle_core/include/vehicle_core/tcp_server_node.hpp:98:42:\x1b[m\x1b[K \x1b[01;31m\x1b[Kerror: \x1b[m\x1b[Kcannot convert \xe2\x80\x98\x1b[01m\x1b[K<brace-enclosed initializer list>\x1b[m\x1b[K\xe2\x80\x99 to \xe2\x80\x98\x1b[01m\x1b[Kint\x1b[m\x1b[K\xe2\x80\x99 in initialization\n'}
[34.796226] (vehicle_core) StderrLine: {'line': b'   98 |   int         port_               { PORT \x1b[01;31m\x1b[K}\x1b[m\x1b[K;        // from Keys.h\n'}
[34.796366] (vehicle_core) StderrLine: {'line': b'      |                                          \x1b[01;31m\x1b[K^\x1b[m\x1b[K\n'}
[34.823340] (vehicle_core) StderrLine: {'line': b'\x1b[01m\x1b[K/home/avcpp/AV-CPP2025/Vehicle/src/vehicle_core/src/tcp_server_node.cpp:\x1b[m\x1b[K In constructor \xe2\x80\x98\x1b[01m\x1b[Kvehicle_core::TcpServerNode::TcpServerNode(const rclcpp::NodeOptions&)\x1b[m\x1b[K\xe2\x80\x99:\n'}
[34.823734] (vehicle_core) StderrLine: {'line': b'\x1b[01m\x1b[K/home/avcpp/AV-CPP2025/Vehicle/src/vehicle_core/src/tcp_server_node.cpp:34:61:\x1b[m\x1b[K \x1b[01;31m\x1b[Kerror: \x1b[m\x1b[K\xe2\x80\x98\x1b[01m\x1b[KPORT\x1b[m\x1b[K\xe2\x80\x99 was not declared in this scope\n'}
[34.823911] (vehicle_core) StderrLine: {'line': b'   34 |   port_              = this->declare_parameter<int>("port", \x1b[01;31m\x1b[KPORT\x1b[m\x1b[K);\n'}
[34.824055] (vehicle_core) StderrLine: {'line': b'      |                                                             \x1b[01;31m\x1b[K^~~~\x1b[m\x1b[K\n'}
[34.834318] (-) TimerEvent: {}
[34.935198] (-) TimerEvent: {}
[34.994540] (vehicle_core) StdoutLine: {'line': b'[ 82%] \x1b[32mBuilding CXX object CMakeFiles/autopilot_node_component.dir/src/Autopilot/autopilot_node.cpp.o\x1b[0m\n'}
[35.016146] (computer_vision) StdoutLine: {'line': b'[100%] Built target computer_vision_node\n'}
[35.035355] (-) TimerEvent: {}
[35.070922] (computer_vision) CommandEnded: {'returncode': 0}
[35.071720] (computer_vision) JobProgress: {'identifier': 'computer_vision', 'progress': 'install'}
[35.071777] (computer_vision) Command: {'cmd': ['/usr/bin/cmake', '--install', '/home/avcpp/AV-CPP2025/Vehicle/build/computer_vision'], 'cwd': '/home/avcpp/AV-CPP2025/Vehicle/build/computer_vision', 'env': OrderedDict([('LESSOPEN', '| /usr/bin/lesspipe %s'), ('UMS_MOUNTPOINT', '/mnt/ums'), ('GST_V4L2_PREFERRED_FOURCC', 'NV12:YU12:NV16:YUY2'), ('LANGUAGE', 'en_US.UTF-8'), ('USER', 'avcpp'), ('SSH_CLIENT', '192.168.8.104 55278 22'), ('XDG_SESSION_TYPE', 'tty'), ('SHLVL', '1'), ('USB_FUNCS', 'adb'), ('LD_LIBRARY_PATH', '/opt/ros/humble/opt/rviz_ogre_vendor/lib:/opt/ros/humble/lib/aarch64-linux-gnu:/opt/ros/humble/lib'), ('BROWSER', '/home/avcpp/.vscode-server/cli/servers/Stable-bf9252a2fb45be6893dd8870c0bf37e2e1766d61/server/bin/helpers/browser.sh'), ('MOTD_SHOWN', 'pam'), ('HOME', '/home/avcpp'), ('OLDPWD', '/home/avcpp/AV-CPP2025/Vehicle'), ('TERM_PROGRAM_VERSION', '1.106.3'), ('VSCODE_IPC_HOOK_CLI', '/run/user/1001/vscode-ipc-29a14b5f-27a1-4ba4-a7b1-8866c400ef58.sock'), ('GST_INSPECT_NO_COLORS', '1'), ('GST_MPP_NO_RGA', '1'), ('ROS_PYTHON_VERSION', '3'), ('COGL_DRIVER', 'gles2'), ('SSL_CERT_FILE', '/usr/lib/ssl/certs/ca-certificates.crt'), ('VSCODE_PYTHON_AUTOACTIVATE_GUARD', '1'), ('DBUS_SESSION_BUS_ADDRESS', 'unix:path=/run/user/1001/bus'), ('COLORTERM', 'truecolor'), ('GST_V4L2SRC_MAX_RESOLUTION', '3840x2160'), ('ROS_DISTRO', 'humble'), ('LOGNAME', 'avcpp'), ('_', '/usr/bin/colcon'), ('ROS_VERSION', '2'), ('XDG_SESSION_CLASS', 'user'), ('TERM', 'xterm-256color'), ('GST_GL_API', 'gles2'), ('XDG_SESSION_ID', '5'), ('GST_VIDEO_CONVERT_PREFERRED_FORMAT', 'NV12:NV16:I420:YUY2'), ('GST_V4L2SRC_RK_DEVICES', '_mainpath:_selfpath:_bypass:_scale'), ('ROS_LOCALHOST_ONLY', '0'), ('PATH', '/home/avcpp/.vscode-server/cli/servers/Stable-bf9252a2fb45be6893dd8870c0bf37e2e1766d61/server/bin/remote-cli:/home/avcpp/.local/bin:/opt/ros/humble/bin:/usr/local/sbin:/usr/local/bin:/usr/sbin:/usr/bin:/sbin:/bin:/usr/games:/usr/local/games:/snap/bin'), ('XDG_RUNTIME_DIR', '/run/user/1001'), ('GST_GL_PLATFORM', 'egl'), ('GST_DEBUG_NO_COLOR', '1'), ('SSL_CERT_DIR', '/usr/lib/ssl/certs'), ('GST_V4L2SRC_DEFAULT_DEVICE', '/dev/video-camera0'), ('DISPLAY', ':0'), ('LANG', 'en_US.UTF-8'), ('LS_COLORS', 'rs=0:di=01;34:ln=01;36:mh=00:pi=40;33:so=01;35:do=01;35:bd=40;33;01:cd=40;33;01:or=40;31;01:mi=00:su=37;41:sg=30;43:ca=30;41:tw=30;42:ow=34;42:st=37;44:ex=01;32:*.tar=01;31:*.tgz=01;31:*.arc=01;31:*.arj=01;31:*.taz=01;31:*.lha=01;31:*.lz4=01;31:*.lzh=01;31:*.lzma=01;31:*.tlz=01;31:*.txz=01;31:*.tzo=01;31:*.t7z=01;31:*.zip=01;31:*.z=01;31:*.dz=01;31:*.gz=01;31:*.lrz=01;31:*.lz=01;31:*.lzo=01;31:*.xz=01;31:*.zst=01;31:*.tzst=01;31:*.bz2=01;31:*.bz=01;31:*.tbz=01;31:*.tbz2=01;31:*.tz=01;31:*.deb=01;31:*.rpm=01;31:*.jar=01;31:*.war=01;31:*.ear=01;31:*.sar=01;31:*.rar=01;31:*.alz=01;31:*.ace=01;31:*.zoo=01;31:*.cpio=01;31:*.7z=01;31:*.rz=01;31:*.cab=01;31:*.wim=01;31:*.swm=01;31:*.dwm=01;31:*.esd=01;31:*.jpg=01;35:*.jpeg=01;35:*.mjpg=01;35:*.mjpeg=01;35:*.gif=01;35:*.bmp=01;35:*.pbm=01;35:*.pgm=01;35:*.ppm=01;35:*.tga=01;35:*.xbm=01;35:*.xpm=01;35:*.tif=01;35:*.tiff=01;35:*.png=01;35:*.svg=01;35:*.svgz=01;35:*.mng=01;35:*.pcx=01;35:*.mov=01;35:*.mpg=01;35:*.mpeg=01;35:*.m2v=01;35:*.mkv=01;35:*.webm=01;35:*.webp=01;35:*.ogm=01;35:*.mp4=01;35:*.m4v=01;35:*.mp4v=01;35:*.vob=01;35:*.qt=01;35:*.nuv=01;35:*.wmv=01;35:*.asf=01;35:*.rm=01;35:*.rmvb=01;35:*.flc=01;35:*.avi=01;35:*.fli=01;35:*.flv=01;35:*.gl=01;35:*.dl=01;35:*.xcf=01;35:*.xwd=01;35:*.yuv=01;35:*.cgm=01;35:*.emf=01;35:*.ogv=01;35:*.ogx=01;35:*.aac=00;36:*.au=00;36:*.flac=00;36:*.m4a=00;36:*.mid=00;36:*.midi=00;36:*.mka=00;36:*.mp3=00;36:*.mpc=00;36:*.ogg=00;36:*.ra=00;36:*.wav=00;36:*.oga=00;36:*.opus=00;36:*.spx=00;36:*.xspf=00;36:'), ('TERM_PROGRAM', 'vscode'), ('GST_V4L2_USE_LIBV4L2', '1'), ('UMS_SIZE', '256M'), ('AMENT_PREFIX_PATH', '/opt/ros/humble'), ('LC_MESSAGES', 'en_US.UTF-8'), ('SHELL', '/bin/bash'), ('UMS_RO', '0'), ('LESSCLOSE', '/usr/bin/lesspipe %s %s'), ('UMS_FSTYPE', 'vfat'), ('PWD', '/home/avcpp/AV-CPP2025/Vehicle/build/computer_vision'), ('LC_ALL', 'en_US.UTF-8'), ('SSH_CONNECTION', '192.168.8.104 55278 192.168.8.176 22'), ('PYTHONPATH', '/opt/ros/humble/lib/python3.10/site-packages:/opt/ros/humble/local/lib/python3.10/dist-packages'), ('UMS_MOUNT', '0'), ('COLCON', '1'), ('UMS_FILE', '/userdata/ums_shared.img'), ('CMAKE_PREFIX_PATH', '/opt/ros/humble')]), 'shell': False}
[35.104146] (computer_vision) StdoutLine: {'line': b'-- Install configuration: ""\n'}
[35.105343] (computer_vision) StdoutLine: {'line': b'-- Installing: /home/avcpp/AV-CPP2025/Vehicle/install/computer_vision/lib/libcomputer_vision_node.so\n'}
[35.135578] (-) TimerEvent: {}
[35.223415] (computer_vision) StdoutLine: {'line': b'-- Set runtime path of "/home/avcpp/AV-CPP2025/Vehicle/install/computer_vision/lib/libcomputer_vision_node.so" to ""\n'}
[35.224313] (computer_vision) StdoutLine: {'line': b'-- Installing: /home/avcpp/AV-CPP2025/Vehicle/install/computer_vision/include\n'}
[35.225527] (computer_vision) StdoutLine: {'line': b'-- Installing: /home/avcpp/AV-CPP2025/Vehicle/install/computer_vision/include/computer_vision\n'}
[35.226819] (computer_vision) StdoutLine: {'line': b'-- Installing: /home/avcpp/AV-CPP2025/Vehicle/install/computer_vision/include/computer_vision/computer_vision.hpp\n'}
[35.230705] (computer_vision) StdoutLine: {'line': b'-- Installing: /home/avcpp/AV-CPP2025/Vehicle/install/computer_vision/share/ament_index/resource_index/package_run_dependencies/computer_vision\n'}
[35.234393] (computer_vision) StdoutLine: {'line': b'-- Installing: /home/avcpp/AV-CPP2025/Vehicle/install/computer_vision/share/ament_index/resource_index/parent_prefix_path/computer_vision\n'}
[35.235762] (-) TimerEvent: {}
[35.239224] (computer_vision) StdoutLine: {'line': b'-- Installing: /home/avcpp/AV-CPP2025/Vehicle/install/computer_vision/share/computer_vision/environment/ament_prefix_path.sh\n'}
[35.242773] (computer_vision) StdoutLine: {'line': b'-- Installing: /home/avcpp/AV-CPP2025/Vehicle/install/computer_vision/share/computer_vision/environment/ament_prefix_path.dsv\n'}
[35.245752] (computer_vision) StdoutLine: {'line': b'-- Installing: /home/avcpp/AV-CPP2025/Vehicle/install/computer_vision/share/computer_vision/environment/path.sh\n'}
[35.247775] (computer_vision) StdoutLine: {'line': b'-- Installing: /home/avcpp/AV-CPP2025/Vehicle/install/computer_vision/share/computer_vision/environment/path.dsv\n'}
[35.249542] (computer_vision) StdoutLine: {'line': b'-- Installing: /home/avcpp/AV-CPP2025/Vehicle/install/computer_vision/share/computer_vision/local_setup.bash\n'}
[35.251302] (computer_vision) StdoutLine: {'line': b'-- Installing: /home/avcpp/AV-CPP2025/Vehicle/install/computer_vision/share/computer_vision/local_setup.sh\n'}
[35.252968] (computer_vision) StdoutLine: {'line': b'-- Installing: /home/avcpp/AV-CPP2025/Vehicle/install/computer_vision/share/computer_vision/local_setup.zsh\n'}
[35.254953] (computer_vision) StdoutLine: {'line': b'-- Installing: /home/avcpp/AV-CPP2025/Vehicle/install/computer_vision/share/computer_vision/local_setup.dsv\n'}
[35.257507] (computer_vision) StdoutLine: {'line': b'-- Installing: /home/avcpp/AV-CPP2025/Vehicle/install/computer_vision/share/computer_vision/package.dsv\n'}
[35.260338] (computer_vision) StdoutLine: {'line': b'-- Installing: /home/avcpp/AV-CPP2025/Vehicle/install/computer_vision/share/ament_index/resource_index/packages/computer_vision\n'}
[35.263055] (computer_vision) StdoutLine: {'line': b'-- Installing: /home/avcpp/AV-CPP2025/Vehicle/install/computer_vision/share/ament_index/resource_index/rclcpp_components/computer_vision\n'}
[35.266145] (computer_vision) StdoutLine: {'line': b'-- Installing: /home/avcpp/AV-CPP2025/Vehicle/install/computer_vision/share/computer_vision/cmake/computer_visionConfig.cmake\n'}
[35.268705] (computer_vision) StdoutLine: {'line': b'-- Installing: /home/avcpp/AV-CPP2025/Vehicle/install/computer_vision/share/computer_vision/cmake/computer_visionConfig-version.cmake\n'}
[35.271429] (computer_vision) StdoutLine: {'line': b'-- Installing: /home/avcpp/AV-CPP2025/Vehicle/install/computer_vision/share/computer_vision/package.xml\n'}
[35.281768] (computer_vision) CommandEnded: {'returncode': 0}
[35.335989] (-) TimerEvent: {}
[35.349123] (computer_vision) JobEnded: {'identifier': 'computer_vision', 'rc': 0}
[35.436162] (-) TimerEvent: {}
[35.546988] (-) TimerEvent: {}
[35.647466] (-) TimerEvent: {}
[35.747993] (-) TimerEvent: {}
[35.848460] (-) TimerEvent: {}
[35.915611] (vehicle_core) StdoutLine: {'line': b'[ 82%] Built target vehicle_core__py\n'}
[35.946374] (vehicle_core) StdoutLine: {'line': b'[ 83%] \x1b[32mBuilding CXX object CMakeFiles/gst_camera_component.dir/src/gst_camera_node.cpp.o\x1b[0m\n'}
[35.948592] (-) TimerEvent: {}
[36.049103] (-) TimerEvent: {}
[36.149595] (-) TimerEvent: {}
[36.250065] (-) TimerEvent: {}
[36.350573] (-) TimerEvent: {}
[36.451052] (-) TimerEvent: {}
[36.551515] (-) TimerEvent: {}
[36.651983] (-) TimerEvent: {}
[36.752453] (-) TimerEvent: {}
[36.852909] (-) TimerEvent: {}
[36.953794] (-) TimerEvent: {}
[37.054275] (-) TimerEvent: {}
[37.154760] (-) TimerEvent: {}
[37.255233] (-) TimerEvent: {}
[37.355739] (-) TimerEvent: {}
[37.456277] (-) TimerEvent: {}
[37.556823] (-) TimerEvent: {}
[37.657335] (-) TimerEvent: {}
[37.757832] (-) TimerEvent: {}
[37.858341] (-) TimerEvent: {}
[37.958850] (-) TimerEvent: {}
[38.059356] (-) TimerEvent: {}
[38.159858] (-) TimerEvent: {}
[38.260319] (-) TimerEvent: {}
[38.360818] (-) TimerEvent: {}
[38.461293] (-) TimerEvent: {}
[38.561787] (-) TimerEvent: {}
[38.662286] (-) TimerEvent: {}
[38.762782] (-) TimerEvent: {}
[38.863311] (-) TimerEvent: {}
[38.963848] (-) TimerEvent: {}
[39.064345] (-) TimerEvent: {}
[39.164837] (-) TimerEvent: {}
[39.265329] (-) TimerEvent: {}
[39.365851] (-) TimerEvent: {}
[39.466364] (-) TimerEvent: {}
[39.566904] (-) TimerEvent: {}
[39.667399] (-) TimerEvent: {}
[39.767889] (-) TimerEvent: {}
[39.868384] (-) TimerEvent: {}
[39.968883] (-) TimerEvent: {}
[40.069386] (-) TimerEvent: {}
[40.169877] (-) TimerEvent: {}
[40.270406] (-) TimerEvent: {}
[40.370924] (-) TimerEvent: {}
[40.471419] (-) TimerEvent: {}
[40.571952] (-) TimerEvent: {}
[40.672450] (-) TimerEvent: {}
[40.772994] (-) TimerEvent: {}
[40.873493] (-) TimerEvent: {}
[40.973983] (-) TimerEvent: {}
[41.074467] (-) TimerEvent: {}
[41.174968] (-) TimerEvent: {}
[41.275488] (-) TimerEvent: {}
[41.375983] (-) TimerEvent: {}
[41.476461] (-) TimerEvent: {}
[41.576961] (-) TimerEvent: {}
[41.677417] (-) TimerEvent: {}
[41.777889] (-) TimerEvent: {}
[41.878365] (-) TimerEvent: {}
[41.978855] (-) TimerEvent: {}
[42.079355] (-) TimerEvent: {}
[42.179827] (-) TimerEvent: {}
[42.280304] (-) TimerEvent: {}
[42.380791] (-) TimerEvent: {}
[42.481271] (-) TimerEvent: {}
[42.581793] (-) TimerEvent: {}
[42.682331] (-) TimerEvent: {}
[42.782835] (-) TimerEvent: {}
[42.883394] (-) TimerEvent: {}
[42.983919] (-) TimerEvent: {}
[43.084432] (-) TimerEvent: {}
[43.184934] (-) TimerEvent: {}
[43.285436] (-) TimerEvent: {}
[43.385927] (-) TimerEvent: {}
[43.486763] (-) TimerEvent: {}
[43.606394] (-) TimerEvent: {}
[43.706939] (-) TimerEvent: {}
[43.807816] (-) TimerEvent: {}
[43.908671] (-) TimerEvent: {}
[44.009522] (-) TimerEvent: {}
[44.110436] (-) TimerEvent: {}
[44.211282] (-) TimerEvent: {}
[44.312246] (-) TimerEvent: {}
[44.413156] (-) TimerEvent: {}
[44.514198] (-) TimerEvent: {}
[44.615199] (-) TimerEvent: {}
[44.718241] (-) TimerEvent: {}
[44.819121] (-) TimerEvent: {}
[44.920131] (-) TimerEvent: {}
[45.021212] (-) TimerEvent: {}
[45.122112] (-) TimerEvent: {}
[45.223102] (-) TimerEvent: {}
[45.324116] (-) TimerEvent: {}
[45.424996] (-) TimerEvent: {}
[45.525873] (-) TimerEvent: {}
[45.626762] (-) TimerEvent: {}
[45.727656] (-) TimerEvent: {}
[45.828470] (-) TimerEvent: {}
[45.930717] (-) TimerEvent: {}
[46.031635] (-) TimerEvent: {}
[46.132668] (-) TimerEvent: {}
[46.233547] (-) TimerEvent: {}
[46.334424] (-) TimerEvent: {}
[46.435287] (-) TimerEvent: {}
[46.536159] (-) TimerEvent: {}
[46.637086] (-) TimerEvent: {}
[46.737955] (-) TimerEvent: {}
[46.838937] (-) TimerEvent: {}
[46.939888] (-) TimerEvent: {}
[47.040400] (-) TimerEvent: {}
[47.140886] (-) TimerEvent: {}
[47.241555] (-) TimerEvent: {}
[47.271972] (vehicle_core) StdoutLine: {'line': b'[ 83%] \x1b[32m\x1b[1mLinking CXX shared library libgt_u7_gps_node_component.so\x1b[0m\n'}
[47.341840] (-) TimerEvent: {}
[47.442923] (-) TimerEvent: {}
[47.543951] (-) TimerEvent: {}
[47.645017] (-) TimerEvent: {}
[47.746118] (-) TimerEvent: {}
[47.847146] (-) TimerEvent: {}
[47.948173] (-) TimerEvent: {}
[48.049217] (-) TimerEvent: {}
[48.150310] (-) TimerEvent: {}
[48.251410] (-) TimerEvent: {}
[48.352443] (-) TimerEvent: {}
[48.453461] (-) TimerEvent: {}
[48.555309] (-) TimerEvent: {}
[48.656220] (-) TimerEvent: {}
[48.757205] (-) TimerEvent: {}
[48.858239] (-) TimerEvent: {}
[48.959213] (-) TimerEvent: {}
[49.016426] (vehicle_core) StdoutLine: {'line': b'[ 83%] Built target gt_u7_gps_node_component\n'}
[49.049387] (vehicle_core) StdoutLine: {'line': b'[ 83%] \x1b[32mBuilding CXX object CMakeFiles/autopilot_node_component.dir/src/Autopilot/KmlPathLoader.cpp.o\x1b[0m\n'}
[49.059317] (-) TimerEvent: {}
[49.159800] (-) TimerEvent: {}
[49.260688] (-) TimerEvent: {}
[49.361555] (-) TimerEvent: {}
[49.462393] (-) TimerEvent: {}
[49.563257] (-) TimerEvent: {}
[49.664109] (-) TimerEvent: {}
[49.764960] (-) TimerEvent: {}
[49.865938] (-) TimerEvent: {}
[49.966961] (-) TimerEvent: {}
[50.067811] (-) TimerEvent: {}
[50.168807] (-) TimerEvent: {}
[50.269806] (-) TimerEvent: {}
[50.370821] (-) TimerEvent: {}
[50.471730] (-) TimerEvent: {}
[50.572721] (-) TimerEvent: {}
[50.673633] (-) TimerEvent: {}
[50.777857] (-) TimerEvent: {}
[50.878336] (-) TimerEvent: {}
[50.978860] (-) TimerEvent: {}
[51.079334] (-) TimerEvent: {}
[51.179805] (-) TimerEvent: {}
[51.280271] (-) TimerEvent: {}
[51.380741] (-) TimerEvent: {}
[51.481208] (-) TimerEvent: {}
[51.581670] (-) TimerEvent: {}
[51.682125] (-) TimerEvent: {}
[51.782597] (-) TimerEvent: {}
[51.883123] (-) TimerEvent: {}
[51.983642] (-) TimerEvent: {}
[52.084125] (-) TimerEvent: {}
[52.184597] (-) TimerEvent: {}
[52.285616] (-) TimerEvent: {}
[52.386170] (-) TimerEvent: {}
[52.486671] (-) TimerEvent: {}
[52.587151] (-) TimerEvent: {}
[52.687606] (-) TimerEvent: {}
[52.704499] (vehicle_core) StdoutLine: {'line': b'[ 84%] \x1b[32mBuilding CXX object CMakeFiles/i2c_bridge_node.dir/src/Devices/I2C/I2CBusRegistry.cpp.o\x1b[0m\n'}
[52.787750] (-) TimerEvent: {}
[52.888241] (-) TimerEvent: {}
[52.988791] (-) TimerEvent: {}
[53.089273] (-) TimerEvent: {}
[53.189763] (-) TimerEvent: {}
[53.290251] (-) TimerEvent: {}
[53.390720] (-) TimerEvent: {}
[53.491207] (-) TimerEvent: {}
[53.591686] (-) TimerEvent: {}
[53.693653] (-) TimerEvent: {}
[53.794099] (-) TimerEvent: {}
[53.906996] (-) TimerEvent: {}
[54.007802] (-) TimerEvent: {}
[54.108628] (-) TimerEvent: {}
[54.209437] (-) TimerEvent: {}
[54.310291] (-) TimerEvent: {}
[54.411108] (-) TimerEvent: {}
[54.511969] (-) TimerEvent: {}
[54.612797] (-) TimerEvent: {}
[54.713637] (-) TimerEvent: {}
[54.814470] (-) TimerEvent: {}
[54.914922] (-) TimerEvent: {}
[55.015386] (-) TimerEvent: {}
[55.115866] (-) TimerEvent: {}
[55.216349] (-) TimerEvent: {}
[55.317209] (-) TimerEvent: {}
[55.418217] (-) TimerEvent: {}
[55.519060] (-) TimerEvent: {}
[55.619957] (-) TimerEvent: {}
[55.700299] (vehicle_core) StdoutLine: {'line': b'[ 84%] \x1b[32mBuilding CXX object CMakeFiles/i2c_bridge_node.dir/src/Devices/I2C/I2CDevice.cpp.o\x1b[0m\n'}
[55.720100] (-) TimerEvent: {}
[55.821010] (-) TimerEvent: {}
[55.921849] (-) TimerEvent: {}
[56.022310] (-) TimerEvent: {}
[56.123468] (-) TimerEvent: {}
[56.223982] (-) TimerEvent: {}
[56.324767] (-) TimerEvent: {}
[56.425546] (-) TimerEvent: {}
[56.526385] (-) TimerEvent: {}
[56.607183] (vehicle_core) StdoutLine: {'line': b'[ 84%] \x1b[32mBuilding CXX object CMakeFiles/i2c_bridge_node.dir/src/Devices/BNO055.cpp.o\x1b[0m\n'}
[56.626538] (-) TimerEvent: {}
[56.727527] (-) TimerEvent: {}
[56.828500] (-) TimerEvent: {}
[56.929479] (-) TimerEvent: {}
[57.030305] (-) TimerEvent: {}
[57.131139] (-) TimerEvent: {}
[57.232026] (-) TimerEvent: {}
[57.332910] (-) TimerEvent: {}
[57.433772] (-) TimerEvent: {}
[57.534640] (-) TimerEvent: {}
[57.635521] (-) TimerEvent: {}
[57.736415] (-) TimerEvent: {}
[57.837312] (-) TimerEvent: {}
[57.939433] (-) TimerEvent: {}
[58.039898] (-) TimerEvent: {}
[58.140379] (-) TimerEvent: {}
[58.240838] (-) TimerEvent: {}
[58.341321] (-) TimerEvent: {}
[58.441832] (-) TimerEvent: {}
[58.542345] (-) TimerEvent: {}
[58.619744] (vehicle_core) StderrLine: {'line': b'gmake[2]: *** [CMakeFiles/tcp_server_node_component.dir/build.make:76: CMakeFiles/tcp_server_node_component.dir/src/tcp_server_node.cpp.o] Error 1\n'}
[58.624472] (vehicle_core) StderrLine: {'line': b'gmake[1]: *** [CMakeFiles/Makefile2:724: CMakeFiles/tcp_server_node_component.dir/all] Error 2\n'}
[58.624652] (vehicle_core) StderrLine: {'line': b'gmake[1]: *** Waiting for unfinished jobs....\n'}
[58.642505] (-) TimerEvent: {}
[58.650207] (vehicle_core) StdoutLine: {'line': b'[ 85%] \x1b[32mBuilding CXX object CMakeFiles/i2c_bridge_node.dir/src/Devices/DriveSubsys.cpp.o\x1b[0m\n'}
[58.742658] (-) TimerEvent: {}
[58.831307] (vehicle_core) StdoutLine: {'line': b'[ 85%] \x1b[32mBuilding CXX object CMakeFiles/i2c_bridge_node.dir/src/Devices/LightingSubsys.cpp.o\x1b[0m\n'}
[58.842844] (-) TimerEvent: {}
[58.943732] (-) TimerEvent: {}
[59.044581] (-) TimerEvent: {}
[59.145390] (-) TimerEvent: {}
[59.246207] (-) TimerEvent: {}
[59.347081] (-) TimerEvent: {}
[59.447923] (-) TimerEvent: {}
[59.541117] (vehicle_core) StdoutLine: {'line': b'[ 86%] \x1b[32mBuilding CXX object CMakeFiles/autopilot_node_component.dir/src/Autopilot/PurePursuit.cpp.o\x1b[0m\n'}
[59.548260] (-) TimerEvent: {}
[59.650229] (-) TimerEvent: {}
[59.751204] (-) TimerEvent: {}
[59.852224] (-) TimerEvent: {}
[59.953207] (-) TimerEvent: {}
[60.054185] (-) TimerEvent: {}
[60.155093] (-) TimerEvent: {}
[60.255983] (-) TimerEvent: {}
[60.356975] (-) TimerEvent: {}
[60.457899] (-) TimerEvent: {}
[60.558808] (-) TimerEvent: {}
[60.659736] (-) TimerEvent: {}
[60.760667] (-) TimerEvent: {}
[60.861577] (-) TimerEvent: {}
[60.962540] (-) TimerEvent: {}
[61.063623] (-) TimerEvent: {}
[61.164731] (-) TimerEvent: {}
[61.265765] (-) TimerEvent: {}
[61.367020] (-) TimerEvent: {}
[61.468260] (-) TimerEvent: {}
[61.569472] (-) TimerEvent: {}
[61.671624] (-) TimerEvent: {}
[61.773687] (-) TimerEvent: {}
[61.876548] (-) TimerEvent: {}
[61.977470] (-) TimerEvent: {}
[62.078438] (-) TimerEvent: {}
[62.179498] (-) TimerEvent: {}
[62.280665] (-) TimerEvent: {}
[62.381606] (-) TimerEvent: {}
[62.482610] (-) TimerEvent: {}
[62.583678] (-) TimerEvent: {}
[62.684670] (-) TimerEvent: {}
[62.785695] (-) TimerEvent: {}
[62.877995] (vehicle_core) StdoutLine: {'line': b'[ 86%] \x1b[32m\x1b[1mLinking CXX shared library libstate_manager_node_component.so\x1b[0m\n'}
[62.885936] (-) TimerEvent: {}
[62.987125] (-) TimerEvent: {}
[63.090274] (-) TimerEvent: {}
[63.191276] (-) TimerEvent: {}
[63.292400] (-) TimerEvent: {}
[63.369581] (vehicle_core) StdoutLine: {'line': b'[ 86%] \x1b[32m\x1b[1mLinking CXX shared library libgst_camera_component.so\x1b[0m\n'}
[63.392749] (-) TimerEvent: {}
[63.493819] (-) TimerEvent: {}
[63.594842] (-) TimerEvent: {}
[63.695917] (-) TimerEvent: {}
[63.797108] (-) TimerEvent: {}
[63.898150] (-) TimerEvent: {}
[63.999513] (-) TimerEvent: {}
[64.100654] (-) TimerEvent: {}
[64.201886] (-) TimerEvent: {}
[64.303106] (-) TimerEvent: {}
[64.404265] (-) TimerEvent: {}
[64.505417] (-) TimerEvent: {}
[64.606642] (-) TimerEvent: {}
[64.716223] (-) TimerEvent: {}
[64.817447] (-) TimerEvent: {}
[64.918550] (-) TimerEvent: {}
[65.019655] (-) TimerEvent: {}
[65.120627] (-) TimerEvent: {}
[65.221541] (-) TimerEvent: {}
[65.322508] (-) TimerEvent: {}
[65.423706] (-) TimerEvent: {}
[65.524635] (-) TimerEvent: {}
[65.625617] (-) TimerEvent: {}
[65.726576] (-) TimerEvent: {}
[65.827603] (-) TimerEvent: {}
[65.928681] (-) TimerEvent: {}
[66.029752] (-) TimerEvent: {}
[66.130896] (-) TimerEvent: {}
[66.208178] (vehicle_core) StdoutLine: {'line': b'[ 86%] Built target gst_camera_component\n'}
[66.231555] (vehicle_core) StdoutLine: {'line': b'[ 86%] Built target state_manager_node_component\n'}
[66.232624] (-) TimerEvent: {}
[66.333753] (-) TimerEvent: {}
[66.435173] (-) TimerEvent: {}
[66.536700] (-) TimerEvent: {}
[66.638107] (-) TimerEvent: {}
[66.739598] (-) TimerEvent: {}
[66.840972] (-) TimerEvent: {}
[66.942353] (-) TimerEvent: {}
[67.043746] (-) TimerEvent: {}
[67.144724] (-) TimerEvent: {}
[67.245937] (-) TimerEvent: {}
[67.347543] (-) TimerEvent: {}
[67.449107] (-) TimerEvent: {}
[67.550738] (-) TimerEvent: {}
[67.652180] (-) TimerEvent: {}
[67.753120] (-) TimerEvent: {}
[67.854093] (-) TimerEvent: {}
[67.955237] (-) TimerEvent: {}
[68.056396] (-) TimerEvent: {}
[68.157316] (-) TimerEvent: {}
[68.258390] (-) TimerEvent: {}
[68.359557] (-) TimerEvent: {}
[68.460671] (-) TimerEvent: {}
[68.561621] (-) TimerEvent: {}
[68.662879] (-) TimerEvent: {}
[68.764403] (-) TimerEvent: {}
[68.865433] (-) TimerEvent: {}
[68.966524] (-) TimerEvent: {}
[69.068173] (-) TimerEvent: {}
[69.169204] (-) TimerEvent: {}
[69.270326] (-) TimerEvent: {}
[69.371168] (-) TimerEvent: {}
[69.410293] (vehicle_core) StdoutLine: {'line': b'[ 87%] \x1b[32m\x1b[1mLinking CXX shared library libi2c_bridge_node.so\x1b[0m\n'}
[69.471470] (-) TimerEvent: {}
[69.572401] (-) TimerEvent: {}
[69.673597] (-) TimerEvent: {}
[69.774663] (-) TimerEvent: {}
[69.875694] (-) TimerEvent: {}
[69.976718] (-) TimerEvent: {}
[70.077869] (-) TimerEvent: {}
[70.179002] (-) TimerEvent: {}
[70.280032] (-) TimerEvent: {}
[70.381216] (-) TimerEvent: {}
[70.482336] (-) TimerEvent: {}
[70.583473] (-) TimerEvent: {}
[70.684559] (-) TimerEvent: {}
[70.785821] (-) TimerEvent: {}
[70.886915] (-) TimerEvent: {}
[70.987856] (-) TimerEvent: {}
[71.089235] (-) TimerEvent: {}
[71.190518] (-) TimerEvent: {}
[71.291758] (-) TimerEvent: {}
[71.392840] (-) TimerEvent: {}
[71.493949] (-) TimerEvent: {}
[71.559253] (vehicle_core) StdoutLine: {'line': b'[ 87%] \x1b[32m\x1b[1mLinking CXX shared library libautopilot_node_component.so\x1b[0m\n'}
[71.594165] (-) TimerEvent: {}
[71.695197] (-) TimerEvent: {}
[71.796516] (-) TimerEvent: {}
[71.897831] (-) TimerEvent: {}
[71.999131] (-) TimerEvent: {}
[72.100338] (-) TimerEvent: {}
[72.201484] (-) TimerEvent: {}
[72.259760] (vehicle_core) StdoutLine: {'line': b'[ 87%] \x1b[32m\x1b[1mLinking CXX shared library libheading_calibrator_node_component.so\x1b[0m\n'}
[72.301876] (-) TimerEvent: {}
[72.382217] (vehicle_core) StdoutLine: {'line': b'[ 87%] Built target i2c_bridge_node\n'}
[72.402225] (-) TimerEvent: {}
[72.503412] (-) TimerEvent: {}
[72.604572] (-) TimerEvent: {}
[72.705702] (-) TimerEvent: {}
[72.806834] (-) TimerEvent: {}
[72.907917] (-) TimerEvent: {}
[73.009018] (-) TimerEvent: {}
[73.110010] (-) TimerEvent: {}
[73.210941] (-) TimerEvent: {}
[73.311813] (-) TimerEvent: {}
[73.412826] (-) TimerEvent: {}
[73.483600] (vehicle_core) StdoutLine: {'line': b'[ 87%] Built target autopilot_node_component\n'}
[73.513138] (-) TimerEvent: {}
[73.614152] (-) TimerEvent: {}
[73.715234] (-) TimerEvent: {}
[73.816191] (-) TimerEvent: {}
[73.917098] (-) TimerEvent: {}
[74.018166] (-) TimerEvent: {}
[74.119564] (-) TimerEvent: {}
[74.220388] (-) TimerEvent: {}
[74.321408] (-) TimerEvent: {}
[74.422745] (-) TimerEvent: {}
[74.524200] (-) TimerEvent: {}
[74.625584] (-) TimerEvent: {}
[74.726600] (-) TimerEvent: {}
[74.827802] (-) TimerEvent: {}
[74.928624] (-) TimerEvent: {}
[75.029876] (-) TimerEvent: {}
[75.131288] (-) TimerEvent: {}
[75.232024] (-) TimerEvent: {}
[75.333076] (-) TimerEvent: {}
[75.434335] (-) TimerEvent: {}
[75.458423] (vehicle_core) StdoutLine: {'line': b'[ 87%] Built target heading_calibrator_node_component\n'}
[75.534699] (-) TimerEvent: {}
[75.635936] (-) TimerEvent: {}
[75.737211] (-) TimerEvent: {}
[75.838446] (-) TimerEvent: {}
[75.939739] (-) TimerEvent: {}
[76.041024] (-) TimerEvent: {}
[76.142286] (-) TimerEvent: {}
[76.243563] (-) TimerEvent: {}
[76.344826] (-) TimerEvent: {}
[76.446045] (-) TimerEvent: {}
[76.547342] (-) TimerEvent: {}
[76.648593] (-) TimerEvent: {}
[76.749814] (-) TimerEvent: {}
[76.851096] (-) TimerEvent: {}
[76.952389] (-) TimerEvent: {}
[77.053676] (-) TimerEvent: {}
[77.154903] (-) TimerEvent: {}
[77.256154] (-) TimerEvent: {}
[77.357466] (-) TimerEvent: {}
[77.458718] (-) TimerEvent: {}
[77.560005] (-) TimerEvent: {}
[77.661315] (-) TimerEvent: {}
[77.762575] (-) TimerEvent: {}
[77.863839] (-) TimerEvent: {}
[77.965008] (-) TimerEvent: {}
[78.066274] (-) TimerEvent: {}
[78.167541] (-) TimerEvent: {}
[78.268708] (-) TimerEvent: {}
[78.369964] (-) TimerEvent: {}
[78.471163] (-) TimerEvent: {}
[78.572437] (-) TimerEvent: {}
[78.673731] (-) TimerEvent: {}
[78.775015] (-) TimerEvent: {}
[78.876313] (-) TimerEvent: {}
[78.977523] (-) TimerEvent: {}
[79.078813] (-) TimerEvent: {}
[79.180081] (-) TimerEvent: {}
[79.281550] (-) TimerEvent: {}
[79.382749] (-) TimerEvent: {}
[79.484264] (-) TimerEvent: {}
[79.585596] (-) TimerEvent: {}
[79.686953] (-) TimerEvent: {}
[79.788181] (-) TimerEvent: {}
[79.889473] (-) TimerEvent: {}
[79.990780] (-) TimerEvent: {}
[80.092224] (-) TimerEvent: {}
[80.193597] (-) TimerEvent: {}
[80.294916] (-) TimerEvent: {}
[80.396139] (-) TimerEvent: {}
[80.497436] (-) TimerEvent: {}
[80.598720] (-) TimerEvent: {}
[80.699988] (-) TimerEvent: {}
[80.801312] (-) TimerEvent: {}
[80.902565] (-) TimerEvent: {}
[81.003802] (-) TimerEvent: {}
[81.105000] (-) TimerEvent: {}
[81.206282] (-) TimerEvent: {}
[81.307688] (-) TimerEvent: {}
[81.408999] (-) TimerEvent: {}
[81.510352] (-) TimerEvent: {}
[81.611675] (-) TimerEvent: {}
[81.712969] (-) TimerEvent: {}
[81.814233] (-) TimerEvent: {}
[81.915459] (-) TimerEvent: {}
[82.016779] (-) TimerEvent: {}
[82.118127] (-) TimerEvent: {}
[82.219482] (-) TimerEvent: {}
[82.320847] (-) TimerEvent: {}
[82.422172] (-) TimerEvent: {}
[82.523489] (-) TimerEvent: {}
[82.624841] (-) TimerEvent: {}
[82.726173] (-) TimerEvent: {}
[82.827553] (-) TimerEvent: {}
[82.928892] (-) TimerEvent: {}
[83.030257] (-) TimerEvent: {}
[83.131591] (-) TimerEvent: {}
[83.232923] (-) TimerEvent: {}
[83.334359] (-) TimerEvent: {}
[83.435675] (-) TimerEvent: {}
[83.537040] (-) TimerEvent: {}
[83.638381] (-) TimerEvent: {}
[83.739747] (-) TimerEvent: {}
[83.841268] (-) TimerEvent: {}
[83.942671] (-) TimerEvent: {}
[84.043973] (-) TimerEvent: {}
[84.145235] (-) TimerEvent: {}
[84.246522] (-) TimerEvent: {}
[84.347771] (-) TimerEvent: {}
[84.449096] (-) TimerEvent: {}
[84.550412] (-) TimerEvent: {}
[84.651635] (-) TimerEvent: {}
[84.752940] (-) TimerEvent: {}
[84.854260] (-) TimerEvent: {}
[84.955532] (-) TimerEvent: {}
[85.056728] (-) TimerEvent: {}
[85.157972] (-) TimerEvent: {}
[85.259286] (-) TimerEvent: {}
[85.360548] (-) TimerEvent: {}
[85.461808] (-) TimerEvent: {}
[85.563073] (-) TimerEvent: {}
[85.664438] (-) TimerEvent: {}
[85.765817] (-) TimerEvent: {}
[85.866828] (-) TimerEvent: {}
[85.968089] (-) TimerEvent: {}
[86.070278] (-) TimerEvent: {}
[86.171704] (-) TimerEvent: {}
[86.273235] (-) TimerEvent: {}
[86.374712] (-) TimerEvent: {}
[86.476189] (-) TimerEvent: {}
[86.578305] (-) TimerEvent: {}
[86.679942] (-) TimerEvent: {}
[86.781273] (-) TimerEvent: {}
[86.882950] (-) TimerEvent: {}
[86.984433] (-) TimerEvent: {}
[87.085396] (-) TimerEvent: {}
[87.186464] (-) TimerEvent: {}
[87.287682] (-) TimerEvent: {}
[87.388780] (-) TimerEvent: {}
[87.489807] (-) TimerEvent: {}
[87.590728] (-) TimerEvent: {}
[87.691834] (-) TimerEvent: {}
[87.793188] (-) TimerEvent: {}
[87.894416] (-) TimerEvent: {}
[87.995550] (-) TimerEvent: {}
[88.096482] (-) TimerEvent: {}
[88.197502] (-) TimerEvent: {}
[88.298444] (-) TimerEvent: {}
[88.399567] (-) TimerEvent: {}
[88.500625] (-) TimerEvent: {}
[88.601601] (-) TimerEvent: {}
[88.702598] (-) TimerEvent: {}
[88.757886] (vehicle_core) StdoutLine: {'line': b'[ 87%] \x1b[32m\x1b[1mLinking CXX shared library libdrive_arbiter_node_component.so\x1b[0m\n'}
[88.802831] (-) TimerEvent: {}
[88.903672] (-) TimerEvent: {}
[89.004510] (-) TimerEvent: {}
[89.105347] (-) TimerEvent: {}
[89.206343] (-) TimerEvent: {}
[89.307289] (-) TimerEvent: {}
[89.408219] (-) TimerEvent: {}
[89.509242] (-) TimerEvent: {}
[89.610326] (-) TimerEvent: {}
[89.711369] (-) TimerEvent: {}
[89.812503] (-) TimerEvent: {}
[89.913585] (-) TimerEvent: {}
[90.014622] (-) TimerEvent: {}
[90.115619] (-) TimerEvent: {}
[90.216439] (-) TimerEvent: {}
[90.317381] (-) TimerEvent: {}
[90.418569] (-) TimerEvent: {}
[90.519924] (-) TimerEvent: {}
[90.621464] (-) TimerEvent: {}
[90.723003] (-) TimerEvent: {}
[90.824595] (-) TimerEvent: {}
[90.925948] (-) TimerEvent: {}
[91.027192] (-) TimerEvent: {}
[91.128390] (-) TimerEvent: {}
[91.229584] (-) TimerEvent: {}
[91.330484] (-) TimerEvent: {}
[91.431672] (-) TimerEvent: {}
[91.533100] (-) TimerEvent: {}
[91.634933] (-) TimerEvent: {}
[91.735970] (-) TimerEvent: {}
[91.837006] (-) TimerEvent: {}
[91.937860] (-) TimerEvent: {}
[92.038759] (-) TimerEvent: {}
[92.140166] (-) TimerEvent: {}
[92.241618] (-) TimerEvent: {}
[92.342866] (-) TimerEvent: {}
[92.443788] (-) TimerEvent: {}
[92.451479] (vehicle_core) StdoutLine: {'line': b'[ 87%] Built target drive_arbiter_node_component\n'}
[92.454255] (vehicle_core) StderrLine: {'line': b'gmake: *** [Makefile:146: all] Error 2\n'}
[92.467400] (vehicle_core) CommandEnded: {'returncode': 2}
[92.482621] (vehicle_core) JobEnded: {'identifier': 'vehicle_core', 'rc': 2}
[92.493345] (-) EventReactorShutdown: {}
