[0.000000] (-) TimerEvent: {}
[0.001235] (vehicle_core) JobQueued: {'identifier': 'vehicle_core', 'dependencies': OrderedDict()}
[0.001456] (vehicle_core) JobStarted: {'identifier': 'vehicle_core'}
[0.027325] (vehicle_core) JobProgress: {'identifier': 'vehicle_core', 'progress': 'cmake'}
[0.029005] (vehicle_core) JobProgress: {'identifier': 'vehicle_core', 'progress': 'build'}
[0.030517] (vehicle_core) Command: {'cmd': ['/usr/bin/cmake', '--build', '/home/avcpp/AV-CPP2025/Vehicle/build/vehicle_core', '--', '-j8', '-l8'], 'cwd': '/home/avcpp/AV-CPP2025/Vehicle/build/vehicle_core', 'env': OrderedDict([('PYTHON_BASIC_REPL', '1'), ('LESSOPEN', '| /usr/bin/lesspipe %s'), ('UMS_MOUNTPOINT', '/mnt/ums'), ('GST_V4L2_PREFERRED_FOURCC', 'NV12:YU12:NV16:YUY2'), ('LANGUAGE', 'en_US.UTF-8'), ('USER', 'avcpp'), ('SSH_CLIENT', '192.168.8.103 62622 22'), ('XDG_SESSION_TYPE', 'tty'), ('GIT_ASKPASS', '/home/avcpp/.vscode-server/cli/servers/Stable-1e3c50d64110be466c0b4a45222e81d2c9352888/server/extensions/git/dist/askpass.sh'), ('SHLVL', '1'), ('USB_FUNCS', 'adb'), ('LD_LIBRARY_PATH', '/home/avcpp/AV-CPP2025/Vehicle/install/vehicle_core/lib:/opt/ros/humble/opt/rviz_ogre_vendor/lib:/opt/ros/humble/lib/aarch64-linux-gnu:/opt/ros/humble/lib'), ('BROWSER', '/home/avcpp/.vscode-server/cli/servers/Stable-1e3c50d64110be466c0b4a45222e81d2c9352888/server/bin/helpers/browser.sh'), ('MOTD_SHOWN', 'pam'), ('HOME', '/home/avcpp'), ('OLDPWD', '/home/avcpp/AV-CPP2025'), ('TERM_PROGRAM_VERSION', '1.106.2'), ('VSCODE_IPC_HOOK_CLI', '/run/user/1001/vscode-ipc-30b71ba1-c494-4d50-8a40-c2475056f836.sock'), ('GST_INSPECT_NO_COLORS', '1'), ('GST_MPP_NO_RGA', '1'), ('ROS_PYTHON_VERSION', '3'), ('COGL_DRIVER', 'gles2'), ('VSCODE_GIT_ASKPASS_MAIN', '/home/avcpp/.vscode-server/cli/servers/Stable-1e3c50d64110be466c0b4a45222e81d2c9352888/server/extensions/git/dist/askpass-main.js'), ('VSCODE_GIT_ASKPASS_NODE', '/home/avcpp/.vscode-server/cli/servers/Stable-1e3c50d64110be466c0b4a45222e81d2c9352888/server/node'), ('SSL_CERT_FILE', '/usr/lib/ssl/certs/ca-certificates.crt'), ('PYDEVD_DISABLE_FILE_VALIDATION', '1'), ('BUNDLED_DEBUGPY_PATH', '/home/avcpp/.vscode-server/extensions/ms-python.debugpy-2025.16.0/bundled/libs/debugpy'), ('VSCODE_PYTHON_AUTOACTIVATE_GUARD', '1'), ('DBUS_SESSION_BUS_ADDRESS', 'unix:path=/run/user/1001/bus'), ('COLORTERM', 'truecolor'), ('COLCON_PREFIX_PATH', '/home/avcpp/AV-CPP2025/Vehicle/install'), ('GST_V4L2SRC_MAX_RESOLUTION', '3840x2160'), ('ROS_DISTRO', 'humble'), ('LOGNAME', 'avcpp'), ('_', '/usr/bin/colcon'), ('ROS_VERSION', '2'), ('XDG_SESSION_CLASS', 'user'), ('TERM', 'xterm-256color'), ('GST_GL_API', 'gles2'), ('XDG_SESSION_ID', '5'), ('GST_VIDEO_CONVERT_PREFERRED_FORMAT', 'NV12:NV16:I420:YUY2'), ('GST_V4L2SRC_RK_DEVICES', '_mainpath:_selfpath:_bypass:_scale'), ('ROS_LOCALHOST_ONLY', '0'), ('PATH', '/home/avcpp/.vscode-server/data/User/globalStorage/github.copilot-chat/debugCommand:/home/avcpp/.vscode-server/data/User/globalStorage/github.copilot-chat/copilotCli:/home/avcpp/.vscode-server/cli/servers/Stable-1e3c50d64110be466c0b4a45222e81d2c9352888/server/bin/remote-cli:/home/avcpp/.local/bin:/opt/ros/humble/bin:/usr/local/sbin:/usr/local/bin:/usr/sbin:/usr/bin:/sbin:/bin:/usr/games:/usr/local/games:/snap/bin:/home/avcpp/.vscode-server/extensions/ms-python.debugpy-2025.16.0/bundled/scripts/noConfigScripts'), ('XDG_RUNTIME_DIR', '/run/user/1001'), ('GST_GL_PLATFORM', 'egl'), ('GST_DEBUG_NO_COLOR', '1'), ('SSL_CERT_DIR', '/usr/lib/ssl/certs'), ('GST_V4L2SRC_DEFAULT_DEVICE', '/dev/video-camera0'), ('DISPLAY', ':0'), ('VSCODE_DEBUGPY_ADAPTER_ENDPOINTS', '/home/avcpp/.vscode-server/extensions/ms-python.debugpy-2025.16.0/.noConfigDebugAdapterEndpoints/endpoint-ef25f7e9429dbf34.txt'), ('LANG', 'en_US.UTF-8'), ('PYTHONSTARTUP', '/home/avcpp/.vscode-server/data/User/workspaceStorage/da628a90441345ac74af00bc07084975/ms-python.python/pythonrc.py'), ('LS_COLORS', 'rs=0:di=01;34:ln=01;36:mh=00:pi=40;33:so=01;35:do=01;35:bd=40;33;01:cd=40;33;01:or=40;31;01:mi=00:su=37;41:sg=30;43:ca=30;41:tw=30;42:ow=34;42:st=37;44:ex=01;32:*.tar=01;31:*.tgz=01;31:*.arc=01;31:*.arj=01;31:*.taz=01;31:*.lha=01;31:*.lz4=01;31:*.lzh=01;31:*.lzma=01;31:*.tlz=01;31:*.txz=01;31:*.tzo=01;31:*.t7z=01;31:*.zip=01;31:*.z=01;31:*.dz=01;31:*.gz=01;31:*.lrz=01;31:*.lz=01;31:*.lzo=01;31:*.xz=01;31:*.zst=01;31:*.tzst=01;31:*.bz2=01;31:*.bz=01;31:*.tbz=01;31:*.tbz2=01;31:*.tz=01;31:*.deb=01;31:*.rpm=01;31:*.jar=01;31:*.war=01;31:*.ear=01;31:*.sar=01;31:*.rar=01;31:*.alz=01;31:*.ace=01;31:*.zoo=01;31:*.cpio=01;31:*.7z=01;31:*.rz=01;31:*.cab=01;31:*.wim=01;31:*.swm=01;31:*.dwm=01;31:*.esd=01;31:*.jpg=01;35:*.jpeg=01;35:*.mjpg=01;35:*.mjpeg=01;35:*.gif=01;35:*.bmp=01;35:*.pbm=01;35:*.pgm=01;35:*.ppm=01;35:*.tga=01;35:*.xbm=01;35:*.xpm=01;35:*.tif=01;35:*.tiff=01;35:*.png=01;35:*.svg=01;35:*.svgz=01;35:*.mng=01;35:*.pcx=01;35:*.mov=01;35:*.mpg=01;35:*.mpeg=01;35:*.m2v=01;35:*.mkv=01;35:*.webm=01;35:*.webp=01;35:*.ogm=01;35:*.mp4=01;35:*.m4v=01;35:*.mp4v=01;35:*.vob=01;35:*.qt=01;35:*.nuv=01;35:*.wmv=01;35:*.asf=01;35:*.rm=01;35:*.rmvb=01;35:*.flc=01;35:*.avi=01;35:*.fli=01;35:*.flv=01;35:*.gl=01;35:*.dl=01;35:*.xcf=01;35:*.xwd=01;35:*.yuv=01;35:*.cgm=01;35:*.emf=01;35:*.ogv=01;35:*.ogx=01;35:*.aac=00;36:*.au=00;36:*.flac=00;36:*.m4a=00;36:*.mid=00;36:*.midi=00;36:*.mka=00;36:*.mp3=00;36:*.mpc=00;36:*.ogg=00;36:*.ra=00;36:*.wav=00;36:*.oga=00;36:*.opus=00;36:*.spx=00;36:*.xspf=00;36:'), ('VSCODE_GIT_IPC_HANDLE', '/run/user/1001/vscode-git-c9ee365bab.sock'), ('TERM_PROGRAM', 'vscode'), ('GST_V4L2_USE_LIBV4L2', '1'), ('UMS_SIZE', '256M'), ('AMENT_PREFIX_PATH', '/home/avcpp/AV-CPP2025/Vehicle/install/vehicle_core:/opt/ros/humble'), ('LC_MESSAGES', 'en_US.UTF-8'), ('SHELL', '/bin/bash'), ('UMS_RO', '0'), ('LESSCLOSE', '/usr/bin/lesspipe %s %s'), ('UMS_FSTYPE', 'vfat'), ('VSCODE_GIT_ASKPASS_EXTRA_ARGS', ''), ('PWD', '/home/avcpp/AV-CPP2025/Vehicle/build/vehicle_core'), ('LC_ALL', 'en_US.UTF-8'), ('SSH_CONNECTION', '192.168.8.103 62622 192.168.8.176 22'), ('PYTHONPATH', '/home/avcpp/AV-CPP2025/Vehicle/install/vehicle_core/local/lib/python3.10/dist-packages:/opt/ros/humble/lib/python3.10/site-packages:/opt/ros/humble/local/lib/python3.10/dist-packages'), ('UMS_MOUNT', '0'), ('COLCON', '1'), ('CMAKE_PREFIX_PATH', '/home/avcpp/AV-CPP2025/Vehicle/install/vehicle_core:/opt/ros/humble'), ('UMS_FILE', '/userdata/ums_shared.img')]), 'shell': False}
[0.098671] (-) TimerEvent: {}
[0.199834] (-) TimerEvent: {}
[0.275366] (vehicle_core) StdoutLine: {'line': b'[  0%] Built target ament_cmake_python_symlink_vehicle_core\n'}
[0.289636] (vehicle_core) StdoutLine: {'line': b'[  1%] Built target vehicle_core__cpp\n'}
[0.295888] (vehicle_core) StdoutLine: {'line': b'[  2%] Built target vehicle_core_container\n'}
[0.299932] (-) TimerEvent: {}
[0.309612] (vehicle_core) StdoutLine: {'line': b'[ 13%] Built target vehicle_core__rosidl_generator_c\n'}
[0.372719] (vehicle_core) StdoutLine: {'line': b'[ 25%] Built target vehicle_core__rosidl_typesupport_c\n'}
[0.375291] (vehicle_core) StdoutLine: {'line': b'[ 35%] Built target vehicle_core__rosidl_typesupport_cpp\n'}
[0.395982] (vehicle_core) StdoutLine: {'line': b'[ 46%] Built target vehicle_core__rosidl_typesupport_introspection_c\n'}
[0.398841] (vehicle_core) StdoutLine: {'line': b'[ 57%] Built target vehicle_core__rosidl_typesupport_introspection_cpp\n'}
[0.399991] (-) TimerEvent: {}
[0.402733] (vehicle_core) StdoutLine: {'line': b'[ 68%] Built target vehicle_core__rosidl_typesupport_fastrtps_cpp\n'}
[0.421184] (vehicle_core) StdoutLine: {'line': b'[ 79%] Built target vehicle_core__rosidl_typesupport_fastrtps_c\n'}
[0.473677] (vehicle_core) StdoutLine: {'line': b'[ 79%] Built target vehicle_core\n'}
[0.494714] (vehicle_core) StdoutLine: {'line': b'\x1b[35m\x1b[1mConsolidate compiler generated dependencies of target drive_arbiter_node_component\x1b[0m\n'}
[0.500140] (-) TimerEvent: {}
[0.527042] (vehicle_core) StdoutLine: {'line': b'[ 79%] Built target vehicle_core__py\n'}
[0.546471] (vehicle_core) StdoutLine: {'line': b'[ 80%] Built target gt_u7_gps_node_component\n'}
[0.560497] (vehicle_core) StdoutLine: {'line': b'[ 80%] Built target i2c_bridge_node\n'}
[0.567510] (vehicle_core) StdoutLine: {'line': b'[ 81%] Built target tcp_server_node_component\n'}
[0.578557] (vehicle_core) StdoutLine: {'line': b'[ 82%] Built target drive_arbiter_node_component\n'}
[0.582459] (vehicle_core) StdoutLine: {'line': b'[ 83%] Built target heading_calibrator_node_component\n'}
[0.590114] (vehicle_core) StdoutLine: {'line': b'[ 84%] Built target state_manager_node_component\n'}
[0.594492] (vehicle_core) StdoutLine: {'line': b'\x1b[35m\x1b[1mConsolidate compiler generated dependencies of target autopilot_node_component\x1b[0m\n'}
[0.600432] (-) TimerEvent: {}
[0.613732] (vehicle_core) StdoutLine: {'line': b'[ 85%] Built target gst_camera_component\n'}
[0.652918] (vehicle_core) StdoutLine: {'line': b'[ 85%] \x1b[32mBuilding CXX object CMakeFiles/autopilot_node_component.dir/src/autopilot_node.cpp.o\x1b[0m\n'}
[0.659943] (vehicle_core) StdoutLine: {'line': b'running egg_info\n'}
[0.670143] (vehicle_core) StdoutLine: {'line': b'[ 96%] Built target vehicle_core__rosidl_generator_py\n'}
[0.679148] (vehicle_core) StdoutLine: {'line': b'writing vehicle_core.egg-info/PKG-INFO\n'}
[0.679926] (vehicle_core) StdoutLine: {'line': b'writing dependency_links to vehicle_core.egg-info/dependency_links.txt\n'}
[0.680526] (vehicle_core) StdoutLine: {'line': b'writing top-level names to vehicle_core.egg-info/top_level.txt\n'}
[0.700489] (-) TimerEvent: {}
[0.713658] (vehicle_core) StdoutLine: {'line': b'[ 97%] Built target vehicle_core__rosidl_typesupport_introspection_c__pyext\n'}
[0.726807] (vehicle_core) StdoutLine: {'line': b'[ 98%] Built target vehicle_core__rosidl_typesupport_c__pyext\n'}
[0.744973] (vehicle_core) StdoutLine: {'line': b"reading manifest file 'vehicle_core.egg-info/SOURCES.txt'\n"}
[0.746189] (vehicle_core) StdoutLine: {'line': b"writing manifest file 'vehicle_core.egg-info/SOURCES.txt'\n"}
[0.756606] (vehicle_core) StdoutLine: {'line': b'[ 99%] Built target vehicle_core__rosidl_typesupport_fastrtps_c__pyext\n'}
[0.800646] (-) TimerEvent: {}
[0.875745] (vehicle_core) StdoutLine: {'line': b'[ 99%] Built target ament_cmake_python_build_vehicle_core_egg\n'}
[0.900977] (-) TimerEvent: {}
[1.002098] (-) TimerEvent: {}
[1.103097] (-) TimerEvent: {}
[1.204168] (-) TimerEvent: {}
[1.305208] (-) TimerEvent: {}
[1.406261] (-) TimerEvent: {}
[1.507313] (-) TimerEvent: {}
[1.607848] (-) TimerEvent: {}
[1.708430] (-) TimerEvent: {}
[1.809022] (-) TimerEvent: {}
[1.909509] (-) TimerEvent: {}
[2.010011] (-) TimerEvent: {}
[2.110496] (-) TimerEvent: {}
[2.210980] (-) TimerEvent: {}
[2.311468] (-) TimerEvent: {}
[2.411964] (-) TimerEvent: {}
[2.512525] (-) TimerEvent: {}
[2.613087] (-) TimerEvent: {}
[2.713718] (-) TimerEvent: {}
[2.814755] (-) TimerEvent: {}
[2.915886] (-) TimerEvent: {}
[3.017115] (-) TimerEvent: {}
[3.118360] (-) TimerEvent: {}
[3.219590] (-) TimerEvent: {}
[3.320756] (-) TimerEvent: {}
[3.421945] (-) TimerEvent: {}
[3.523091] (-) TimerEvent: {}
[3.624132] (-) TimerEvent: {}
[3.725171] (-) TimerEvent: {}
[3.826198] (-) TimerEvent: {}
[3.927281] (-) TimerEvent: {}
[4.028436] (-) TimerEvent: {}
[4.129433] (-) TimerEvent: {}
[4.230465] (-) TimerEvent: {}
[4.331660] (-) TimerEvent: {}
[4.432695] (-) TimerEvent: {}
[4.533732] (-) TimerEvent: {}
[4.634892] (-) TimerEvent: {}
[4.736209] (-) TimerEvent: {}
[4.837472] (-) TimerEvent: {}
[4.938588] (-) TimerEvent: {}
[5.039683] (-) TimerEvent: {}
[5.140965] (-) TimerEvent: {}
[5.242065] (-) TimerEvent: {}
[5.343186] (-) TimerEvent: {}
[5.444226] (-) TimerEvent: {}
[5.545261] (-) TimerEvent: {}
[5.646388] (-) TimerEvent: {}
[5.749300] (-) TimerEvent: {}
[5.850020] (-) TimerEvent: {}
[5.951048] (-) TimerEvent: {}
[6.052078] (-) TimerEvent: {}
[6.153089] (-) TimerEvent: {}
[6.254613] (-) TimerEvent: {}
[6.355718] (-) TimerEvent: {}
[6.457018] (-) TimerEvent: {}
[6.558575] (-) TimerEvent: {}
[6.659551] (-) TimerEvent: {}
[6.760667] (-) TimerEvent: {}
[6.861809] (-) TimerEvent: {}
[6.962848] (-) TimerEvent: {}
[7.064208] (-) TimerEvent: {}
[7.165611] (-) TimerEvent: {}
[7.266975] (-) TimerEvent: {}
[7.368354] (-) TimerEvent: {}
[7.469719] (-) TimerEvent: {}
[7.571124] (-) TimerEvent: {}
[7.672589] (-) TimerEvent: {}
[7.773972] (-) TimerEvent: {}
[7.875319] (-) TimerEvent: {}
[7.976691] (-) TimerEvent: {}
[8.078022] (-) TimerEvent: {}
[8.179364] (-) TimerEvent: {}
[8.280700] (-) TimerEvent: {}
[8.382058] (-) TimerEvent: {}
[8.483400] (-) TimerEvent: {}
[8.584765] (-) TimerEvent: {}
[8.686042] (-) TimerEvent: {}
[8.787408] (-) TimerEvent: {}
[8.888783] (-) TimerEvent: {}
[8.990193] (-) TimerEvent: {}
[9.091660] (-) TimerEvent: {}
[9.193057] (-) TimerEvent: {}
[9.294393] (-) TimerEvent: {}
[9.395815] (-) TimerEvent: {}
[9.497170] (-) TimerEvent: {}
[9.598578] (-) TimerEvent: {}
[9.699963] (-) TimerEvent: {}
[9.801363] (-) TimerEvent: {}
[9.902730] (-) TimerEvent: {}
[10.004104] (-) TimerEvent: {}
[10.105476] (-) TimerEvent: {}
[10.206850] (-) TimerEvent: {}
[10.308229] (-) TimerEvent: {}
[10.409511] (-) TimerEvent: {}
[10.510832] (-) TimerEvent: {}
[10.612285] (-) TimerEvent: {}
[10.713692] (-) TimerEvent: {}
[10.815141] (-) TimerEvent: {}
[10.916556] (-) TimerEvent: {}
[11.017986] (-) TimerEvent: {}
[11.119383] (-) TimerEvent: {}
[11.220739] (-) TimerEvent: {}
[11.322179] (-) TimerEvent: {}
[11.423604] (-) TimerEvent: {}
[11.524986] (-) TimerEvent: {}
[11.626396] (-) TimerEvent: {}
[11.727689] (-) TimerEvent: {}
[11.828918] (-) TimerEvent: {}
[11.930236] (-) TimerEvent: {}
[12.031624] (-) TimerEvent: {}
[12.133006] (-) TimerEvent: {}
[12.234392] (-) TimerEvent: {}
[12.335721] (-) TimerEvent: {}
[12.437112] (-) TimerEvent: {}
[12.538534] (-) TimerEvent: {}
[12.639997] (-) TimerEvent: {}
[12.741523] (-) TimerEvent: {}
[12.842867] (-) TimerEvent: {}
[12.944242] (-) TimerEvent: {}
[13.045682] (-) TimerEvent: {}
[13.147047] (-) TimerEvent: {}
[13.248399] (-) TimerEvent: {}
[13.349845] (-) TimerEvent: {}
[13.451452] (-) TimerEvent: {}
[13.553136] (-) TimerEvent: {}
[13.654750] (-) TimerEvent: {}
[13.756093] (-) TimerEvent: {}
[13.857474] (-) TimerEvent: {}
[13.958883] (-) TimerEvent: {}
[14.060252] (-) TimerEvent: {}
[14.161630] (-) TimerEvent: {}
[14.263008] (-) TimerEvent: {}
[14.364366] (-) TimerEvent: {}
[14.465794] (-) TimerEvent: {}
[14.567143] (-) TimerEvent: {}
[14.668506] (-) TimerEvent: {}
[14.769835] (-) TimerEvent: {}
[14.871201] (-) TimerEvent: {}
[14.972626] (-) TimerEvent: {}
[15.073996] (-) TimerEvent: {}
[15.175408] (-) TimerEvent: {}
[15.276779] (-) TimerEvent: {}
[15.378191] (-) TimerEvent: {}
[15.479566] (-) TimerEvent: {}
[15.580933] (-) TimerEvent: {}
[15.682371] (-) TimerEvent: {}
[15.783676] (-) TimerEvent: {}
[15.885167] (-) TimerEvent: {}
[15.986548] (-) TimerEvent: {}
[16.087923] (-) TimerEvent: {}
[16.189342] (-) TimerEvent: {}
[16.290711] (-) TimerEvent: {}
[16.392111] (-) TimerEvent: {}
[16.493476] (-) TimerEvent: {}
[16.594840] (-) TimerEvent: {}
[16.696138] (-) TimerEvent: {}
[16.797479] (-) TimerEvent: {}
[16.898916] (-) TimerEvent: {}
[17.000326] (-) TimerEvent: {}
[17.101787] (-) TimerEvent: {}
[17.203131] (-) TimerEvent: {}
[17.304504] (-) TimerEvent: {}
[17.405876] (-) TimerEvent: {}
[17.507165] (-) TimerEvent: {}
[17.608505] (-) TimerEvent: {}
[17.709874] (-) TimerEvent: {}
[17.811244] (-) TimerEvent: {}
[17.912652] (-) TimerEvent: {}
[18.013991] (-) TimerEvent: {}
[18.115352] (-) TimerEvent: {}
[18.216674] (-) TimerEvent: {}
[18.318057] (-) TimerEvent: {}
[18.419407] (-) TimerEvent: {}
[18.520699] (-) TimerEvent: {}
[18.622067] (-) TimerEvent: {}
[18.723408] (-) TimerEvent: {}
[18.824816] (-) TimerEvent: {}
[18.926186] (-) TimerEvent: {}
[19.027543] (-) TimerEvent: {}
[19.128967] (-) TimerEvent: {}
[19.230359] (-) TimerEvent: {}
[19.331765] (-) TimerEvent: {}
[19.433133] (-) TimerEvent: {}
[19.534492] (-) TimerEvent: {}
[19.635925] (-) TimerEvent: {}
[19.737295] (-) TimerEvent: {}
[19.838708] (-) TimerEvent: {}
[19.940082] (-) TimerEvent: {}
[20.041485] (-) TimerEvent: {}
[20.142836] (-) TimerEvent: {}
[20.244225] (-) TimerEvent: {}
[20.345642] (-) TimerEvent: {}
[20.446958] (-) TimerEvent: {}
[20.548315] (-) TimerEvent: {}
[20.649652] (-) TimerEvent: {}
[20.751023] (-) TimerEvent: {}
[20.852480] (-) TimerEvent: {}
[20.953802] (-) TimerEvent: {}
[21.055008] (-) TimerEvent: {}
[21.156389] (-) TimerEvent: {}
[21.257679] (-) TimerEvent: {}
[21.359017] (-) TimerEvent: {}
[21.460314] (-) TimerEvent: {}
[21.561649] (-) TimerEvent: {}
[21.662939] (-) TimerEvent: {}
[21.764191] (-) TimerEvent: {}
[21.865459] (-) TimerEvent: {}
[21.966751] (-) TimerEvent: {}
[22.068087] (-) TimerEvent: {}
[22.169616] (-) TimerEvent: {}
[22.271281] (-) TimerEvent: {}
[22.372832] (-) TimerEvent: {}
[22.474291] (-) TimerEvent: {}
[22.575817] (-) TimerEvent: {}
[22.677208] (-) TimerEvent: {}
[22.778666] (-) TimerEvent: {}
[22.880040] (-) TimerEvent: {}
[22.947107] (vehicle_core) StdoutLine: {'line': b'[100%] \x1b[32m\x1b[1mLinking CXX shared library libautopilot_node_component.so\x1b[0m\n'}
[22.980406] (-) TimerEvent: {}
[23.081834] (-) TimerEvent: {}
[23.183599] (-) TimerEvent: {}
[23.285347] (-) TimerEvent: {}
[23.387044] (-) TimerEvent: {}
[23.488443] (-) TimerEvent: {}
[23.589494] (-) TimerEvent: {}
[23.690606] (-) TimerEvent: {}
[23.791723] (-) TimerEvent: {}
[23.892910] (-) TimerEvent: {}
[23.993892] (-) TimerEvent: {}
[24.094790] (-) TimerEvent: {}
[24.195767] (-) TimerEvent: {}
[24.297052] (-) TimerEvent: {}
[24.398421] (-) TimerEvent: {}
[24.499858] (-) TimerEvent: {}
[24.601156] (-) TimerEvent: {}
[24.702425] (-) TimerEvent: {}
[24.803817] (-) TimerEvent: {}
[24.813608] (vehicle_core) StdoutLine: {'line': b'[100%] Built target autopilot_node_component\n'}
[24.839712] (vehicle_core) CommandEnded: {'returncode': 0}
[24.842395] (vehicle_core) JobProgress: {'identifier': 'vehicle_core', 'progress': 'install'}
[24.866878] (vehicle_core) Command: {'cmd': ['/usr/bin/cmake', '--install', '/home/avcpp/AV-CPP2025/Vehicle/build/vehicle_core'], 'cwd': '/home/avcpp/AV-CPP2025/Vehicle/build/vehicle_core', 'env': OrderedDict([('PYTHON_BASIC_REPL', '1'), ('LESSOPEN', '| /usr/bin/lesspipe %s'), ('UMS_MOUNTPOINT', '/mnt/ums'), ('GST_V4L2_PREFERRED_FOURCC', 'NV12:YU12:NV16:YUY2'), ('LANGUAGE', 'en_US.UTF-8'), ('USER', 'avcpp'), ('SSH_CLIENT', '192.168.8.103 62622 22'), ('XDG_SESSION_TYPE', 'tty'), ('GIT_ASKPASS', '/home/avcpp/.vscode-server/cli/servers/Stable-1e3c50d64110be466c0b4a45222e81d2c9352888/server/extensions/git/dist/askpass.sh'), ('SHLVL', '1'), ('USB_FUNCS', 'adb'), ('LD_LIBRARY_PATH', '/home/avcpp/AV-CPP2025/Vehicle/install/vehicle_core/lib:/opt/ros/humble/opt/rviz_ogre_vendor/lib:/opt/ros/humble/lib/aarch64-linux-gnu:/opt/ros/humble/lib'), ('BROWSER', '/home/avcpp/.vscode-server/cli/servers/Stable-1e3c50d64110be466c0b4a45222e81d2c9352888/server/bin/helpers/browser.sh'), ('MOTD_SHOWN', 'pam'), ('HOME', '/home/avcpp'), ('OLDPWD', '/home/avcpp/AV-CPP2025'), ('TERM_PROGRAM_VERSION', '1.106.2'), ('VSCODE_IPC_HOOK_CLI', '/run/user/1001/vscode-ipc-30b71ba1-c494-4d50-8a40-c2475056f836.sock'), ('GST_INSPECT_NO_COLORS', '1'), ('GST_MPP_NO_RGA', '1'), ('ROS_PYTHON_VERSION', '3'), ('COGL_DRIVER', 'gles2'), ('VSCODE_GIT_ASKPASS_MAIN', '/home/avcpp/.vscode-server/cli/servers/Stable-1e3c50d64110be466c0b4a45222e81d2c9352888/server/extensions/git/dist/askpass-main.js'), ('VSCODE_GIT_ASKPASS_NODE', '/home/avcpp/.vscode-server/cli/servers/Stable-1e3c50d64110be466c0b4a45222e81d2c9352888/server/node'), ('SSL_CERT_FILE', '/usr/lib/ssl/certs/ca-certificates.crt'), ('PYDEVD_DISABLE_FILE_VALIDATION', '1'), ('BUNDLED_DEBUGPY_PATH', '/home/avcpp/.vscode-server/extensions/ms-python.debugpy-2025.16.0/bundled/libs/debugpy'), ('VSCODE_PYTHON_AUTOACTIVATE_GUARD', '1'), ('DBUS_SESSION_BUS_ADDRESS', 'unix:path=/run/user/1001/bus'), ('COLORTERM', 'truecolor'), ('COLCON_PREFIX_PATH', '/home/avcpp/AV-CPP2025/Vehicle/install'), ('GST_V4L2SRC_MAX_RESOLUTION', '3840x2160'), ('ROS_DISTRO', 'humble'), ('LOGNAME', 'avcpp'), ('_', '/usr/bin/colcon'), ('ROS_VERSION', '2'), ('XDG_SESSION_CLASS', 'user'), ('TERM', 'xterm-256color'), ('GST_GL_API', 'gles2'), ('XDG_SESSION_ID', '5'), ('GST_VIDEO_CONVERT_PREFERRED_FORMAT', 'NV12:NV16:I420:YUY2'), ('GST_V4L2SRC_RK_DEVICES', '_mainpath:_selfpath:_bypass:_scale'), ('ROS_LOCALHOST_ONLY', '0'), ('PATH', '/home/avcpp/.vscode-server/data/User/globalStorage/github.copilot-chat/debugCommand:/home/avcpp/.vscode-server/data/User/globalStorage/github.copilot-chat/copilotCli:/home/avcpp/.vscode-server/cli/servers/Stable-1e3c50d64110be466c0b4a45222e81d2c9352888/server/bin/remote-cli:/home/avcpp/.local/bin:/opt/ros/humble/bin:/usr/local/sbin:/usr/local/bin:/usr/sbin:/usr/bin:/sbin:/bin:/usr/games:/usr/local/games:/snap/bin:/home/avcpp/.vscode-server/extensions/ms-python.debugpy-2025.16.0/bundled/scripts/noConfigScripts'), ('XDG_RUNTIME_DIR', '/run/user/1001'), ('GST_GL_PLATFORM', 'egl'), ('GST_DEBUG_NO_COLOR', '1'), ('SSL_CERT_DIR', '/usr/lib/ssl/certs'), ('GST_V4L2SRC_DEFAULT_DEVICE', '/dev/video-camera0'), ('DISPLAY', ':0'), ('VSCODE_DEBUGPY_ADAPTER_ENDPOINTS', '/home/avcpp/.vscode-server/extensions/ms-python.debugpy-2025.16.0/.noConfigDebugAdapterEndpoints/endpoint-ef25f7e9429dbf34.txt'), ('LANG', 'en_US.UTF-8'), ('PYTHONSTARTUP', '/home/avcpp/.vscode-server/data/User/workspaceStorage/da628a90441345ac74af00bc07084975/ms-python.python/pythonrc.py'), ('LS_COLORS', 'rs=0:di=01;34:ln=01;36:mh=00:pi=40;33:so=01;35:do=01;35:bd=40;33;01:cd=40;33;01:or=40;31;01:mi=00:su=37;41:sg=30;43:ca=30;41:tw=30;42:ow=34;42:st=37;44:ex=01;32:*.tar=01;31:*.tgz=01;31:*.arc=01;31:*.arj=01;31:*.taz=01;31:*.lha=01;31:*.lz4=01;31:*.lzh=01;31:*.lzma=01;31:*.tlz=01;31:*.txz=01;31:*.tzo=01;31:*.t7z=01;31:*.zip=01;31:*.z=01;31:*.dz=01;31:*.gz=01;31:*.lrz=01;31:*.lz=01;31:*.lzo=01;31:*.xz=01;31:*.zst=01;31:*.tzst=01;31:*.bz2=01;31:*.bz=01;31:*.tbz=01;31:*.tbz2=01;31:*.tz=01;31:*.deb=01;31:*.rpm=01;31:*.jar=01;31:*.war=01;31:*.ear=01;31:*.sar=01;31:*.rar=01;31:*.alz=01;31:*.ace=01;31:*.zoo=01;31:*.cpio=01;31:*.7z=01;31:*.rz=01;31:*.cab=01;31:*.wim=01;31:*.swm=01;31:*.dwm=01;31:*.esd=01;31:*.jpg=01;35:*.jpeg=01;35:*.mjpg=01;35:*.mjpeg=01;35:*.gif=01;35:*.bmp=01;35:*.pbm=01;35:*.pgm=01;35:*.ppm=01;35:*.tga=01;35:*.xbm=01;35:*.xpm=01;35:*.tif=01;35:*.tiff=01;35:*.png=01;35:*.svg=01;35:*.svgz=01;35:*.mng=01;35:*.pcx=01;35:*.mov=01;35:*.mpg=01;35:*.mpeg=01;35:*.m2v=01;35:*.mkv=01;35:*.webm=01;35:*.webp=01;35:*.ogm=01;35:*.mp4=01;35:*.m4v=01;35:*.mp4v=01;35:*.vob=01;35:*.qt=01;35:*.nuv=01;35:*.wmv=01;35:*.asf=01;35:*.rm=01;35:*.rmvb=01;35:*.flc=01;35:*.avi=01;35:*.fli=01;35:*.flv=01;35:*.gl=01;35:*.dl=01;35:*.xcf=01;35:*.xwd=01;35:*.yuv=01;35:*.cgm=01;35:*.emf=01;35:*.ogv=01;35:*.ogx=01;35:*.aac=00;36:*.au=00;36:*.flac=00;36:*.m4a=00;36:*.mid=00;36:*.midi=00;36:*.mka=00;36:*.mp3=00;36:*.mpc=00;36:*.ogg=00;36:*.ra=00;36:*.wav=00;36:*.oga=00;36:*.opus=00;36:*.spx=00;36:*.xspf=00;36:'), ('VSCODE_GIT_IPC_HANDLE', '/run/user/1001/vscode-git-c9ee365bab.sock'), ('TERM_PROGRAM', 'vscode'), ('GST_V4L2_USE_LIBV4L2', '1'), ('UMS_SIZE', '256M'), ('AMENT_PREFIX_PATH', '/home/avcpp/AV-CPP2025/Vehicle/install/vehicle_core:/opt/ros/humble'), ('LC_MESSAGES', 'en_US.UTF-8'), ('SHELL', '/bin/bash'), ('UMS_RO', '0'), ('LESSCLOSE', '/usr/bin/lesspipe %s %s'), ('UMS_FSTYPE', 'vfat'), ('VSCODE_GIT_ASKPASS_EXTRA_ARGS', ''), ('PWD', '/home/avcpp/AV-CPP2025/Vehicle/build/vehicle_core'), ('LC_ALL', 'en_US.UTF-8'), ('SSH_CONNECTION', '192.168.8.103 62622 192.168.8.176 22'), ('PYTHONPATH', '/home/avcpp/AV-CPP2025/Vehicle/install/vehicle_core/local/lib/python3.10/dist-packages:/opt/ros/humble/lib/python3.10/site-packages:/opt/ros/humble/local/lib/python3.10/dist-packages'), ('UMS_MOUNT', '0'), ('COLCON', '1'), ('CMAKE_PREFIX_PATH', '/home/avcpp/AV-CPP2025/Vehicle/install/vehicle_core:/opt/ros/humble'), ('UMS_FILE', '/userdata/ums_shared.img')]), 'shell': False}
[24.886097] (vehicle_core) StdoutLine: {'line': b'-- Install configuration: ""\n'}
[24.887128] (vehicle_core) StdoutLine: {'line': b'-- Execute custom install script\n'}
[24.887412] (vehicle_core) StdoutLine: {'line': b'-- Up-to-date symlink: /home/avcpp/AV-CPP2025/Vehicle/install/vehicle_core/share/ament_index/resource_index/rosidl_interfaces/vehicle_core\n'}
[24.889047] (vehicle_core) StdoutLine: {'line': b'-- Up-to-date symlink: /home/avcpp/AV-CPP2025/Vehicle/install/vehicle_core/include/vehicle_core/vehicle_core/msg/autopilot_command.h\n'}
[24.890317] (vehicle_core) StdoutLine: {'line': b'-- Up-to-date symlink: /home/avcpp/AV-CPP2025/Vehicle/install/vehicle_core/include/vehicle_core/vehicle_core/msg/autopilot_config.h\n'}
[24.891167] (vehicle_core) StdoutLine: {'line': b'-- Up-to-date symlink: /home/avcpp/AV-CPP2025/Vehicle/install/vehicle_core/include/vehicle_core/vehicle_core/msg/autopilot_status.h\n'}
[24.891844] (vehicle_core) StdoutLine: {'line': b'-- Up-to-date symlink: /home/avcpp/AV-CPP2025/Vehicle/install/vehicle_core/include/vehicle_core/vehicle_core/msg/detail/autopilot_command__functions.h\n'}
[24.892331] (vehicle_core) StdoutLine: {'line': b'-- Up-to-date symlink: /home/avcpp/AV-CPP2025/Vehicle/install/vehicle_core/include/vehicle_core/vehicle_core/msg/detail/autopilot_command__struct.h\n'}
[24.892739] (vehicle_core) StdoutLine: {'line': b'-- Up-to-date symlink: /home/avcpp/AV-CPP2025/Vehicle/install/vehicle_core/include/vehicle_core/vehicle_core/msg/detail/autopilot_command__type_support.h\n'}
[24.893170] (vehicle_core) StdoutLine: {'line': b'-- Up-to-date symlink: /home/avcpp/AV-CPP2025/Vehicle/install/vehicle_core/include/vehicle_core/vehicle_core/msg/detail/autopilot_config__functions.h\n'}
[24.893570] (vehicle_core) StdoutLine: {'line': b'-- Up-to-date symlink: /home/avcpp/AV-CPP2025/Vehicle/install/vehicle_core/include/vehicle_core/vehicle_core/msg/detail/autopilot_config__struct.h\n'}
[24.893960] (vehicle_core) StdoutLine: {'line': b'-- Up-to-date symlink: /home/avcpp/AV-CPP2025/Vehicle/install/vehicle_core/include/vehicle_core/vehicle_core/msg/detail/autopilot_config__type_support.h\n'}
[24.894344] (vehicle_core) StdoutLine: {'line': b'-- Up-to-date symlink: /home/avcpp/AV-CPP2025/Vehicle/install/vehicle_core/include/vehicle_core/vehicle_core/msg/detail/autopilot_status__functions.h\n'}
[24.898495] (vehicle_core) StdoutLine: {'line': b'-- Up-to-date symlink: /home/avcpp/AV-CPP2025/Vehicle/install/vehicle_core/include/vehicle_core/vehicle_core/msg/detail/autopilot_status__struct.h\n'}
[24.900217] (vehicle_core) StdoutLine: {'line': b'-- Up-to-date symlink: /home/avcpp/AV-CPP2025/Vehicle/install/vehicle_core/include/vehicle_core/vehicle_core/msg/detail/autopilot_status__type_support.h\n'}
[24.900974] (vehicle_core) StdoutLine: {'line': b'-- Up-to-date symlink: /home/avcpp/AV-CPP2025/Vehicle/install/vehicle_core/include/vehicle_core/vehicle_core/msg/detail/drive_feedback__functions.h\n'}
[24.901695] (vehicle_core) StdoutLine: {'line': b'-- Up-to-date symlink: /home/avcpp/AV-CPP2025/Vehicle/install/vehicle_core/include/vehicle_core/vehicle_core/msg/detail/drive_feedback__struct.h\n'}
[24.902777] (vehicle_core) StdoutLine: {'line': b'-- Up-to-date symlink: /home/avcpp/AV-CPP2025/Vehicle/install/vehicle_core/include/vehicle_core/vehicle_core/msg/detail/drive_feedback__type_support.h\n'}
[24.903773] (-) TimerEvent: {}
[24.904731] (vehicle_core) StdoutLine: {'line': b'-- Up-to-date symlink: /home/avcpp/AV-CPP2025/Vehicle/install/vehicle_core/include/vehicle_core/vehicle_core/msg/detail/drive_status__functions.h\n'}
[24.905239] (vehicle_core) StdoutLine: {'line': b'-- Up-to-date symlink: /home/avcpp/AV-CPP2025/Vehicle/install/vehicle_core/include/vehicle_core/vehicle_core/msg/detail/drive_status__struct.h\n'}
[24.905649] (vehicle_core) StdoutLine: {'line': b'-- Up-to-date symlink: /home/avcpp/AV-CPP2025/Vehicle/install/vehicle_core/include/vehicle_core/vehicle_core/msg/detail/drive_status__type_support.h\n'}
[24.906091] (vehicle_core) StdoutLine: {'line': b'-- Up-to-date symlink: /home/avcpp/AV-CPP2025/Vehicle/install/vehicle_core/include/vehicle_core/vehicle_core/msg/detail/drive_target__functions.h\n'}
[24.907064] (vehicle_core) StdoutLine: {'line': b'-- Up-to-date symlink: /home/avcpp/AV-CPP2025/Vehicle/install/vehicle_core/include/vehicle_core/vehicle_core/msg/detail/drive_target__struct.h\n'}
[24.908036] (vehicle_core) StdoutLine: {'line': b'-- Up-to-date symlink: /home/avcpp/AV-CPP2025/Vehicle/install/vehicle_core/include/vehicle_core/vehicle_core/msg/detail/drive_target__type_support.h\n'}
[24.909044] (vehicle_core) StdoutLine: {'line': b'-- Up-to-date symlink: /home/avcpp/AV-CPP2025/Vehicle/install/vehicle_core/include/vehicle_core/vehicle_core/msg/detail/error__functions.h\n'}
[24.910102] (vehicle_core) StdoutLine: {'line': b'-- Up-to-date symlink: /home/avcpp/AV-CPP2025/Vehicle/install/vehicle_core/include/vehicle_core/vehicle_core/msg/detail/error__struct.h\n'}
[24.911028] (vehicle_core) StdoutLine: {'line': b'-- Up-to-date symlink: /home/avcpp/AV-CPP2025/Vehicle/install/vehicle_core/include/vehicle_core/vehicle_core/msg/detail/error__type_support.h\n'}
[24.911933] (vehicle_core) StdoutLine: {'line': b'-- Up-to-date symlink: /home/avcpp/AV-CPP2025/Vehicle/install/vehicle_core/include/vehicle_core/vehicle_core/msg/detail/general_status__functions.h\n'}
[24.912855] (vehicle_core) StdoutLine: {'line': b'-- Up-to-date symlink: /home/avcpp/AV-CPP2025/Vehicle/install/vehicle_core/include/vehicle_core/vehicle_core/msg/detail/general_status__struct.h\n'}
[24.913808] (vehicle_core) StdoutLine: {'line': b'-- Up-to-date symlink: /home/avcpp/AV-CPP2025/Vehicle/install/vehicle_core/include/vehicle_core/vehicle_core/msg/detail/general_status__type_support.h\n'}
[24.914740] (vehicle_core) StdoutLine: {'line': b'-- Up-to-date symlink: /home/avcpp/AV-CPP2025/Vehicle/install/vehicle_core/include/vehicle_core/vehicle_core/msg/detail/imu_status__functions.h\n'}
[24.915704] (vehicle_core) StdoutLine: {'line': b'-- Up-to-date symlink: /home/avcpp/AV-CPP2025/Vehicle/install/vehicle_core/include/vehicle_core/vehicle_core/msg/detail/imu_status__struct.h\n'}
[24.916749] (vehicle_core) StdoutLine: {'line': b'-- Up-to-date symlink: /home/avcpp/AV-CPP2025/Vehicle/install/vehicle_core/include/vehicle_core/vehicle_core/msg/detail/imu_status__type_support.h\n'}
[24.917815] (vehicle_core) StdoutLine: {'line': b'-- Up-to-date symlink: /home/avcpp/AV-CPP2025/Vehicle/install/vehicle_core/include/vehicle_core/vehicle_core/msg/detail/internal_drive_command__functions.h\n'}
[24.918958] (vehicle_core) StdoutLine: {'line': b'-- Up-to-date symlink: /home/avcpp/AV-CPP2025/Vehicle/install/vehicle_core/include/vehicle_core/vehicle_core/msg/detail/internal_drive_command__struct.h\n'}
[24.919619] (vehicle_core) StdoutLine: {'line': b'-- Up-to-date symlink: /home/avcpp/AV-CPP2025/Vehicle/install/vehicle_core/include/vehicle_core/vehicle_core/msg/detail/internal_drive_command__type_support.h\n'}
[24.920063] (vehicle_core) StdoutLine: {'line': b'-- Up-to-date symlink: /home/avcpp/AV-CPP2025/Vehicle/install/vehicle_core/include/vehicle_core/vehicle_core/msg/detail/lights_command__functions.h\n'}
[24.920491] (vehicle_core) StdoutLine: {'line': b'-- Up-to-date symlink: /home/avcpp/AV-CPP2025/Vehicle/install/vehicle_core/include/vehicle_core/vehicle_core/msg/detail/lights_command__struct.h\n'}
[24.921442] (vehicle_core) StdoutLine: {'line': b'-- Up-to-date symlink: /home/avcpp/AV-CPP2025/Vehicle/install/vehicle_core/include/vehicle_core/vehicle_core/msg/detail/lights_command__type_support.h\n'}
[24.922488] (vehicle_core) StdoutLine: {'line': b'-- Up-to-date symlink: /home/avcpp/AV-CPP2025/Vehicle/install/vehicle_core/include/vehicle_core/vehicle_core/msg/detail/lights_status__functions.h\n'}
[24.923464] (vehicle_core) StdoutLine: {'line': b'-- Up-to-date symlink: /home/avcpp/AV-CPP2025/Vehicle/install/vehicle_core/include/vehicle_core/vehicle_core/msg/detail/lights_status__struct.h\n'}
[24.923896] (vehicle_core) StdoutLine: {'line': b'-- Up-to-date symlink: /home/avcpp/AV-CPP2025/Vehicle/install/vehicle_core/include/vehicle_core/vehicle_core/msg/detail/lights_status__type_support.h\n'}
[24.925963] (vehicle_core) StdoutLine: {'line': b'-- Up-to-date symlink: /home/avcpp/AV-CPP2025/Vehicle/install/vehicle_core/include/vehicle_core/vehicle_core/msg/detail/manual_drive_command__functions.h\n'}
[24.927158] (vehicle_core) StdoutLine: {'line': b'-- Up-to-date symlink: /home/avcpp/AV-CPP2025/Vehicle/install/vehicle_core/include/vehicle_core/vehicle_core/msg/detail/manual_drive_command__struct.h\n'}
[24.927786] (vehicle_core) StdoutLine: {'line': b'-- Up-to-date symlink: /home/avcpp/AV-CPP2025/Vehicle/install/vehicle_core/include/vehicle_core/vehicle_core/msg/detail/manual_drive_command__type_support.h\n'}
[24.928850] (vehicle_core) StdoutLine: {'line': b'-- Up-to-date symlink: /home/avcpp/AV-CPP2025/Vehicle/install/vehicle_core/include/vehicle_core/vehicle_core/msg/detail/max_speed__functions.h\n'}
[24.930056] (vehicle_core) StdoutLine: {'line': b'-- Up-to-date symlink: /home/avcpp/AV-CPP2025/Vehicle/install/vehicle_core/include/vehicle_core/vehicle_core/msg/detail/max_speed__struct.h\n'}
[24.930985] (vehicle_core) StdoutLine: {'line': b'-- Up-to-date symlink: /home/avcpp/AV-CPP2025/Vehicle/install/vehicle_core/include/vehicle_core/vehicle_core/msg/detail/max_speed__type_support.h\n'}
[24.931773] (vehicle_core) StdoutLine: {'line': b'-- Up-to-date symlink: /home/avcpp/AV-CPP2025/Vehicle/install/vehicle_core/include/vehicle_core/vehicle_core/msg/detail/perception_profile__functions.h\n'}
[24.932218] (vehicle_core) StdoutLine: {'line': b'-- Up-to-date symlink: /home/avcpp/AV-CPP2025/Vehicle/install/vehicle_core/include/vehicle_core/vehicle_core/msg/detail/perception_profile__struct.h\n'}
[24.932626] (vehicle_core) StdoutLine: {'line': b'-- Up-to-date symlink: /home/avcpp/AV-CPP2025/Vehicle/install/vehicle_core/include/vehicle_core/vehicle_core/msg/detail/perception_profile__type_support.h\n'}
[24.933302] (vehicle_core) StdoutLine: {'line': b'-- Up-to-date symlink: /home/avcpp/AV-CPP2025/Vehicle/install/vehicle_core/include/vehicle_core/vehicle_core/msg/detail/server_init__functions.h\n'}
[24.934229] (vehicle_core) StdoutLine: {'line': b'-- Up-to-date symlink: /home/avcpp/AV-CPP2025/Vehicle/install/vehicle_core/include/vehicle_core/vehicle_core/msg/detail/server_init__struct.h\n'}
[24.935097] (vehicle_core) StdoutLine: {'line': b'-- Up-to-date symlink: /home/avcpp/AV-CPP2025/Vehicle/install/vehicle_core/include/vehicle_core/vehicle_core/msg/detail/server_init__type_support.h\n'}
[24.935940] (vehicle_core) StdoutLine: {'line': b'-- Up-to-date symlink: /home/avcpp/AV-CPP2025/Vehicle/install/vehicle_core/include/vehicle_core/vehicle_core/msg/detail/state_event__functions.h\n'}
[24.936717] (vehicle_core) StdoutLine: {'line': b'-- Up-to-date symlink: /home/avcpp/AV-CPP2025/Vehicle/install/vehicle_core/include/vehicle_core/vehicle_core/msg/detail/state_event__struct.h\n'}
[24.937528] (vehicle_core) StdoutLine: {'line': b'-- Up-to-date symlink: /home/avcpp/AV-CPP2025/Vehicle/install/vehicle_core/include/vehicle_core/vehicle_core/msg/detail/state_event__type_support.h\n'}
[24.938604] (vehicle_core) StdoutLine: {'line': b'-- Up-to-date symlink: /home/avcpp/AV-CPP2025/Vehicle/install/vehicle_core/include/vehicle_core/vehicle_core/msg/detail/state_mode__functions.h\n'}
[24.939004] (vehicle_core) StdoutLine: {'line': b'-- Up-to-date symlink: /home/avcpp/AV-CPP2025/Vehicle/install/vehicle_core/include/vehicle_core/vehicle_core/msg/detail/state_mode__struct.h\n'}
[24.939395] (vehicle_core) StdoutLine: {'line': b'-- Up-to-date symlink: /home/avcpp/AV-CPP2025/Vehicle/install/vehicle_core/include/vehicle_core/vehicle_core/msg/detail/state_mode__type_support.h\n'}
[24.939777] (vehicle_core) StdoutLine: {'line': b'-- Up-to-date symlink: /home/avcpp/AV-CPP2025/Vehicle/install/vehicle_core/include/vehicle_core/vehicle_core/msg/detail/telemetry_data__functions.h\n'}
[24.940194] (vehicle_core) StdoutLine: {'line': b'-- Up-to-date symlink: /home/avcpp/AV-CPP2025/Vehicle/install/vehicle_core/include/vehicle_core/vehicle_core/msg/detail/telemetry_data__struct.h\n'}
[24.940577] (vehicle_core) StdoutLine: {'line': b'-- Up-to-date symlink: /home/avcpp/AV-CPP2025/Vehicle/install/vehicle_core/include/vehicle_core/vehicle_core/msg/detail/telemetry_data__type_support.h\n'}
[24.940957] (vehicle_core) StdoutLine: {'line': b'-- Up-to-date symlink: /home/avcpp/AV-CPP2025/Vehicle/install/vehicle_core/include/vehicle_core/vehicle_core/msg/drive_feedback.h\n'}
[24.941456] (vehicle_core) StdoutLine: {'line': b'-- Up-to-date symlink: /home/avcpp/AV-CPP2025/Vehicle/install/vehicle_core/include/vehicle_core/vehicle_core/msg/drive_status.h\n'}
[24.942735] (vehicle_core) StdoutLine: {'line': b'-- Up-to-date symlink: /home/avcpp/AV-CPP2025/Vehicle/install/vehicle_core/include/vehicle_core/vehicle_core/msg/drive_target.h\n'}
[24.943830] (vehicle_core) StdoutLine: {'line': b'-- Up-to-date symlink: /home/avcpp/AV-CPP2025/Vehicle/install/vehicle_core/include/vehicle_core/vehicle_core/msg/error.h\n'}
[24.945288] (vehicle_core) StdoutLine: {'line': b'-- Up-to-date symlink: /home/avcpp/AV-CPP2025/Vehicle/install/vehicle_core/include/vehicle_core/vehicle_core/msg/general_status.h\n'}
[24.946815] (vehicle_core) StdoutLine: {'line': b'-- Up-to-date symlink: /home/avcpp/AV-CPP2025/Vehicle/install/vehicle_core/include/vehicle_core/vehicle_core/msg/imu_status.h\n'}
[24.948219] (vehicle_core) StdoutLine: {'line': b'-- Up-to-date symlink: /home/avcpp/AV-CPP2025/Vehicle/install/vehicle_core/include/vehicle_core/vehicle_core/msg/internal_drive_command.h\n'}
[24.949602] (vehicle_core) StdoutLine: {'line': b'-- Up-to-date symlink: /home/avcpp/AV-CPP2025/Vehicle/install/vehicle_core/include/vehicle_core/vehicle_core/msg/lights_command.h\n'}
[24.952156] (vehicle_core) StdoutLine: {'line': b'-- Up-to-date symlink: /home/avcpp/AV-CPP2025/Vehicle/install/vehicle_core/include/vehicle_core/vehicle_core/msg/lights_status.h\n'}
[24.952905] (vehicle_core) StdoutLine: {'line': b'-- Up-to-date symlink: /home/avcpp/AV-CPP2025/Vehicle/install/vehicle_core/include/vehicle_core/vehicle_core/msg/manual_drive_command.h\n'}
[24.953641] (vehicle_core) StdoutLine: {'line': b'-- Up-to-date symlink: /home/avcpp/AV-CPP2025/Vehicle/install/vehicle_core/include/vehicle_core/vehicle_core/msg/max_speed.h\n'}
[24.954174] (vehicle_core) StdoutLine: {'line': b'-- Up-to-date symlink: /home/avcpp/AV-CPP2025/Vehicle/install/vehicle_core/include/vehicle_core/vehicle_core/msg/perception_profile.h\n'}
[24.954960] (vehicle_core) StdoutLine: {'line': b'-- Up-to-date symlink: /home/avcpp/AV-CPP2025/Vehicle/install/vehicle_core/include/vehicle_core/vehicle_core/msg/rosidl_generator_c__visibility_control.h\n'}
[24.955711] (vehicle_core) StdoutLine: {'line': b'-- Up-to-date symlink: /home/avcpp/AV-CPP2025/Vehicle/install/vehicle_core/include/vehicle_core/vehicle_core/msg/server_init.h\n'}
[24.956479] (vehicle_core) StdoutLine: {'line': b'-- Up-to-date symlink: /home/avcpp/AV-CPP2025/Vehicle/install/vehicle_core/include/vehicle_core/vehicle_core/msg/state_event.h\n'}
[24.957184] (vehicle_core) StdoutLine: {'line': b'-- Up-to-date symlink: /home/avcpp/AV-CPP2025/Vehicle/install/vehicle_core/include/vehicle_core/vehicle_core/msg/state_mode.h\n'}
[24.957594] (vehicle_core) StdoutLine: {'line': b'-- Up-to-date symlink: /home/avcpp/AV-CPP2025/Vehicle/install/vehicle_core/include/vehicle_core/vehicle_core/msg/telemetry_data.h\n'}
[24.958160] (vehicle_core) StdoutLine: {'line': b'-- Up-to-date symlink: /home/avcpp/AV-CPP2025/Vehicle/install/vehicle_core/include/vehicle_core/vehicle_core/srv/detail/release_internal_control__functions.h\n'}
[24.958577] (vehicle_core) StdoutLine: {'line': b'-- Up-to-date symlink: /home/avcpp/AV-CPP2025/Vehicle/install/vehicle_core/include/vehicle_core/vehicle_core/srv/detail/release_internal_control__struct.h\n'}
[24.958971] (vehicle_core) StdoutLine: {'line': b'-- Up-to-date symlink: /home/avcpp/AV-CPP2025/Vehicle/install/vehicle_core/include/vehicle_core/vehicle_core/srv/detail/release_internal_control__type_support.h\n'}
[24.959362] (vehicle_core) StdoutLine: {'line': b'-- Up-to-date symlink: /home/avcpp/AV-CPP2025/Vehicle/install/vehicle_core/include/vehicle_core/vehicle_core/srv/detail/request_internal_control__functions.h\n'}
[24.959745] (vehicle_core) StdoutLine: {'line': b'-- Up-to-date symlink: /home/avcpp/AV-CPP2025/Vehicle/install/vehicle_core/include/vehicle_core/vehicle_core/srv/detail/request_internal_control__struct.h\n'}
[24.960132] (vehicle_core) StdoutLine: {'line': b'-- Up-to-date symlink: /home/avcpp/AV-CPP2025/Vehicle/install/vehicle_core/include/vehicle_core/vehicle_core/srv/detail/request_internal_control__type_support.h\n'}
[24.960522] (vehicle_core) StdoutLine: {'line': b'-- Up-to-date symlink: /home/avcpp/AV-CPP2025/Vehicle/install/vehicle_core/include/vehicle_core/vehicle_core/srv/detail/set_autopilot_profile__functions.h\n'}
[24.960955] (vehicle_core) StdoutLine: {'line': b'-- Up-to-date symlink: /home/avcpp/AV-CPP2025/Vehicle/install/vehicle_core/include/vehicle_core/vehicle_core/srv/detail/set_autopilot_profile__struct.h\n'}
[24.961368] (vehicle_core) StdoutLine: {'line': b'-- Up-to-date symlink: /home/avcpp/AV-CPP2025/Vehicle/install/vehicle_core/include/vehicle_core/vehicle_core/srv/detail/set_autopilot_profile__type_support.h\n'}
[24.961795] (vehicle_core) StdoutLine: {'line': b'-- Up-to-date symlink: /home/avcpp/AV-CPP2025/Vehicle/install/vehicle_core/include/vehicle_core/vehicle_core/srv/release_internal_control.h\n'}
[24.962185] (vehicle_core) StdoutLine: {'line': b'-- Up-to-date symlink: /home/avcpp/AV-CPP2025/Vehicle/install/vehicle_core/include/vehicle_core/vehicle_core/srv/request_internal_control.h\n'}
[24.962561] (vehicle_core) StdoutLine: {'line': b'-- Up-to-date symlink: /home/avcpp/AV-CPP2025/Vehicle/install/vehicle_core/include/vehicle_core/vehicle_core/srv/set_autopilot_profile.h\n'}
[24.962941] (vehicle_core) StdoutLine: {'line': b'-- Up-to-date symlink: /home/avcpp/AV-CPP2025/Vehicle/install/vehicle_core/share/vehicle_core/environment/library_path.sh\n'}
[24.963318] (vehicle_core) StdoutLine: {'line': b'-- Up-to-date symlink: /home/avcpp/AV-CPP2025/Vehicle/install/vehicle_core/share/vehicle_core/environment/library_path.dsv\n'}
[24.963695] (vehicle_core) StdoutLine: {'line': b'-- Up-to-date symlink: /home/avcpp/AV-CPP2025/Vehicle/install/vehicle_core/include/vehicle_core/vehicle_core/msg/detail/autopilot_command__rosidl_typesupport_fastrtps_c.h\n'}
[24.964074] (vehicle_core) StdoutLine: {'line': b'-- Up-to-date symlink: /home/avcpp/AV-CPP2025/Vehicle/install/vehicle_core/include/vehicle_core/vehicle_core/msg/detail/autopilot_config__rosidl_typesupport_fastrtps_c.h\n'}
[24.964447] (vehicle_core) StdoutLine: {'line': b'-- Up-to-date symlink: /home/avcpp/AV-CPP2025/Vehicle/install/vehicle_core/include/vehicle_core/vehicle_core/msg/detail/autopilot_status__rosidl_typesupport_fastrtps_c.h\n'}
[24.964862] (vehicle_core) StdoutLine: {'line': b'-- Up-to-date symlink: /home/avcpp/AV-CPP2025/Vehicle/install/vehicle_core/include/vehicle_core/vehicle_core/msg/detail/drive_feedback__rosidl_typesupport_fastrtps_c.h\n'}
[24.965251] (vehicle_core) StdoutLine: {'line': b'-- Up-to-date symlink: /home/avcpp/AV-CPP2025/Vehicle/install/vehicle_core/include/vehicle_core/vehicle_core/msg/detail/drive_status__rosidl_typesupport_fastrtps_c.h\n'}
[24.965630] (vehicle_core) StdoutLine: {'line': b'-- Up-to-date symlink: /home/avcpp/AV-CPP2025/Vehicle/install/vehicle_core/include/vehicle_core/vehicle_core/msg/detail/drive_target__rosidl_typesupport_fastrtps_c.h\n'}
[24.966023] (vehicle_core) StdoutLine: {'line': b'-- Up-to-date symlink: /home/avcpp/AV-CPP2025/Vehicle/install/vehicle_core/include/vehicle_core/vehicle_core/msg/detail/error__rosidl_typesupport_fastrtps_c.h\n'}
[24.966480] (vehicle_core) StdoutLine: {'line': b'-- Up-to-date symlink: /home/avcpp/AV-CPP2025/Vehicle/install/vehicle_core/include/vehicle_core/vehicle_core/msg/detail/general_status__rosidl_typesupport_fastrtps_c.h\n'}
[24.966874] (vehicle_core) StdoutLine: {'line': b'-- Up-to-date symlink: /home/avcpp/AV-CPP2025/Vehicle/install/vehicle_core/include/vehicle_core/vehicle_core/msg/detail/imu_status__rosidl_typesupport_fastrtps_c.h\n'}
[24.967284] (vehicle_core) StdoutLine: {'line': b'-- Up-to-date symlink: /home/avcpp/AV-CPP2025/Vehicle/install/vehicle_core/include/vehicle_core/vehicle_core/msg/detail/internal_drive_command__rosidl_typesupport_fastrtps_c.h\n'}
[24.967674] (vehicle_core) StdoutLine: {'line': b'-- Up-to-date symlink: /home/avcpp/AV-CPP2025/Vehicle/install/vehicle_core/include/vehicle_core/vehicle_core/msg/detail/lights_command__rosidl_typesupport_fastrtps_c.h\n'}
[24.968095] (vehicle_core) StdoutLine: {'line': b'-- Up-to-date symlink: /home/avcpp/AV-CPP2025/Vehicle/install/vehicle_core/include/vehicle_core/vehicle_core/msg/detail/lights_status__rosidl_typesupport_fastrtps_c.h\n'}
[24.968486] (vehicle_core) StdoutLine: {'line': b'-- Up-to-date symlink: /home/avcpp/AV-CPP2025/Vehicle/install/vehicle_core/include/vehicle_core/vehicle_core/msg/detail/manual_drive_command__rosidl_typesupport_fastrtps_c.h\n'}
[24.968915] (vehicle_core) StdoutLine: {'line': b'-- Up-to-date symlink: /home/avcpp/AV-CPP2025/Vehicle/install/vehicle_core/include/vehicle_core/vehicle_core/msg/detail/max_speed__rosidl_typesupport_fastrtps_c.h\n'}
[24.969300] (vehicle_core) StdoutLine: {'line': b'-- Up-to-date symlink: /home/avcpp/AV-CPP2025/Vehicle/install/vehicle_core/include/vehicle_core/vehicle_core/msg/detail/perception_profile__rosidl_typesupport_fastrtps_c.h\n'}
[24.969683] (vehicle_core) StdoutLine: {'line': b'-- Up-to-date symlink: /home/avcpp/AV-CPP2025/Vehicle/install/vehicle_core/include/vehicle_core/vehicle_core/msg/detail/server_init__rosidl_typesupport_fastrtps_c.h\n'}
[24.970064] (vehicle_core) StdoutLine: {'line': b'-- Up-to-date symlink: /home/avcpp/AV-CPP2025/Vehicle/install/vehicle_core/include/vehicle_core/vehicle_core/msg/detail/state_event__rosidl_typesupport_fastrtps_c.h\n'}
[24.970444] (vehicle_core) StdoutLine: {'line': b'-- Up-to-date symlink: /home/avcpp/AV-CPP2025/Vehicle/install/vehicle_core/include/vehicle_core/vehicle_core/msg/detail/state_mode__rosidl_typesupport_fastrtps_c.h\n'}
[24.970828] (vehicle_core) StdoutLine: {'line': b'-- Up-to-date symlink: /home/avcpp/AV-CPP2025/Vehicle/install/vehicle_core/include/vehicle_core/vehicle_core/msg/detail/telemetry_data__rosidl_typesupport_fastrtps_c.h\n'}
[24.971268] (vehicle_core) StdoutLine: {'line': b'-- Up-to-date symlink: /home/avcpp/AV-CPP2025/Vehicle/install/vehicle_core/include/vehicle_core/vehicle_core/msg/rosidl_typesupport_fastrtps_c__visibility_control.h\n'}
[24.971703] (vehicle_core) StdoutLine: {'line': b'-- Up-to-date symlink: /home/avcpp/AV-CPP2025/Vehicle/install/vehicle_core/include/vehicle_core/vehicle_core/srv/detail/release_internal_control__rosidl_typesupport_fastrtps_c.h\n'}
[24.972102] (vehicle_core) StdoutLine: {'line': b'-- Up-to-date symlink: /home/avcpp/AV-CPP2025/Vehicle/install/vehicle_core/include/vehicle_core/vehicle_core/srv/detail/request_internal_control__rosidl_typesupport_fastrtps_c.h\n'}
[24.972489] (vehicle_core) StdoutLine: {'line': b'-- Up-to-date symlink: /home/avcpp/AV-CPP2025/Vehicle/install/vehicle_core/include/vehicle_core/vehicle_core/srv/detail/set_autopilot_profile__rosidl_typesupport_fastrtps_c.h\n'}
[24.972875] (vehicle_core) StdoutLine: {'line': b'-- Up-to-date symlink: /home/avcpp/AV-CPP2025/Vehicle/install/vehicle_core/include/vehicle_core/vehicle_core/msg/autopilot_command.hpp\n'}
[24.973261] (vehicle_core) StdoutLine: {'line': b'-- Up-to-date symlink: /home/avcpp/AV-CPP2025/Vehicle/install/vehicle_core/include/vehicle_core/vehicle_core/msg/autopilot_config.hpp\n'}
[24.973652] (vehicle_core) StdoutLine: {'line': b'-- Up-to-date symlink: /home/avcpp/AV-CPP2025/Vehicle/install/vehicle_core/include/vehicle_core/vehicle_core/msg/autopilot_status.hpp\n'}
[24.974034] (vehicle_core) StdoutLine: {'line': b'-- Up-to-date symlink: /home/avcpp/AV-CPP2025/Vehicle/install/vehicle_core/include/vehicle_core/vehicle_core/msg/detail/autopilot_command__builder.hpp\n'}
[24.974424] (vehicle_core) StdoutLine: {'line': b'-- Up-to-date symlink: /home/avcpp/AV-CPP2025/Vehicle/install/vehicle_core/include/vehicle_core/vehicle_core/msg/detail/autopilot_command__struct.hpp\n'}
[24.974846] (vehicle_core) StdoutLine: {'line': b'-- Up-to-date symlink: /home/avcpp/AV-CPP2025/Vehicle/install/vehicle_core/include/vehicle_core/vehicle_core/msg/detail/autopilot_command__traits.hpp\n'}
[24.975563] (vehicle_core) StdoutLine: {'line': b'-- Up-to-date symlink: /home/avcpp/AV-CPP2025/Vehicle/install/vehicle_core/include/vehicle_core/vehicle_core/msg/detail/autopilot_command__type_support.hpp\n'}
[24.976230] (vehicle_core) StdoutLine: {'line': b'-- Up-to-date symlink: /home/avcpp/AV-CPP2025/Vehicle/install/vehicle_core/include/vehicle_core/vehicle_core/msg/detail/autopilot_config__builder.hpp\n'}
[24.976899] (vehicle_core) StdoutLine: {'line': b'-- Up-to-date symlink: /home/avcpp/AV-CPP2025/Vehicle/install/vehicle_core/include/vehicle_core/vehicle_core/msg/detail/autopilot_config__struct.hpp\n'}
[24.977492] (vehicle_core) StdoutLine: {'line': b'-- Up-to-date symlink: /home/avcpp/AV-CPP2025/Vehicle/install/vehicle_core/include/vehicle_core/vehicle_core/msg/detail/autopilot_config__traits.hpp\n'}
[24.978054] (vehicle_core) StdoutLine: {'line': b'-- Up-to-date symlink: /home/avcpp/AV-CPP2025/Vehicle/install/vehicle_core/include/vehicle_core/vehicle_core/msg/detail/autopilot_config__type_support.hpp\n'}
[24.978644] (vehicle_core) StdoutLine: {'line': b'-- Up-to-date symlink: /home/avcpp/AV-CPP2025/Vehicle/install/vehicle_core/include/vehicle_core/vehicle_core/msg/detail/autopilot_status__builder.hpp\n'}
[24.979141] (vehicle_core) StdoutLine: {'line': b'-- Up-to-date symlink: /home/avcpp/AV-CPP2025/Vehicle/install/vehicle_core/include/vehicle_core/vehicle_core/msg/detail/autopilot_status__struct.hpp\n'}
[24.979675] (vehicle_core) StdoutLine: {'line': b'-- Up-to-date symlink: /home/avcpp/AV-CPP2025/Vehicle/install/vehicle_core/include/vehicle_core/vehicle_core/msg/detail/autopilot_status__traits.hpp\n'}
[24.980052] (vehicle_core) StdoutLine: {'line': b'-- Up-to-date symlink: /home/avcpp/AV-CPP2025/Vehicle/install/vehicle_core/include/vehicle_core/vehicle_core/msg/detail/autopilot_status__type_support.hpp\n'}
[24.980446] (vehicle_core) StdoutLine: {'line': b'-- Up-to-date symlink: /home/avcpp/AV-CPP2025/Vehicle/install/vehicle_core/include/vehicle_core/vehicle_core/msg/detail/drive_feedback__builder.hpp\n'}
[24.980829] (vehicle_core) StdoutLine: {'line': b'-- Up-to-date symlink: /home/avcpp/AV-CPP2025/Vehicle/install/vehicle_core/include/vehicle_core/vehicle_core/msg/detail/drive_feedback__struct.hpp\n'}
[24.981213] (vehicle_core) StdoutLine: {'line': b'-- Up-to-date symlink: /home/avcpp/AV-CPP2025/Vehicle/install/vehicle_core/include/vehicle_core/vehicle_core/msg/detail/drive_feedback__traits.hpp\n'}
[24.981634] (vehicle_core) StdoutLine: {'line': b'-- Up-to-date symlink: /home/avcpp/AV-CPP2025/Vehicle/install/vehicle_core/include/vehicle_core/vehicle_core/msg/detail/drive_feedback__type_support.hpp\n'}
[24.982023] (vehicle_core) StdoutLine: {'line': b'-- Up-to-date symlink: /home/avcpp/AV-CPP2025/Vehicle/install/vehicle_core/include/vehicle_core/vehicle_core/msg/detail/drive_status__builder.hpp\n'}
[24.982406] (vehicle_core) StdoutLine: {'line': b'-- Up-to-date symlink: /home/avcpp/AV-CPP2025/Vehicle/install/vehicle_core/include/vehicle_core/vehicle_core/msg/detail/drive_status__struct.hpp\n'}
[24.982866] (vehicle_core) StdoutLine: {'line': b'-- Up-to-date symlink: /home/avcpp/AV-CPP2025/Vehicle/install/vehicle_core/include/vehicle_core/vehicle_core/msg/detail/drive_status__traits.hpp\n'}
[24.983252] (vehicle_core) StdoutLine: {'line': b'-- Up-to-date symlink: /home/avcpp/AV-CPP2025/Vehicle/install/vehicle_core/include/vehicle_core/vehicle_core/msg/detail/drive_status__type_support.hpp\n'}
[24.983633] (vehicle_core) StdoutLine: {'line': b'-- Up-to-date symlink: /home/avcpp/AV-CPP2025/Vehicle/install/vehicle_core/include/vehicle_core/vehicle_core/msg/detail/drive_target__builder.hpp\n'}
[24.984012] (vehicle_core) StdoutLine: {'line': b'-- Up-to-date symlink: /home/avcpp/AV-CPP2025/Vehicle/install/vehicle_core/include/vehicle_core/vehicle_core/msg/detail/drive_target__struct.hpp\n'}
[24.984389] (vehicle_core) StdoutLine: {'line': b'-- Up-to-date symlink: /home/avcpp/AV-CPP2025/Vehicle/install/vehicle_core/include/vehicle_core/vehicle_core/msg/detail/drive_target__traits.hpp\n'}
[24.984816] (vehicle_core) StdoutLine: {'line': b'-- Up-to-date symlink: /home/avcpp/AV-CPP2025/Vehicle/install/vehicle_core/include/vehicle_core/vehicle_core/msg/detail/drive_target__type_support.hpp\n'}
[24.985210] (vehicle_core) StdoutLine: {'line': b'-- Up-to-date symlink: /home/avcpp/AV-CPP2025/Vehicle/install/vehicle_core/include/vehicle_core/vehicle_core/msg/detail/error__builder.hpp\n'}
[24.985597] (vehicle_core) StdoutLine: {'line': b'-- Up-to-date symlink: /home/avcpp/AV-CPP2025/Vehicle/install/vehicle_core/include/vehicle_core/vehicle_core/msg/detail/error__struct.hpp\n'}
[24.986034] (vehicle_core) StdoutLine: {'line': b'-- Up-to-date symlink: /home/avcpp/AV-CPP2025/Vehicle/install/vehicle_core/include/vehicle_core/vehicle_core/msg/detail/error__traits.hpp\n'}
[24.986416] (vehicle_core) StdoutLine: {'line': b'-- Up-to-date symlink: /home/avcpp/AV-CPP2025/Vehicle/install/vehicle_core/include/vehicle_core/vehicle_core/msg/detail/error__type_support.hpp\n'}
[24.986804] (vehicle_core) StdoutLine: {'line': b'-- Up-to-date symlink: /home/avcpp/AV-CPP2025/Vehicle/install/vehicle_core/include/vehicle_core/vehicle_core/msg/detail/general_status__builder.hpp\n'}
[24.987191] (vehicle_core) StdoutLine: {'line': b'-- Up-to-date symlink: /home/avcpp/AV-CPP2025/Vehicle/install/vehicle_core/include/vehicle_core/vehicle_core/msg/detail/general_status__struct.hpp\n'}
[24.987593] (vehicle_core) StdoutLine: {'line': b'-- Up-to-date symlink: /home/avcpp/AV-CPP2025/Vehicle/install/vehicle_core/include/vehicle_core/vehicle_core/msg/detail/general_status__traits.hpp\n'}
[24.988026] (vehicle_core) StdoutLine: {'line': b'-- Up-to-date symlink: /home/avcpp/AV-CPP2025/Vehicle/install/vehicle_core/include/vehicle_core/vehicle_core/msg/detail/general_status__type_support.hpp\n'}
[24.988434] (vehicle_core) StdoutLine: {'line': b'-- Up-to-date symlink: /home/avcpp/AV-CPP2025/Vehicle/install/vehicle_core/include/vehicle_core/vehicle_core/msg/detail/imu_status__builder.hpp\n'}
[24.988820] (vehicle_core) StdoutLine: {'line': b'-- Up-to-date symlink: /home/avcpp/AV-CPP2025/Vehicle/install/vehicle_core/include/vehicle_core/vehicle_core/msg/detail/imu_status__struct.hpp\n'}
[24.989286] (vehicle_core) StdoutLine: {'line': b'-- Up-to-date symlink: /home/avcpp/AV-CPP2025/Vehicle/install/vehicle_core/include/vehicle_core/vehicle_core/msg/detail/imu_status__traits.hpp\n'}
[24.989670] (vehicle_core) StdoutLine: {'line': b'-- Up-to-date symlink: /home/avcpp/AV-CPP2025/Vehicle/install/vehicle_core/include/vehicle_core/vehicle_core/msg/detail/imu_status__type_support.hpp\n'}
[24.990054] (vehicle_core) StdoutLine: {'line': b'-- Up-to-date symlink: /home/avcpp/AV-CPP2025/Vehicle/install/vehicle_core/include/vehicle_core/vehicle_core/msg/detail/internal_drive_command__builder.hpp\n'}
[24.990440] (vehicle_core) StdoutLine: {'line': b'-- Up-to-date symlink: /home/avcpp/AV-CPP2025/Vehicle/install/vehicle_core/include/vehicle_core/vehicle_core/msg/detail/internal_drive_command__struct.hpp\n'}
[24.990826] (vehicle_core) StdoutLine: {'line': b'-- Up-to-date symlink: /home/avcpp/AV-CPP2025/Vehicle/install/vehicle_core/include/vehicle_core/vehicle_core/msg/detail/internal_drive_command__traits.hpp\n'}
[24.991209] (vehicle_core) StdoutLine: {'line': b'-- Up-to-date symlink: /home/avcpp/AV-CPP2025/Vehicle/install/vehicle_core/include/vehicle_core/vehicle_core/msg/detail/internal_drive_command__type_support.hpp\n'}
[24.991644] (vehicle_core) StdoutLine: {'line': b'-- Up-to-date symlink: /home/avcpp/AV-CPP2025/Vehicle/install/vehicle_core/include/vehicle_core/vehicle_core/msg/detail/lights_command__builder.hpp\n'}
[24.992033] (vehicle_core) StdoutLine: {'line': b'-- Up-to-date symlink: /home/avcpp/AV-CPP2025/Vehicle/install/vehicle_core/include/vehicle_core/vehicle_core/msg/detail/lights_command__struct.hpp\n'}
[24.992417] (vehicle_core) StdoutLine: {'line': b'-- Up-to-date symlink: /home/avcpp/AV-CPP2025/Vehicle/install/vehicle_core/include/vehicle_core/vehicle_core/msg/detail/lights_command__traits.hpp\n'}
[24.992799] (vehicle_core) StdoutLine: {'line': b'-- Up-to-date symlink: /home/avcpp/AV-CPP2025/Vehicle/install/vehicle_core/include/vehicle_core/vehicle_core/msg/detail/lights_command__type_support.hpp\n'}
[24.993245] (vehicle_core) StdoutLine: {'line': b'-- Up-to-date symlink: /home/avcpp/AV-CPP2025/Vehicle/install/vehicle_core/include/vehicle_core/vehicle_core/msg/detail/lights_status__builder.hpp\n'}
[24.993645] (vehicle_core) StdoutLine: {'line': b'-- Up-to-date symlink: /home/avcpp/AV-CPP2025/Vehicle/install/vehicle_core/include/vehicle_core/vehicle_core/msg/detail/lights_status__struct.hpp\n'}
[24.994031] (vehicle_core) StdoutLine: {'line': b'-- Up-to-date symlink: /home/avcpp/AV-CPP2025/Vehicle/install/vehicle_core/include/vehicle_core/vehicle_core/msg/detail/lights_status__traits.hpp\n'}
[24.994473] (vehicle_core) StdoutLine: {'line': b'-- Up-to-date symlink: /home/avcpp/AV-CPP2025/Vehicle/install/vehicle_core/include/vehicle_core/vehicle_core/msg/detail/lights_status__type_support.hpp\n'}
[24.994912] (vehicle_core) StdoutLine: {'line': b'-- Up-to-date symlink: /home/avcpp/AV-CPP2025/Vehicle/install/vehicle_core/include/vehicle_core/vehicle_core/msg/detail/manual_drive_command__builder.hpp\n'}
[24.995303] (vehicle_core) StdoutLine: {'line': b'-- Up-to-date symlink: /home/avcpp/AV-CPP2025/Vehicle/install/vehicle_core/include/vehicle_core/vehicle_core/msg/detail/manual_drive_command__struct.hpp\n'}
[24.995684] (vehicle_core) StdoutLine: {'line': b'-- Up-to-date symlink: /home/avcpp/AV-CPP2025/Vehicle/install/vehicle_core/include/vehicle_core/vehicle_core/msg/detail/manual_drive_command__traits.hpp\n'}
[24.996070] (vehicle_core) StdoutLine: {'line': b'-- Up-to-date symlink: /home/avcpp/AV-CPP2025/Vehicle/install/vehicle_core/include/vehicle_core/vehicle_core/msg/detail/manual_drive_command__type_support.hpp\n'}
[24.996456] (vehicle_core) StdoutLine: {'line': b'-- Up-to-date symlink: /home/avcpp/AV-CPP2025/Vehicle/install/vehicle_core/include/vehicle_core/vehicle_core/msg/detail/max_speed__builder.hpp\n'}
[24.996838] (vehicle_core) StdoutLine: {'line': b'-- Up-to-date symlink: /home/avcpp/AV-CPP2025/Vehicle/install/vehicle_core/include/vehicle_core/vehicle_core/msg/detail/max_speed__struct.hpp\n'}
[24.997223] (vehicle_core) StdoutLine: {'line': b'-- Up-to-date symlink: /home/avcpp/AV-CPP2025/Vehicle/install/vehicle_core/include/vehicle_core/vehicle_core/msg/detail/max_speed__traits.hpp\n'}
[24.997599] (vehicle_core) StdoutLine: {'line': b'-- Up-to-date symlink: /home/avcpp/AV-CPP2025/Vehicle/install/vehicle_core/include/vehicle_core/vehicle_core/msg/detail/max_speed__type_support.hpp\n'}
[24.998004] (vehicle_core) StdoutLine: {'line': b'-- Up-to-date symlink: /home/avcpp/AV-CPP2025/Vehicle/install/vehicle_core/include/vehicle_core/vehicle_core/msg/detail/perception_profile__builder.hpp\n'}
[24.998397] (vehicle_core) StdoutLine: {'line': b'-- Up-to-date symlink: /home/avcpp/AV-CPP2025/Vehicle/install/vehicle_core/include/vehicle_core/vehicle_core/msg/detail/perception_profile__struct.hpp\n'}
[24.998779] (vehicle_core) StdoutLine: {'line': b'-- Up-to-date symlink: /home/avcpp/AV-CPP2025/Vehicle/install/vehicle_core/include/vehicle_core/vehicle_core/msg/detail/perception_profile__traits.hpp\n'}
[24.999157] (vehicle_core) StdoutLine: {'line': b'-- Up-to-date symlink: /home/avcpp/AV-CPP2025/Vehicle/install/vehicle_core/include/vehicle_core/vehicle_core/msg/detail/perception_profile__type_support.hpp\n'}
[24.999536] (vehicle_core) StdoutLine: {'line': b'-- Up-to-date symlink: /home/avcpp/AV-CPP2025/Vehicle/install/vehicle_core/include/vehicle_core/vehicle_core/msg/detail/server_init__builder.hpp\n'}
[24.999983] (vehicle_core) StdoutLine: {'line': b'-- Up-to-date symlink: /home/avcpp/AV-CPP2025/Vehicle/install/vehicle_core/include/vehicle_core/vehicle_core/msg/detail/server_init__struct.hpp\n'}
[25.000362] (vehicle_core) StdoutLine: {'line': b'-- Up-to-date symlink: /home/avcpp/AV-CPP2025/Vehicle/install/vehicle_core/include/vehicle_core/vehicle_core/msg/detail/server_init__traits.hpp\n'}
[25.000742] (vehicle_core) StdoutLine: {'line': b'-- Up-to-date symlink: /home/avcpp/AV-CPP2025/Vehicle/install/vehicle_core/include/vehicle_core/vehicle_core/msg/detail/server_init__type_support.hpp\n'}
[25.001122] (vehicle_core) StdoutLine: {'line': b'-- Up-to-date symlink: /home/avcpp/AV-CPP2025/Vehicle/install/vehicle_core/include/vehicle_core/vehicle_core/msg/detail/state_event__builder.hpp\n'}
[25.001536] (vehicle_core) StdoutLine: {'line': b'-- Up-to-date symlink: /home/avcpp/AV-CPP2025/Vehicle/install/vehicle_core/include/vehicle_core/vehicle_core/msg/detail/state_event__struct.hpp\n'}
[25.001929] (vehicle_core) StdoutLine: {'line': b'-- Up-to-date symlink: /home/avcpp/AV-CPP2025/Vehicle/install/vehicle_core/include/vehicle_core/vehicle_core/msg/detail/state_event__traits.hpp\n'}
[25.002355] (vehicle_core) StdoutLine: {'line': b'-- Up-to-date symlink: /home/avcpp/AV-CPP2025/Vehicle/install/vehicle_core/include/vehicle_core/vehicle_core/msg/detail/state_event__type_support.hpp\n'}
[25.002738] (vehicle_core) StdoutLine: {'line': b'-- Up-to-date symlink: /home/avcpp/AV-CPP2025/Vehicle/install/vehicle_core/include/vehicle_core/vehicle_core/msg/detail/state_mode__builder.hpp\n'}
[25.003135] (vehicle_core) StdoutLine: {'line': b'-- Up-to-date symlink: /home/avcpp/AV-CPP2025/Vehicle/install/vehicle_core/include/vehicle_core/vehicle_core/msg/detail/state_mode__struct.hpp\n'}
[25.003585] (vehicle_core) StdoutLine: {'line': b'-- Up-to-date symlink: /home/avcpp/AV-CPP2025/Vehicle/install/vehicle_core/include/vehicle_core/vehicle_core/msg/detail/state_mode__traits.hpp\n'}
[25.003964] (-) TimerEvent: {}
[25.004562] (vehicle_core) StdoutLine: {'line': b'-- Up-to-date symlink: /home/avcpp/AV-CPP2025/Vehicle/install/vehicle_core/include/vehicle_core/vehicle_core/msg/detail/state_mode__type_support.hpp\n'}
[25.005118] (vehicle_core) StdoutLine: {'line': b'-- Up-to-date symlink: /home/avcpp/AV-CPP2025/Vehicle/install/vehicle_core/include/vehicle_core/vehicle_core/msg/detail/telemetry_data__builder.hpp\n'}
[25.005543] (vehicle_core) StdoutLine: {'line': b'-- Up-to-date symlink: /home/avcpp/AV-CPP2025/Vehicle/install/vehicle_core/include/vehicle_core/vehicle_core/msg/detail/telemetry_data__struct.hpp\n'}
[25.005932] (vehicle_core) StdoutLine: {'line': b'-- Up-to-date symlink: /home/avcpp/AV-CPP2025/Vehicle/install/vehicle_core/include/vehicle_core/vehicle_core/msg/detail/telemetry_data__traits.hpp\n'}
[25.006319] (vehicle_core) StdoutLine: {'line': b'-- Up-to-date symlink: /home/avcpp/AV-CPP2025/Vehicle/install/vehicle_core/include/vehicle_core/vehicle_core/msg/detail/telemetry_data__type_support.hpp\n'}
[25.006699] (vehicle_core) StdoutLine: {'line': b'-- Up-to-date symlink: /home/avcpp/AV-CPP2025/Vehicle/install/vehicle_core/include/vehicle_core/vehicle_core/msg/drive_feedback.hpp\n'}
[25.007079] (vehicle_core) StdoutLine: {'line': b'-- Up-to-date symlink: /home/avcpp/AV-CPP2025/Vehicle/install/vehicle_core/include/vehicle_core/vehicle_core/msg/drive_status.hpp\n'}
[25.007457] (vehicle_core) StdoutLine: {'line': b'-- Up-to-date symlink: /home/avcpp/AV-CPP2025/Vehicle/install/vehicle_core/include/vehicle_core/vehicle_core/msg/drive_target.hpp\n'}
[25.007834] (vehicle_core) StdoutLine: {'line': b'-- Up-to-date symlink: /home/avcpp/AV-CPP2025/Vehicle/install/vehicle_core/include/vehicle_core/vehicle_core/msg/error.hpp\n'}
[25.008268] (vehicle_core) StdoutLine: {'line': b'-- Up-to-date symlink: /home/avcpp/AV-CPP2025/Vehicle/install/vehicle_core/include/vehicle_core/vehicle_core/msg/general_status.hpp\n'}
[25.008653] (vehicle_core) StdoutLine: {'line': b'-- Up-to-date symlink: /home/avcpp/AV-CPP2025/Vehicle/install/vehicle_core/include/vehicle_core/vehicle_core/msg/imu_status.hpp\n'}
[25.009055] (vehicle_core) StdoutLine: {'line': b'-- Up-to-date symlink: /home/avcpp/AV-CPP2025/Vehicle/install/vehicle_core/include/vehicle_core/vehicle_core/msg/internal_drive_command.hpp\n'}
[25.009217] (vehicle_core) StdoutLine: {'line': b'-- Up-to-date symlink: /home/avcpp/AV-CPP2025/Vehicle/install/vehicle_core/include/vehicle_core/vehicle_core/msg/lights_command.hpp\n'}
[25.009310] (vehicle_core) StdoutLine: {'line': b'-- Up-to-date symlink: /home/avcpp/AV-CPP2025/Vehicle/install/vehicle_core/include/vehicle_core/vehicle_core/msg/lights_status.hpp\n'}
[25.009394] (vehicle_core) StdoutLine: {'line': b'-- Up-to-date symlink: /home/avcpp/AV-CPP2025/Vehicle/install/vehicle_core/include/vehicle_core/vehicle_core/msg/manual_drive_command.hpp\n'}
[25.009478] (vehicle_core) StdoutLine: {'line': b'-- Up-to-date symlink: /home/avcpp/AV-CPP2025/Vehicle/install/vehicle_core/include/vehicle_core/vehicle_core/msg/max_speed.hpp\n'}
[25.009558] (vehicle_core) StdoutLine: {'line': b'-- Up-to-date symlink: /home/avcpp/AV-CPP2025/Vehicle/install/vehicle_core/include/vehicle_core/vehicle_core/msg/perception_profile.hpp\n'}
[25.009671] (vehicle_core) StdoutLine: {'line': b'-- Up-to-date symlink: /home/avcpp/AV-CPP2025/Vehicle/install/vehicle_core/include/vehicle_core/vehicle_core/msg/rosidl_generator_cpp__visibility_control.hpp\n'}
[25.009754] (vehicle_core) StdoutLine: {'line': b'-- Up-to-date symlink: /home/avcpp/AV-CPP2025/Vehicle/install/vehicle_core/include/vehicle_core/vehicle_core/msg/server_init.hpp\n'}
[25.009831] (vehicle_core) StdoutLine: {'line': b'-- Up-to-date symlink: /home/avcpp/AV-CPP2025/Vehicle/install/vehicle_core/include/vehicle_core/vehicle_core/msg/state_event.hpp\n'}
[25.009927] (vehicle_core) StdoutLine: {'line': b'-- Up-to-date symlink: /home/avcpp/AV-CPP2025/Vehicle/install/vehicle_core/include/vehicle_core/vehicle_core/msg/state_mode.hpp\n'}
[25.010004] (vehicle_core) StdoutLine: {'line': b'-- Up-to-date symlink: /home/avcpp/AV-CPP2025/Vehicle/install/vehicle_core/include/vehicle_core/vehicle_core/msg/telemetry_data.hpp\n'}
[25.010082] (vehicle_core) StdoutLine: {'line': b'-- Up-to-date symlink: /home/avcpp/AV-CPP2025/Vehicle/install/vehicle_core/include/vehicle_core/vehicle_core/srv/detail/release_internal_control__builder.hpp\n'}
[25.010160] (vehicle_core) StdoutLine: {'line': b'-- Up-to-date symlink: /home/avcpp/AV-CPP2025/Vehicle/install/vehicle_core/include/vehicle_core/vehicle_core/srv/detail/release_internal_control__struct.hpp\n'}
[25.010236] (vehicle_core) StdoutLine: {'line': b'-- Up-to-date symlink: /home/avcpp/AV-CPP2025/Vehicle/install/vehicle_core/include/vehicle_core/vehicle_core/srv/detail/release_internal_control__traits.hpp\n'}
[25.010313] (vehicle_core) StdoutLine: {'line': b'-- Up-to-date symlink: /home/avcpp/AV-CPP2025/Vehicle/install/vehicle_core/include/vehicle_core/vehicle_core/srv/detail/release_internal_control__type_support.hpp\n'}
[25.010401] (vehicle_core) StdoutLine: {'line': b'-- Up-to-date symlink: /home/avcpp/AV-CPP2025/Vehicle/install/vehicle_core/include/vehicle_core/vehicle_core/srv/detail/request_internal_control__builder.hpp\n'}
[25.010478] (vehicle_core) StdoutLine: {'line': b'-- Up-to-date symlink: /home/avcpp/AV-CPP2025/Vehicle/install/vehicle_core/include/vehicle_core/vehicle_core/srv/detail/request_internal_control__struct.hpp\n'}
[25.010556] (vehicle_core) StdoutLine: {'line': b'-- Up-to-date symlink: /home/avcpp/AV-CPP2025/Vehicle/install/vehicle_core/include/vehicle_core/vehicle_core/srv/detail/request_internal_control__traits.hpp\n'}
[25.010632] (vehicle_core) StdoutLine: {'line': b'-- Up-to-date symlink: /home/avcpp/AV-CPP2025/Vehicle/install/vehicle_core/include/vehicle_core/vehicle_core/srv/detail/request_internal_control__type_support.hpp\n'}
[25.010709] (vehicle_core) StdoutLine: {'line': b'-- Up-to-date symlink: /home/avcpp/AV-CPP2025/Vehicle/install/vehicle_core/include/vehicle_core/vehicle_core/srv/detail/set_autopilot_profile__builder.hpp\n'}
[25.010783] (vehicle_core) StdoutLine: {'line': b'-- Up-to-date symlink: /home/avcpp/AV-CPP2025/Vehicle/install/vehicle_core/include/vehicle_core/vehicle_core/srv/detail/set_autopilot_profile__struct.hpp\n'}
[25.010857] (vehicle_core) StdoutLine: {'line': b'-- Up-to-date symlink: /home/avcpp/AV-CPP2025/Vehicle/install/vehicle_core/include/vehicle_core/vehicle_core/srv/detail/set_autopilot_profile__traits.hpp\n'}
[25.010930] (vehicle_core) StdoutLine: {'line': b'-- Up-to-date symlink: /home/avcpp/AV-CPP2025/Vehicle/install/vehicle_core/include/vehicle_core/vehicle_core/srv/detail/set_autopilot_profile__type_support.hpp\n'}
[25.011004] (vehicle_core) StdoutLine: {'line': b'-- Up-to-date symlink: /home/avcpp/AV-CPP2025/Vehicle/install/vehicle_core/include/vehicle_core/vehicle_core/srv/release_internal_control.hpp\n'}
[25.011077] (vehicle_core) StdoutLine: {'line': b'-- Up-to-date symlink: /home/avcpp/AV-CPP2025/Vehicle/install/vehicle_core/include/vehicle_core/vehicle_core/srv/request_internal_control.hpp\n'}
[25.011150] (vehicle_core) StdoutLine: {'line': b'-- Up-to-date symlink: /home/avcpp/AV-CPP2025/Vehicle/install/vehicle_core/include/vehicle_core/vehicle_core/srv/set_autopilot_profile.hpp\n'}
[25.011243] (vehicle_core) StdoutLine: {'line': b'-- Up-to-date symlink: /home/avcpp/AV-CPP2025/Vehicle/install/vehicle_core/include/vehicle_core/vehicle_core/msg/detail/autopilot_command__rosidl_typesupport_fastrtps_cpp.hpp\n'}
[25.011373] (vehicle_core) StdoutLine: {'line': b'-- Up-to-date symlink: /home/avcpp/AV-CPP2025/Vehicle/install/vehicle_core/include/vehicle_core/vehicle_core/msg/detail/autopilot_config__rosidl_typesupport_fastrtps_cpp.hpp\n'}
[25.011457] (vehicle_core) StdoutLine: {'line': b'-- Up-to-date symlink: /home/avcpp/AV-CPP2025/Vehicle/install/vehicle_core/include/vehicle_core/vehicle_core/msg/detail/autopilot_status__rosidl_typesupport_fastrtps_cpp.hpp\n'}
[25.011531] (vehicle_core) StdoutLine: {'line': b'-- Up-to-date symlink: /home/avcpp/AV-CPP2025/Vehicle/install/vehicle_core/include/vehicle_core/vehicle_core/msg/detail/drive_feedback__rosidl_typesupport_fastrtps_cpp.hpp\n'}
[25.011608] (vehicle_core) StdoutLine: {'line': b'-- Up-to-date symlink: /home/avcpp/AV-CPP2025/Vehicle/install/vehicle_core/include/vehicle_core/vehicle_core/msg/detail/drive_status__rosidl_typesupport_fastrtps_cpp.hpp\n'}
[25.011682] (vehicle_core) StdoutLine: {'line': b'-- Up-to-date symlink: /home/avcpp/AV-CPP2025/Vehicle/install/vehicle_core/include/vehicle_core/vehicle_core/msg/detail/drive_target__rosidl_typesupport_fastrtps_cpp.hpp\n'}
[25.011754] (vehicle_core) StdoutLine: {'line': b'-- Up-to-date symlink: /home/avcpp/AV-CPP2025/Vehicle/install/vehicle_core/include/vehicle_core/vehicle_core/msg/detail/error__rosidl_typesupport_fastrtps_cpp.hpp\n'}
[25.011828] (vehicle_core) StdoutLine: {'line': b'-- Up-to-date symlink: /home/avcpp/AV-CPP2025/Vehicle/install/vehicle_core/include/vehicle_core/vehicle_core/msg/detail/general_status__rosidl_typesupport_fastrtps_cpp.hpp\n'}
[25.011901] (vehicle_core) StdoutLine: {'line': b'-- Up-to-date symlink: /home/avcpp/AV-CPP2025/Vehicle/install/vehicle_core/include/vehicle_core/vehicle_core/msg/detail/imu_status__rosidl_typesupport_fastrtps_cpp.hpp\n'}
[25.012010] (vehicle_core) StdoutLine: {'line': b'-- Up-to-date symlink: /home/avcpp/AV-CPP2025/Vehicle/install/vehicle_core/include/vehicle_core/vehicle_core/msg/detail/internal_drive_command__rosidl_typesupport_fastrtps_cpp.hpp\n'}
[25.012089] (vehicle_core) StdoutLine: {'line': b'-- Up-to-date symlink: /home/avcpp/AV-CPP2025/Vehicle/install/vehicle_core/include/vehicle_core/vehicle_core/msg/detail/lights_command__rosidl_typesupport_fastrtps_cpp.hpp\n'}
[25.012165] (vehicle_core) StdoutLine: {'line': b'-- Up-to-date symlink: /home/avcpp/AV-CPP2025/Vehicle/install/vehicle_core/include/vehicle_core/vehicle_core/msg/detail/lights_status__rosidl_typesupport_fastrtps_cpp.hpp\n'}
[25.012239] (vehicle_core) StdoutLine: {'line': b'-- Up-to-date symlink: /home/avcpp/AV-CPP2025/Vehicle/install/vehicle_core/include/vehicle_core/vehicle_core/msg/detail/manual_drive_command__rosidl_typesupport_fastrtps_cpp.hpp\n'}
[25.012324] (vehicle_core) StdoutLine: {'line': b'-- Up-to-date symlink: /home/avcpp/AV-CPP2025/Vehicle/install/vehicle_core/include/vehicle_core/vehicle_core/msg/detail/max_speed__rosidl_typesupport_fastrtps_cpp.hpp\n'}
[25.012399] (vehicle_core) StdoutLine: {'line': b'-- Up-to-date symlink: /home/avcpp/AV-CPP2025/Vehicle/install/vehicle_core/include/vehicle_core/vehicle_core/msg/detail/perception_profile__rosidl_typesupport_fastrtps_cpp.hpp\n'}
[25.012474] (vehicle_core) StdoutLine: {'line': b'-- Up-to-date symlink: /home/avcpp/AV-CPP2025/Vehicle/install/vehicle_core/include/vehicle_core/vehicle_core/msg/detail/server_init__rosidl_typesupport_fastrtps_cpp.hpp\n'}
[25.012547] (vehicle_core) StdoutLine: {'line': b'-- Up-to-date symlink: /home/avcpp/AV-CPP2025/Vehicle/install/vehicle_core/include/vehicle_core/vehicle_core/msg/detail/state_event__rosidl_typesupport_fastrtps_cpp.hpp\n'}
[25.012620] (vehicle_core) StdoutLine: {'line': b'-- Up-to-date symlink: /home/avcpp/AV-CPP2025/Vehicle/install/vehicle_core/include/vehicle_core/vehicle_core/msg/detail/state_mode__rosidl_typesupport_fastrtps_cpp.hpp\n'}
[25.012700] (vehicle_core) StdoutLine: {'line': b'-- Up-to-date symlink: /home/avcpp/AV-CPP2025/Vehicle/install/vehicle_core/include/vehicle_core/vehicle_core/msg/detail/telemetry_data__rosidl_typesupport_fastrtps_cpp.hpp\n'}
[25.012776] (vehicle_core) StdoutLine: {'line': b'-- Up-to-date symlink: /home/avcpp/AV-CPP2025/Vehicle/install/vehicle_core/include/vehicle_core/vehicle_core/msg/rosidl_typesupport_fastrtps_cpp__visibility_control.h\n'}
[25.012849] (vehicle_core) StdoutLine: {'line': b'-- Up-to-date symlink: /home/avcpp/AV-CPP2025/Vehicle/install/vehicle_core/include/vehicle_core/vehicle_core/srv/detail/release_internal_control__rosidl_typesupport_fastrtps_cpp.hpp\n'}
[25.012924] (vehicle_core) StdoutLine: {'line': b'-- Up-to-date symlink: /home/avcpp/AV-CPP2025/Vehicle/install/vehicle_core/include/vehicle_core/vehicle_core/srv/detail/request_internal_control__rosidl_typesupport_fastrtps_cpp.hpp\n'}
[25.012998] (vehicle_core) StdoutLine: {'line': b'-- Up-to-date symlink: /home/avcpp/AV-CPP2025/Vehicle/install/vehicle_core/include/vehicle_core/vehicle_core/srv/detail/set_autopilot_profile__rosidl_typesupport_fastrtps_cpp.hpp\n'}
[25.013071] (vehicle_core) StdoutLine: {'line': b'-- Up-to-date symlink: /home/avcpp/AV-CPP2025/Vehicle/install/vehicle_core/include/vehicle_core/vehicle_core/msg/detail/autopilot_command__rosidl_typesupport_introspection_c.h\n'}
[25.013145] (vehicle_core) StdoutLine: {'line': b'-- Up-to-date symlink: /home/avcpp/AV-CPP2025/Vehicle/install/vehicle_core/include/vehicle_core/vehicle_core/msg/detail/autopilot_config__rosidl_typesupport_introspection_c.h\n'}
[25.013221] (vehicle_core) StdoutLine: {'line': b'-- Up-to-date symlink: /home/avcpp/AV-CPP2025/Vehicle/install/vehicle_core/include/vehicle_core/vehicle_core/msg/detail/autopilot_status__rosidl_typesupport_introspection_c.h\n'}
[25.013295] (vehicle_core) StdoutLine: {'line': b'-- Up-to-date symlink: /home/avcpp/AV-CPP2025/Vehicle/install/vehicle_core/include/vehicle_core/vehicle_core/msg/detail/drive_feedback__rosidl_typesupport_introspection_c.h\n'}
[25.013370] (vehicle_core) StdoutLine: {'line': b'-- Up-to-date symlink: /home/avcpp/AV-CPP2025/Vehicle/install/vehicle_core/include/vehicle_core/vehicle_core/msg/detail/drive_status__rosidl_typesupport_introspection_c.h\n'}
[25.013446] (vehicle_core) StdoutLine: {'line': b'-- Up-to-date symlink: /home/avcpp/AV-CPP2025/Vehicle/install/vehicle_core/include/vehicle_core/vehicle_core/msg/detail/drive_target__rosidl_typesupport_introspection_c.h\n'}
[25.013520] (vehicle_core) StdoutLine: {'line': b'-- Up-to-date symlink: /home/avcpp/AV-CPP2025/Vehicle/install/vehicle_core/include/vehicle_core/vehicle_core/msg/detail/error__rosidl_typesupport_introspection_c.h\n'}
[25.013596] (vehicle_core) StdoutLine: {'line': b'-- Up-to-date symlink: /home/avcpp/AV-CPP2025/Vehicle/install/vehicle_core/include/vehicle_core/vehicle_core/msg/detail/general_status__rosidl_typesupport_introspection_c.h\n'}
[25.013673] (vehicle_core) StdoutLine: {'line': b'-- Up-to-date symlink: /home/avcpp/AV-CPP2025/Vehicle/install/vehicle_core/include/vehicle_core/vehicle_core/msg/detail/imu_status__rosidl_typesupport_introspection_c.h\n'}
[25.013748] (vehicle_core) StdoutLine: {'line': b'-- Up-to-date symlink: /home/avcpp/AV-CPP2025/Vehicle/install/vehicle_core/include/vehicle_core/vehicle_core/msg/detail/internal_drive_command__rosidl_typesupport_introspection_c.h\n'}
[25.013842] (vehicle_core) StdoutLine: {'line': b'-- Up-to-date symlink: /home/avcpp/AV-CPP2025/Vehicle/install/vehicle_core/include/vehicle_core/vehicle_core/msg/detail/lights_command__rosidl_typesupport_introspection_c.h\n'}
[25.013917] (vehicle_core) StdoutLine: {'line': b'-- Up-to-date symlink: /home/avcpp/AV-CPP2025/Vehicle/install/vehicle_core/include/vehicle_core/vehicle_core/msg/detail/lights_status__rosidl_typesupport_introspection_c.h\n'}
[25.013999] (vehicle_core) StdoutLine: {'line': b'-- Up-to-date symlink: /home/avcpp/AV-CPP2025/Vehicle/install/vehicle_core/include/vehicle_core/vehicle_core/msg/detail/manual_drive_command__rosidl_typesupport_introspection_c.h\n'}
[25.014084] (vehicle_core) StdoutLine: {'line': b'-- Up-to-date symlink: /home/avcpp/AV-CPP2025/Vehicle/install/vehicle_core/include/vehicle_core/vehicle_core/msg/detail/max_speed__rosidl_typesupport_introspection_c.h\n'}
[25.014160] (vehicle_core) StdoutLine: {'line': b'-- Up-to-date symlink: /home/avcpp/AV-CPP2025/Vehicle/install/vehicle_core/include/vehicle_core/vehicle_core/msg/detail/perception_profile__rosidl_typesupport_introspection_c.h\n'}
[25.014235] (vehicle_core) StdoutLine: {'line': b'-- Up-to-date symlink: /home/avcpp/AV-CPP2025/Vehicle/install/vehicle_core/include/vehicle_core/vehicle_core/msg/detail/server_init__rosidl_typesupport_introspection_c.h\n'}
[25.014309] (vehicle_core) StdoutLine: {'line': b'-- Up-to-date symlink: /home/avcpp/AV-CPP2025/Vehicle/install/vehicle_core/include/vehicle_core/vehicle_core/msg/detail/state_event__rosidl_typesupport_introspection_c.h\n'}
[25.014383] (vehicle_core) StdoutLine: {'line': b'-- Up-to-date symlink: /home/avcpp/AV-CPP2025/Vehicle/install/vehicle_core/include/vehicle_core/vehicle_core/msg/detail/state_mode__rosidl_typesupport_introspection_c.h\n'}
[25.014460] (vehicle_core) StdoutLine: {'line': b'-- Up-to-date symlink: /home/avcpp/AV-CPP2025/Vehicle/install/vehicle_core/include/vehicle_core/vehicle_core/msg/detail/telemetry_data__rosidl_typesupport_introspection_c.h\n'}
[25.014536] (vehicle_core) StdoutLine: {'line': b'-- Up-to-date symlink: /home/avcpp/AV-CPP2025/Vehicle/install/vehicle_core/include/vehicle_core/vehicle_core/msg/rosidl_typesupport_introspection_c__visibility_control.h\n'}
[25.014612] (vehicle_core) StdoutLine: {'line': b'-- Up-to-date symlink: /home/avcpp/AV-CPP2025/Vehicle/install/vehicle_core/include/vehicle_core/vehicle_core/srv/detail/release_internal_control__rosidl_typesupport_introspection_c.h\n'}
[25.014725] (vehicle_core) StdoutLine: {'line': b'-- Up-to-date symlink: /home/avcpp/AV-CPP2025/Vehicle/install/vehicle_core/include/vehicle_core/vehicle_core/srv/detail/request_internal_control__rosidl_typesupport_introspection_c.h\n'}
[25.014803] (vehicle_core) StdoutLine: {'line': b'-- Up-to-date symlink: /home/avcpp/AV-CPP2025/Vehicle/install/vehicle_core/include/vehicle_core/vehicle_core/srv/detail/set_autopilot_profile__rosidl_typesupport_introspection_c.h\n'}
[25.014879] (vehicle_core) StdoutLine: {'line': b'-- Up-to-date symlink: /home/avcpp/AV-CPP2025/Vehicle/install/vehicle_core/include/vehicle_core/vehicle_core/msg/detail/autopilot_command__rosidl_typesupport_introspection_cpp.hpp\n'}
[25.014955] (vehicle_core) StdoutLine: {'line': b'-- Up-to-date symlink: /home/avcpp/AV-CPP2025/Vehicle/install/vehicle_core/include/vehicle_core/vehicle_core/msg/detail/autopilot_config__rosidl_typesupport_introspection_cpp.hpp\n'}
[25.015031] (vehicle_core) StdoutLine: {'line': b'-- Up-to-date symlink: /home/avcpp/AV-CPP2025/Vehicle/install/vehicle_core/include/vehicle_core/vehicle_core/msg/detail/autopilot_status__rosidl_typesupport_introspection_cpp.hpp\n'}
[25.015108] (vehicle_core) StdoutLine: {'line': b'-- Up-to-date symlink: /home/avcpp/AV-CPP2025/Vehicle/install/vehicle_core/include/vehicle_core/vehicle_core/msg/detail/drive_feedback__rosidl_typesupport_introspection_cpp.hpp\n'}
[25.015183] (vehicle_core) StdoutLine: {'line': b'-- Up-to-date symlink: /home/avcpp/AV-CPP2025/Vehicle/install/vehicle_core/include/vehicle_core/vehicle_core/msg/detail/drive_status__rosidl_typesupport_introspection_cpp.hpp\n'}
[25.015258] (vehicle_core) StdoutLine: {'line': b'-- Up-to-date symlink: /home/avcpp/AV-CPP2025/Vehicle/install/vehicle_core/include/vehicle_core/vehicle_core/msg/detail/drive_target__rosidl_typesupport_introspection_cpp.hpp\n'}
[25.015334] (vehicle_core) StdoutLine: {'line': b'-- Up-to-date symlink: /home/avcpp/AV-CPP2025/Vehicle/install/vehicle_core/include/vehicle_core/vehicle_core/msg/detail/error__rosidl_typesupport_introspection_cpp.hpp\n'}
[25.015408] (vehicle_core) StdoutLine: {'line': b'-- Up-to-date symlink: /home/avcpp/AV-CPP2025/Vehicle/install/vehicle_core/include/vehicle_core/vehicle_core/msg/detail/general_status__rosidl_typesupport_introspection_cpp.hpp\n'}
[25.015495] (vehicle_core) StdoutLine: {'line': b'-- Up-to-date symlink: /home/avcpp/AV-CPP2025/Vehicle/install/vehicle_core/include/vehicle_core/vehicle_core/msg/detail/imu_status__rosidl_typesupport_introspection_cpp.hpp\n'}
[25.015570] (vehicle_core) StdoutLine: {'line': b'-- Up-to-date symlink: /home/avcpp/AV-CPP2025/Vehicle/install/vehicle_core/include/vehicle_core/vehicle_core/msg/detail/internal_drive_command__rosidl_typesupport_introspection_cpp.hpp\n'}
[25.015660] (vehicle_core) StdoutLine: {'line': b'-- Up-to-date symlink: /home/avcpp/AV-CPP2025/Vehicle/install/vehicle_core/include/vehicle_core/vehicle_core/msg/detail/lights_command__rosidl_typesupport_introspection_cpp.hpp\n'}
[25.015743] (vehicle_core) StdoutLine: {'line': b'-- Up-to-date symlink: /home/avcpp/AV-CPP2025/Vehicle/install/vehicle_core/include/vehicle_core/vehicle_core/msg/detail/lights_status__rosidl_typesupport_introspection_cpp.hpp\n'}
[25.015819] (vehicle_core) StdoutLine: {'line': b'-- Up-to-date symlink: /home/avcpp/AV-CPP2025/Vehicle/install/vehicle_core/include/vehicle_core/vehicle_core/msg/detail/manual_drive_command__rosidl_typesupport_introspection_cpp.hpp\n'}
[25.015894] (vehicle_core) StdoutLine: {'line': b'-- Up-to-date symlink: /home/avcpp/AV-CPP2025/Vehicle/install/vehicle_core/include/vehicle_core/vehicle_core/msg/detail/max_speed__rosidl_typesupport_introspection_cpp.hpp\n'}
[25.015972] (vehicle_core) StdoutLine: {'line': b'-- Up-to-date symlink: /home/avcpp/AV-CPP2025/Vehicle/install/vehicle_core/include/vehicle_core/vehicle_core/msg/detail/perception_profile__rosidl_typesupport_introspection_cpp.hpp\n'}
[25.016048] (vehicle_core) StdoutLine: {'line': b'-- Up-to-date symlink: /home/avcpp/AV-CPP2025/Vehicle/install/vehicle_core/include/vehicle_core/vehicle_core/msg/detail/server_init__rosidl_typesupport_introspection_cpp.hpp\n'}
[25.016124] (vehicle_core) StdoutLine: {'line': b'-- Up-to-date symlink: /home/avcpp/AV-CPP2025/Vehicle/install/vehicle_core/include/vehicle_core/vehicle_core/msg/detail/state_event__rosidl_typesupport_introspection_cpp.hpp\n'}
[25.016200] (vehicle_core) StdoutLine: {'line': b'-- Up-to-date symlink: /home/avcpp/AV-CPP2025/Vehicle/install/vehicle_core/include/vehicle_core/vehicle_core/msg/detail/state_mode__rosidl_typesupport_introspection_cpp.hpp\n'}
[25.016275] (vehicle_core) StdoutLine: {'line': b'-- Up-to-date symlink: /home/avcpp/AV-CPP2025/Vehicle/install/vehicle_core/include/vehicle_core/vehicle_core/msg/detail/telemetry_data__rosidl_typesupport_introspection_cpp.hpp\n'}
[25.016351] (vehicle_core) StdoutLine: {'line': b'-- Up-to-date symlink: /home/avcpp/AV-CPP2025/Vehicle/install/vehicle_core/include/vehicle_core/vehicle_core/srv/detail/release_internal_control__rosidl_typesupport_introspection_cpp.hpp\n'}
[25.016426] (vehicle_core) StdoutLine: {'line': b'-- Up-to-date symlink: /home/avcpp/AV-CPP2025/Vehicle/install/vehicle_core/include/vehicle_core/vehicle_core/srv/detail/request_internal_control__rosidl_typesupport_introspection_cpp.hpp\n'}
[25.016501] (vehicle_core) StdoutLine: {'line': b'-- Up-to-date symlink: /home/avcpp/AV-CPP2025/Vehicle/install/vehicle_core/include/vehicle_core/vehicle_core/srv/detail/set_autopilot_profile__rosidl_typesupport_introspection_cpp.hpp\n'}
[25.016578] (vehicle_core) StdoutLine: {'line': b'-- Up-to-date symlink: /home/avcpp/AV-CPP2025/Vehicle/install/vehicle_core/share/vehicle_core/environment/pythonpath.sh\n'}
[25.016655] (vehicle_core) StdoutLine: {'line': b'-- Up-to-date symlink: /home/avcpp/AV-CPP2025/Vehicle/install/vehicle_core/share/vehicle_core/environment/pythonpath.dsv\n'}
[25.016729] (vehicle_core) StdoutLine: {'line': b'-- Up-to-date symlink: /home/avcpp/AV-CPP2025/Vehicle/install/vehicle_core/local/lib/python3.10/dist-packages/vehicle_core-0.0.0-py3.10.egg-info/PKG-INFO\n'}
[25.016806] (vehicle_core) StdoutLine: {'line': b'-- Up-to-date symlink: /home/avcpp/AV-CPP2025/Vehicle/install/vehicle_core/local/lib/python3.10/dist-packages/vehicle_core-0.0.0-py3.10.egg-info/SOURCES.txt\n'}
[25.016889] (vehicle_core) StdoutLine: {'line': b'-- Up-to-date symlink: /home/avcpp/AV-CPP2025/Vehicle/install/vehicle_core/local/lib/python3.10/dist-packages/vehicle_core-0.0.0-py3.10.egg-info/dependency_links.txt\n'}
[25.016967] (vehicle_core) StdoutLine: {'line': b'-- Up-to-date symlink: /home/avcpp/AV-CPP2025/Vehicle/install/vehicle_core/local/lib/python3.10/dist-packages/vehicle_core-0.0.0-py3.10.egg-info/top_level.txt\n'}
[25.017043] (vehicle_core) StdoutLine: {'line': b'-- Up-to-date symlink: /home/avcpp/AV-CPP2025/Vehicle/install/vehicle_core/local/lib/python3.10/dist-packages/vehicle_core/__init__.py\n'}
[25.017133] (vehicle_core) StdoutLine: {'line': b'-- Up-to-date symlink: /home/avcpp/AV-CPP2025/Vehicle/install/vehicle_core/local/lib/python3.10/dist-packages/vehicle_core/_vehicle_core_s.ep.rosidl_typesupport_c.c\n'}
[25.017211] (vehicle_core) StdoutLine: {'line': b'-- Up-to-date symlink: /home/avcpp/AV-CPP2025/Vehicle/install/vehicle_core/local/lib/python3.10/dist-packages/vehicle_core/_vehicle_core_s.ep.rosidl_typesupport_fastrtps_c.c\n'}
[25.017286] (vehicle_core) StdoutLine: {'line': b'-- Up-to-date symlink: /home/avcpp/AV-CPP2025/Vehicle/install/vehicle_core/local/lib/python3.10/dist-packages/vehicle_core/_vehicle_core_s.ep.rosidl_typesupport_introspection_c.c\n'}
[25.017361] (vehicle_core) StdoutLine: {'line': b'-- Up-to-date symlink: /home/avcpp/AV-CPP2025/Vehicle/install/vehicle_core/local/lib/python3.10/dist-packages/vehicle_core/libvehicle_core__rosidl_generator_py.so\n'}
[25.017436] (vehicle_core) StdoutLine: {'line': b'-- Up-to-date symlink: /home/avcpp/AV-CPP2025/Vehicle/install/vehicle_core/local/lib/python3.10/dist-packages/vehicle_core/msg/__init__.py\n'}
[25.017511] (vehicle_core) StdoutLine: {'line': b'-- Up-to-date symlink: /home/avcpp/AV-CPP2025/Vehicle/install/vehicle_core/local/lib/python3.10/dist-packages/vehicle_core/msg/_autopilot_command.py\n'}
[25.017606] (vehicle_core) StdoutLine: {'line': b'-- Up-to-date symlink: /home/avcpp/AV-CPP2025/Vehicle/install/vehicle_core/local/lib/python3.10/dist-packages/vehicle_core/msg/_autopilot_command_s.c\n'}
[25.017683] (vehicle_core) StdoutLine: {'line': b'-- Up-to-date symlink: /home/avcpp/AV-CPP2025/Vehicle/install/vehicle_core/local/lib/python3.10/dist-packages/vehicle_core/msg/_autopilot_config.py\n'}
[25.017758] (vehicle_core) StdoutLine: {'line': b'-- Up-to-date symlink: /home/avcpp/AV-CPP2025/Vehicle/install/vehicle_core/local/lib/python3.10/dist-packages/vehicle_core/msg/_autopilot_config_s.c\n'}
[25.017835] (vehicle_core) StdoutLine: {'line': b'-- Up-to-date symlink: /home/avcpp/AV-CPP2025/Vehicle/install/vehicle_core/local/lib/python3.10/dist-packages/vehicle_core/msg/_autopilot_status.py\n'}
[25.017911] (vehicle_core) StdoutLine: {'line': b'-- Up-to-date symlink: /home/avcpp/AV-CPP2025/Vehicle/install/vehicle_core/local/lib/python3.10/dist-packages/vehicle_core/msg/_autopilot_status_s.c\n'}
[25.018001] (vehicle_core) StdoutLine: {'line': b'-- Up-to-date symlink: /home/avcpp/AV-CPP2025/Vehicle/install/vehicle_core/local/lib/python3.10/dist-packages/vehicle_core/msg/_drive_feedback.py\n'}
[25.018080] (vehicle_core) StdoutLine: {'line': b'-- Up-to-date symlink: /home/avcpp/AV-CPP2025/Vehicle/install/vehicle_core/local/lib/python3.10/dist-packages/vehicle_core/msg/_drive_feedback_s.c\n'}
[25.018153] (vehicle_core) StdoutLine: {'line': b'-- Up-to-date symlink: /home/avcpp/AV-CPP2025/Vehicle/install/vehicle_core/local/lib/python3.10/dist-packages/vehicle_core/msg/_drive_status.py\n'}
[25.018230] (vehicle_core) StdoutLine: {'line': b'-- Up-to-date symlink: /home/avcpp/AV-CPP2025/Vehicle/install/vehicle_core/local/lib/python3.10/dist-packages/vehicle_core/msg/_drive_status_s.c\n'}
[25.018305] (vehicle_core) StdoutLine: {'line': b'-- Up-to-date symlink: /home/avcpp/AV-CPP2025/Vehicle/install/vehicle_core/local/lib/python3.10/dist-packages/vehicle_core/msg/_drive_target.py\n'}
[25.018380] (vehicle_core) StdoutLine: {'line': b'-- Up-to-date symlink: /home/avcpp/AV-CPP2025/Vehicle/install/vehicle_core/local/lib/python3.10/dist-packages/vehicle_core/msg/_drive_target_s.c\n'}
[25.018470] (vehicle_core) StdoutLine: {'line': b'-- Up-to-date symlink: /home/avcpp/AV-CPP2025/Vehicle/install/vehicle_core/local/lib/python3.10/dist-packages/vehicle_core/msg/_error.py\n'}
[25.018547] (vehicle_core) StdoutLine: {'line': b'-- Up-to-date symlink: /home/avcpp/AV-CPP2025/Vehicle/install/vehicle_core/local/lib/python3.10/dist-packages/vehicle_core/msg/_error_s.c\n'}
[25.018621] (vehicle_core) StdoutLine: {'line': b'-- Up-to-date symlink: /home/avcpp/AV-CPP2025/Vehicle/install/vehicle_core/local/lib/python3.10/dist-packages/vehicle_core/msg/_general_status.py\n'}
[25.018699] (vehicle_core) StdoutLine: {'line': b'-- Up-to-date symlink: /home/avcpp/AV-CPP2025/Vehicle/install/vehicle_core/local/lib/python3.10/dist-packages/vehicle_core/msg/_general_status_s.c\n'}
[25.018773] (vehicle_core) StdoutLine: {'line': b'-- Up-to-date symlink: /home/avcpp/AV-CPP2025/Vehicle/install/vehicle_core/local/lib/python3.10/dist-packages/vehicle_core/msg/_imu_status.py\n'}
[25.018851] (vehicle_core) StdoutLine: {'line': b'-- Up-to-date symlink: /home/avcpp/AV-CPP2025/Vehicle/install/vehicle_core/local/lib/python3.10/dist-packages/vehicle_core/msg/_imu_status_s.c\n'}
[25.018926] (vehicle_core) StdoutLine: {'line': b'-- Up-to-date symlink: /home/avcpp/AV-CPP2025/Vehicle/install/vehicle_core/local/lib/python3.10/dist-packages/vehicle_core/msg/_internal_drive_command.py\n'}
[25.019005] (vehicle_core) StdoutLine: {'line': b'-- Up-to-date symlink: /home/avcpp/AV-CPP2025/Vehicle/install/vehicle_core/local/lib/python3.10/dist-packages/vehicle_core/msg/_internal_drive_command_s.c\n'}
[25.019080] (vehicle_core) StdoutLine: {'line': b'-- Up-to-date symlink: /home/avcpp/AV-CPP2025/Vehicle/install/vehicle_core/local/lib/python3.10/dist-packages/vehicle_core/msg/_lights_command.py\n'}
[25.019152] (vehicle_core) StdoutLine: {'line': b'-- Up-to-date symlink: /home/avcpp/AV-CPP2025/Vehicle/install/vehicle_core/local/lib/python3.10/dist-packages/vehicle_core/msg/_lights_command_s.c\n'}
[25.019225] (vehicle_core) StdoutLine: {'line': b'-- Up-to-date symlink: /home/avcpp/AV-CPP2025/Vehicle/install/vehicle_core/local/lib/python3.10/dist-packages/vehicle_core/msg/_lights_status.py\n'}
[25.019297] (vehicle_core) StdoutLine: {'line': b'-- Up-to-date symlink: /home/avcpp/AV-CPP2025/Vehicle/install/vehicle_core/local/lib/python3.10/dist-packages/vehicle_core/msg/_lights_status_s.c\n'}
[25.019370] (vehicle_core) StdoutLine: {'line': b'-- Up-to-date symlink: /home/avcpp/AV-CPP2025/Vehicle/install/vehicle_core/local/lib/python3.10/dist-packages/vehicle_core/msg/_manual_drive_command.py\n'}
[25.019442] (vehicle_core) StdoutLine: {'line': b'-- Up-to-date symlink: /home/avcpp/AV-CPP2025/Vehicle/install/vehicle_core/local/lib/python3.10/dist-packages/vehicle_core/msg/_manual_drive_command_s.c\n'}
[25.019517] (vehicle_core) StdoutLine: {'line': b'-- Up-to-date symlink: /home/avcpp/AV-CPP2025/Vehicle/install/vehicle_core/local/lib/python3.10/dist-packages/vehicle_core/msg/_max_speed.py\n'}
[25.019599] (vehicle_core) StdoutLine: {'line': b'-- Up-to-date symlink: /home/avcpp/AV-CPP2025/Vehicle/install/vehicle_core/local/lib/python3.10/dist-packages/vehicle_core/msg/_max_speed_s.c\n'}
[25.019673] (vehicle_core) StdoutLine: {'line': b'-- Up-to-date symlink: /home/avcpp/AV-CPP2025/Vehicle/install/vehicle_core/local/lib/python3.10/dist-packages/vehicle_core/msg/_perception_profile.py\n'}
[25.019755] (vehicle_core) StdoutLine: {'line': b'-- Up-to-date symlink: /home/avcpp/AV-CPP2025/Vehicle/install/vehicle_core/local/lib/python3.10/dist-packages/vehicle_core/msg/_perception_profile_s.c\n'}
[25.019828] (vehicle_core) StdoutLine: {'line': b'-- Up-to-date symlink: /home/avcpp/AV-CPP2025/Vehicle/install/vehicle_core/local/lib/python3.10/dist-packages/vehicle_core/msg/_server_init.py\n'}
[25.019901] (vehicle_core) StdoutLine: {'line': b'-- Up-to-date symlink: /home/avcpp/AV-CPP2025/Vehicle/install/vehicle_core/local/lib/python3.10/dist-packages/vehicle_core/msg/_server_init_s.c\n'}
[25.019974] (vehicle_core) StdoutLine: {'line': b'-- Up-to-date symlink: /home/avcpp/AV-CPP2025/Vehicle/install/vehicle_core/local/lib/python3.10/dist-packages/vehicle_core/msg/_state_event.py\n'}
[25.020053] (vehicle_core) StdoutLine: {'line': b'-- Up-to-date symlink: /home/avcpp/AV-CPP2025/Vehicle/install/vehicle_core/local/lib/python3.10/dist-packages/vehicle_core/msg/_state_event_s.c\n'}
[25.020125] (vehicle_core) StdoutLine: {'line': b'-- Up-to-date symlink: /home/avcpp/AV-CPP2025/Vehicle/install/vehicle_core/local/lib/python3.10/dist-packages/vehicle_core/msg/_state_mode.py\n'}
[25.020197] (vehicle_core) StdoutLine: {'line': b'-- Up-to-date symlink: /home/avcpp/AV-CPP2025/Vehicle/install/vehicle_core/local/lib/python3.10/dist-packages/vehicle_core/msg/_state_mode_s.c\n'}
[25.020270] (vehicle_core) StdoutLine: {'line': b'-- Up-to-date symlink: /home/avcpp/AV-CPP2025/Vehicle/install/vehicle_core/local/lib/python3.10/dist-packages/vehicle_core/msg/_telemetry_data.py\n'}
[25.020343] (vehicle_core) StdoutLine: {'line': b'-- Up-to-date symlink: /home/avcpp/AV-CPP2025/Vehicle/install/vehicle_core/local/lib/python3.10/dist-packages/vehicle_core/msg/_telemetry_data_s.c\n'}
[25.020414] (vehicle_core) StdoutLine: {'line': b'-- Up-to-date symlink: /home/avcpp/AV-CPP2025/Vehicle/install/vehicle_core/local/lib/python3.10/dist-packages/vehicle_core/srv/__init__.py\n'}
[25.020488] (vehicle_core) StdoutLine: {'line': b'-- Up-to-date symlink: /home/avcpp/AV-CPP2025/Vehicle/install/vehicle_core/local/lib/python3.10/dist-packages/vehicle_core/srv/_release_internal_control.py\n'}
[25.020563] (vehicle_core) StdoutLine: {'line': b'-- Up-to-date symlink: /home/avcpp/AV-CPP2025/Vehicle/install/vehicle_core/local/lib/python3.10/dist-packages/vehicle_core/srv/_release_internal_control_s.c\n'}
[25.020635] (vehicle_core) StdoutLine: {'line': b'-- Up-to-date symlink: /home/avcpp/AV-CPP2025/Vehicle/install/vehicle_core/local/lib/python3.10/dist-packages/vehicle_core/srv/_request_internal_control.py\n'}
[25.020707] (vehicle_core) StdoutLine: {'line': b'-- Up-to-date symlink: /home/avcpp/AV-CPP2025/Vehicle/install/vehicle_core/local/lib/python3.10/dist-packages/vehicle_core/srv/_request_internal_control_s.c\n'}
[25.020781] (vehicle_core) StdoutLine: {'line': b'-- Up-to-date symlink: /home/avcpp/AV-CPP2025/Vehicle/install/vehicle_core/local/lib/python3.10/dist-packages/vehicle_core/srv/_set_autopilot_profile.py\n'}
[25.020854] (vehicle_core) StdoutLine: {'line': b'-- Up-to-date symlink: /home/avcpp/AV-CPP2025/Vehicle/install/vehicle_core/local/lib/python3.10/dist-packages/vehicle_core/srv/_set_autopilot_profile_s.c\n'}
[25.020927] (vehicle_core) StdoutLine: {'line': b'-- Up-to-date symlink: /home/avcpp/AV-CPP2025/Vehicle/install/vehicle_core/local/lib/python3.10/dist-packages/vehicle_core/vehicle_core_s__rosidl_typesupport_c.cpython-310-aarch64-linux-gnu.so\n'}
[25.021006] (vehicle_core) StdoutLine: {'line': b'-- Up-to-date symlink: /home/avcpp/AV-CPP2025/Vehicle/install/vehicle_core/local/lib/python3.10/dist-packages/vehicle_core/vehicle_core_s__rosidl_typesupport_fastrtps_c.cpython-310-aarch64-linux-gnu.so\n'}
[25.021081] (vehicle_core) StdoutLine: {'line': b'-- Up-to-date symlink: /home/avcpp/AV-CPP2025/Vehicle/install/vehicle_core/local/lib/python3.10/dist-packages/vehicle_core/vehicle_core_s__rosidl_typesupport_introspection_c.cpython-310-aarch64-linux-gnu.so\n'}
[25.021160] (vehicle_core) StdoutLine: {'line': b'-- Up-to-date symlink: /home/avcpp/AV-CPP2025/Vehicle/install/vehicle_core/local/lib/python3.10/dist-packages/vehicle_core/vehicle_core_s__rosidl_typesupport_fastrtps_c.cpython-310-aarch64-linux-gnu.so\n'}
[25.021238] (vehicle_core) StdoutLine: {'line': b'-- Up-to-date symlink: /home/avcpp/AV-CPP2025/Vehicle/install/vehicle_core/local/lib/python3.10/dist-packages/vehicle_core/vehicle_core_s__rosidl_typesupport_introspection_c.cpython-310-aarch64-linux-gnu.so\n'}
[25.021333] (vehicle_core) StdoutLine: {'line': b'-- Up-to-date symlink: /home/avcpp/AV-CPP2025/Vehicle/install/vehicle_core/local/lib/python3.10/dist-packages/vehicle_core/vehicle_core_s__rosidl_typesupport_c.cpython-310-aarch64-linux-gnu.so\n'}
[25.021428] (vehicle_core) StdoutLine: {'line': b'-- Up-to-date symlink: /home/avcpp/AV-CPP2025/Vehicle/install/vehicle_core/share/vehicle_core/msg/DriveTarget.idl\n'}
[25.021509] (vehicle_core) StdoutLine: {'line': b'-- Up-to-date symlink: /home/avcpp/AV-CPP2025/Vehicle/install/vehicle_core/share/vehicle_core/msg/InternalDriveCommand.idl\n'}
[25.021586] (vehicle_core) StdoutLine: {'line': b'-- Up-to-date symlink: /home/avcpp/AV-CPP2025/Vehicle/install/vehicle_core/share/vehicle_core/msg/ManualDriveCommand.idl\n'}
[25.021663] (vehicle_core) StdoutLine: {'line': b'-- Up-to-date symlink: /home/avcpp/AV-CPP2025/Vehicle/install/vehicle_core/share/vehicle_core/msg/LightsCommand.idl\n'}
[25.021746] (vehicle_core) StdoutLine: {'line': b'-- Up-to-date symlink: /home/avcpp/AV-CPP2025/Vehicle/install/vehicle_core/share/vehicle_core/msg/MaxSpeed.idl\n'}
[25.021822] (vehicle_core) StdoutLine: {'line': b'-- Up-to-date symlink: /home/avcpp/AV-CPP2025/Vehicle/install/vehicle_core/share/vehicle_core/msg/AutopilotCommand.idl\n'}
[25.021898] (vehicle_core) StdoutLine: {'line': b'-- Up-to-date symlink: /home/avcpp/AV-CPP2025/Vehicle/install/vehicle_core/share/vehicle_core/msg/LightsStatus.idl\n'}
[25.021971] (vehicle_core) StdoutLine: {'line': b'-- Up-to-date symlink: /home/avcpp/AV-CPP2025/Vehicle/install/vehicle_core/share/vehicle_core/msg/GeneralStatus.idl\n'}
[25.022044] (vehicle_core) StdoutLine: {'line': b'-- Up-to-date symlink: /home/avcpp/AV-CPP2025/Vehicle/install/vehicle_core/share/vehicle_core/msg/DriveStatus.idl\n'}
[25.022120] (vehicle_core) StdoutLine: {'line': b'-- Up-to-date symlink: /home/avcpp/AV-CPP2025/Vehicle/install/vehicle_core/share/vehicle_core/msg/AutopilotStatus.idl\n'}
[25.022194] (vehicle_core) StdoutLine: {'line': b'-- Up-to-date symlink: /home/avcpp/AV-CPP2025/Vehicle/install/vehicle_core/share/vehicle_core/msg/TelemetryData.idl\n'}
[25.022269] (vehicle_core) StdoutLine: {'line': b'-- Up-to-date symlink: /home/avcpp/AV-CPP2025/Vehicle/install/vehicle_core/share/vehicle_core/msg/Error.idl\n'}
[25.022340] (vehicle_core) StdoutLine: {'line': b'-- Up-to-date symlink: /home/avcpp/AV-CPP2025/Vehicle/install/vehicle_core/share/vehicle_core/msg/ServerInit.idl\n'}
[25.022413] (vehicle_core) StdoutLine: {'line': b'-- Up-to-date symlink: /home/avcpp/AV-CPP2025/Vehicle/install/vehicle_core/share/vehicle_core/msg/AutopilotConfig.idl\n'}
[25.022488] (vehicle_core) StdoutLine: {'line': b'-- Up-to-date symlink: /home/avcpp/AV-CPP2025/Vehicle/install/vehicle_core/share/vehicle_core/msg/PerceptionProfile.idl\n'}
[25.022562] (vehicle_core) StdoutLine: {'line': b'-- Up-to-date symlink: /home/avcpp/AV-CPP2025/Vehicle/install/vehicle_core/share/vehicle_core/msg/StateMode.idl\n'}
[25.022636] (vehicle_core) StdoutLine: {'line': b'-- Up-to-date symlink: /home/avcpp/AV-CPP2025/Vehicle/install/vehicle_core/share/vehicle_core/msg/StateEvent.idl\n'}
[25.022711] (vehicle_core) StdoutLine: {'line': b'-- Up-to-date symlink: /home/avcpp/AV-CPP2025/Vehicle/install/vehicle_core/share/vehicle_core/msg/DriveFeedback.idl\n'}
[25.022786] (vehicle_core) StdoutLine: {'line': b'-- Up-to-date symlink: /home/avcpp/AV-CPP2025/Vehicle/install/vehicle_core/share/vehicle_core/msg/IMUStatus.idl\n'}
[25.022861] (vehicle_core) StdoutLine: {'line': b'-- Up-to-date symlink: /home/avcpp/AV-CPP2025/Vehicle/install/vehicle_core/share/vehicle_core/srv/RequestInternalControl.idl\n'}
[25.022933] (vehicle_core) StdoutLine: {'line': b'-- Up-to-date symlink: /home/avcpp/AV-CPP2025/Vehicle/install/vehicle_core/share/vehicle_core/srv/ReleaseInternalControl.idl\n'}
[25.023007] (vehicle_core) StdoutLine: {'line': b'-- Up-to-date symlink: /home/avcpp/AV-CPP2025/Vehicle/install/vehicle_core/share/vehicle_core/srv/SetAutopilotProfile.idl\n'}
[25.023082] (vehicle_core) StdoutLine: {'line': b'-- Up-to-date symlink: /home/avcpp/AV-CPP2025/Vehicle/install/vehicle_core/share/vehicle_core/msg/DriveTarget.msg\n'}
[25.023156] (vehicle_core) StdoutLine: {'line': b'-- Up-to-date symlink: /home/avcpp/AV-CPP2025/Vehicle/install/vehicle_core/share/vehicle_core/msg/InternalDriveCommand.msg\n'}
[25.023238] (vehicle_core) StdoutLine: {'line': b'-- Up-to-date symlink: /home/avcpp/AV-CPP2025/Vehicle/install/vehicle_core/share/vehicle_core/msg/ManualDriveCommand.msg\n'}
[25.023314] (vehicle_core) StdoutLine: {'line': b'-- Up-to-date symlink: /home/avcpp/AV-CPP2025/Vehicle/install/vehicle_core/share/vehicle_core/msg/LightsCommand.msg\n'}
[25.023388] (vehicle_core) StdoutLine: {'line': b'-- Up-to-date symlink: /home/avcpp/AV-CPP2025/Vehicle/install/vehicle_core/share/vehicle_core/msg/MaxSpeed.msg\n'}
[25.023463] (vehicle_core) StdoutLine: {'line': b'-- Up-to-date symlink: /home/avcpp/AV-CPP2025/Vehicle/install/vehicle_core/share/vehicle_core/msg/AutopilotCommand.msg\n'}
[25.023536] (vehicle_core) StdoutLine: {'line': b'-- Up-to-date symlink: /home/avcpp/AV-CPP2025/Vehicle/install/vehicle_core/share/vehicle_core/msg/LightsStatus.msg\n'}
[25.023611] (vehicle_core) StdoutLine: {'line': b'-- Up-to-date symlink: /home/avcpp/AV-CPP2025/Vehicle/install/vehicle_core/share/vehicle_core/msg/GeneralStatus.msg\n'}
[25.023687] (vehicle_core) StdoutLine: {'line': b'-- Up-to-date symlink: /home/avcpp/AV-CPP2025/Vehicle/install/vehicle_core/share/vehicle_core/msg/DriveStatus.msg\n'}
[25.023760] (vehicle_core) StdoutLine: {'line': b'-- Up-to-date symlink: /home/avcpp/AV-CPP2025/Vehicle/install/vehicle_core/share/vehicle_core/msg/AutopilotStatus.msg\n'}
[25.023841] (vehicle_core) StdoutLine: {'line': b'-- Up-to-date symlink: /home/avcpp/AV-CPP2025/Vehicle/install/vehicle_core/share/vehicle_core/msg/TelemetryData.msg\n'}
[25.023917] (vehicle_core) StdoutLine: {'line': b'-- Up-to-date symlink: /home/avcpp/AV-CPP2025/Vehicle/install/vehicle_core/share/vehicle_core/msg/Error.msg\n'}
[25.023992] (vehicle_core) StdoutLine: {'line': b'-- Up-to-date symlink: /home/avcpp/AV-CPP2025/Vehicle/install/vehicle_core/share/vehicle_core/msg/ServerInit.msg\n'}
[25.024068] (vehicle_core) StdoutLine: {'line': b'-- Up-to-date symlink: /home/avcpp/AV-CPP2025/Vehicle/install/vehicle_core/share/vehicle_core/msg/AutopilotConfig.msg\n'}
[25.024139] (vehicle_core) StdoutLine: {'line': b'-- Up-to-date symlink: /home/avcpp/AV-CPP2025/Vehicle/install/vehicle_core/share/vehicle_core/msg/PerceptionProfile.msg\n'}
[25.024212] (vehicle_core) StdoutLine: {'line': b'-- Up-to-date symlink: /home/avcpp/AV-CPP2025/Vehicle/install/vehicle_core/share/vehicle_core/msg/StateMode.msg\n'}
[25.024287] (vehicle_core) StdoutLine: {'line': b'-- Up-to-date symlink: /home/avcpp/AV-CPP2025/Vehicle/install/vehicle_core/share/vehicle_core/msg/StateEvent.msg\n'}
[25.024374] (vehicle_core) StdoutLine: {'line': b'-- Up-to-date symlink: /home/avcpp/AV-CPP2025/Vehicle/install/vehicle_core/share/vehicle_core/msg/DriveFeedback.msg\n'}
[25.024450] (vehicle_core) StdoutLine: {'line': b'-- Up-to-date symlink: /home/avcpp/AV-CPP2025/Vehicle/install/vehicle_core/share/vehicle_core/msg/IMUStatus.msg\n'}
[25.024525] (vehicle_core) StdoutLine: {'line': b'-- Up-to-date symlink: /home/avcpp/AV-CPP2025/Vehicle/install/vehicle_core/share/vehicle_core/srv/RequestInternalControl.srv\n'}
[25.024599] (vehicle_core) StdoutLine: {'line': b'-- Up-to-date symlink: /home/avcpp/AV-CPP2025/Vehicle/install/vehicle_core/share/vehicle_core/srv/RequestInternalControl_Request.msg\n'}
[25.024698] (vehicle_core) StdoutLine: {'line': b'-- Up-to-date symlink: /home/avcpp/AV-CPP2025/Vehicle/install/vehicle_core/share/vehicle_core/srv/RequestInternalControl_Response.msg\n'}
[25.024775] (vehicle_core) StdoutLine: {'line': b'-- Up-to-date symlink: /home/avcpp/AV-CPP2025/Vehicle/install/vehicle_core/share/vehicle_core/srv/ReleaseInternalControl.srv\n'}
[25.024849] (vehicle_core) StdoutLine: {'line': b'-- Up-to-date symlink: /home/avcpp/AV-CPP2025/Vehicle/install/vehicle_core/share/vehicle_core/srv/ReleaseInternalControl_Request.msg\n'}
[25.024927] (vehicle_core) StdoutLine: {'line': b'-- Up-to-date symlink: /home/avcpp/AV-CPP2025/Vehicle/install/vehicle_core/share/vehicle_core/srv/ReleaseInternalControl_Response.msg\n'}
[25.025003] (vehicle_core) StdoutLine: {'line': b'-- Up-to-date symlink: /home/avcpp/AV-CPP2025/Vehicle/install/vehicle_core/share/vehicle_core/srv/SetAutopilotProfile.srv\n'}
[25.025090] (vehicle_core) StdoutLine: {'line': b'-- Up-to-date symlink: /home/avcpp/AV-CPP2025/Vehicle/install/vehicle_core/share/vehicle_core/srv/SetAutopilotProfile_Request.msg\n'}
[25.025171] (vehicle_core) StdoutLine: {'line': b'-- Up-to-date symlink: /home/avcpp/AV-CPP2025/Vehicle/install/vehicle_core/share/vehicle_core/srv/SetAutopilotProfile_Response.msg\n'}
[25.025249] (vehicle_core) StdoutLine: {'line': b'-- Up-to-date symlink: /home/avcpp/AV-CPP2025/Vehicle/install/vehicle_core/include/I2C/BNO055.hpp\n'}
[25.025327] (vehicle_core) StdoutLine: {'line': b'-- Up-to-date symlink: /home/avcpp/AV-CPP2025/Vehicle/install/vehicle_core/include/I2C/DriveSubsys.hpp\n'}
[25.025400] (vehicle_core) StdoutLine: {'line': b'-- Up-to-date symlink: /home/avcpp/AV-CPP2025/Vehicle/install/vehicle_core/include/I2C/I2CBus.hpp\n'}
[25.025473] (vehicle_core) StdoutLine: {'line': b'-- Up-to-date symlink: /home/avcpp/AV-CPP2025/Vehicle/install/vehicle_core/include/I2C/I2CBusRegistry.hpp\n'}
[25.025549] (vehicle_core) StdoutLine: {'line': b'-- Up-to-date symlink: /home/avcpp/AV-CPP2025/Vehicle/install/vehicle_core/include/I2C/I2CDevice.hpp\n'}
[25.025623] (vehicle_core) StdoutLine: {'line': b'-- Up-to-date symlink: /home/avcpp/AV-CPP2025/Vehicle/install/vehicle_core/include/I2C/LightingSubsys.hpp\n'}
[25.025698] (vehicle_core) StdoutLine: {'line': b'-- Up-to-date symlink: /home/avcpp/AV-CPP2025/Vehicle/install/vehicle_core/include/KmlPathLoader.hpp\n'}
[25.025773] (vehicle_core) StdoutLine: {'line': b'-- Up-to-date symlink: /home/avcpp/AV-CPP2025/Vehicle/install/vehicle_core/include/PurePursuit.hpp\n'}
[25.025847] (vehicle_core) StdoutLine: {'line': b'-- Up-to-date symlink: /home/avcpp/AV-CPP2025/Vehicle/install/vehicle_core/include/UART/GtU7Gps.hpp\n'}
[25.025922] (vehicle_core) StdoutLine: {'line': b'-- Up-to-date symlink: /home/avcpp/AV-CPP2025/Vehicle/install/vehicle_core/include/vehicle_core/autopilot_node.hpp\n'}
[25.025997] (vehicle_core) StdoutLine: {'line': b'-- Up-to-date symlink: /home/avcpp/AV-CPP2025/Vehicle/install/vehicle_core/include/vehicle_core/drive_arbiter_node.hpp\n'}
[25.026070] (vehicle_core) StdoutLine: {'line': b'-- Up-to-date symlink: /home/avcpp/AV-CPP2025/Vehicle/install/vehicle_core/include/vehicle_core/gst_camera_node.hpp\n'}
[25.026147] (vehicle_core) StdoutLine: {'line': b'-- Up-to-date symlink: /home/avcpp/AV-CPP2025/Vehicle/install/vehicle_core/include/vehicle_core/gt_u7_gps_node.hpp\n'}
[25.026220] (vehicle_core) StdoutLine: {'line': b'-- Up-to-date symlink: /home/avcpp/AV-CPP2025/Vehicle/install/vehicle_core/include/vehicle_core/heading_calibrator_node.hpp\n'}
[25.026294] (vehicle_core) StdoutLine: {'line': b'-- Up-to-date symlink: /home/avcpp/AV-CPP2025/Vehicle/install/vehicle_core/include/vehicle_core/i2c_bridge_node.hpp\n'}
[25.026379] (vehicle_core) StdoutLine: {'line': b'-- Up-to-date symlink: /home/avcpp/AV-CPP2025/Vehicle/install/vehicle_core/include/vehicle_core/state_manager.hpp\n'}
[25.026453] (vehicle_core) StdoutLine: {'line': b'-- Up-to-date symlink: /home/avcpp/AV-CPP2025/Vehicle/install/vehicle_core/include/vehicle_core/tcp_server_node.hpp\n'}
[25.026529] (vehicle_core) StdoutLine: {'line': b'-- Up-to-date symlink: /home/avcpp/AV-CPP2025/Vehicle/install/vehicle_core/share/vehicle_core/data/Vehicle_Path.kml\n'}
[25.026601] (vehicle_core) StdoutLine: {'line': b'-- Up-to-date symlink: /home/avcpp/AV-CPP2025/Vehicle/install/vehicle_core/lib/libstate_manager_node_component.so\n'}
[25.026674] (vehicle_core) StdoutLine: {'line': b'-- Up-to-date symlink: /home/avcpp/AV-CPP2025/Vehicle/install/vehicle_core/lib/libheading_calibrator_node_component.so\n'}
[25.026750] (vehicle_core) StdoutLine: {'line': b'-- Up-to-date symlink: /home/avcpp/AV-CPP2025/Vehicle/install/vehicle_core/lib/libdrive_arbiter_node_component.so\n'}
[25.026824] (vehicle_core) StdoutLine: {'line': b'-- Up-to-date symlink: /home/avcpp/AV-CPP2025/Vehicle/install/vehicle_core/lib/libgt_u7_gps_node_component.so\n'}
[25.026898] (vehicle_core) StdoutLine: {'line': b'-- Up-to-date symlink: /home/avcpp/AV-CPP2025/Vehicle/install/vehicle_core/lib/libtcp_server_node_component.so\n'}
[25.026983] (vehicle_core) StdoutLine: {'line': b'-- Up-to-date symlink: /home/avcpp/AV-CPP2025/Vehicle/install/vehicle_core/lib/libi2c_bridge_node.so\n'}
[25.027067] (vehicle_core) StdoutLine: {'line': b'-- Up-to-date symlink: /home/avcpp/AV-CPP2025/Vehicle/install/vehicle_core/lib/libautopilot_node_component.so\n'}
[25.027143] (vehicle_core) StdoutLine: {'line': b'-- Up-to-date symlink: /home/avcpp/AV-CPP2025/Vehicle/install/vehicle_core/lib/libgst_camera_component.so\n'}
[25.027215] (vehicle_core) StdoutLine: {'line': b'-- Up-to-date symlink: /home/avcpp/AV-CPP2025/Vehicle/install/vehicle_core/lib/vehicle_core/vehicle_core_container\n'}
[25.027288] (vehicle_core) StdoutLine: {'line': b'-- Up-to-date symlink: /home/avcpp/AV-CPP2025/Vehicle/install/vehicle_core/share/vehicle_core/cfg/autopilot.yaml\n'}
[25.027364] (vehicle_core) StdoutLine: {'line': b'-- Up-to-date symlink: /home/avcpp/AV-CPP2025/Vehicle/install/vehicle_core/share/vehicle_core/cfg/camera_gscam.yaml\n'}
[25.027437] (vehicle_core) StdoutLine: {'line': b'-- Up-to-date symlink: /home/avcpp/AV-CPP2025/Vehicle/install/vehicle_core/share/vehicle_core/cfg/drive_arbiter.yaml\n'}
[25.027511] (vehicle_core) StdoutLine: {'line': b'-- Up-to-date symlink: /home/avcpp/AV-CPP2025/Vehicle/install/vehicle_core/share/vehicle_core/cfg/ekf.yaml\n'}
[25.027586] (vehicle_core) StdoutLine: {'line': b'-- Up-to-date symlink: /home/avcpp/AV-CPP2025/Vehicle/install/vehicle_core/share/vehicle_core/cfg/gt_u7_gps.yaml\n'}
[25.027660] (vehicle_core) StdoutLine: {'line': b'-- Up-to-date symlink: /home/avcpp/AV-CPP2025/Vehicle/install/vehicle_core/share/vehicle_core/cfg/heading_calib.yaml\n'}
[25.027735] (vehicle_core) StdoutLine: {'line': b'-- Up-to-date symlink: /home/avcpp/AV-CPP2025/Vehicle/install/vehicle_core/share/vehicle_core/cfg/i2c_bridge.yaml\n'}
[25.027807] (vehicle_core) StdoutLine: {'line': b'-- Up-to-date symlink: /home/avcpp/AV-CPP2025/Vehicle/install/vehicle_core/share/vehicle_core/cfg/navsat.yaml\n'}
[25.027879] (vehicle_core) StdoutLine: {'line': b'-- Up-to-date symlink: /home/avcpp/AV-CPP2025/Vehicle/install/vehicle_core/share/vehicle_core/cfg/state_manager.yaml\n'}
[25.027968] (vehicle_core) StdoutLine: {'line': b'-- Up-to-date symlink: /home/avcpp/AV-CPP2025/Vehicle/install/vehicle_core/share/vehicle_core/launch/bringup.launch.py\n'}
[25.028047] (vehicle_core) StdoutLine: {'line': b'-- Up-to-date symlink: /home/avcpp/AV-CPP2025/Vehicle/install/vehicle_core/share/ament_index/resource_index/package_run_dependencies/vehicle_core\n'}
[25.028125] (vehicle_core) StdoutLine: {'line': b'-- Up-to-date symlink: /home/avcpp/AV-CPP2025/Vehicle/install/vehicle_core/share/ament_index/resource_index/parent_prefix_path/vehicle_core\n'}
[25.028204] (vehicle_core) StdoutLine: {'line': b'-- Up-to-date symlink: /home/avcpp/AV-CPP2025/Vehicle/install/vehicle_core/share/vehicle_core/environment/ament_prefix_path.sh\n'}
[25.028280] (vehicle_core) StdoutLine: {'line': b'-- Up-to-date symlink: /home/avcpp/AV-CPP2025/Vehicle/install/vehicle_core/share/vehicle_core/environment/ament_prefix_path.dsv\n'}
[25.028356] (vehicle_core) StdoutLine: {'line': b'-- Up-to-date symlink: /home/avcpp/AV-CPP2025/Vehicle/install/vehicle_core/share/vehicle_core/environment/path.sh\n'}
[25.028427] (vehicle_core) StdoutLine: {'line': b'-- Up-to-date symlink: /home/avcpp/AV-CPP2025/Vehicle/install/vehicle_core/share/vehicle_core/environment/path.dsv\n'}
[25.028500] (vehicle_core) StdoutLine: {'line': b'-- Up-to-date symlink: /home/avcpp/AV-CPP2025/Vehicle/install/vehicle_core/share/vehicle_core/local_setup.bash\n'}
[25.028577] (vehicle_core) StdoutLine: {'line': b'-- Up-to-date symlink: /home/avcpp/AV-CPP2025/Vehicle/install/vehicle_core/share/vehicle_core/local_setup.sh\n'}
[25.028649] (vehicle_core) StdoutLine: {'line': b'-- Up-to-date symlink: /home/avcpp/AV-CPP2025/Vehicle/install/vehicle_core/share/vehicle_core/local_setup.zsh\n'}
[25.028724] (vehicle_core) StdoutLine: {'line': b'-- Up-to-date symlink: /home/avcpp/AV-CPP2025/Vehicle/install/vehicle_core/share/vehicle_core/local_setup.dsv\n'}
[25.028813] (vehicle_core) StdoutLine: {'line': b'-- Symlinking: /home/avcpp/AV-CPP2025/Vehicle/install/vehicle_core/share/vehicle_core/package.dsv\n'}
[25.028888] (vehicle_core) StdoutLine: {'line': b'-- Up-to-date symlink: /home/avcpp/AV-CPP2025/Vehicle/install/vehicle_core/share/ament_index/resource_index/packages/vehicle_core\n'}
[25.028966] (vehicle_core) StdoutLine: {'line': b'-- Up-to-date symlink: /home/avcpp/AV-CPP2025/Vehicle/install/vehicle_core/share/ament_index/resource_index/rclcpp_components/vehicle_core\n'}
[25.029039] (vehicle_core) StdoutLine: {'line': b'-- Up-to-date symlink: /home/avcpp/AV-CPP2025/Vehicle/install/vehicle_core/share/vehicle_core/cmake/rosidl_cmake-extras.cmake\n'}
[25.029115] (vehicle_core) StdoutLine: {'line': b'-- Up-to-date symlink: /home/avcpp/AV-CPP2025/Vehicle/install/vehicle_core/share/vehicle_core/cmake/ament_cmake_export_dependencies-extras.cmake\n'}
[25.029193] (vehicle_core) StdoutLine: {'line': b'-- Up-to-date symlink: /home/avcpp/AV-CPP2025/Vehicle/install/vehicle_core/share/vehicle_core/cmake/ament_cmake_export_include_directories-extras.cmake\n'}
[25.029270] (vehicle_core) StdoutLine: {'line': b'-- Up-to-date symlink: /home/avcpp/AV-CPP2025/Vehicle/install/vehicle_core/share/vehicle_core/cmake/ament_cmake_export_libraries-extras.cmake\n'}
[25.029346] (vehicle_core) StdoutLine: {'line': b'-- Up-to-date symlink: /home/avcpp/AV-CPP2025/Vehicle/install/vehicle_core/share/vehicle_core/cmake/ament_cmake_export_targets-extras.cmake\n'}
[25.029422] (vehicle_core) StdoutLine: {'line': b'-- Up-to-date symlink: /home/avcpp/AV-CPP2025/Vehicle/install/vehicle_core/share/vehicle_core/cmake/rosidl_cmake_export_typesupport_targets-extras.cmake\n'}
[25.029495] (vehicle_core) StdoutLine: {'line': b'-- Up-to-date symlink: /home/avcpp/AV-CPP2025/Vehicle/install/vehicle_core/share/vehicle_core/cmake/rosidl_cmake_export_typesupport_libraries-extras.cmake\n'}
[25.029572] (vehicle_core) StdoutLine: {'line': b'-- Up-to-date symlink: /home/avcpp/AV-CPP2025/Vehicle/install/vehicle_core/share/vehicle_core/cmake/vehicle_coreConfig.cmake\n'}
[25.029657] (vehicle_core) StdoutLine: {'line': b'-- Up-to-date symlink: /home/avcpp/AV-CPP2025/Vehicle/install/vehicle_core/share/vehicle_core/cmake/vehicle_coreConfig-version.cmake\n'}
[25.029732] (vehicle_core) StdoutLine: {'line': b'-- Up-to-date symlink: /home/avcpp/AV-CPP2025/Vehicle/install/vehicle_core/share/vehicle_core/package.xml\n'}
[25.029810] (vehicle_core) StdoutLine: {'line': b'-- Up-to-date: /home/avcpp/AV-CPP2025/Vehicle/install/vehicle_core/lib/libvehicle_core__rosidl_generator_c.so\n'}
[25.029884] (vehicle_core) StdoutLine: {'line': b'-- Up-to-date: /home/avcpp/AV-CPP2025/Vehicle/install/vehicle_core/lib/libvehicle_core__rosidl_typesupport_fastrtps_c.so\n'}
[25.029958] (vehicle_core) StdoutLine: {'line': b'-- Up-to-date: /home/avcpp/AV-CPP2025/Vehicle/install/vehicle_core/lib/libvehicle_core__rosidl_typesupport_fastrtps_cpp.so\n'}
[25.030035] (vehicle_core) StdoutLine: {'line': b'-- Up-to-date: /home/avcpp/AV-CPP2025/Vehicle/install/vehicle_core/lib/libvehicle_core__rosidl_typesupport_introspection_c.so\n'}
[25.030108] (vehicle_core) StdoutLine: {'line': b'-- Up-to-date: /home/avcpp/AV-CPP2025/Vehicle/install/vehicle_core/lib/libvehicle_core__rosidl_typesupport_c.so\n'}
[25.030183] (vehicle_core) StdoutLine: {'line': b'-- Up-to-date: /home/avcpp/AV-CPP2025/Vehicle/install/vehicle_core/lib/libvehicle_core__rosidl_typesupport_introspection_cpp.so\n'}
[25.030254] (vehicle_core) StdoutLine: {'line': b'-- Up-to-date: /home/avcpp/AV-CPP2025/Vehicle/install/vehicle_core/lib/libvehicle_core__rosidl_typesupport_cpp.so\n'}
[25.038055] (vehicle_core) StdoutLine: {'line': b"Listing '/home/avcpp/AV-CPP2025/Vehicle/install/vehicle_core/local/lib/python3.10/dist-packages/vehicle_core'...\n"}
[25.039146] (vehicle_core) StdoutLine: {'line': b"Listing '/home/avcpp/AV-CPP2025/Vehicle/install/vehicle_core/local/lib/python3.10/dist-packages/vehicle_core/msg'...\n"}
[25.039920] (vehicle_core) StdoutLine: {'line': b"Listing '/home/avcpp/AV-CPP2025/Vehicle/install/vehicle_core/local/lib/python3.10/dist-packages/vehicle_core/srv'...\n"}
[25.051862] (vehicle_core) StdoutLine: {'line': b'-- Up-to-date: /home/avcpp/AV-CPP2025/Vehicle/install/vehicle_core/lib/libvehicle_core__rosidl_generator_py.so\n'}
[25.053053] (vehicle_core) StdoutLine: {'line': b'-- Up-to-date: /home/avcpp/AV-CPP2025/Vehicle/install/vehicle_core/share/vehicle_core/cmake/export_vehicle_core__rosidl_generator_cExport.cmake\n'}
[25.053939] (vehicle_core) StdoutLine: {'line': b'-- Up-to-date: /home/avcpp/AV-CPP2025/Vehicle/install/vehicle_core/share/vehicle_core/cmake/export_vehicle_core__rosidl_generator_cExport-noconfig.cmake\n'}
[25.054428] (vehicle_core) StdoutLine: {'line': b'-- Up-to-date: /home/avcpp/AV-CPP2025/Vehicle/install/vehicle_core/share/vehicle_core/cmake/export_vehicle_core__rosidl_typesupport_fastrtps_cExport.cmake\n'}
[25.054910] (vehicle_core) StdoutLine: {'line': b'-- Up-to-date: /home/avcpp/AV-CPP2025/Vehicle/install/vehicle_core/share/vehicle_core/cmake/export_vehicle_core__rosidl_typesupport_fastrtps_cExport-noconfig.cmake\n'}
[25.055323] (vehicle_core) StdoutLine: {'line': b'-- Up-to-date: /home/avcpp/AV-CPP2025/Vehicle/install/vehicle_core/share/vehicle_core/cmake/export_vehicle_core__rosidl_generator_cppExport.cmake\n'}
[25.055581] (vehicle_core) StdoutLine: {'line': b'-- Up-to-date: /home/avcpp/AV-CPP2025/Vehicle/install/vehicle_core/share/vehicle_core/cmake/export_vehicle_core__rosidl_typesupport_fastrtps_cppExport.cmake\n'}
[25.055683] (vehicle_core) StdoutLine: {'line': b'-- Up-to-date: /home/avcpp/AV-CPP2025/Vehicle/install/vehicle_core/share/vehicle_core/cmake/export_vehicle_core__rosidl_typesupport_fastrtps_cppExport-noconfig.cmake\n'}
[25.055770] (vehicle_core) StdoutLine: {'line': b'-- Up-to-date: /home/avcpp/AV-CPP2025/Vehicle/install/vehicle_core/share/vehicle_core/cmake/vehicle_core__rosidl_typesupport_introspection_cExport.cmake\n'}
[25.055849] (vehicle_core) StdoutLine: {'line': b'-- Up-to-date: /home/avcpp/AV-CPP2025/Vehicle/install/vehicle_core/share/vehicle_core/cmake/vehicle_core__rosidl_typesupport_introspection_cExport-noconfig.cmake\n'}
[25.055924] (vehicle_core) StdoutLine: {'line': b'-- Up-to-date: /home/avcpp/AV-CPP2025/Vehicle/install/vehicle_core/share/vehicle_core/cmake/vehicle_core__rosidl_typesupport_cExport.cmake\n'}
[25.056001] (vehicle_core) StdoutLine: {'line': b'-- Up-to-date: /home/avcpp/AV-CPP2025/Vehicle/install/vehicle_core/share/vehicle_core/cmake/vehicle_core__rosidl_typesupport_cExport-noconfig.cmake\n'}
[25.056075] (vehicle_core) StdoutLine: {'line': b'-- Up-to-date: /home/avcpp/AV-CPP2025/Vehicle/install/vehicle_core/share/vehicle_core/cmake/vehicle_core__rosidl_typesupport_introspection_cppExport.cmake\n'}
[25.056149] (vehicle_core) StdoutLine: {'line': b'-- Up-to-date: /home/avcpp/AV-CPP2025/Vehicle/install/vehicle_core/share/vehicle_core/cmake/vehicle_core__rosidl_typesupport_introspection_cppExport-noconfig.cmake\n'}
[25.056223] (vehicle_core) StdoutLine: {'line': b'-- Up-to-date: /home/avcpp/AV-CPP2025/Vehicle/install/vehicle_core/share/vehicle_core/cmake/vehicle_core__rosidl_typesupport_cppExport.cmake\n'}
[25.056299] (vehicle_core) StdoutLine: {'line': b'-- Up-to-date: /home/avcpp/AV-CPP2025/Vehicle/install/vehicle_core/share/vehicle_core/cmake/vehicle_core__rosidl_typesupport_cppExport-noconfig.cmake\n'}
[25.056509] (vehicle_core) StdoutLine: {'line': b'-- Up-to-date: /home/avcpp/AV-CPP2025/Vehicle/install/vehicle_core/share/vehicle_core/cmake/export_vehicle_core__rosidl_generator_pyExport.cmake\n'}
[25.056736] (vehicle_core) StdoutLine: {'line': b'-- Up-to-date: /home/avcpp/AV-CPP2025/Vehicle/install/vehicle_core/share/vehicle_core/cmake/export_vehicle_core__rosidl_generator_pyExport-noconfig.cmake\n'}
[25.058945] (vehicle_core) CommandEnded: {'returncode': 0}
[25.104143] (-) TimerEvent: {}
[25.140594] (vehicle_core) JobEnded: {'identifier': 'vehicle_core', 'rc': 0}
[25.141969] (-) EventReactorShutdown: {}
