[0.000000] (-) TimerEvent: {}
[0.001221] (vehicle_core) JobQueued: {'identifier': 'vehicle_core', 'dependencies': OrderedDict()}
[0.001554] (vehicle_core) JobStarted: {'identifier': 'vehicle_core'}
[0.015625] (vehicle_core) JobProgress: {'identifier': 'vehicle_core', 'progress': 'cmake'}
[0.017152] (vehicle_core) JobProgress: {'identifier': 'vehicle_core', 'progress': 'build'}
[0.018876] (vehicle_core) Command: {'cmd': ['/usr/bin/cmake', '--build', '/home/avcpp/AV-CPP2025/Vehicle/build/vehicle_core', '--', '-j8', '-l8'], 'cwd': '/home/avcpp/AV-CPP2025/Vehicle/build/vehicle_core', 'env': OrderedDict([('PYTHON_BASIC_REPL', '1'), ('LESSOPEN', '| /usr/bin/lesspipe %s'), ('UMS_MOUNTPOINT', '/mnt/ums'), ('GST_V4L2_PREFERRED_FOURCC', 'NV12:YU12:NV16:YUY2'), ('LANGUAGE', 'en_US.UTF-8'), ('USER', 'avcpp'), ('SSH_CLIENT', '192.168.8.103 17862 22'), ('XDG_SESSION_TYPE', 'tty'), ('GIT_ASKPASS', '/home/avcpp/.vscode-server/cli/servers/Stable-1e3c50d64110be466c0b4a45222e81d2c9352888/server/extensions/git/dist/askpass.sh'), ('SHLVL', '1'), ('USB_FUNCS', 'adb'), ('LD_LIBRARY_PATH', '/home/avcpp/AV-CPP2025/Vehicle/install/vehicle_core/lib:/opt/ros/humble/opt/rviz_ogre_vendor/lib:/opt/ros/humble/lib/aarch64-linux-gnu:/opt/ros/humble/lib'), ('BROWSER', '/home/avcpp/.vscode-server/cli/servers/Stable-1e3c50d64110be466c0b4a45222e81d2c9352888/server/bin/helpers/browser.sh'), ('MOTD_SHOWN', 'pam'), ('HOME', '/home/avcpp'), ('OLDPWD', '/home/avcpp/AV-CPP2025'), ('TERM_PROGRAM_VERSION', '1.106.2'), ('VSCODE_IPC_HOOK_CLI', '/run/user/1001/vscode-ipc-3b66f37e-ce1b-40e0-9895-db66ca486818.sock'), ('GST_INSPECT_NO_COLORS', '1'), ('GST_MPP_NO_RGA', '1'), ('ROS_PYTHON_VERSION', '3'), ('COGL_DRIVER', 'gles2'), ('VSCODE_GIT_ASKPASS_MAIN', '/home/avcpp/.vscode-server/cli/servers/Stable-1e3c50d64110be466c0b4a45222e81d2c9352888/server/extensions/git/dist/askpass-main.js'), ('VSCODE_GIT_ASKPASS_NODE', '/home/avcpp/.vscode-server/cli/servers/Stable-1e3c50d64110be466c0b4a45222e81d2c9352888/server/node'), ('SSL_CERT_FILE', '/usr/lib/ssl/certs/ca-certificates.crt'), ('PYDEVD_DISABLE_FILE_VALIDATION', '1'), ('BUNDLED_DEBUGPY_PATH', '/home/avcpp/.vscode-server/extensions/ms-python.debugpy-2025.16.0/bundled/libs/debugpy'), ('VSCODE_PYTHON_AUTOACTIVATE_GUARD', '1'), ('DBUS_SESSION_BUS_ADDRESS', 'unix:path=/run/user/1001/bus'), ('COLORTERM', 'truecolor'), ('COLCON_PREFIX_PATH', '/home/avcpp/AV-CPP2025/Vehicle/install'), ('GST_V4L2SRC_MAX_RESOLUTION', '3840x2160'), ('ROS_DISTRO', 'humble'), ('LOGNAME', 'avcpp'), ('_', '/usr/bin/colcon'), ('ROS_VERSION', '2'), ('XDG_SESSION_CLASS', 'user'), ('TERM', 'xterm-256color'), ('GST_GL_API', 'gles2'), ('XDG_SESSION_ID', '6'), ('GST_VIDEO_CONVERT_PREFERRED_FORMAT', 'NV12:NV16:I420:YUY2'), ('GST_V4L2SRC_RK_DEVICES', '_mainpath:_selfpath:_bypass:_scale'), ('ROS_LOCALHOST_ONLY', '0'), ('PATH', '/home/avcpp/.vscode-server/data/User/globalStorage/github.copilot-chat/copilotCli:/home/avcpp/.vscode-server/data/User/globalStorage/github.copilot-chat/debugCommand:/home/avcpp/.vscode-server/cli/servers/Stable-1e3c50d64110be466c0b4a45222e81d2c9352888/server/bin/remote-cli:/home/avcpp/.local/bin:/opt/ros/humble/bin:/usr/local/sbin:/usr/local/bin:/usr/sbin:/usr/bin:/sbin:/bin:/usr/games:/usr/local/games:/snap/bin:/home/avcpp/.vscode-server/extensions/ms-python.debugpy-2025.16.0/bundled/scripts/noConfigScripts'), ('XDG_RUNTIME_DIR', '/run/user/1001'), ('GST_GL_PLATFORM', 'egl'), ('GST_DEBUG_NO_COLOR', '1'), ('SSL_CERT_DIR', '/usr/lib/ssl/certs'), ('GST_V4L2SRC_DEFAULT_DEVICE', '/dev/video-camera0'), ('DISPLAY', ':0'), ('VSCODE_DEBUGPY_ADAPTER_ENDPOINTS', '/home/avcpp/.vscode-server/extensions/ms-python.debugpy-2025.16.0/.noConfigDebugAdapterEndpoints/endpoint-ef25f7e9429dbf34.txt'), ('LANG', 'en_US.UTF-8'), ('PYTHONSTARTUP', '/home/avcpp/.vscode-server/data/User/workspaceStorage/da628a90441345ac74af00bc07084975/ms-python.python/pythonrc.py'), ('LS_COLORS', 'rs=0:di=01;34:ln=01;36:mh=00:pi=40;33:so=01;35:do=01;35:bd=40;33;01:cd=40;33;01:or=40;31;01:mi=00:su=37;41:sg=30;43:ca=30;41:tw=30;42:ow=34;42:st=37;44:ex=01;32:*.tar=01;31:*.tgz=01;31:*.arc=01;31:*.arj=01;31:*.taz=01;31:*.lha=01;31:*.lz4=01;31:*.lzh=01;31:*.lzma=01;31:*.tlz=01;31:*.txz=01;31:*.tzo=01;31:*.t7z=01;31:*.zip=01;31:*.z=01;31:*.dz=01;31:*.gz=01;31:*.lrz=01;31:*.lz=01;31:*.lzo=01;31:*.xz=01;31:*.zst=01;31:*.tzst=01;31:*.bz2=01;31:*.bz=01;31:*.tbz=01;31:*.tbz2=01;31:*.tz=01;31:*.deb=01;31:*.rpm=01;31:*.jar=01;31:*.war=01;31:*.ear=01;31:*.sar=01;31:*.rar=01;31:*.alz=01;31:*.ace=01;31:*.zoo=01;31:*.cpio=01;31:*.7z=01;31:*.rz=01;31:*.cab=01;31:*.wim=01;31:*.swm=01;31:*.dwm=01;31:*.esd=01;31:*.jpg=01;35:*.jpeg=01;35:*.mjpg=01;35:*.mjpeg=01;35:*.gif=01;35:*.bmp=01;35:*.pbm=01;35:*.pgm=01;35:*.ppm=01;35:*.tga=01;35:*.xbm=01;35:*.xpm=01;35:*.tif=01;35:*.tiff=01;35:*.png=01;35:*.svg=01;35:*.svgz=01;35:*.mng=01;35:*.pcx=01;35:*.mov=01;35:*.mpg=01;35:*.mpeg=01;35:*.m2v=01;35:*.mkv=01;35:*.webm=01;35:*.webp=01;35:*.ogm=01;35:*.mp4=01;35:*.m4v=01;35:*.mp4v=01;35:*.vob=01;35:*.qt=01;35:*.nuv=01;35:*.wmv=01;35:*.asf=01;35:*.rm=01;35:*.rmvb=01;35:*.flc=01;35:*.avi=01;35:*.fli=01;35:*.flv=01;35:*.gl=01;35:*.dl=01;35:*.xcf=01;35:*.xwd=01;35:*.yuv=01;35:*.cgm=01;35:*.emf=01;35:*.ogv=01;35:*.ogx=01;35:*.aac=00;36:*.au=00;36:*.flac=00;36:*.m4a=00;36:*.mid=00;36:*.midi=00;36:*.mka=00;36:*.mp3=00;36:*.mpc=00;36:*.ogg=00;36:*.ra=00;36:*.wav=00;36:*.oga=00;36:*.opus=00;36:*.spx=00;36:*.xspf=00;36:'), ('VSCODE_GIT_IPC_HANDLE', '/run/user/1001/vscode-git-c9ee365bab.sock'), ('TERM_PROGRAM', 'vscode'), ('GST_V4L2_USE_LIBV4L2', '1'), ('UMS_SIZE', '256M'), ('AMENT_PREFIX_PATH', '/home/avcpp/AV-CPP2025/Vehicle/install/vehicle_core:/opt/ros/humble'), ('LC_MESSAGES', 'en_US.UTF-8'), ('SHELL', '/bin/bash'), ('UMS_RO', '0'), ('LESSCLOSE', '/usr/bin/lesspipe %s %s'), ('UMS_FSTYPE', 'vfat'), ('VSCODE_GIT_ASKPASS_EXTRA_ARGS', ''), ('PWD', '/home/avcpp/AV-CPP2025/Vehicle/build/vehicle_core'), ('LC_ALL', 'en_US.UTF-8'), ('SSH_CONNECTION', '192.168.8.103 17862 192.168.8.176 22'), ('PYTHONPATH', '/home/avcpp/AV-CPP2025/Vehicle/install/vehicle_core/local/lib/python3.10/dist-packages:/opt/ros/humble/lib/python3.10/site-packages:/opt/ros/humble/local/lib/python3.10/dist-packages'), ('UMS_MOUNT', '0'), ('COLCON', '1'), ('CMAKE_PREFIX_PATH', '/home/avcpp/AV-CPP2025/Vehicle/install/vehicle_core:/opt/ros/humble'), ('UMS_FILE', '/userdata/ums_shared.img')]), 'shell': False}
[0.099648] (-) TimerEvent: {}
[0.201059] (-) TimerEvent: {}
[0.268744] (vehicle_core) StdoutLine: {'line': b'[  1%] Built target vehicle_core__cpp\n'}
[0.278008] (vehicle_core) StdoutLine: {'line': b'[  2%] Built target vehicle_core_container\n'}
[0.300485] (vehicle_core) StdoutLine: {'line': b'[  2%] Built target ament_cmake_python_symlink_vehicle_core\n'}
[0.302312] (-) TimerEvent: {}
[0.302882] (vehicle_core) StdoutLine: {'line': b'[ 13%] Built target vehicle_core__rosidl_generator_c\n'}
[0.344777] (vehicle_core) StdoutLine: {'line': b'[ 24%] Built target vehicle_core__rosidl_typesupport_cpp\n'}
[0.346573] (vehicle_core) StdoutLine: {'line': b'[ 35%] Built target vehicle_core__rosidl_typesupport_fastrtps_cpp\n'}
[0.364972] (vehicle_core) StdoutLine: {'line': b'[ 46%] Built target vehicle_core__rosidl_typesupport_c\n'}
[0.392040] (vehicle_core) StdoutLine: {'line': b'[ 57%] Built target vehicle_core__rosidl_typesupport_introspection_cpp\n'}
[0.400958] (vehicle_core) StdoutLine: {'line': b'[ 68%] Built target vehicle_core__rosidl_typesupport_fastrtps_c\n'}
[0.402454] (-) TimerEvent: {}
[0.410672] (vehicle_core) StdoutLine: {'line': b'[ 79%] Built target vehicle_core__rosidl_typesupport_introspection_c\n'}
[0.453354] (vehicle_core) StdoutLine: {'line': b'[ 79%] Built target vehicle_core\n'}
[0.502693] (-) TimerEvent: {}
[0.516371] (vehicle_core) StdoutLine: {'line': b'[ 82%] Built target drive_arbiter_node_component\n'}
[0.518311] (vehicle_core) StdoutLine: {'line': b'[ 82%] Built target tcp_server_node_component\n'}
[0.518867] (vehicle_core) StdoutLine: {'line': b'[ 82%] Built target gt_u7_gps_node_component\n'}
[0.539866] (vehicle_core) StdoutLine: {'line': b'[ 82%] Built target vehicle_core__py\n'}
[0.543867] (vehicle_core) StdoutLine: {'line': b'\x1b[35m\x1b[1mConsolidate compiler generated dependencies of target autopilot_node_component\x1b[0m\n'}
[0.547725] (vehicle_core) StdoutLine: {'line': b'[ 82%] Built target i2c_bridge_node\n'}
[0.557769] (vehicle_core) StdoutLine: {'line': b'[ 83%] Built target state_manager_node_component\n'}
[0.566546] (vehicle_core) StdoutLine: {'line': b'[ 84%] Built target gst_camera_component\n'}
[0.568158] (vehicle_core) StdoutLine: {'line': b'[ 85%] Built target heading_calibrator_node_component\n'}
[0.568887] (vehicle_core) StdoutLine: {'line': b'[ 85%] \x1b[32mBuilding CXX object CMakeFiles/autopilot_node_component.dir/src/autopilot_node.cpp.o\x1b[0m\n'}
[0.583703] (vehicle_core) StdoutLine: {'line': b'[ 85%] \x1b[32mBuilding CXX object CMakeFiles/autopilot_node_component.dir/src/KmlPathLoader.cpp.o\x1b[0m\n'}
[0.602791] (-) TimerEvent: {}
[0.625131] (vehicle_core) StdoutLine: {'line': b'[ 96%] Built target vehicle_core__rosidl_generator_py\n'}
[0.652422] (vehicle_core) StdoutLine: {'line': b'running egg_info\n'}
[0.672073] (vehicle_core) StdoutLine: {'line': b'writing vehicle_core.egg-info/PKG-INFO\n'}
[0.674875] (vehicle_core) StdoutLine: {'line': b'writing dependency_links to vehicle_core.egg-info/dependency_links.txt\n'}
[0.675537] (vehicle_core) StdoutLine: {'line': b'writing top-level names to vehicle_core.egg-info/top_level.txt\n'}
[0.681694] (vehicle_core) StdoutLine: {'line': b'[ 97%] Built target vehicle_core__rosidl_typesupport_c__pyext\n'}
[0.697859] (vehicle_core) StdoutLine: {'line': b'[ 98%] Built target vehicle_core__rosidl_typesupport_introspection_c__pyext\n'}
[0.698852] (vehicle_core) StdoutLine: {'line': b'[ 99%] Built target vehicle_core__rosidl_typesupport_fastrtps_c__pyext\n'}
[0.702937] (-) TimerEvent: {}
[0.732951] (vehicle_core) StdoutLine: {'line': b"reading manifest file 'vehicle_core.egg-info/SOURCES.txt'\n"}
[0.735839] (vehicle_core) StdoutLine: {'line': b"writing manifest file 'vehicle_core.egg-info/SOURCES.txt'\n"}
[0.803446] (-) TimerEvent: {}
[0.880108] (vehicle_core) StdoutLine: {'line': b'[ 99%] Built target ament_cmake_python_build_vehicle_core_egg\n'}
[0.903880] (-) TimerEvent: {}
[1.005335] (-) TimerEvent: {}
[1.055874] (vehicle_core) StderrLine: {'line': b'In file included from \x1b[01m\x1b[K/home/avcpp/AV-CPP2025/Vehicle/src/vehicle_core/include/KmlPathLoader.hpp:6\x1b[m\x1b[K,\n'}
[1.057053] (vehicle_core) StderrLine: {'line': b'                 from \x1b[01m\x1b[K/home/avcpp/AV-CPP2025/Vehicle/src/vehicle_core/src/KmlPathLoader.cpp:1\x1b[m\x1b[K:\n'}
[1.057615] (vehicle_core) StderrLine: {'line': b'\x1b[01m\x1b[K/home/avcpp/AV-CPP2025/Vehicle/src/vehicle_core/include/PurePursuit.hpp:\x1b[m\x1b[K In member function \xe2\x80\x98\x1b[01m\x1b[KCommand PurePursuit::update(const Pose2D&, double)\x1b[m\x1b[K\xe2\x80\x99:\n'}
[1.058048] (vehicle_core) StderrLine: {'line': b'\x1b[01m\x1b[K/home/avcpp/AV-CPP2025/Vehicle/src/vehicle_core/include/PurePursuit.hpp:25:28:\x1b[m\x1b[K \x1b[01;31m\x1b[Kerror: \x1b[m\x1b[K\xe2\x80\x98\x1b[01m\x1b[Kclamp\x1b[m\x1b[K\xe2\x80\x99 is not a member of \xe2\x80\x98\x1b[01m\x1b[Kstd\x1b[m\x1b[K\xe2\x80\x99\n'}
[1.058441] (vehicle_core) StderrLine: {'line': b'   25 |     const double Ld = std::\x1b[01;31m\x1b[Kclamp\x1b[m\x1b[K(Ld_min_ + k_ * speed, Ld_min_, Ld_max_);\n'}
[1.058817] (vehicle_core) StderrLine: {'line': b'      |                            \x1b[01;31m\x1b[K^~~~~\x1b[m\x1b[K\n'}
[1.105806] (-) TimerEvent: {}
[1.207352] (-) TimerEvent: {}
[1.308929] (-) TimerEvent: {}
[1.410556] (-) TimerEvent: {}
[1.512257] (-) TimerEvent: {}
[1.570072] (vehicle_core) StderrLine: {'line': b'gmake[2]: *** [CMakeFiles/autopilot_node_component.dir/build.make:90: CMakeFiles/autopilot_node_component.dir/src/KmlPathLoader.cpp.o] Error 1\n'}
[1.571219] (vehicle_core) StderrLine: {'line': b'gmake[2]: *** Waiting for unfinished jobs....\n'}
[1.612627] (-) TimerEvent: {}
[1.713983] (-) TimerEvent: {}
[1.815456] (-) TimerEvent: {}
[1.916902] (-) TimerEvent: {}
[2.018302] (-) TimerEvent: {}
[2.119720] (-) TimerEvent: {}
[2.221125] (-) TimerEvent: {}
[2.322580] (-) TimerEvent: {}
[2.423899] (-) TimerEvent: {}
[2.525562] (-) TimerEvent: {}
[2.626980] (-) TimerEvent: {}
[2.728416] (-) TimerEvent: {}
[2.829835] (-) TimerEvent: {}
[2.931271] (-) TimerEvent: {}
[3.032645] (-) TimerEvent: {}
[3.134035] (-) TimerEvent: {}
[3.235485] (-) TimerEvent: {}
[3.336933] (-) TimerEvent: {}
[3.438423] (-) TimerEvent: {}
[3.539827] (-) TimerEvent: {}
[3.641193] (-) TimerEvent: {}
[3.742590] (-) TimerEvent: {}
[3.843994] (-) TimerEvent: {}
[3.945446] (-) TimerEvent: {}
[4.046875] (-) TimerEvent: {}
[4.148297] (-) TimerEvent: {}
[4.249652] (-) TimerEvent: {}
[4.351049] (-) TimerEvent: {}
[4.452444] (-) TimerEvent: {}
[4.553939] (-) TimerEvent: {}
[4.655374] (-) TimerEvent: {}
[4.756787] (-) TimerEvent: {}
[4.858297] (-) TimerEvent: {}
[4.959690] (-) TimerEvent: {}
[5.061146] (-) TimerEvent: {}
[5.162664] (-) TimerEvent: {}
[5.168521] (vehicle_core) StderrLine: {'line': b'In file included from \x1b[01m\x1b[K/home/avcpp/AV-CPP2025/Vehicle/src/vehicle_core/src/autopilot_node.cpp:1\x1b[m\x1b[K:\n'}
[5.169513] (vehicle_core) StderrLine: {'line': b'\x1b[01m\x1b[K/home/avcpp/AV-CPP2025/Vehicle/src/vehicle_core/include/vehicle_core/autopilot_node.hpp:29:38:\x1b[m\x1b[K \x1b[01;31m\x1b[Kerror: \x1b[m\x1b[K\xe2\x80\x98\x1b[01m\x1b[KTrigger\x1b[m\x1b[K\xe2\x80\x99 is not a member of \xe2\x80\x98\x1b[01m\x1b[Kvehicle_core::srv\x1b[m\x1b[K\xe2\x80\x99; did you mean \xe2\x80\x98\x1b[01m\x1b[Kstd_srvs::srv::Trigger\x1b[m\x1b[K\xe2\x80\x99?\n'}
[5.170162] (vehicle_core) StderrLine: {'line': b'   29 |   rclcpp::Service<vehicle_core::srv::\x1b[01;31m\x1b[KTrigger\x1b[m\x1b[K>::SharedPtr srv_start_;\n'}
[5.170687] (vehicle_core) StderrLine: {'line': b'      |                                      \x1b[01;31m\x1b[K^~~~~~~\x1b[m\x1b[K\n'}
[5.171220] (vehicle_core) StderrLine: {'line': b'In file included from \x1b[01m\x1b[K/opt/ros/humble/include/std_srvs/std_srvs/srv/trigger.hpp:7\x1b[m\x1b[K,\n'}
[5.171739] (vehicle_core) StderrLine: {'line': b'                 from \x1b[01m\x1b[K/home/avcpp/AV-CPP2025/Vehicle/src/vehicle_core/include/vehicle_core/autopilot_node.hpp:5\x1b[m\x1b[K,\n'}
[5.172383] (vehicle_core) StderrLine: {'line': b'                 from \x1b[01m\x1b[K/home/avcpp/AV-CPP2025/Vehicle/src/vehicle_core/src/autopilot_node.cpp:1\x1b[m\x1b[K:\n'}
[5.172791] (vehicle_core) StderrLine: {'line': b'\x1b[01m\x1b[K/opt/ros/humble/include/std_srvs/std_srvs/srv/detail/trigger__struct.hpp:258:8:\x1b[m\x1b[K \x1b[01;36m\x1b[Knote: \x1b[m\x1b[K\xe2\x80\x98\x1b[01m\x1b[Kstd_srvs::srv::Trigger\x1b[m\x1b[K\xe2\x80\x99 declared here\n'}
[5.173170] (vehicle_core) StderrLine: {'line': b'  258 | struct \x1b[01;36m\x1b[KTrigger\x1b[m\x1b[K\n'}
[5.173529] (vehicle_core) StderrLine: {'line': b'      |        \x1b[01;36m\x1b[K^~~~~~~\x1b[m\x1b[K\n'}
[5.173890] (vehicle_core) StderrLine: {'line': b'In file included from \x1b[01m\x1b[K/home/avcpp/AV-CPP2025/Vehicle/src/vehicle_core/src/autopilot_node.cpp:1\x1b[m\x1b[K:\n'}
[5.174510] (vehicle_core) StderrLine: {'line': b'\x1b[01m\x1b[K/home/avcpp/AV-CPP2025/Vehicle/src/vehicle_core/include/vehicle_core/autopilot_node.hpp:29:45:\x1b[m\x1b[K \x1b[01;31m\x1b[Kerror: \x1b[m\x1b[Ktemplate argument 1 is invalid\n'}
[5.174947] (vehicle_core) StderrLine: {'line': b'   29 |   rclcpp::Service<vehicle_core::srv::Trigger\x1b[01;31m\x1b[K>\x1b[m\x1b[K::SharedPtr srv_start_;\n'}
[5.175309] (vehicle_core) StderrLine: {'line': b'      |                                             \x1b[01;31m\x1b[K^\x1b[m\x1b[K\n'}
[5.175674] (vehicle_core) StderrLine: {'line': b'\x1b[01m\x1b[K/home/avcpp/AV-CPP2025/Vehicle/src/vehicle_core/include/vehicle_core/autopilot_node.hpp:29:48:\x1b[m\x1b[K \x1b[01;31m\x1b[Kerror: \x1b[m\x1b[Kexpected \xe2\x80\x98\x1b[01m\x1b[K;\x1b[m\x1b[K\xe2\x80\x99 at end of member declaration\n'}
[5.176043] (vehicle_core) StderrLine: {'line': b'   29 |   rclcpp::Service<vehicle_core::srv::Trigger>::\x1b[01;31m\x1b[KSharedPtr\x1b[m\x1b[K srv_start_;\n'}
[5.176402] (vehicle_core) StderrLine: {'line': b'      |                                                \x1b[01;31m\x1b[K^~~~~~~~~\x1b[m\x1b[K\n'}
[5.176766] (vehicle_core) StderrLine: {'line': b'      |                                                         \x1b[32m\x1b[K;\x1b[m\x1b[K\n'}
[5.177155] (vehicle_core) StderrLine: {'line': b'\x1b[01m\x1b[K/home/avcpp/AV-CPP2025/Vehicle/src/vehicle_core/include/vehicle_core/autopilot_node.hpp:29:58:\x1b[m\x1b[K \x1b[01;31m\x1b[Kerror: \x1b[m\x1b[K\xe2\x80\x98\x1b[01m\x1b[Ksrv_start_\x1b[m\x1b[K\xe2\x80\x99 does not name a type; did you mean \xe2\x80\x98\x1b[01m\x1b[Kva_start\x1b[m\x1b[K\xe2\x80\x99?\n'}
[5.177550] (vehicle_core) StderrLine: {'line': b'   29 |   rclcpp::Service<vehicle_core::srv::Trigger>::SharedPtr \x1b[01;31m\x1b[Ksrv_start_\x1b[m\x1b[K;\n'}
[5.177917] (vehicle_core) StderrLine: {'line': b'      |                                                          \x1b[01;31m\x1b[K^~~~~~~~~~\x1b[m\x1b[K\n'}
[5.178277] (vehicle_core) StderrLine: {'line': b'      |                                                          \x1b[32m\x1b[Kva_start\x1b[m\x1b[K\n'}
[5.178637] (vehicle_core) StderrLine: {'line': b'\x1b[01m\x1b[K/home/avcpp/AV-CPP2025/Vehicle/src/vehicle_core/include/vehicle_core/autopilot_node.hpp:30:38:\x1b[m\x1b[K \x1b[01;31m\x1b[Kerror: \x1b[m\x1b[K\xe2\x80\x98\x1b[01m\x1b[KTrigger\x1b[m\x1b[K\xe2\x80\x99 is not a member of \xe2\x80\x98\x1b[01m\x1b[Kvehicle_core::srv\x1b[m\x1b[K\xe2\x80\x99; did you mean \xe2\x80\x98\x1b[01m\x1b[Kstd_srvs::srv::Trigger\x1b[m\x1b[K\xe2\x80\x99?\n'}
[5.179015] (vehicle_core) StderrLine: {'line': b'   30 |   rclcpp::Service<vehicle_core::srv::\x1b[01;31m\x1b[KTrigger\x1b[m\x1b[K>::SharedPtr srv_cancel_;\n'}
[5.179415] (vehicle_core) StderrLine: {'line': b'      |                                      \x1b[01;31m\x1b[K^~~~~~~\x1b[m\x1b[K\n'}
[5.179776] (vehicle_core) StderrLine: {'line': b'In file included from \x1b[01m\x1b[K/opt/ros/humble/include/std_srvs/std_srvs/srv/trigger.hpp:7\x1b[m\x1b[K,\n'}
[5.180138] (vehicle_core) StderrLine: {'line': b'                 from \x1b[01m\x1b[K/home/avcpp/AV-CPP2025/Vehicle/src/vehicle_core/include/vehicle_core/autopilot_node.hpp:5\x1b[m\x1b[K,\n'}
[5.180540] (vehicle_core) StderrLine: {'line': b'                 from \x1b[01m\x1b[K/home/avcpp/AV-CPP2025/Vehicle/src/vehicle_core/src/autopilot_node.cpp:1\x1b[m\x1b[K:\n'}
[5.180927] (vehicle_core) StderrLine: {'line': b'\x1b[01m\x1b[K/opt/ros/humble/include/std_srvs/std_srvs/srv/detail/trigger__struct.hpp:258:8:\x1b[m\x1b[K \x1b[01;36m\x1b[Knote: \x1b[m\x1b[K\xe2\x80\x98\x1b[01m\x1b[Kstd_srvs::srv::Trigger\x1b[m\x1b[K\xe2\x80\x99 declared here\n'}
[5.181298] (vehicle_core) StderrLine: {'line': b'  258 | struct \x1b[01;36m\x1b[KTrigger\x1b[m\x1b[K\n'}
[5.181659] (vehicle_core) StderrLine: {'line': b'      |        \x1b[01;36m\x1b[K^~~~~~~\x1b[m\x1b[K\n'}
[5.182015] (vehicle_core) StderrLine: {'line': b'In file included from \x1b[01m\x1b[K/home/avcpp/AV-CPP2025/Vehicle/src/vehicle_core/src/autopilot_node.cpp:1\x1b[m\x1b[K:\n'}
[5.182373] (vehicle_core) StderrLine: {'line': b'\x1b[01m\x1b[K/home/avcpp/AV-CPP2025/Vehicle/src/vehicle_core/include/vehicle_core/autopilot_node.hpp:30:45:\x1b[m\x1b[K \x1b[01;31m\x1b[Kerror: \x1b[m\x1b[Ktemplate argument 1 is invalid\n'}
[5.182741] (vehicle_core) StderrLine: {'line': b'   30 |   rclcpp::Service<vehicle_core::srv::Trigger\x1b[01;31m\x1b[K>\x1b[m\x1b[K::SharedPtr srv_cancel_;\n'}
[5.183109] (vehicle_core) StderrLine: {'line': b'      |                                             \x1b[01;31m\x1b[K^\x1b[m\x1b[K\n'}
[5.183467] (vehicle_core) StderrLine: {'line': b'\x1b[01m\x1b[K/home/avcpp/AV-CPP2025/Vehicle/src/vehicle_core/include/vehicle_core/autopilot_node.hpp:30:48:\x1b[m\x1b[K \x1b[01;31m\x1b[Kerror: \x1b[m\x1b[Kexpected \xe2\x80\x98\x1b[01m\x1b[K;\x1b[m\x1b[K\xe2\x80\x99 at end of member declaration\n'}
[5.183831] (vehicle_core) StderrLine: {'line': b'   30 |   rclcpp::Service<vehicle_core::srv::Trigger>::\x1b[01;31m\x1b[KSharedPtr\x1b[m\x1b[K srv_cancel_;\n'}
[5.184207] (vehicle_core) StderrLine: {'line': b'      |                                                \x1b[01;31m\x1b[K^~~~~~~~~\x1b[m\x1b[K\n'}
[5.184572] (vehicle_core) StderrLine: {'line': b'      |                                                         \x1b[32m\x1b[K;\x1b[m\x1b[K\n'}
[5.184972] (vehicle_core) StderrLine: {'line': b'\x1b[01m\x1b[K/home/avcpp/AV-CPP2025/Vehicle/src/vehicle_core/include/vehicle_core/autopilot_node.hpp:30:48:\x1b[m\x1b[K \x1b[01;31m\x1b[Kerror: \x1b[m\x1b[Kredeclaration of \xe2\x80\x98\x1b[01m\x1b[Kint vehicle_core::AutopilotNode::SharedPtr\x1b[m\x1b[K\xe2\x80\x99\n'}
[5.185336] (vehicle_core) StderrLine: {'line': b'\x1b[01m\x1b[K/home/avcpp/AV-CPP2025/Vehicle/src/vehicle_core/include/vehicle_core/autopilot_node.hpp:29:48:\x1b[m\x1b[K \x1b[01;36m\x1b[Knote: \x1b[m\x1b[Kprevious declaration \xe2\x80\x98\x1b[01m\x1b[Kint vehicle_core::AutopilotNode::SharedPtr\x1b[m\x1b[K\xe2\x80\x99\n'}
[5.185699] (vehicle_core) StderrLine: {'line': b'   29 |   rclcpp::Service<vehicle_core::srv::Trigger>::\x1b[01;36m\x1b[KSharedPtr\x1b[m\x1b[K srv_start_;\n'}
[5.186057] (vehicle_core) StderrLine: {'line': b'      |                                                \x1b[01;36m\x1b[K^~~~~~~~~\x1b[m\x1b[K\n'}
[5.186424] (vehicle_core) StderrLine: {'line': b'\x1b[01m\x1b[K/home/avcpp/AV-CPP2025/Vehicle/src/vehicle_core/include/vehicle_core/autopilot_node.hpp:30:58:\x1b[m\x1b[K \x1b[01;31m\x1b[Kerror: \x1b[m\x1b[K\xe2\x80\x98\x1b[01m\x1b[Ksrv_cancel_\x1b[m\x1b[K\xe2\x80\x99 does not name a type\n'}
[5.186786] (vehicle_core) StderrLine: {'line': b'   30 |   rclcpp::Service<vehicle_core::srv::Trigger>::SharedPtr \x1b[01;31m\x1b[Ksrv_cancel_\x1b[m\x1b[K;\n'}
[5.187144] (vehicle_core) StderrLine: {'line': b'      |                                                          \x1b[01;31m\x1b[K^~~~~~~~~~~\x1b[m\x1b[K\n'}
[5.263019] (-) TimerEvent: {}
[5.364411] (-) TimerEvent: {}
[5.391313] (vehicle_core) StderrLine: {'line': b'\x1b[01m\x1b[K/home/avcpp/AV-CPP2025/Vehicle/src/vehicle_core/include/vehicle_core/autopilot_node.hpp:35:37:\x1b[m\x1b[K \x1b[01;31m\x1b[Kerror: \x1b[m\x1b[K\xe2\x80\x98\x1b[01m\x1b[KTrigger\x1b[m\x1b[K\xe2\x80\x99 is not a member of \xe2\x80\x98\x1b[01m\x1b[Kvehicle_core::srv\x1b[m\x1b[K\xe2\x80\x99; did you mean \xe2\x80\x98\x1b[01m\x1b[Kstd_srvs::srv::Trigger\x1b[m\x1b[K\xe2\x80\x99?\n'}
[5.392269] (vehicle_core) StderrLine: {'line': b'   35 |   rclcpp::Client<vehicle_core::srv::\x1b[01;31m\x1b[KTrigger\x1b[m\x1b[K>::SharedPtr cli_notify_ready_;\n'}
[5.392666] (vehicle_core) StderrLine: {'line': b'      |                                     \x1b[01;31m\x1b[K^~~~~~~\x1b[m\x1b[K\n'}
[5.393032] (vehicle_core) StderrLine: {'line': b'In file included from \x1b[01m\x1b[K/opt/ros/humble/include/std_srvs/std_srvs/srv/trigger.hpp:7\x1b[m\x1b[K,\n'}
[5.393396] (vehicle_core) StderrLine: {'line': b'                 from \x1b[01m\x1b[K/home/avcpp/AV-CPP2025/Vehicle/src/vehicle_core/include/vehicle_core/autopilot_node.hpp:5\x1b[m\x1b[K,\n'}
[5.393759] (vehicle_core) StderrLine: {'line': b'                 from \x1b[01m\x1b[K/home/avcpp/AV-CPP2025/Vehicle/src/vehicle_core/src/autopilot_node.cpp:1\x1b[m\x1b[K:\n'}
[5.394134] (vehicle_core) StderrLine: {'line': b'\x1b[01m\x1b[K/opt/ros/humble/include/std_srvs/std_srvs/srv/detail/trigger__struct.hpp:258:8:\x1b[m\x1b[K \x1b[01;36m\x1b[Knote: \x1b[m\x1b[K\xe2\x80\x98\x1b[01m\x1b[Kstd_srvs::srv::Trigger\x1b[m\x1b[K\xe2\x80\x99 declared here\n'}
[5.394512] (vehicle_core) StderrLine: {'line': b'  258 | struct \x1b[01;36m\x1b[KTrigger\x1b[m\x1b[K\n'}
[5.394871] (vehicle_core) StderrLine: {'line': b'      |        \x1b[01;36m\x1b[K^~~~~~~\x1b[m\x1b[K\n'}
[5.395237] (vehicle_core) StderrLine: {'line': b'In file included from \x1b[01m\x1b[K/home/avcpp/AV-CPP2025/Vehicle/src/vehicle_core/src/autopilot_node.cpp:1\x1b[m\x1b[K:\n'}
[5.395603] (vehicle_core) StderrLine: {'line': b'\x1b[01m\x1b[K/home/avcpp/AV-CPP2025/Vehicle/src/vehicle_core/include/vehicle_core/autopilot_node.hpp:35:44:\x1b[m\x1b[K \x1b[01;31m\x1b[Kerror: \x1b[m\x1b[Ktemplate argument 1 is invalid\n'}
[5.395976] (vehicle_core) StderrLine: {'line': b'   35 |   rclcpp::Client<vehicle_core::srv::Trigger\x1b[01;31m\x1b[K>\x1b[m\x1b[K::SharedPtr cli_notify_ready_;\n'}
[5.396338] (vehicle_core) StderrLine: {'line': b'      |                                            \x1b[01;31m\x1b[K^\x1b[m\x1b[K\n'}
[5.396751] (vehicle_core) StderrLine: {'line': b'\x1b[01m\x1b[K/home/avcpp/AV-CPP2025/Vehicle/src/vehicle_core/include/vehicle_core/autopilot_node.hpp:35:47:\x1b[m\x1b[K \x1b[01;31m\x1b[Kerror: \x1b[m\x1b[Kexpected \xe2\x80\x98\x1b[01m\x1b[K;\x1b[m\x1b[K\xe2\x80\x99 at end of member declaration\n'}
[5.397123] (vehicle_core) StderrLine: {'line': b'   35 |   rclcpp::Client<vehicle_core::srv::Trigger>::\x1b[01;31m\x1b[KSharedPtr\x1b[m\x1b[K cli_notify_ready_;\n'}
[5.397511] (vehicle_core) StderrLine: {'line': b'      |                                               \x1b[01;31m\x1b[K^~~~~~~~~\x1b[m\x1b[K\n'}
[5.397928] (vehicle_core) StderrLine: {'line': b'      |                                                        \x1b[32m\x1b[K;\x1b[m\x1b[K\n'}
[5.398622] (vehicle_core) StderrLine: {'line': b'\x1b[01m\x1b[K/home/avcpp/AV-CPP2025/Vehicle/src/vehicle_core/include/vehicle_core/autopilot_node.hpp:35:47:\x1b[m\x1b[K \x1b[01;31m\x1b[Kerror: \x1b[m\x1b[Kredeclaration of \xe2\x80\x98\x1b[01m\x1b[Kint vehicle_core::AutopilotNode::SharedPtr\x1b[m\x1b[K\xe2\x80\x99\n'}
[5.399017] (vehicle_core) StderrLine: {'line': b'\x1b[01m\x1b[K/home/avcpp/AV-CPP2025/Vehicle/src/vehicle_core/include/vehicle_core/autopilot_node.hpp:29:48:\x1b[m\x1b[K \x1b[01;36m\x1b[Knote: \x1b[m\x1b[Kprevious declaration \xe2\x80\x98\x1b[01m\x1b[Kint vehicle_core::AutopilotNode::SharedPtr\x1b[m\x1b[K\xe2\x80\x99\n'}
[5.399391] (vehicle_core) StderrLine: {'line': b'   29 |   rclcpp::Service<vehicle_core::srv::Trigger>::\x1b[01;36m\x1b[KSharedPtr\x1b[m\x1b[K srv_start_;\n'}
[5.399756] (vehicle_core) StderrLine: {'line': b'      |                                                \x1b[01;36m\x1b[K^~~~~~~~~\x1b[m\x1b[K\n'}
[5.400120] (vehicle_core) StderrLine: {'line': b'\x1b[01m\x1b[K/home/avcpp/AV-CPP2025/Vehicle/src/vehicle_core/include/vehicle_core/autopilot_node.hpp:35:57:\x1b[m\x1b[K \x1b[01;31m\x1b[Kerror: \x1b[m\x1b[K\xe2\x80\x98\x1b[01m\x1b[Kcli_notify_ready_\x1b[m\x1b[K\xe2\x80\x99 does not name a type\n'}
[5.400490] (vehicle_core) StderrLine: {'line': b'   35 |   rclcpp::Client<vehicle_core::srv::Trigger>::SharedPtr \x1b[01;31m\x1b[Kcli_notify_ready_\x1b[m\x1b[K;\n'}
[5.401156] (vehicle_core) StderrLine: {'line': b'      |                                                         \x1b[01;31m\x1b[K^~~~~~~~~~~~~~~~~\x1b[m\x1b[K\n'}
[5.401266] (vehicle_core) StderrLine: {'line': b'\x1b[01m\x1b[K/home/avcpp/AV-CPP2025/Vehicle/src/vehicle_core/include/vehicle_core/autopilot_node.hpp:42:46:\x1b[m\x1b[K \x1b[01;31m\x1b[Kerror: \x1b[m\x1b[K\xe2\x80\x98\x1b[01m\x1b[KTrigger\x1b[m\x1b[K\xe2\x80\x99 is not a member of \xe2\x80\x98\x1b[01m\x1b[Kvehicle_core::srv\x1b[m\x1b[K\xe2\x80\x99; did you mean \xe2\x80\x98\x1b[01m\x1b[Kstd_srvs::srv::Trigger\x1b[m\x1b[K\xe2\x80\x99?\n'}
[5.401361] (vehicle_core) StderrLine: {'line': b'   42 |     const std::shared_ptr<vehicle_core::srv::\x1b[01;31m\x1b[KTrigger\x1b[m\x1b[K::Request> req,\n'}
[5.401443] (vehicle_core) StderrLine: {'line': b'      |                                              \x1b[01;31m\x1b[K^~~~~~~\x1b[m\x1b[K\n'}
[5.401524] (vehicle_core) StderrLine: {'line': b'In file included from \x1b[01m\x1b[K/opt/ros/humble/include/std_srvs/std_srvs/srv/trigger.hpp:7\x1b[m\x1b[K,\n'}
[5.401601] (vehicle_core) StderrLine: {'line': b'                 from \x1b[01m\x1b[K/home/avcpp/AV-CPP2025/Vehicle/src/vehicle_core/include/vehicle_core/autopilot_node.hpp:5\x1b[m\x1b[K,\n'}
[5.401679] (vehicle_core) StderrLine: {'line': b'                 from \x1b[01m\x1b[K/home/avcpp/AV-CPP2025/Vehicle/src/vehicle_core/src/autopilot_node.cpp:1\x1b[m\x1b[K:\n'}
[5.401756] (vehicle_core) StderrLine: {'line': b'\x1b[01m\x1b[K/opt/ros/humble/include/std_srvs/std_srvs/srv/detail/trigger__struct.hpp:258:8:\x1b[m\x1b[K \x1b[01;36m\x1b[Knote: \x1b[m\x1b[K\xe2\x80\x98\x1b[01m\x1b[Kstd_srvs::srv::Trigger\x1b[m\x1b[K\xe2\x80\x99 declared here\n'}
[5.401834] (vehicle_core) StderrLine: {'line': b'  258 | struct \x1b[01;36m\x1b[KTrigger\x1b[m\x1b[K\n'}
[5.401909] (vehicle_core) StderrLine: {'line': b'      |        \x1b[01;36m\x1b[K^~~~~~~\x1b[m\x1b[K\n'}
[5.402002] (vehicle_core) StderrLine: {'line': b'In file included from \x1b[01m\x1b[K/home/avcpp/AV-CPP2025/Vehicle/src/vehicle_core/src/autopilot_node.cpp:1\x1b[m\x1b[K:\n'}
[5.402083] (vehicle_core) StderrLine: {'line': b'\x1b[01m\x1b[K/home/avcpp/AV-CPP2025/Vehicle/src/vehicle_core/include/vehicle_core/autopilot_node.hpp:42:62:\x1b[m\x1b[K \x1b[01;31m\x1b[Kerror: \x1b[m\x1b[Ktemplate argument 1 is invalid\n'}
[5.402161] (vehicle_core) StderrLine: {'line': b'   42 |     const std::shared_ptr<vehicle_core::srv::Trigger::Request\x1b[01;31m\x1b[K>\x1b[m\x1b[K req,\n'}
[5.402239] (vehicle_core) StderrLine: {'line': b'      |                                                              \x1b[01;31m\x1b[K^\x1b[m\x1b[K\n'}
[5.403388] (vehicle_core) StderrLine: {'line': b'\x1b[01m\x1b[K/home/avcpp/AV-CPP2025/Vehicle/src/vehicle_core/include/vehicle_core/autopilot_node.hpp:42:46:\x1b[m\x1b[K \x1b[01;31m\x1b[Kerror: \x1b[m\x1b[K\xe2\x80\x98\x1b[01m\x1b[KTrigger\x1b[m\x1b[K\xe2\x80\x99 is not a member of \xe2\x80\x98\x1b[01m\x1b[Kvehicle_core::srv\x1b[m\x1b[K\xe2\x80\x99; did you mean \xe2\x80\x98\x1b[01m\x1b[Kstd_srvs::srv::Trigger\x1b[m\x1b[K\xe2\x80\x99?\n'}
[5.403494] (vehicle_core) StderrLine: {'line': b'   42 |     const std::shared_ptr<vehicle_core::srv::\x1b[01;31m\x1b[KTrigger\x1b[m\x1b[K::Request> req,\n'}
[5.403571] (vehicle_core) StderrLine: {'line': b'      |                                              \x1b[01;31m\x1b[K^~~~~~~\x1b[m\x1b[K\n'}
[5.403648] (vehicle_core) StderrLine: {'line': b'In file included from \x1b[01m\x1b[K/opt/ros/humble/include/std_srvs/std_srvs/srv/trigger.hpp:7\x1b[m\x1b[K,\n'}
[5.403720] (vehicle_core) StderrLine: {'line': b'                 from \x1b[01m\x1b[K/home/avcpp/AV-CPP2025/Vehicle/src/vehicle_core/include/vehicle_core/autopilot_node.hpp:5\x1b[m\x1b[K,\n'}
[5.403794] (vehicle_core) StderrLine: {'line': b'                 from \x1b[01m\x1b[K/home/avcpp/AV-CPP2025/Vehicle/src/vehicle_core/src/autopilot_node.cpp:1\x1b[m\x1b[K:\n'}
[5.403866] (vehicle_core) StderrLine: {'line': b'\x1b[01m\x1b[K/opt/ros/humble/include/std_srvs/std_srvs/srv/detail/trigger__struct.hpp:258:8:\x1b[m\x1b[K \x1b[01;36m\x1b[Knote: \x1b[m\x1b[K\xe2\x80\x98\x1b[01m\x1b[Kstd_srvs::srv::Trigger\x1b[m\x1b[K\xe2\x80\x99 declared here\n'}
[5.403944] (vehicle_core) StderrLine: {'line': b'  258 | struct \x1b[01;36m\x1b[KTrigger\x1b[m\x1b[K\n'}
[5.404016] (vehicle_core) StderrLine: {'line': b'      |        \x1b[01;36m\x1b[K^~~~~~~\x1b[m\x1b[K\n'}
[5.404107] (vehicle_core) StderrLine: {'line': b'In file included from \x1b[01m\x1b[K/home/avcpp/AV-CPP2025/Vehicle/src/vehicle_core/src/autopilot_node.cpp:1\x1b[m\x1b[K:\n'}
[5.404182] (vehicle_core) StderrLine: {'line': b'\x1b[01m\x1b[K/home/avcpp/AV-CPP2025/Vehicle/src/vehicle_core/include/vehicle_core/autopilot_node.hpp:42:62:\x1b[m\x1b[K \x1b[01;31m\x1b[Kerror: \x1b[m\x1b[Ktemplate argument 1 is invalid\n'}
[5.404255] (vehicle_core) StderrLine: {'line': b'   42 |     const std::shared_ptr<vehicle_core::srv::Trigger::Request\x1b[01;31m\x1b[K>\x1b[m\x1b[K req,\n'}
[5.404327] (vehicle_core) StderrLine: {'line': b'      |                                                              \x1b[01;31m\x1b[K^\x1b[m\x1b[K\n'}
[5.405628] (vehicle_core) StderrLine: {'line': b'\x1b[01m\x1b[K/home/avcpp/AV-CPP2025/Vehicle/src/vehicle_core/include/vehicle_core/autopilot_node.hpp:42:46:\x1b[m\x1b[K \x1b[01;31m\x1b[Kerror: \x1b[m\x1b[K\xe2\x80\x98\x1b[01m\x1b[KTrigger\x1b[m\x1b[K\xe2\x80\x99 is not a member of \xe2\x80\x98\x1b[01m\x1b[Kvehicle_core::srv\x1b[m\x1b[K\xe2\x80\x99; did you mean \xe2\x80\x98\x1b[01m\x1b[Kstd_srvs::srv::Trigger\x1b[m\x1b[K\xe2\x80\x99?\n'}
[5.406145] (vehicle_core) StderrLine: {'line': b'   42 |     const std::shared_ptr<vehicle_core::srv::\x1b[01;31m\x1b[KTrigger\x1b[m\x1b[K::Request> req,\n'}
[5.406508] (vehicle_core) StderrLine: {'line': b'      |                                              \x1b[01;31m\x1b[K^~~~~~~\x1b[m\x1b[K\n'}
[5.406872] (vehicle_core) StderrLine: {'line': b'In file included from \x1b[01m\x1b[K/opt/ros/humble/include/std_srvs/std_srvs/srv/trigger.hpp:7\x1b[m\x1b[K,\n'}
[5.407584] (vehicle_core) StderrLine: {'line': b'                 from \x1b[01m\x1b[K/home/avcpp/AV-CPP2025/Vehicle/src/vehicle_core/include/vehicle_core/autopilot_node.hpp:5\x1b[m\x1b[K,\n'}
[5.407975] (vehicle_core) StderrLine: {'line': b'                 from \x1b[01m\x1b[K/home/avcpp/AV-CPP2025/Vehicle/src/vehicle_core/src/autopilot_node.cpp:1\x1b[m\x1b[K:\n'}
[5.408369] (vehicle_core) StderrLine: {'line': b'\x1b[01m\x1b[K/opt/ros/humble/include/std_srvs/std_srvs/srv/detail/trigger__struct.hpp:258:8:\x1b[m\x1b[K \x1b[01;36m\x1b[Knote: \x1b[m\x1b[K\xe2\x80\x98\x1b[01m\x1b[Kstd_srvs::srv::Trigger\x1b[m\x1b[K\xe2\x80\x99 declared here\n'}
[5.408738] (vehicle_core) StderrLine: {'line': b'  258 | struct \x1b[01;36m\x1b[KTrigger\x1b[m\x1b[K\n'}
[5.409473] (vehicle_core) StderrLine: {'line': b'      |        \x1b[01;36m\x1b[K^~~~~~~\x1b[m\x1b[K\n'}
[5.409854] (vehicle_core) StderrLine: {'line': b'In file included from \x1b[01m\x1b[K/home/avcpp/AV-CPP2025/Vehicle/src/vehicle_core/src/autopilot_node.cpp:1\x1b[m\x1b[K:\n'}
[5.410219] (vehicle_core) StderrLine: {'line': b'\x1b[01m\x1b[K/home/avcpp/AV-CPP2025/Vehicle/src/vehicle_core/include/vehicle_core/autopilot_node.hpp:42:62:\x1b[m\x1b[K \x1b[01;31m\x1b[Kerror: \x1b[m\x1b[Ktemplate argument 1 is invalid\n'}
[5.410587] (vehicle_core) StderrLine: {'line': b'   42 |     const std::shared_ptr<vehicle_core::srv::Trigger::Request\x1b[01;31m\x1b[K>\x1b[m\x1b[K req,\n'}
[5.411535] (vehicle_core) StderrLine: {'line': b'      |                                                              \x1b[01;31m\x1b[K^\x1b[m\x1b[K\n'}
[5.411931] (vehicle_core) StderrLine: {'line': b'\x1b[01m\x1b[K/home/avcpp/AV-CPP2025/Vehicle/src/vehicle_core/include/vehicle_core/autopilot_node.hpp:42:11:\x1b[m\x1b[K \x1b[01;31m\x1b[Kerror: \x1b[m\x1b[Kinvalid template-id\n'}
[5.412300] (vehicle_core) StderrLine: {'line': b'   42 |     const \x1b[01;31m\x1b[Kstd\x1b[m\x1b[K::shared_ptr<vehicle_core::srv::Trigger::Request> req,\n'}
[5.412798] (vehicle_core) StderrLine: {'line': b'      |           \x1b[01;31m\x1b[K^~~\x1b[m\x1b[K\n'}
[5.413180] (vehicle_core) StderrLine: {'line': b'\x1b[01m\x1b[K/home/avcpp/AV-CPP2025/Vehicle/src/vehicle_core/include/vehicle_core/autopilot_node.hpp:42:46:\x1b[m\x1b[K \x1b[01;31m\x1b[Kerror: \x1b[m\x1b[K\xe2\x80\x98\x1b[01m\x1b[Kvehicle_core::srv::Trigger\x1b[m\x1b[K\xe2\x80\x99 has not been declared\n'}
[5.413557] (vehicle_core) StderrLine: {'line': b'   42 |     const std::shared_ptr<vehicle_core::srv::\x1b[01;31m\x1b[KTrigger\x1b[m\x1b[K::Request> req,\n'}
[5.413919] (vehicle_core) StderrLine: {'line': b'      |                                              \x1b[01;31m\x1b[K^~~~~~~\x1b[m\x1b[K\n'}
[5.414318] (vehicle_core) StderrLine: {'line': b'\x1b[01m\x1b[K/home/avcpp/AV-CPP2025/Vehicle/src/vehicle_core/include/vehicle_core/autopilot_node.hpp:42:5:\x1b[m\x1b[K \x1b[01;31m\x1b[Kerror: \x1b[m\x1b[Kclass template placeholder \xe2\x80\x98\x1b[01m\x1b[Kstd::shared_ptr\x1b[m\x1b[K\xe2\x80\x99 not permitted in this context\n'}
[5.414892] (vehicle_core) StderrLine: {'line': b'   42 |     \x1b[01;31m\x1b[Kconst\x1b[m\x1b[K std::shared_ptr<vehicle_core::srv::Trigger::Request> req,\n'}
[5.415267] (vehicle_core) StderrLine: {'line': b'      |     \x1b[01;31m\x1b[K^~~~~\x1b[m\x1b[K\n'}
[5.415628] (vehicle_core) StderrLine: {'line': b'\x1b[01m\x1b[K/home/avcpp/AV-CPP2025/Vehicle/src/vehicle_core/include/vehicle_core/autopilot_node.hpp:43:40:\x1b[m\x1b[K \x1b[01;31m\x1b[Kerror: \x1b[m\x1b[K\xe2\x80\x98\x1b[01m\x1b[KTrigger\x1b[m\x1b[K\xe2\x80\x99 is not a member of \xe2\x80\x98\x1b[01m\x1b[Kvehicle_core::srv\x1b[m\x1b[K\xe2\x80\x99; did you mean \xe2\x80\x98\x1b[01m\x1b[Kstd_srvs::srv::Trigger\x1b[m\x1b[K\xe2\x80\x99?\n'}
[5.416002] (vehicle_core) StderrLine: {'line': b'   43 |     std::shared_ptr<vehicle_core::srv::\x1b[01;31m\x1b[KTrigger\x1b[m\x1b[K::Response> res);\n'}
[5.416548] (vehicle_core) StderrLine: {'line': b'      |                                        \x1b[01;31m\x1b[K^~~~~~~\x1b[m\x1b[K\n'}
[5.416972] (vehicle_core) StderrLine: {'line': b'In file included from \x1b[01m\x1b[K/opt/ros/humble/include/std_srvs/std_srvs/srv/trigger.hpp:7\x1b[m\x1b[K,\n'}
[5.417334] (vehicle_core) StderrLine: {'line': b'                 from \x1b[01m\x1b[K/home/avcpp/AV-CPP2025/Vehicle/src/vehicle_core/include/vehicle_core/autopilot_node.hpp:5\x1b[m\x1b[K,\n'}
[5.417734] (vehicle_core) StderrLine: {'line': b'                 from \x1b[01m\x1b[K/home/avcpp/AV-CPP2025/Vehicle/src/vehicle_core/src/autopilot_node.cpp:1\x1b[m\x1b[K:\n'}
[5.418187] (vehicle_core) StderrLine: {'line': b'\x1b[01m\x1b[K/opt/ros/humble/include/std_srvs/std_srvs/srv/detail/trigger__struct.hpp:258:8:\x1b[m\x1b[K \x1b[01;36m\x1b[Knote: \x1b[m\x1b[K\xe2\x80\x98\x1b[01m\x1b[Kstd_srvs::srv::Trigger\x1b[m\x1b[K\xe2\x80\x99 declared here\n'}
[5.418563] (vehicle_core) StderrLine: {'line': b'  258 | struct \x1b[01;36m\x1b[KTrigger\x1b[m\x1b[K\n'}
[5.418923] (vehicle_core) StderrLine: {'line': b'      |        \x1b[01;36m\x1b[K^~~~~~~\x1b[m\x1b[K\n'}
[5.419283] (vehicle_core) StderrLine: {'line': b'In file included from \x1b[01m\x1b[K/home/avcpp/AV-CPP2025/Vehicle/src/vehicle_core/src/autopilot_node.cpp:1\x1b[m\x1b[K:\n'}
[5.419829] (vehicle_core) StderrLine: {'line': b'\x1b[01m\x1b[K/home/avcpp/AV-CPP2025/Vehicle/src/vehicle_core/include/vehicle_core/autopilot_node.hpp:43:57:\x1b[m\x1b[K \x1b[01;31m\x1b[Kerror: \x1b[m\x1b[Ktemplate argument 1 is invalid\n'}
[5.420208] (vehicle_core) StderrLine: {'line': b'   43 |     std::shared_ptr<vehicle_core::srv::Trigger::Response\x1b[01;31m\x1b[K>\x1b[m\x1b[K res);\n'}
[5.420570] (vehicle_core) StderrLine: {'line': b'      |                                                         \x1b[01;31m\x1b[K^\x1b[m\x1b[K\n'}
[5.420984] (vehicle_core) StderrLine: {'line': b'\x1b[01m\x1b[K/home/avcpp/AV-CPP2025/Vehicle/src/vehicle_core/include/vehicle_core/autopilot_node.hpp:43:40:\x1b[m\x1b[K \x1b[01;31m\x1b[Kerror: \x1b[m\x1b[K\xe2\x80\x98\x1b[01m\x1b[KTrigger\x1b[m\x1b[K\xe2\x80\x99 is not a member of \xe2\x80\x98\x1b[01m\x1b[Kvehicle_core::srv\x1b[m\x1b[K\xe2\x80\x99; did you mean \xe2\x80\x98\x1b[01m\x1b[Kstd_srvs::srv::Trigger\x1b[m\x1b[K\xe2\x80\x99?\n'}
[5.421547] (vehicle_core) StderrLine: {'line': b'   43 |     std::shared_ptr<vehicle_core::srv::\x1b[01;31m\x1b[KTrigger\x1b[m\x1b[K::Response> res);\n'}
[5.421914] (vehicle_core) StderrLine: {'line': b'      |                                        \x1b[01;31m\x1b[K^~~~~~~\x1b[m\x1b[K\n'}
[5.422270] (vehicle_core) StderrLine: {'line': b'In file included from \x1b[01m\x1b[K/opt/ros/humble/include/std_srvs/std_srvs/srv/trigger.hpp:7\x1b[m\x1b[K,\n'}
[5.422629] (vehicle_core) StderrLine: {'line': b'                 from \x1b[01m\x1b[K/home/avcpp/AV-CPP2025/Vehicle/src/vehicle_core/include/vehicle_core/autopilot_node.hpp:5\x1b[m\x1b[K,\n'}
[5.423014] (vehicle_core) StderrLine: {'line': b'                 from \x1b[01m\x1b[K/home/avcpp/AV-CPP2025/Vehicle/src/vehicle_core/src/autopilot_node.cpp:1\x1b[m\x1b[K:\n'}
[5.423378] (vehicle_core) StderrLine: {'line': b'\x1b[01m\x1b[K/opt/ros/humble/include/std_srvs/std_srvs/srv/detail/trigger__struct.hpp:258:8:\x1b[m\x1b[K \x1b[01;36m\x1b[Knote: \x1b[m\x1b[K\xe2\x80\x98\x1b[01m\x1b[Kstd_srvs::srv::Trigger\x1b[m\x1b[K\xe2\x80\x99 declared here\n'}
[5.423741] (vehicle_core) StderrLine: {'line': b'  258 | struct \x1b[01;36m\x1b[KTrigger\x1b[m\x1b[K\n'}
[5.424121] (vehicle_core) StderrLine: {'line': b'      |        \x1b[01;36m\x1b[K^~~~~~~\x1b[m\x1b[K\n'}
[5.424487] (vehicle_core) StderrLine: {'line': b'In file included from \x1b[01m\x1b[K/home/avcpp/AV-CPP2025/Vehicle/src/vehicle_core/src/autopilot_node.cpp:1\x1b[m\x1b[K:\n'}
[5.424852] (vehicle_core) StderrLine: {'line': b'\x1b[01m\x1b[K/home/avcpp/AV-CPP2025/Vehicle/src/vehicle_core/include/vehicle_core/autopilot_node.hpp:43:57:\x1b[m\x1b[K \x1b[01;31m\x1b[Kerror: \x1b[m\x1b[Ktemplate argument 1 is invalid\n'}
[5.425213] (vehicle_core) StderrLine: {'line': b'   43 |     std::shared_ptr<vehicle_core::srv::Trigger::Response\x1b[01;31m\x1b[K>\x1b[m\x1b[K res);\n'}
[5.425571] (vehicle_core) StderrLine: {'line': b'      |                                                         \x1b[01;31m\x1b[K^\x1b[m\x1b[K\n'}
[5.425954] (vehicle_core) StderrLine: {'line': b'\x1b[01m\x1b[K/home/avcpp/AV-CPP2025/Vehicle/src/vehicle_core/include/vehicle_core/autopilot_node.hpp:43:40:\x1b[m\x1b[K \x1b[01;31m\x1b[Kerror: \x1b[m\x1b[K\xe2\x80\x98\x1b[01m\x1b[KTrigger\x1b[m\x1b[K\xe2\x80\x99 is not a member of \xe2\x80\x98\x1b[01m\x1b[Kvehicle_core::srv\x1b[m\x1b[K\xe2\x80\x99; did you mean \xe2\x80\x98\x1b[01m\x1b[Kstd_srvs::srv::Trigger\x1b[m\x1b[K\xe2\x80\x99?\n'}
[5.426329] (vehicle_core) StderrLine: {'line': b'   43 |     std::shared_ptr<vehicle_core::srv::\x1b[01;31m\x1b[KTrigger\x1b[m\x1b[K::Response> res);\n'}
[5.426685] (vehicle_core) StderrLine: {'line': b'      |                                        \x1b[01;31m\x1b[K^~~~~~~\x1b[m\x1b[K\n'}
[5.427041] (vehicle_core) StderrLine: {'line': b'In file included from \x1b[01m\x1b[K/opt/ros/humble/include/std_srvs/std_srvs/srv/trigger.hpp:7\x1b[m\x1b[K,\n'}
[5.427413] (vehicle_core) StderrLine: {'line': b'                 from \x1b[01m\x1b[K/home/avcpp/AV-CPP2025/Vehicle/src/vehicle_core/include/vehicle_core/autopilot_node.hpp:5\x1b[m\x1b[K,\n'}
[5.427790] (vehicle_core) StderrLine: {'line': b'                 from \x1b[01m\x1b[K/home/avcpp/AV-CPP2025/Vehicle/src/vehicle_core/src/autopilot_node.cpp:1\x1b[m\x1b[K:\n'}
[5.428147] (vehicle_core) StderrLine: {'line': b'\x1b[01m\x1b[K/opt/ros/humble/include/std_srvs/std_srvs/srv/detail/trigger__struct.hpp:258:8:\x1b[m\x1b[K \x1b[01;36m\x1b[Knote: \x1b[m\x1b[K\xe2\x80\x98\x1b[01m\x1b[Kstd_srvs::srv::Trigger\x1b[m\x1b[K\xe2\x80\x99 declared here\n'}
[5.428539] (vehicle_core) StderrLine: {'line': b'  258 | struct \x1b[01;36m\x1b[KTrigger\x1b[m\x1b[K\n'}
[5.428895] (vehicle_core) StderrLine: {'line': b'      |        \x1b[01;36m\x1b[K^~~~~~~\x1b[m\x1b[K\n'}
[5.429255] (vehicle_core) StderrLine: {'line': b'In file included from \x1b[01m\x1b[K/home/avcpp/AV-CPP2025/Vehicle/src/vehicle_core/src/autopilot_node.cpp:1\x1b[m\x1b[K:\n'}
[5.429612] (vehicle_core) StderrLine: {'line': b'\x1b[01m\x1b[K/home/avcpp/AV-CPP2025/Vehicle/src/vehicle_core/include/vehicle_core/autopilot_node.hpp:43:57:\x1b[m\x1b[K \x1b[01;31m\x1b[Kerror: \x1b[m\x1b[Ktemplate argument 1 is invalid\n'}
[5.429974] (vehicle_core) StderrLine: {'line': b'   43 |     std::shared_ptr<vehicle_core::srv::Trigger::Response\x1b[01;31m\x1b[K>\x1b[m\x1b[K res);\n'}
[5.430331] (vehicle_core) StderrLine: {'line': b'      |                                                         \x1b[01;31m\x1b[K^\x1b[m\x1b[K\n'}
[5.430693] (vehicle_core) StderrLine: {'line': b'\x1b[01m\x1b[K/home/avcpp/AV-CPP2025/Vehicle/src/vehicle_core/include/vehicle_core/autopilot_node.hpp:43:5:\x1b[m\x1b[K \x1b[01;31m\x1b[Kerror: \x1b[m\x1b[Kinvalid template-id\n'}
[5.431079] (vehicle_core) StderrLine: {'line': b'   43 |     \x1b[01;31m\x1b[Kstd\x1b[m\x1b[K::shared_ptr<vehicle_core::srv::Trigger::Response> res);\n'}
[5.431438] (vehicle_core) StderrLine: {'line': b'      |     \x1b[01;31m\x1b[K^~~\x1b[m\x1b[K\n'}
[5.431792] (vehicle_core) StderrLine: {'line': b'\x1b[01m\x1b[K/home/avcpp/AV-CPP2025/Vehicle/src/vehicle_core/include/vehicle_core/autopilot_node.hpp:43:40:\x1b[m\x1b[K \x1b[01;31m\x1b[Kerror: \x1b[m\x1b[K\xe2\x80\x98\x1b[01m\x1b[Kvehicle_core::srv::Trigger\x1b[m\x1b[K\xe2\x80\x99 has not been declared\n'}
[5.432162] (vehicle_core) StderrLine: {'line': b'   43 |     std::shared_ptr<vehicle_core::srv::\x1b[01;31m\x1b[KTrigger\x1b[m\x1b[K::Response> res);\n'}
[5.432519] (vehicle_core) StderrLine: {'line': b'      |                                        \x1b[01;31m\x1b[K^~~~~~~\x1b[m\x1b[K\n'}
[5.432875] (vehicle_core) StderrLine: {'line': b'\x1b[01m\x1b[K/home/avcpp/AV-CPP2025/Vehicle/src/vehicle_core/include/vehicle_core/autopilot_node.hpp:43:5:\x1b[m\x1b[K \x1b[01;31m\x1b[Kerror: \x1b[m\x1b[Kclass template placeholder \xe2\x80\x98\x1b[01m\x1b[Kstd::shared_ptr\x1b[m\x1b[K\xe2\x80\x99 not permitted in this context\n'}
[5.433236] (vehicle_core) StderrLine: {'line': b'   43 |     \x1b[01;31m\x1b[Kstd\x1b[m\x1b[K::shared_ptr<vehicle_core::srv::Trigger::Response> res);\n'}
[5.433639] (vehicle_core) StderrLine: {'line': b'      |     \x1b[01;31m\x1b[K^~~\x1b[m\x1b[K\n'}
[5.433993] (vehicle_core) StderrLine: {'line': b'\x1b[01m\x1b[K/home/avcpp/AV-CPP2025/Vehicle/src/vehicle_core/include/vehicle_core/autopilot_node.hpp:45:46:\x1b[m\x1b[K \x1b[01;31m\x1b[Kerror: \x1b[m\x1b[K\xe2\x80\x98\x1b[01m\x1b[KTrigger\x1b[m\x1b[K\xe2\x80\x99 is not a member of \xe2\x80\x98\x1b[01m\x1b[Kvehicle_core::srv\x1b[m\x1b[K\xe2\x80\x99; did you mean \xe2\x80\x98\x1b[01m\x1b[Kstd_srvs::srv::Trigger\x1b[m\x1b[K\xe2\x80\x99?\n'}
[5.434390] (vehicle_core) StderrLine: {'line': b'   45 |     const std::shared_ptr<vehicle_core::srv::\x1b[01;31m\x1b[KTrigger\x1b[m\x1b[K::Request> req,\n'}
[5.434775] (vehicle_core) StderrLine: {'line': b'      |                                              \x1b[01;31m\x1b[K^~~~~~~\x1b[m\x1b[K\n'}
[5.435153] (vehicle_core) StderrLine: {'line': b'In file included from \x1b[01m\x1b[K/opt/ros/humble/include/std_srvs/std_srvs/srv/trigger.hpp:7\x1b[m\x1b[K,\n'}
[5.435511] (vehicle_core) StderrLine: {'line': b'                 from \x1b[01m\x1b[K/home/avcpp/AV-CPP2025/Vehicle/src/vehicle_core/include/vehicle_core/autopilot_node.hpp:5\x1b[m\x1b[K,\n'}
[5.435870] (vehicle_core) StderrLine: {'line': b'                 from \x1b[01m\x1b[K/home/avcpp/AV-CPP2025/Vehicle/src/vehicle_core/src/autopilot_node.cpp:1\x1b[m\x1b[K:\n'}
[5.436228] (vehicle_core) StderrLine: {'line': b'\x1b[01m\x1b[K/opt/ros/humble/include/std_srvs/std_srvs/srv/detail/trigger__struct.hpp:258:8:\x1b[m\x1b[K \x1b[01;36m\x1b[Knote: \x1b[m\x1b[K\xe2\x80\x98\x1b[01m\x1b[Kstd_srvs::srv::Trigger\x1b[m\x1b[K\xe2\x80\x99 declared here\n'}
[5.436594] (vehicle_core) StderrLine: {'line': b'  258 | struct \x1b[01;36m\x1b[KTrigger\x1b[m\x1b[K\n'}
[5.436949] (vehicle_core) StderrLine: {'line': b'      |        \x1b[01;36m\x1b[K^~~~~~~\x1b[m\x1b[K\n'}
[5.437304] (vehicle_core) StderrLine: {'line': b'In file included from \x1b[01m\x1b[K/home/avcpp/AV-CPP2025/Vehicle/src/vehicle_core/src/autopilot_node.cpp:1\x1b[m\x1b[K:\n'}
[5.437692] (vehicle_core) StderrLine: {'line': b'\x1b[01m\x1b[K/home/avcpp/AV-CPP2025/Vehicle/src/vehicle_core/include/vehicle_core/autopilot_node.hpp:45:62:\x1b[m\x1b[K \x1b[01;31m\x1b[Kerror: \x1b[m\x1b[Ktemplate argument 1 is invalid\n'}
[5.438057] (vehicle_core) StderrLine: {'line': b'   45 |     const std::shared_ptr<vehicle_core::srv::Trigger::Request\x1b[01;31m\x1b[K>\x1b[m\x1b[K req,\n'}
[5.438414] (vehicle_core) StderrLine: {'line': b'      |                                                              \x1b[01;31m\x1b[K^\x1b[m\x1b[K\n'}
[5.438771] (vehicle_core) StderrLine: {'line': b'\x1b[01m\x1b[K/home/avcpp/AV-CPP2025/Vehicle/src/vehicle_core/include/vehicle_core/autopilot_node.hpp:45:46:\x1b[m\x1b[K \x1b[01;31m\x1b[Kerror: \x1b[m\x1b[K\xe2\x80\x98\x1b[01m\x1b[KTrigger\x1b[m\x1b[K\xe2\x80\x99 is not a member of \xe2\x80\x98\x1b[01m\x1b[Kvehicle_core::srv\x1b[m\x1b[K\xe2\x80\x99; did you mean \xe2\x80\x98\x1b[01m\x1b[Kstd_srvs::srv::Trigger\x1b[m\x1b[K\xe2\x80\x99?\n'}
[5.439141] (vehicle_core) StderrLine: {'line': b'   45 |     const std::shared_ptr<vehicle_core::srv::\x1b[01;31m\x1b[KTrigger\x1b[m\x1b[K::Request> req,\n'}
[5.439499] (vehicle_core) StderrLine: {'line': b'      |                                              \x1b[01;31m\x1b[K^~~~~~~\x1b[m\x1b[K\n'}
[5.439854] (vehicle_core) StderrLine: {'line': b'In file included from \x1b[01m\x1b[K/opt/ros/humble/include/std_srvs/std_srvs/srv/trigger.hpp:7\x1b[m\x1b[K,\n'}
[5.440210] (vehicle_core) StderrLine: {'line': b'                 from \x1b[01m\x1b[K/home/avcpp/AV-CPP2025/Vehicle/src/vehicle_core/include/vehicle_core/autopilot_node.hpp:5\x1b[m\x1b[K,\n'}
[5.440566] (vehicle_core) StderrLine: {'line': b'                 from \x1b[01m\x1b[K/home/avcpp/AV-CPP2025/Vehicle/src/vehicle_core/src/autopilot_node.cpp:1\x1b[m\x1b[K:\n'}
[5.440943] (vehicle_core) StderrLine: {'line': b'\x1b[01m\x1b[K/opt/ros/humble/include/std_srvs/std_srvs/srv/detail/trigger__struct.hpp:258:8:\x1b[m\x1b[K \x1b[01;36m\x1b[Knote: \x1b[m\x1b[K\xe2\x80\x98\x1b[01m\x1b[Kstd_srvs::srv::Trigger\x1b[m\x1b[K\xe2\x80\x99 declared here\n'}
[5.441347] (vehicle_core) StderrLine: {'line': b'  258 | struct \x1b[01;36m\x1b[KTrigger\x1b[m\x1b[K\n'}
[5.441702] (vehicle_core) StderrLine: {'line': b'      |        \x1b[01;36m\x1b[K^~~~~~~\x1b[m\x1b[K\n'}
[5.442087] (vehicle_core) StderrLine: {'line': b'In file included from \x1b[01m\x1b[K/home/avcpp/AV-CPP2025/Vehicle/src/vehicle_core/src/autopilot_node.cpp:1\x1b[m\x1b[K:\n'}
[5.442445] (vehicle_core) StderrLine: {'line': b'\x1b[01m\x1b[K/home/avcpp/AV-CPP2025/Vehicle/src/vehicle_core/include/vehicle_core/autopilot_node.hpp:45:62:\x1b[m\x1b[K \x1b[01;31m\x1b[Kerror: \x1b[m\x1b[Ktemplate argument 1 is invalid\n'}
[5.442805] (vehicle_core) StderrLine: {'line': b'   45 |     const std::shared_ptr<vehicle_core::srv::Trigger::Request\x1b[01;31m\x1b[K>\x1b[m\x1b[K req,\n'}
[5.443161] (vehicle_core) StderrLine: {'line': b'      |                                                              \x1b[01;31m\x1b[K^\x1b[m\x1b[K\n'}
[5.443523] (vehicle_core) StderrLine: {'line': b'\x1b[01m\x1b[K/home/avcpp/AV-CPP2025/Vehicle/src/vehicle_core/include/vehicle_core/autopilot_node.hpp:45:46:\x1b[m\x1b[K \x1b[01;31m\x1b[Kerror: \x1b[m\x1b[K\xe2\x80\x98\x1b[01m\x1b[KTrigger\x1b[m\x1b[K\xe2\x80\x99 is not a member of \xe2\x80\x98\x1b[01m\x1b[Kvehicle_core::srv\x1b[m\x1b[K\xe2\x80\x99; did you mean \xe2\x80\x98\x1b[01m\x1b[Kstd_srvs::srv::Trigger\x1b[m\x1b[K\xe2\x80\x99?\n'}
[5.443904] (vehicle_core) StderrLine: {'line': b'   45 |     const std::shared_ptr<vehicle_core::srv::\x1b[01;31m\x1b[KTrigger\x1b[m\x1b[K::Request> req,\n'}
[5.444526] (vehicle_core) StderrLine: {'line': b'      |                                              \x1b[01;31m\x1b[K^~~~~~~\x1b[m\x1b[K\n'}
[5.445122] (vehicle_core) StderrLine: {'line': b'In file included from \x1b[01m\x1b[K/opt/ros/humble/include/std_srvs/std_srvs/srv/trigger.hpp:7\x1b[m\x1b[K,\n'}
[5.445555] (vehicle_core) StderrLine: {'line': b'                 from \x1b[01m\x1b[K/home/avcpp/AV-CPP2025/Vehicle/src/vehicle_core/include/vehicle_core/autopilot_node.hpp:5\x1b[m\x1b[K,\n'}
[5.445954] (vehicle_core) StderrLine: {'line': b'                 from \x1b[01m\x1b[K/home/avcpp/AV-CPP2025/Vehicle/src/vehicle_core/src/autopilot_node.cpp:1\x1b[m\x1b[K:\n'}
[5.446344] (vehicle_core) StderrLine: {'line': b'\x1b[01m\x1b[K/opt/ros/humble/include/std_srvs/std_srvs/srv/detail/trigger__struct.hpp:258:8:\x1b[m\x1b[K \x1b[01;36m\x1b[Knote: \x1b[m\x1b[K\xe2\x80\x98\x1b[01m\x1b[Kstd_srvs::srv::Trigger\x1b[m\x1b[K\xe2\x80\x99 declared here\n'}
[5.446738] (vehicle_core) StderrLine: {'line': b'  258 | struct \x1b[01;36m\x1b[KTrigger\x1b[m\x1b[K\n'}
[5.447116] (vehicle_core) StderrLine: {'line': b'      |        \x1b[01;36m\x1b[K^~~~~~~\x1b[m\x1b[K\n'}
[5.447530] (vehicle_core) StderrLine: {'line': b'In file included from \x1b[01m\x1b[K/home/avcpp/AV-CPP2025/Vehicle/src/vehicle_core/src/autopilot_node.cpp:1\x1b[m\x1b[K:\n'}
[5.447925] (vehicle_core) StderrLine: {'line': b'\x1b[01m\x1b[K/home/avcpp/AV-CPP2025/Vehicle/src/vehicle_core/include/vehicle_core/autopilot_node.hpp:45:62:\x1b[m\x1b[K \x1b[01;31m\x1b[Kerror: \x1b[m\x1b[Ktemplate argument 1 is invalid\n'}
[5.448350] (vehicle_core) StderrLine: {'line': b'   45 |     const std::shared_ptr<vehicle_core::srv::Trigger::Request\x1b[01;31m\x1b[K>\x1b[m\x1b[K req,\n'}
[5.448736] (vehicle_core) StderrLine: {'line': b'      |                                                              \x1b[01;31m\x1b[K^\x1b[m\x1b[K\n'}
[5.449139] (vehicle_core) StderrLine: {'line': b'\x1b[01m\x1b[K/home/avcpp/AV-CPP2025/Vehicle/src/vehicle_core/include/vehicle_core/autopilot_node.hpp:45:11:\x1b[m\x1b[K \x1b[01;31m\x1b[Kerror: \x1b[m\x1b[Kinvalid template-id\n'}
[5.449532] (vehicle_core) StderrLine: {'line': b'   45 |     const \x1b[01;31m\x1b[Kstd\x1b[m\x1b[K::shared_ptr<vehicle_core::srv::Trigger::Request> req,\n'}
[5.449912] (vehicle_core) StderrLine: {'line': b'      |           \x1b[01;31m\x1b[K^~~\x1b[m\x1b[K\n'}
[5.450285] (vehicle_core) StderrLine: {'line': b'\x1b[01m\x1b[K/home/avcpp/AV-CPP2025/Vehicle/src/vehicle_core/include/vehicle_core/autopilot_node.hpp:45:46:\x1b[m\x1b[K \x1b[01;31m\x1b[Kerror: \x1b[m\x1b[K\xe2\x80\x98\x1b[01m\x1b[Kvehicle_core::srv::Trigger\x1b[m\x1b[K\xe2\x80\x99 has not been declared\n'}
[5.450702] (vehicle_core) StderrLine: {'line': b'   45 |     const std::shared_ptr<vehicle_core::srv::\x1b[01;31m\x1b[KTrigger\x1b[m\x1b[K::Request> req,\n'}
[5.451117] (vehicle_core) StderrLine: {'line': b'      |                                              \x1b[01;31m\x1b[K^~~~~~~\x1b[m\x1b[K\n'}
[5.451498] (vehicle_core) StderrLine: {'line': b'\x1b[01m\x1b[K/home/avcpp/AV-CPP2025/Vehicle/src/vehicle_core/include/vehicle_core/autopilot_node.hpp:45:5:\x1b[m\x1b[K \x1b[01;31m\x1b[Kerror: \x1b[m\x1b[Kclass template placeholder \xe2\x80\x98\x1b[01m\x1b[Kstd::shared_ptr\x1b[m\x1b[K\xe2\x80\x99 not permitted in this context\n'}
[5.451885] (vehicle_core) StderrLine: {'line': b'   45 |     \x1b[01;31m\x1b[Kconst\x1b[m\x1b[K std::shared_ptr<vehicle_core::srv::Trigger::Request> req,\n'}
[5.452261] (vehicle_core) StderrLine: {'line': b'      |     \x1b[01;31m\x1b[K^~~~~\x1b[m\x1b[K\n'}
[5.452641] (vehicle_core) StderrLine: {'line': b'\x1b[01m\x1b[K/home/avcpp/AV-CPP2025/Vehicle/src/vehicle_core/include/vehicle_core/autopilot_node.hpp:46:40:\x1b[m\x1b[K \x1b[01;31m\x1b[Kerror: \x1b[m\x1b[K\xe2\x80\x98\x1b[01m\x1b[KTrigger\x1b[m\x1b[K\xe2\x80\x99 is not a member of \xe2\x80\x98\x1b[01m\x1b[Kvehicle_core::srv\x1b[m\x1b[K\xe2\x80\x99; did you mean \xe2\x80\x98\x1b[01m\x1b[Kstd_srvs::srv::Trigger\x1b[m\x1b[K\xe2\x80\x99?\n'}
[5.453044] (vehicle_core) StderrLine: {'line': b'   46 |     std::shared_ptr<vehicle_core::srv::\x1b[01;31m\x1b[KTrigger\x1b[m\x1b[K::Response> res);\n'}
[5.453421] (vehicle_core) StderrLine: {'line': b'      |                                        \x1b[01;31m\x1b[K^~~~~~~\x1b[m\x1b[K\n'}
[5.453797] (vehicle_core) StderrLine: {'line': b'In file included from \x1b[01m\x1b[K/opt/ros/humble/include/std_srvs/std_srvs/srv/trigger.hpp:7\x1b[m\x1b[K,\n'}
[5.454207] (vehicle_core) StderrLine: {'line': b'                 from \x1b[01m\x1b[K/home/avcpp/AV-CPP2025/Vehicle/src/vehicle_core/include/vehicle_core/autopilot_node.hpp:5\x1b[m\x1b[K,\n'}
[5.454602] (vehicle_core) StderrLine: {'line': b'                 from \x1b[01m\x1b[K/home/avcpp/AV-CPP2025/Vehicle/src/vehicle_core/src/autopilot_node.cpp:1\x1b[m\x1b[K:\n'}
[5.454979] (vehicle_core) StderrLine: {'line': b'\x1b[01m\x1b[K/opt/ros/humble/include/std_srvs/std_srvs/srv/detail/trigger__struct.hpp:258:8:\x1b[m\x1b[K \x1b[01;36m\x1b[Knote: \x1b[m\x1b[K\xe2\x80\x98\x1b[01m\x1b[Kstd_srvs::srv::Trigger\x1b[m\x1b[K\xe2\x80\x99 declared here\n'}
[5.455362] (vehicle_core) StderrLine: {'line': b'  258 | struct \x1b[01;36m\x1b[KTrigger\x1b[m\x1b[K\n'}
[5.455737] (vehicle_core) StderrLine: {'line': b'      |        \x1b[01;36m\x1b[K^~~~~~~\x1b[m\x1b[K\n'}
[5.456109] (vehicle_core) StderrLine: {'line': b'In file included from \x1b[01m\x1b[K/home/avcpp/AV-CPP2025/Vehicle/src/vehicle_core/src/autopilot_node.cpp:1\x1b[m\x1b[K:\n'}
[5.456486] (vehicle_core) StderrLine: {'line': b'\x1b[01m\x1b[K/home/avcpp/AV-CPP2025/Vehicle/src/vehicle_core/include/vehicle_core/autopilot_node.hpp:46:57:\x1b[m\x1b[K \x1b[01;31m\x1b[Kerror: \x1b[m\x1b[Ktemplate argument 1 is invalid\n'}
[5.456907] (vehicle_core) StderrLine: {'line': b'   46 |     std::shared_ptr<vehicle_core::srv::Trigger::Response\x1b[01;31m\x1b[K>\x1b[m\x1b[K res);\n'}
[5.457287] (vehicle_core) StderrLine: {'line': b'      |                                                         \x1b[01;31m\x1b[K^\x1b[m\x1b[K\n'}
[5.457710] (vehicle_core) StderrLine: {'line': b'\x1b[01m\x1b[K/home/avcpp/AV-CPP2025/Vehicle/src/vehicle_core/include/vehicle_core/autopilot_node.hpp:46:40:\x1b[m\x1b[K \x1b[01;31m\x1b[Kerror: \x1b[m\x1b[K\xe2\x80\x98\x1b[01m\x1b[KTrigger\x1b[m\x1b[K\xe2\x80\x99 is not a member of \xe2\x80\x98\x1b[01m\x1b[Kvehicle_core::srv\x1b[m\x1b[K\xe2\x80\x99; did you mean \xe2\x80\x98\x1b[01m\x1b[Kstd_srvs::srv::Trigger\x1b[m\x1b[K\xe2\x80\x99?\n'}
[5.458110] (vehicle_core) StderrLine: {'line': b'   46 |     std::shared_ptr<vehicle_core::srv::\x1b[01;31m\x1b[KTrigger\x1b[m\x1b[K::Response> res);\n'}
[5.458516] (vehicle_core) StderrLine: {'line': b'      |                                        \x1b[01;31m\x1b[K^~~~~~~\x1b[m\x1b[K\n'}
[5.458895] (vehicle_core) StderrLine: {'line': b'In file included from \x1b[01m\x1b[K/opt/ros/humble/include/std_srvs/std_srvs/srv/trigger.hpp:7\x1b[m\x1b[K,\n'}
[5.459277] (vehicle_core) StderrLine: {'line': b'                 from \x1b[01m\x1b[K/home/avcpp/AV-CPP2025/Vehicle/src/vehicle_core/include/vehicle_core/autopilot_node.hpp:5\x1b[m\x1b[K,\n'}
[5.459656] (vehicle_core) StderrLine: {'line': b'                 from \x1b[01m\x1b[K/home/avcpp/AV-CPP2025/Vehicle/src/vehicle_core/src/autopilot_node.cpp:1\x1b[m\x1b[K:\n'}
[5.460028] (vehicle_core) StderrLine: {'line': b'\x1b[01m\x1b[K/opt/ros/humble/include/std_srvs/std_srvs/srv/detail/trigger__struct.hpp:258:8:\x1b[m\x1b[K \x1b[01;36m\x1b[Knote: \x1b[m\x1b[K\xe2\x80\x98\x1b[01m\x1b[Kstd_srvs::srv::Trigger\x1b[m\x1b[K\xe2\x80\x99 declared here\n'}
[5.460409] (vehicle_core) StderrLine: {'line': b'  258 | struct \x1b[01;36m\x1b[KTrigger\x1b[m\x1b[K\n'}
[5.460800] (vehicle_core) StderrLine: {'line': b'      |        \x1b[01;36m\x1b[K^~~~~~~\x1b[m\x1b[K\n'}
[5.461177] (vehicle_core) StderrLine: {'line': b'In file included from \x1b[01m\x1b[K/home/avcpp/AV-CPP2025/Vehicle/src/vehicle_core/src/autopilot_node.cpp:1\x1b[m\x1b[K:\n'}
[5.461277] (vehicle_core) StderrLine: {'line': b'\x1b[01m\x1b[K/home/avcpp/AV-CPP2025/Vehicle/src/vehicle_core/include/vehicle_core/autopilot_node.hpp:46:57:\x1b[m\x1b[K \x1b[01;31m\x1b[Kerror: \x1b[m\x1b[Ktemplate argument 1 is invalid\n'}
[5.461355] (vehicle_core) StderrLine: {'line': b'   46 |     std::shared_ptr<vehicle_core::srv::Trigger::Response\x1b[01;31m\x1b[K>\x1b[m\x1b[K res);\n'}
[5.461429] (vehicle_core) StderrLine: {'line': b'      |                                                         \x1b[01;31m\x1b[K^\x1b[m\x1b[K\n'}
[5.461501] (vehicle_core) StderrLine: {'line': b'\x1b[01m\x1b[K/home/avcpp/AV-CPP2025/Vehicle/src/vehicle_core/include/vehicle_core/autopilot_node.hpp:46:40:\x1b[m\x1b[K \x1b[01;31m\x1b[Kerror: \x1b[m\x1b[K\xe2\x80\x98\x1b[01m\x1b[KTrigger\x1b[m\x1b[K\xe2\x80\x99 is not a member of \xe2\x80\x98\x1b[01m\x1b[Kvehicle_core::srv\x1b[m\x1b[K\xe2\x80\x99; did you mean \xe2\x80\x98\x1b[01m\x1b[Kstd_srvs::srv::Trigger\x1b[m\x1b[K\xe2\x80\x99?\n'}
[5.461584] (vehicle_core) StderrLine: {'line': b'   46 |     std::shared_ptr<vehicle_core::srv::\x1b[01;31m\x1b[KTrigger\x1b[m\x1b[K::Response> res);\n'}
[5.461656] (vehicle_core) StderrLine: {'line': b'      |                                        \x1b[01;31m\x1b[K^~~~~~~\x1b[m\x1b[K\n'}
[5.461726] (vehicle_core) StderrLine: {'line': b'In file included from \x1b[01m\x1b[K/opt/ros/humble/include/std_srvs/std_srvs/srv/trigger.hpp:7\x1b[m\x1b[K,\n'}
[5.461797] (vehicle_core) StderrLine: {'line': b'                 from \x1b[01m\x1b[K/home/avcpp/AV-CPP2025/Vehicle/src/vehicle_core/include/vehicle_core/autopilot_node.hpp:5\x1b[m\x1b[K,\n'}
[5.461868] (vehicle_core) StderrLine: {'line': b'                 from \x1b[01m\x1b[K/home/avcpp/AV-CPP2025/Vehicle/src/vehicle_core/src/autopilot_node.cpp:1\x1b[m\x1b[K:\n'}
[5.461941] (vehicle_core) StderrLine: {'line': b'\x1b[01m\x1b[K/opt/ros/humble/include/std_srvs/std_srvs/srv/detail/trigger__struct.hpp:258:8:\x1b[m\x1b[K \x1b[01;36m\x1b[Knote: \x1b[m\x1b[K\xe2\x80\x98\x1b[01m\x1b[Kstd_srvs::srv::Trigger\x1b[m\x1b[K\xe2\x80\x99 declared here\n'}
[5.462014] (vehicle_core) StderrLine: {'line': b'  258 | struct \x1b[01;36m\x1b[KTrigger\x1b[m\x1b[K\n'}
[5.462085] (vehicle_core) StderrLine: {'line': b'      |        \x1b[01;36m\x1b[K^~~~~~~\x1b[m\x1b[K\n'}
[5.462156] (vehicle_core) StderrLine: {'line': b'In file included from \x1b[01m\x1b[K/home/avcpp/AV-CPP2025/Vehicle/src/vehicle_core/src/autopilot_node.cpp:1\x1b[m\x1b[K:\n'}
[5.462228] (vehicle_core) StderrLine: {'line': b'\x1b[01m\x1b[K/home/avcpp/AV-CPP2025/Vehicle/src/vehicle_core/include/vehicle_core/autopilot_node.hpp:46:57:\x1b[m\x1b[K \x1b[01;31m\x1b[Kerror: \x1b[m\x1b[Ktemplate argument 1 is invalid\n'}
[5.462307] (vehicle_core) StderrLine: {'line': b'   46 |     std::shared_ptr<vehicle_core::srv::Trigger::Response\x1b[01;31m\x1b[K>\x1b[m\x1b[K res);\n'}
[5.462379] (vehicle_core) StderrLine: {'line': b'      |                                                         \x1b[01;31m\x1b[K^\x1b[m\x1b[K\n'}
[5.462450] (vehicle_core) StderrLine: {'line': b'\x1b[01m\x1b[K/home/avcpp/AV-CPP2025/Vehicle/src/vehicle_core/include/vehicle_core/autopilot_node.hpp:46:5:\x1b[m\x1b[K \x1b[01;31m\x1b[Kerror: \x1b[m\x1b[Kinvalid template-id\n'}
[5.462525] (vehicle_core) StderrLine: {'line': b'   46 |     \x1b[01;31m\x1b[Kstd\x1b[m\x1b[K::shared_ptr<vehicle_core::srv::Trigger::Response> res);\n'}
[5.462596] (vehicle_core) StderrLine: {'line': b'      |     \x1b[01;31m\x1b[K^~~\x1b[m\x1b[K\n'}
[5.462666] (vehicle_core) StderrLine: {'line': b'\x1b[01m\x1b[K/home/avcpp/AV-CPP2025/Vehicle/src/vehicle_core/include/vehicle_core/autopilot_node.hpp:46:40:\x1b[m\x1b[K \x1b[01;31m\x1b[Kerror: \x1b[m\x1b[K\xe2\x80\x98\x1b[01m\x1b[Kvehicle_core::srv::Trigger\x1b[m\x1b[K\xe2\x80\x99 has not been declared\n'}
[5.462738] (vehicle_core) StderrLine: {'line': b'   46 |     std::shared_ptr<vehicle_core::srv::\x1b[01;31m\x1b[KTrigger\x1b[m\x1b[K::Response> res);\n'}
[5.462811] (vehicle_core) StderrLine: {'line': b'      |                                        \x1b[01;31m\x1b[K^~~~~~~\x1b[m\x1b[K\n'}
[5.462882] (vehicle_core) StderrLine: {'line': b'\x1b[01m\x1b[K/home/avcpp/AV-CPP2025/Vehicle/src/vehicle_core/include/vehicle_core/autopilot_node.hpp:46:5:\x1b[m\x1b[K \x1b[01;31m\x1b[Kerror: \x1b[m\x1b[Kclass template placeholder \xe2\x80\x98\x1b[01m\x1b[Kstd::shared_ptr\x1b[m\x1b[K\xe2\x80\x99 not permitted in this context\n'}
[5.462964] (vehicle_core) StderrLine: {'line': b'   46 |     \x1b[01;31m\x1b[Kstd\x1b[m\x1b[K::shared_ptr<vehicle_core::srv::Trigger::Response> res);\n'}
[5.463039] (vehicle_core) StderrLine: {'line': b'      |     \x1b[01;31m\x1b[K^~~\x1b[m\x1b[K\n'}
[5.464393] (-) TimerEvent: {}
[5.469605] (vehicle_core) StderrLine: {'line': b'\x1b[01m\x1b[K/home/avcpp/AV-CPP2025/Vehicle/src/vehicle_core/src/autopilot_node.cpp:\x1b[m\x1b[K In constructor \xe2\x80\x98\x1b[01m\x1b[Kvehicle_core::AutopilotNode::AutopilotNode(const rclcpp::NodeOptions&)\x1b[m\x1b[K\xe2\x80\x99:\n'}
[5.469906] (vehicle_core) StderrLine: {'line': b'\x1b[01m\x1b[K/home/avcpp/AV-CPP2025/Vehicle/src/vehicle_core/src/autopilot_node.cpp:27:9:\x1b[m\x1b[K \x1b[01;31m\x1b[Kerror: \x1b[m\x1b[K\xe2\x80\x98\x1b[01m\x1b[Kcli_notify_ready_\x1b[m\x1b[K\xe2\x80\x99 was not declared in this scope\n'}
[5.469988] (vehicle_core) StderrLine: {'line': b'   27 |         \x1b[01;31m\x1b[Kcli_notify_ready_\x1b[m\x1b[K = create_client<std_srvs::srv::Trigger>(\n'}
[5.470072] (vehicle_core) StderrLine: {'line': b'      |         \x1b[01;31m\x1b[K^~~~~~~~~~~~~~~~~\x1b[m\x1b[K\n'}
[5.564665] (-) TimerEvent: {}
[5.580690] (vehicle_core) StderrLine: {'line': b'\x1b[01m\x1b[K/home/avcpp/AV-CPP2025/Vehicle/src/vehicle_core/src/autopilot_node.cpp:31:9:\x1b[m\x1b[K \x1b[01;31m\x1b[Kerror: \x1b[m\x1b[K\xe2\x80\x98\x1b[01m\x1b[Ksrv_start_\x1b[m\x1b[K\xe2\x80\x99 was not declared in this scope; did you mean \xe2\x80\x98\x1b[01m\x1b[Kva_start\x1b[m\x1b[K\xe2\x80\x99?\n'}
[5.581434] (vehicle_core) StderrLine: {'line': b'   31 |         \x1b[01;31m\x1b[Ksrv_start_\x1b[m\x1b[K = create_service<std_srvs::srv::Trigger>(\n'}
[5.581741] (vehicle_core) StderrLine: {'line': b'      |         \x1b[01;31m\x1b[K^~~~~~~~~~\x1b[m\x1b[K\n'}
[5.582013] (vehicle_core) StderrLine: {'line': b'      |         \x1b[32m\x1b[Kva_start\x1b[m\x1b[K\n'}
[5.633822] (vehicle_core) StderrLine: {'line': b'\x1b[01m\x1b[K/home/avcpp/AV-CPP2025/Vehicle/src/vehicle_core/src/autopilot_node.cpp:33:9:\x1b[m\x1b[K \x1b[01;31m\x1b[Kerror: \x1b[m\x1b[K\xe2\x80\x98\x1b[01m\x1b[Ksrv_cancel_\x1b[m\x1b[K\xe2\x80\x99 was not declared in this scope; did you mean \xe2\x80\x98\x1b[01m\x1b[Kcancel_\x1b[m\x1b[K\xe2\x80\x99?\n'}
[5.634817] (vehicle_core) StderrLine: {'line': b'   33 |         \x1b[01;31m\x1b[Ksrv_cancel_\x1b[m\x1b[K = create_service<std_srvs::srv::Trigger>(\n'}
[5.635302] (vehicle_core) StderrLine: {'line': b'      |         \x1b[01;31m\x1b[K^~~~~~~~~~~\x1b[m\x1b[K\n'}
[5.635715] (vehicle_core) StderrLine: {'line': b'      |         \x1b[32m\x1b[Kcancel_\x1b[m\x1b[K\n'}
[5.655187] (vehicle_core) StderrLine: {'line': b'\x1b[01m\x1b[K/home/avcpp/AV-CPP2025/Vehicle/src/vehicle_core/src/autopilot_node.cpp:\x1b[m\x1b[K At global scope:\n'}
[5.656181] (vehicle_core) StderrLine: {'line': b'\x1b[01m\x1b[K/home/avcpp/AV-CPP2025/Vehicle/src/vehicle_core/src/autopilot_node.cpp:50:10:\x1b[m\x1b[K \x1b[01;31m\x1b[Kerror: \x1b[m\x1b[Kno declaration matches \xe2\x80\x98\x1b[01m\x1b[Kvoid vehicle_core::AutopilotNode::handleStart(std::shared_ptr<std_srvs::srv::Trigger_Request_<std::allocator<void> > >, std::shared_ptr<std_srvs::srv::Trigger_Response_<std::allocator<void> > >)\x1b[m\x1b[K\xe2\x80\x99\n'}
[5.656409] (vehicle_core) StderrLine: {'line': b'   50 |     void \x1b[01;31m\x1b[KAutopilotNode\x1b[m\x1b[K::handleStart(\n'}
[5.656562] (vehicle_core) StderrLine: {'line': b'      |          \x1b[01;31m\x1b[K^~~~~~~~~~~~~\x1b[m\x1b[K\n'}
[5.656703] (vehicle_core) StderrLine: {'line': b'In file included from \x1b[01m\x1b[K/home/avcpp/AV-CPP2025/Vehicle/src/vehicle_core/src/autopilot_node.cpp:1\x1b[m\x1b[K:\n'}
[5.656844] (vehicle_core) StderrLine: {'line': b'\x1b[01m\x1b[K/home/avcpp/AV-CPP2025/Vehicle/src/vehicle_core/include/vehicle_core/autopilot_node.hpp:41:8:\x1b[m\x1b[K \x1b[01;36m\x1b[Knote: \x1b[m\x1b[Kcandidate is: \xe2\x80\x98\x1b[01m\x1b[Kvoid vehicle_core::AutopilotNode::handleStart(...)\x1b[m\x1b[K\xe2\x80\x99\n'}
[5.656989] (vehicle_core) StderrLine: {'line': b'   41 |   void \x1b[01;36m\x1b[KhandleStart\x1b[m\x1b[K(\n'}
[5.657126] (vehicle_core) StderrLine: {'line': b'      |        \x1b[01;36m\x1b[K^~~~~~~~~~~\x1b[m\x1b[K\n'}
[5.657262] (vehicle_core) StderrLine: {'line': b'\x1b[01m\x1b[K/home/avcpp/AV-CPP2025/Vehicle/src/vehicle_core/include/vehicle_core/autopilot_node.hpp:17:7:\x1b[m\x1b[K \x1b[01;36m\x1b[Knote: \x1b[m\x1b[K\xe2\x80\x98\x1b[01m\x1b[Kclass vehicle_core::AutopilotNode\x1b[m\x1b[K\xe2\x80\x99 defined here\n'}
[5.657429] (vehicle_core) StderrLine: {'line': b'   17 | class \x1b[01;36m\x1b[KAutopilotNode\x1b[m\x1b[K : public rclcpp::Node {\n'}
[5.657576] (vehicle_core) StderrLine: {'line': b'      |       \x1b[01;36m\x1b[K^~~~~~~~~~~~~\x1b[m\x1b[K\n'}
[5.657716] (vehicle_core) StderrLine: {'line': b'\x1b[01m\x1b[K/home/avcpp/AV-CPP2025/Vehicle/src/vehicle_core/src/autopilot_node.cpp:62:10:\x1b[m\x1b[K \x1b[01;31m\x1b[Kerror: \x1b[m\x1b[Kno declaration matches \xe2\x80\x98\x1b[01m\x1b[Kvoid vehicle_core::AutopilotNode::handleCancel(std::shared_ptr<std_srvs::srv::Trigger_Request_<std::allocator<void> > >, std::shared_ptr<std_srvs::srv::Trigger_Response_<std::allocator<void> > >)\x1b[m\x1b[K\xe2\x80\x99\n'}
[5.657863] (vehicle_core) StderrLine: {'line': b'   62 |     void \x1b[01;31m\x1b[KAutopilotNode\x1b[m\x1b[K::handleCancel(\n'}
[5.657999] (vehicle_core) StderrLine: {'line': b'      |          \x1b[01;31m\x1b[K^~~~~~~~~~~~~\x1b[m\x1b[K\n'}
[5.658136] (vehicle_core) StderrLine: {'line': b'In file included from \x1b[01m\x1b[K/home/avcpp/AV-CPP2025/Vehicle/src/vehicle_core/src/autopilot_node.cpp:1\x1b[m\x1b[K:\n'}
[5.658274] (vehicle_core) StderrLine: {'line': b'\x1b[01m\x1b[K/home/avcpp/AV-CPP2025/Vehicle/src/vehicle_core/include/vehicle_core/autopilot_node.hpp:44:8:\x1b[m\x1b[K \x1b[01;36m\x1b[Knote: \x1b[m\x1b[Kcandidate is: \xe2\x80\x98\x1b[01m\x1b[Kvoid vehicle_core::AutopilotNode::handleCancel(...)\x1b[m\x1b[K\xe2\x80\x99\n'}
[5.658414] (vehicle_core) StderrLine: {'line': b'   44 |   void \x1b[01;36m\x1b[KhandleCancel\x1b[m\x1b[K(\n'}
[5.658547] (vehicle_core) StderrLine: {'line': b'      |        \x1b[01;36m\x1b[K^~~~~~~~~~~~\x1b[m\x1b[K\n'}
[5.658683] (vehicle_core) StderrLine: {'line': b'\x1b[01m\x1b[K/home/avcpp/AV-CPP2025/Vehicle/src/vehicle_core/include/vehicle_core/autopilot_node.hpp:17:7:\x1b[m\x1b[K \x1b[01;36m\x1b[Knote: \x1b[m\x1b[K\xe2\x80\x98\x1b[01m\x1b[Kclass vehicle_core::AutopilotNode\x1b[m\x1b[K\xe2\x80\x99 defined here\n'}
[5.658845] (vehicle_core) StderrLine: {'line': b'   17 | class \x1b[01;36m\x1b[KAutopilotNode\x1b[m\x1b[K : public rclcpp::Node {\n'}
[5.658983] (vehicle_core) StderrLine: {'line': b'      |       \x1b[01;36m\x1b[K^~~~~~~~~~~~~\x1b[m\x1b[K\n'}
[5.664798] (-) TimerEvent: {}
[5.765504] (-) TimerEvent: {}
[5.866707] (-) TimerEvent: {}
[5.967931] (-) TimerEvent: {}
[6.069112] (-) TimerEvent: {}
[6.170306] (-) TimerEvent: {}
[6.271517] (-) TimerEvent: {}
[6.284102] (vehicle_core) StderrLine: {'line': b'In file included from \x1b[01m\x1b[K/opt/ros/humble/include/rclcpp/rclcpp/client.hpp:39\x1b[m\x1b[K,\n'}
[6.284812] (vehicle_core) StderrLine: {'line': b'                 from \x1b[01m\x1b[K/opt/ros/humble/include/rclcpp/rclcpp/callback_group.hpp:24\x1b[m\x1b[K,\n'}
[6.285160] (vehicle_core) StderrLine: {'line': b'                 from \x1b[01m\x1b[K/opt/ros/humble/include/rclcpp/rclcpp/any_executable.hpp:20\x1b[m\x1b[K,\n'}
[6.285448] (vehicle_core) StderrLine: {'line': b'                 from \x1b[01m\x1b[K/opt/ros/humble/include/rclcpp/rclcpp/memory_strategy.hpp:25\x1b[m\x1b[K,\n'}
[6.285714] (vehicle_core) StderrLine: {'line': b'                 from \x1b[01m\x1b[K/opt/ros/humble/include/rclcpp/rclcpp/memory_strategies.hpp:18\x1b[m\x1b[K,\n'}
[6.285974] (vehicle_core) StderrLine: {'line': b'                 from \x1b[01m\x1b[K/opt/ros/humble/include/rclcpp/rclcpp/executor_options.hpp:20\x1b[m\x1b[K,\n'}
[6.286262] (vehicle_core) StderrLine: {'line': b'                 from \x1b[01m\x1b[K/opt/ros/humble/include/rclcpp/rclcpp/executor.hpp:37\x1b[m\x1b[K,\n'}
[6.286526] (vehicle_core) StderrLine: {'line': b'                 from \x1b[01m\x1b[K/opt/ros/humble/include/rclcpp/rclcpp/executors/multi_threaded_executor.hpp:25\x1b[m\x1b[K,\n'}
[6.286790] (vehicle_core) StderrLine: {'line': b'                 from \x1b[01m\x1b[K/opt/ros/humble/include/rclcpp/rclcpp/executors.hpp:21\x1b[m\x1b[K,\n'}
[6.287048] (vehicle_core) StderrLine: {'line': b'                 from \x1b[01m\x1b[K/opt/ros/humble/include/rclcpp/rclcpp/rclcpp.hpp:155\x1b[m\x1b[K,\n'}
[6.287324] (vehicle_core) StderrLine: {'line': b'                 from \x1b[01m\x1b[K/home/avcpp/AV-CPP2025/Vehicle/src/vehicle_core/include/vehicle_core/autopilot_node.hpp:3\x1b[m\x1b[K,\n'}
[6.287616] (vehicle_core) StderrLine: {'line': b'                 from \x1b[01m\x1b[K/home/avcpp/AV-CPP2025/Vehicle/src/vehicle_core/src/autopilot_node.cpp:1\x1b[m\x1b[K:\n'}
[6.287878] (vehicle_core) StderrLine: {'line': b'/opt/ros/humble/include/rclcpp/rclcpp/function_traits.hpp: In instantiation of \xe2\x80\x98\x1b[01m\x1b[Kstruct rclcpp::function_traits::function_traits<std::_Bind<void (vehicle_core::AutopilotNode::*(vehicle_core::AutopilotNode*, std::_Placeholder<1>, std::_Placeholder<2>))(...)> >\x1b[m\x1b[K\xe2\x80\x99:\n'}
[6.288151] (vehicle_core) StderrLine: {'line': b'\x1b[01m\x1b[K/opt/ros/humble/include/rclcpp/rclcpp/function_traits.hpp:165:8:\x1b[m\x1b[K   required from \xe2\x80\x98\x1b[01m\x1b[Kstruct rclcpp::function_traits::same_arguments<std::_Bind<void (vehicle_core::AutopilotNode::*(vehicle_core::AutopilotNode*, std::_Placeholder<1>, std::_Placeholder<2>))(...)>, std::function<void(std::shared_ptr<std_srvs::srv::Trigger_Request_<std::allocator<void> > >, std::shared_ptr<std_srvs::srv::Trigger_Response_<std::allocator<void> > >)> >\x1b[m\x1b[K\xe2\x80\x99\n'}
[6.288431] (vehicle_core) StderrLine: {'line': b'\x1b[01m\x1b[K/opt/ros/humble/include/rclcpp/rclcpp/any_service_callback.hpp:76:10:\x1b[m\x1b[K   required from \xe2\x80\x98\x1b[01m\x1b[Kvoid rclcpp::AnyServiceCallback<ServiceT>::set(CallbackT&&) [with CallbackT = std::_Bind<void (vehicle_core::AutopilotNode::*(vehicle_core::AutopilotNode*, std::_Placeholder<1>, std::_Placeholder<2>))(...)>; typename std::enable_if<(! rclcpp::detail::can_be_nullptr<CallbackT>::value), int>::type <anonymous> = 0; ServiceT = std_srvs::srv::Trigger]\x1b[m\x1b[K\xe2\x80\x99\n'}
[6.288725] (vehicle_core) StderrLine: {'line': b'\x1b[01m\x1b[K/opt/ros/humble/include/rclcpp/rclcpp/create_service.hpp:43:27:\x1b[m\x1b[K   required from \xe2\x80\x98\x1b[01m\x1b[Ktypename rclcpp::Service<ServiceT>::SharedPtr rclcpp::create_service(std::shared_ptr<rclcpp::node_interfaces::NodeBaseInterface>, std::shared_ptr<rclcpp::node_interfaces::NodeServicesInterface>, const string&, CallbackT&&, const rmw_qos_profile_t&, rclcpp::CallbackGroup::SharedPtr) [with ServiceT = std_srvs::srv::Trigger; CallbackT = std::_Bind<void (vehicle_core::AutopilotNode::*(vehicle_core::AutopilotNode*, std::_Placeholder<1>, std::_Placeholder<2>))(...)>; typename rclcpp::Service<ServiceT>::SharedPtr = std::shared_ptr<rclcpp::Service<std_srvs::srv::Trigger> >; std::string = std::__cxx11::basic_string<char>; rmw_qos_profile_t = rmw_qos_profile_s; rclcpp::CallbackGroup::SharedPtr = std::shared_ptr<rclcpp::CallbackGroup>]\x1b[m\x1b[K\xe2\x80\x99\n'}
[6.289061] (vehicle_core) StderrLine: {'line': b'\x1b[01m\x1b[K/opt/ros/humble/include/rclcpp/rclcpp/node_impl.hpp:147:53:\x1b[m\x1b[K   required from \xe2\x80\x98\x1b[01m\x1b[Ktypename rclcpp::Service<ServiceT>::SharedPtr rclcpp::Node::create_service(const string&, CallbackT&&, const rmw_qos_profile_t&, rclcpp::CallbackGroup::SharedPtr) [with ServiceT = std_srvs::srv::Trigger; CallbackT = std::_Bind<void (vehicle_core::AutopilotNode::*(vehicle_core::AutopilotNode*, std::_Placeholder<1>, std::_Placeholder<2>))(...)>; typename rclcpp::Service<ServiceT>::SharedPtr = std::shared_ptr<rclcpp::Service<std_srvs::srv::Trigger> >; std::string = std::__cxx11::basic_string<char>; rmw_qos_profile_t = rmw_qos_profile_s; rclcpp::CallbackGroup::SharedPtr = std::shared_ptr<rclcpp::CallbackGroup>]\x1b[m\x1b[K\xe2\x80\x99\n'}
[6.289348] (vehicle_core) StderrLine: {'line': b'\x1b[01m\x1b[K/home/avcpp/AV-CPP2025/Vehicle/src/vehicle_core/src/autopilot_node.cpp:31:60:\x1b[m\x1b[K   required from here\n'}
[6.289943] (vehicle_core) StderrLine: {'line': b'\x1b[01m\x1b[K/opt/ros/humble/include/rclcpp/rclcpp/function_traits.hpp:51:9:\x1b[m\x1b[K \x1b[01;31m\x1b[Kerror: \x1b[m\x1b[K\xe2\x80\x98\x1b[01m\x1b[Kdecltype\x1b[m\x1b[K\xe2\x80\x99 cannot resolve address of overloaded function\n'}
[6.290389] (vehicle_core) StderrLine: {'line': b'   51 |   using \x1b[01;31m\x1b[Karguments\x1b[m\x1b[K = typename tuple_tail<\n'}
[6.290686] (vehicle_core) StderrLine: {'line': b'      |         \x1b[01;31m\x1b[K^~~~~~~~~\x1b[m\x1b[K\n'}
[6.290985] (vehicle_core) StderrLine: {'line': b'\x1b[01m\x1b[K/opt/ros/humble/include/rclcpp/rclcpp/function_traits.hpp:57:9:\x1b[m\x1b[K \x1b[01;31m\x1b[Kerror: \x1b[m\x1b[K\xe2\x80\x98\x1b[01m\x1b[Kdecltype\x1b[m\x1b[K\xe2\x80\x99 cannot resolve address of overloaded function\n'}
[6.291259] (vehicle_core) StderrLine: {'line': b'   57 |   using \x1b[01;31m\x1b[Kargument_type\x1b[m\x1b[K = typename std::tuple_element<N, arguments>::type;\n'}
[6.291522] (vehicle_core) StderrLine: {'line': b'      |         \x1b[01;31m\x1b[K^~~~~~~~~~~~~\x1b[m\x1b[K\n'}
[6.291785] (vehicle_core) StderrLine: {'line': b'\x1b[01m\x1b[K/opt/ros/humble/include/rclcpp/rclcpp/function_traits.hpp:59:9:\x1b[m\x1b[K \x1b[01;31m\x1b[Kerror: \x1b[m\x1b[K\xe2\x80\x98\x1b[01m\x1b[Kdecltype\x1b[m\x1b[K\xe2\x80\x99 cannot resolve address of overloaded function\n'}
[6.292063] (vehicle_core) StderrLine: {'line': b'   59 |   using \x1b[01;31m\x1b[Kreturn_type\x1b[m\x1b[K = typename function_traits<decltype( &FunctionT::operator())>::return_type;\n'}
[6.292329] (vehicle_core) StderrLine: {'line': b'      |         \x1b[01;31m\x1b[K^~~~~~~~~~~\x1b[m\x1b[K\n'}
[6.292583] (vehicle_core) StderrLine: {'line': b'In file included from \x1b[01m\x1b[K/opt/ros/humble/include/rclcpp/rclcpp/service.hpp:36\x1b[m\x1b[K,\n'}
[6.292843] (vehicle_core) StderrLine: {'line': b'                 from \x1b[01m\x1b[K/opt/ros/humble/include/rclcpp/rclcpp/callback_group.hpp:28\x1b[m\x1b[K,\n'}
[6.293098] (vehicle_core) StderrLine: {'line': b'                 from \x1b[01m\x1b[K/opt/ros/humble/include/rclcpp/rclcpp/any_executable.hpp:20\x1b[m\x1b[K,\n'}
[6.293352] (vehicle_core) StderrLine: {'line': b'                 from \x1b[01m\x1b[K/opt/ros/humble/include/rclcpp/rclcpp/memory_strategy.hpp:25\x1b[m\x1b[K,\n'}
[6.293881] (vehicle_core) StderrLine: {'line': b'                 from \x1b[01m\x1b[K/opt/ros/humble/include/rclcpp/rclcpp/memory_strategies.hpp:18\x1b[m\x1b[K,\n'}
[6.294337] (vehicle_core) StderrLine: {'line': b'                 from \x1b[01m\x1b[K/opt/ros/humble/include/rclcpp/rclcpp/executor_options.hpp:20\x1b[m\x1b[K,\n'}
[6.294649] (vehicle_core) StderrLine: {'line': b'                 from \x1b[01m\x1b[K/opt/ros/humble/include/rclcpp/rclcpp/executor.hpp:37\x1b[m\x1b[K,\n'}
[6.294917] (vehicle_core) StderrLine: {'line': b'                 from \x1b[01m\x1b[K/opt/ros/humble/include/rclcpp/rclcpp/executors/multi_threaded_executor.hpp:25\x1b[m\x1b[K,\n'}
[6.295204] (vehicle_core) StderrLine: {'line': b'                 from \x1b[01m\x1b[K/opt/ros/humble/include/rclcpp/rclcpp/executors.hpp:21\x1b[m\x1b[K,\n'}
[6.295481] (vehicle_core) StderrLine: {'line': b'                 from \x1b[01m\x1b[K/opt/ros/humble/include/rclcpp/rclcpp/rclcpp.hpp:155\x1b[m\x1b[K,\n'}
[6.295931] (vehicle_core) StderrLine: {'line': b'                 from \x1b[01m\x1b[K/home/avcpp/AV-CPP2025/Vehicle/src/vehicle_core/include/vehicle_core/autopilot_node.hpp:3\x1b[m\x1b[K,\n'}
[6.296230] (vehicle_core) StderrLine: {'line': b'                 from \x1b[01m\x1b[K/home/avcpp/AV-CPP2025/Vehicle/src/vehicle_core/src/autopilot_node.cpp:1\x1b[m\x1b[K:\n'}
[6.296524] (vehicle_core) StderrLine: {'line': b'/opt/ros/humble/include/rclcpp/rclcpp/any_service_callback.hpp: In instantiation of \xe2\x80\x98\x1b[01m\x1b[Kvoid rclcpp::AnyServiceCallback<ServiceT>::set(CallbackT&&) [with CallbackT = std::_Bind<void (vehicle_core::AutopilotNode::*(vehicle_core::AutopilotNode*, std::_Placeholder<1>, std::_Placeholder<2>))(...)>; typename std::enable_if<(! rclcpp::detail::can_be_nullptr<CallbackT>::value), int>::type <anonymous> = 0; ServiceT = std_srvs::srv::Trigger]\x1b[m\x1b[K\xe2\x80\x99:\n'}
[6.296853] (vehicle_core) StderrLine: {'line': b'\x1b[01m\x1b[K/opt/ros/humble/include/rclcpp/rclcpp/create_service.hpp:43:27:\x1b[m\x1b[K   required from \xe2\x80\x98\x1b[01m\x1b[Ktypename rclcpp::Service<ServiceT>::SharedPtr rclcpp::create_service(std::shared_ptr<rclcpp::node_interfaces::NodeBaseInterface>, std::shared_ptr<rclcpp::node_interfaces::NodeServicesInterface>, const string&, CallbackT&&, const rmw_qos_profile_t&, rclcpp::CallbackGroup::SharedPtr) [with ServiceT = std_srvs::srv::Trigger; CallbackT = std::_Bind<void (vehicle_core::AutopilotNode::*(vehicle_core::AutopilotNode*, std::_Placeholder<1>, std::_Placeholder<2>))(...)>; typename rclcpp::Service<ServiceT>::SharedPtr = std::shared_ptr<rclcpp::Service<std_srvs::srv::Trigger> >; std::string = std::__cxx11::basic_string<char>; rmw_qos_profile_t = rmw_qos_profile_s; rclcpp::CallbackGroup::SharedPtr = std::shared_ptr<rclcpp::CallbackGroup>]\x1b[m\x1b[K\xe2\x80\x99\n'}
[6.297154] (vehicle_core) StderrLine: {'line': b'\x1b[01m\x1b[K/opt/ros/humble/include/rclcpp/rclcpp/node_impl.hpp:147:53:\x1b[m\x1b[K   required from \xe2\x80\x98\x1b[01m\x1b[Ktypename rclcpp::Service<ServiceT>::SharedPtr rclcpp::Node::create_service(const string&, CallbackT&&, const rmw_qos_profile_t&, rclcpp::CallbackGroup::SharedPtr) [with ServiceT = std_srvs::srv::Trigger; CallbackT = std::_Bind<void (vehicle_core::AutopilotNode::*(vehicle_core::AutopilotNode*, std::_Placeholder<1>, std::_Placeholder<2>))(...)>; typename rclcpp::Service<ServiceT>::SharedPtr = std::shared_ptr<rclcpp::Service<std_srvs::srv::Trigger> >; std::string = std::__cxx11::basic_string<char>; rmw_qos_profile_t = rmw_qos_profile_s; rclcpp::CallbackGroup::SharedPtr = std::shared_ptr<rclcpp::CallbackGroup>]\x1b[m\x1b[K\xe2\x80\x99\n'}
[6.297495] (vehicle_core) StderrLine: {'line': b'\x1b[01m\x1b[K/home/avcpp/AV-CPP2025/Vehicle/src/vehicle_core/src/autopilot_node.cpp:31:60:\x1b[m\x1b[K   required from here\n'}
[6.297844] (vehicle_core) StderrLine: {'line': b'\x1b[01m\x1b[K/opt/ros/humble/include/rclcpp/rclcpp/any_service_callback.hpp:76:10:\x1b[m\x1b[K \x1b[01;31m\x1b[Kerror: \x1b[m\x1b[K\xe2\x80\x98\x1b[01m\x1b[Kvalue\x1b[m\x1b[K\xe2\x80\x99 is not a member of \xe2\x80\x98\x1b[01m\x1b[Krclcpp::function_traits::same_arguments<std::_Bind<void (vehicle_core::AutopilotNode::*(vehicle_core::AutopilotNode*, std::_Placeholder<1>, std::_Placeholder<2>))(...)>, std::function<void(std::shared_ptr<std_srvs::srv::Trigger_Request_<std::allocator<void> > >, std::shared_ptr<std_srvs::srv::Trigger_Response_<std::allocator<void> > >)> >\x1b[m\x1b[K\xe2\x80\x99\n'}
[6.298166] (vehicle_core) StderrLine: {'line': b'   76 |       >::\x1b[01;31m\x1b[Kvalue\x1b[m\x1b[K)\n'}
[6.298451] (vehicle_core) StderrLine: {'line': b'      |          \x1b[01;31m\x1b[K^~~~~\x1b[m\x1b[K\n'}
[6.298712] (vehicle_core) StderrLine: {'line': b'\x1b[01m\x1b[K/opt/ros/humble/include/rclcpp/rclcpp/any_service_callback.hpp:83:10:\x1b[m\x1b[K \x1b[01;31m\x1b[Kerror: \x1b[m\x1b[K\xe2\x80\x98\x1b[01m\x1b[Kvalue\x1b[m\x1b[K\xe2\x80\x99 is not a member of \xe2\x80\x98\x1b[01m\x1b[Krclcpp::function_traits::same_arguments<std::_Bind<void (vehicle_core::AutopilotNode::*(vehicle_core::AutopilotNode*, std::_Placeholder<1>, std::_Placeholder<2>))(...)>, std::function<void(std::shared_ptr<rmw_request_id_s>, std::shared_ptr<std_srvs::srv::Trigger_Request_<std::allocator<void> > >, std::shared_ptr<std_srvs::srv::Trigger_Response_<std::allocator<void> > >)> >\x1b[m\x1b[K\xe2\x80\x99\n'}
[6.299021] (vehicle_core) StderrLine: {'line': b'   83 |       >::\x1b[01;31m\x1b[Kvalue\x1b[m\x1b[K)\n'}
[6.299296] (vehicle_core) StderrLine: {'line': b'      |          \x1b[01;31m\x1b[K^~~~~\x1b[m\x1b[K\n'}
[6.299559] (vehicle_core) StderrLine: {'line': b'\x1b[01m\x1b[K/opt/ros/humble/include/rclcpp/rclcpp/any_service_callback.hpp:90:10:\x1b[m\x1b[K \x1b[01;31m\x1b[Kerror: \x1b[m\x1b[K\xe2\x80\x98\x1b[01m\x1b[Kvalue\x1b[m\x1b[K\xe2\x80\x99 is not a member of \xe2\x80\x98\x1b[01m\x1b[Krclcpp::function_traits::same_arguments<std::_Bind<void (vehicle_core::AutopilotNode::*(vehicle_core::AutopilotNode*, std::_Placeholder<1>, std::_Placeholder<2>))(...)>, std::function<void(std::shared_ptr<rmw_request_id_s>, std::shared_ptr<std_srvs::srv::Trigger_Request_<std::allocator<void> > >)> >\x1b[m\x1b[K\xe2\x80\x99\n'}
[6.299885] (vehicle_core) StderrLine: {'line': b'   90 |       >::\x1b[01;31m\x1b[Kvalue\x1b[m\x1b[K)\n'}
[6.300143] (vehicle_core) StderrLine: {'line': b'      |          \x1b[01;31m\x1b[K^~~~~\x1b[m\x1b[K\n'}
[6.300344] (vehicle_core) StderrLine: {'line': b'\x1b[01m\x1b[K/opt/ros/humble/include/rclcpp/rclcpp/any_service_callback.hpp:97:10:\x1b[m\x1b[K \x1b[01;31m\x1b[Kerror: \x1b[m\x1b[K\xe2\x80\x98\x1b[01m\x1b[Kvalue\x1b[m\x1b[K\xe2\x80\x99 is not a member of \xe2\x80\x98\x1b[01m\x1b[Krclcpp::function_traits::same_arguments<std::_Bind<void (vehicle_core::AutopilotNode::*(vehicle_core::AutopilotNode*, std::_Placeholder<1>, std::_Placeholder<2>))(...)>, std::function<void(std::shared_ptr<rclcpp::Service<std_srvs::srv::Trigger> >, std::shared_ptr<rmw_request_id_s>, std::shared_ptr<std_srvs::srv::Trigger_Request_<std::allocator<void> > >)> >\x1b[m\x1b[K\xe2\x80\x99\n'}
[6.300437] (vehicle_core) StderrLine: {'line': b'   97 |       >::\x1b[01;31m\x1b[Kvalue\x1b[m\x1b[K)\n'}
[6.300509] (vehicle_core) StderrLine: {'line': b'      |          \x1b[01;31m\x1b[K^~~~~\x1b[m\x1b[K\n'}
[6.302173] (vehicle_core) StderrLine: {'line': b'\x1b[01m\x1b[K/opt/ros/humble/include/rclcpp/rclcpp/any_service_callback.hpp:103:17:\x1b[m\x1b[K \x1b[01;31m\x1b[Kerror: \x1b[m\x1b[Kno match for \xe2\x80\x98\x1b[01m\x1b[Koperator=\x1b[m\x1b[K\xe2\x80\x99 (operand types are \xe2\x80\x98\x1b[01m\x1b[Kstd::variant<std::monostate, std::function<void(std::shared_ptr<std_srvs::srv::Trigger_Request_<std::allocator<void> > >, std::shared_ptr<std_srvs::srv::Trigger_Response_<std::allocator<void> > >)>, std::function<void(std::shared_ptr<rmw_request_id_s>, std::shared_ptr<std_srvs::srv::Trigger_Request_<std::allocator<void> > >, std::shared_ptr<std_srvs::srv::Trigger_Response_<std::allocator<void> > >)>, std::function<void(std::shared_ptr<rmw_request_id_s>, std::shared_ptr<std_srvs::srv::Trigger_Request_<std::allocator<void> > >)>, std::function<void(std::shared_ptr<rclcpp::Service<std_srvs::srv::Trigger> >, std::shared_ptr<rmw_request_id_s>, std::shared_ptr<std_srvs::srv::Trigger_Request_<std::allocator<void> > >)> >\x1b[m\x1b[K\xe2\x80\x99 and \xe2\x80\x98\x1b[01m\x1b[Kstd::_Bind<void (vehicle_core::AutopilotNode::*(vehicle_core::AutopilotNode*, std::_Placeholder<1>, std::_Placeholder<2>))(...)>\x1b[m\x1b[K\xe2\x80\x99)\n'}
[6.302635] (vehicle_core) StderrLine: {'line': b'  103 |       \x1b[01;31m\x1b[Kcallback_ = std::forward<CallbackT>(callback)\x1b[m\x1b[K;\n'}
[6.302720] (vehicle_core) StderrLine: {'line': b'      |       \x1b[01;31m\x1b[K~~~~~~~~~~^~~~~~~~~~~~~~~~~~~~~~~~~~~~~~~~~~~\x1b[m\x1b[K\n'}
[6.303436] (vehicle_core) StderrLine: {'line': b'In file included from \x1b[01m\x1b[K/opt/ros/humble/include/rclcpp/rclcpp/client.hpp:28\x1b[m\x1b[K,\n'}
[6.303525] (vehicle_core) StderrLine: {'line': b'                 from \x1b[01m\x1b[K/opt/ros/humble/include/rclcpp/rclcpp/callback_group.hpp:24\x1b[m\x1b[K,\n'}
[6.303611] (vehicle_core) StderrLine: {'line': b'                 from \x1b[01m\x1b[K/opt/ros/humble/include/rclcpp/rclcpp/any_executable.hpp:20\x1b[m\x1b[K,\n'}
[6.303687] (vehicle_core) StderrLine: {'line': b'                 from \x1b[01m\x1b[K/opt/ros/humble/include/rclcpp/rclcpp/memory_strategy.hpp:25\x1b[m\x1b[K,\n'}
[6.303763] (vehicle_core) StderrLine: {'line': b'                 from \x1b[01m\x1b[K/opt/ros/humble/include/rclcpp/rclcpp/memory_strategies.hpp:18\x1b[m\x1b[K,\n'}
[6.304008] (vehicle_core) StderrLine: {'line': b'                 from \x1b[01m\x1b[K/opt/ros/humble/include/rclcpp/rclcpp/executor_options.hpp:20\x1b[m\x1b[K,\n'}
[6.304100] (vehicle_core) StderrLine: {'line': b'                 from \x1b[01m\x1b[K/opt/ros/humble/include/rclcpp/rclcpp/executor.hpp:37\x1b[m\x1b[K,\n'}
[6.304176] (vehicle_core) StderrLine: {'line': b'                 from \x1b[01m\x1b[K/opt/ros/humble/include/rclcpp/rclcpp/executors/multi_threaded_executor.hpp:25\x1b[m\x1b[K,\n'}
[6.304260] (vehicle_core) StderrLine: {'line': b'                 from \x1b[01m\x1b[K/opt/ros/humble/include/rclcpp/rclcpp/executors.hpp:21\x1b[m\x1b[K,\n'}
[6.304349] (vehicle_core) StderrLine: {'line': b'                 from \x1b[01m\x1b[K/opt/ros/humble/include/rclcpp/rclcpp/rclcpp.hpp:155\x1b[m\x1b[K,\n'}
[6.304421] (vehicle_core) StderrLine: {'line': b'                 from \x1b[01m\x1b[K/home/avcpp/AV-CPP2025/Vehicle/src/vehicle_core/include/vehicle_core/autopilot_node.hpp:3\x1b[m\x1b[K,\n'}
[6.304497] (vehicle_core) StderrLine: {'line': b'                 from \x1b[01m\x1b[K/home/avcpp/AV-CPP2025/Vehicle/src/vehicle_core/src/autopilot_node.cpp:1\x1b[m\x1b[K:\n'}
[6.304569] (vehicle_core) StderrLine: {'line': b'\x1b[01m\x1b[K/usr/include/c++/11/variant:1461:9:\x1b[m\x1b[K \x1b[01;36m\x1b[Knote: \x1b[m\x1b[Kcandidate: \xe2\x80\x98\x1b[01m\x1b[Ktemplate<class _Tp> std::enable_if_t<((__exactly_once<std::variant<_Types>::__accepted_type<_Tp&&, typename std::enable_if<__not_self<_Tp&&>, void>::type> > && is_constructible_v<std::variant<_Types>::__accepted_type<_Tp&&, typename std::enable_if<__not_self<_Tp&&>, void>::type>, _Tp>) && is_assignable_v<std::variant<_Types>::__accepted_type<_Tp&&, typename std::enable_if<__not_self<_Tp&&>, void>::type>&, _Tp>), std::variant<_Types>&> std::variant<_Types>::operator=(_Tp&&) [with _Tp = _Tp; _Types = {std::monostate, std::function<void(std::shared_ptr<std_srvs::srv::Trigger_Request_<std::allocator<void> > >, std::shared_ptr<std_srvs::srv::Trigger_Response_<std::allocator<void> > >)>, std::function<void(std::shared_ptr<rmw_request_id_s>, std::shared_ptr<std_srvs::srv::Trigger_Request_<std::allocator<void> > >, std::shared_ptr<std_srvs::srv::Trigger_Response_<std::allocator<void> > >)>, std::function<void(std::shared_ptr<rmw_request_id_s>, std::shared_ptr<std_srvs::srv::Trigger_Request_<std::allocator<void> > >)>, std::function<void(std::shared_ptr<rclcpp::Service<std_srvs::srv::Trigger> >, std::shared_ptr<rmw_request_id_s>, std::shared_ptr<std_srvs::srv::Trigger_Request_<std::allocator<void> > >)>}]\x1b[m\x1b[K\xe2\x80\x99\n'}
[6.304677] (vehicle_core) StderrLine: {'line': b' 1461 |         \x1b[01;36m\x1b[Koperator\x1b[m\x1b[K=(_Tp&& __rhs)\n'}
[6.304774] (vehicle_core) StderrLine: {'line': b'      |         \x1b[01;36m\x1b[K^~~~~~~~\x1b[m\x1b[K\n'}
[6.304848] (vehicle_core) StderrLine: {'line': b'\x1b[01m\x1b[K/usr/include/c++/11/variant:1461:9:\x1b[m\x1b[K \x1b[01;36m\x1b[Knote: \x1b[m\x1b[K  template argument deduction/substitution failed:\n'}
[6.304925] (vehicle_core) StderrLine: {'line': b'/usr/include/c++/11/variant: In substitution of \xe2\x80\x98\x1b[01m\x1b[Ktemplate<class ... _Types> template<class _Tp, class> using __accepted_type = std::variant<_Types>::__to_type<__accepted_index<_Tp> > [with _Tp = std::_Bind<void (vehicle_core::AutopilotNode::*(vehicle_core::AutopilotNode*, std::_Placeholder<1>, std::_Placeholder<2>))(...)>&&; <template-parameter-2-2> = void; _Types = {std::monostate, std::function<void(std::shared_ptr<std_srvs::srv::Trigger_Request_<std::allocator<void> > >, std::shared_ptr<std_srvs::srv::Trigger_Response_<std::allocator<void> > >)>, std::function<void(std::shared_ptr<rmw_request_id_s>, std::shared_ptr<std_srvs::srv::Trigger_Request_<std::allocator<void> > >, std::shared_ptr<std_srvs::srv::Trigger_Response_<std::allocator<void> > >)>, std::function<void(std::shared_ptr<rmw_request_id_s>, std::shared_ptr<std_srvs::srv::Trigger_Request_<std::allocator<void> > >)>, std::function<void(std::shared_ptr<rclcpp::Service<std_srvs::srv::Trigger> >, std::shared_ptr<rmw_request_id_s>, std::shared_ptr<std_srvs::srv::Trigger_Request_<std::allocator<void> > >)>}]\x1b[m\x1b[K\xe2\x80\x99:\n'}
[6.305011] (vehicle_core) StderrLine: {'line': b'\x1b[01m\x1b[K/usr/include/c++/11/variant:1457:14:\x1b[m\x1b[K   required by substitution of \xe2\x80\x98\x1b[01m\x1b[Ktemplate<class _Tp> std::enable_if_t<((__exactly_once<std::variant<std::monostate, std::function<void(std::shared_ptr<std_srvs::srv::Trigger_Request_<std::allocator<void> > >, std::shared_ptr<std_srvs::srv::Trigger_Response_<std::allocator<void> > >)>, std::function<void(std::shared_ptr<rmw_request_id_s>, std::shared_ptr<std_srvs::srv::Trigger_Request_<std::allocator<void> > >, std::shared_ptr<std_srvs::srv::Trigger_Response_<std::allocator<void> > >)>, std::function<void(std::shared_ptr<rmw_request_id_s>, std::shared_ptr<std_srvs::srv::Trigger_Request_<std::allocator<void> > >)>, std::function<void(std::shared_ptr<rclcpp::Service<std_srvs::srv::Trigger> >, std::shared_ptr<rmw_request_id_s>, std::shared_ptr<std_srvs::srv::Trigger_Request_<std::allocator<void> > >)> >::__accepted_type<_Tp&&, typename std::enable_if<__not_self<_Tp&&>, void>::type> > && is_constructible_v<std::variant<std::monostate, std::function<void(std::shared_ptr<std_srvs::srv::Trigger_Request_<std::allocator<void> > >, std::shared_ptr<std_srvs::srv::Trigger_Response_<std::allocator<void> > >)>, std::function<void(std::shared_ptr<rmw_request_id_s>, std::shared_ptr<std_srvs::srv::Trigger_Request_<std::allocator<void> > >, std::shared_ptr<std_srvs::srv::Trigger_Response_<std::allocator<void> > >)>, std::function<void(std::shared_ptr<rmw_request_id_s>, std::shared_ptr<std_srvs::srv::Trigger_Request_<std::allocator<void> > >)>, std::function<void(std::shared_ptr<rclcpp::Service<std_srvs::srv::Trigger> >, std::shared_ptr<rmw_request_id_s>, std::shared_ptr<std_srvs::srv::Trigger_Request_<std::allocator<void> > >)> >::__accepted_type<_Tp&&, typename std::enable_if<__not_self<_Tp&&>, void>::type>, _Tp>) && is_assignable_v<std::variant<std::monostate, std::function<void(std::shared_ptr<std_srvs::srv::Trigger_Request_<std::allocator<void> > >, std::shared_ptr<std_srvs::srv::Trigger_Response_<std::allocator<void> > >)>, std::function<void(std::shared_ptr<rmw_request_id_s>, std::shared_ptr<std_srvs::srv::Trigger_Request_<std::allocator<void> > >, std::shared_ptr<std_srvs::srv::Trigger_Response_<std::allocator<void> > >)>, std::function<void(std::shared_ptr<rmw_request_id_s>, std::shared_ptr<std_srvs::srv::Trigger_Request_<std::allocator<void> > >)>, std::function<void(std::shared_ptr<rclcpp::Service<std_srvs::srv::Trigger> >, std::shared_ptr<rmw_request_id_s>, std::shared_ptr<std_srvs::srv::Trigger_Request_<std::allocator<void> > >)> >::__accepted_type<_Tp&&, typename std::enable_if<__not_self<_Tp&&>, void>::type>&, _Tp>), std::variant<std::monostate, std::function<void(std::shared_ptr<std_srvs::srv::Trigger_Request_<std::allocator<void> > >, std::shared_ptr<std_srvs::srv::Trigger_Response_<std::allocator<void> > >)>, std::function<void(std::shared_ptr<rmw_request_id_s>, std::shared_ptr<std_srvs::srv::Trigger_Request_<std::allocator<void> > >, std::shared_ptr<std_srvs::srv::Trigger_Response_<std::allocator<void> > >)>, std::function<void(std::shared_ptr<rmw_request_id_s>, std::shared_ptr<std_srvs::srv::Trigger_Request_<std::allocator<void> > >)>, std::function<void(std::shared_ptr<rclcpp::Service<std_srvs::srv::Trigger> >, std::shared_ptr<rmw_request_id_s>, std::shared_ptr<std_srvs::srv::Trigger_Request_<std::allocator<void> > >)> >&> std::variant<std::monostate, std::function<void(std::shared_ptr<std_srvs::srv::Trigger_Request_<std::allocator<void> > >, std::shared_ptr<std_srvs::srv::Trigger_Response_<std::allocator<void> > >)>, std::function<void(std::shared_ptr<rmw_request_id_s>, std::shared_ptr<std_srvs::srv::Trigger_Request_<std::allocator<void> > >, std::shared_ptr<std_srvs::srv::Trigger_Response_<std::allocator<void> > >)>, std::function<void(std::shared_ptr<rmw_request_id_s>, std::shared_ptr<std_srvs::srv::Trigger_Request_<std::allocator<void> > >)>, std::function<void(std::shared_ptr<rclcpp::Service<std_srvs::srv::Trigger> >, std::shared_ptr<rmw_request_id_s>, std::shared_ptr<std_srvs::srv::Trigger_Request_<std::allocator<void> > >)> >::operator=<_Tp>(_Tp&&) [with _Tp = std::_Bind<void (vehicle_core::AutopilotNode::*(vehicle_core::AutopilotNode*, std::_Placeholder<1>, std::_Placeholder<2>))(...)>]\x1b[m\x1b[K\xe2\x80\x99\n'}
[6.305164] (vehicle_core) StderrLine: {'line': b'\x1b[01m\x1b[K/opt/ros/humble/include/rclcpp/rclcpp/any_service_callback.hpp:103:17:\x1b[m\x1b[K   required from \xe2\x80\x98\x1b[01m\x1b[Kvoid rclcpp::AnyServiceCallback<ServiceT>::set(CallbackT&&) [with CallbackT = std::_Bind<void (vehicle_core::AutopilotNode::*(vehicle_core::AutopilotNode*, std::_Placeholder<1>, std::_Placeholder<2>))(...)>; typename std::enable_if<(! rclcpp::detail::can_be_nullptr<CallbackT>::value), int>::type <anonymous> = 0; ServiceT = std_srvs::srv::Trigger]\x1b[m\x1b[K\xe2\x80\x99\n'}
[6.305261] (vehicle_core) StderrLine: {'line': b'\x1b[01m\x1b[K/opt/ros/humble/include/rclcpp/rclcpp/create_service.hpp:43:27:\x1b[m\x1b[K   required from \xe2\x80\x98\x1b[01m\x1b[Ktypename rclcpp::Service<ServiceT>::SharedPtr rclcpp::create_service(std::shared_ptr<rclcpp::node_interfaces::NodeBaseInterface>, std::shared_ptr<rclcpp::node_interfaces::NodeServicesInterface>, const string&, CallbackT&&, const rmw_qos_profile_t&, rclcpp::CallbackGroup::SharedPtr) [with ServiceT = std_srvs::srv::Trigger; CallbackT = std::_Bind<void (vehicle_core::AutopilotNode::*(vehicle_core::AutopilotNode*, std::_Placeholder<1>, std::_Placeholder<2>))(...)>; typename rclcpp::Service<ServiceT>::SharedPtr = std::shared_ptr<rclcpp::Service<std_srvs::srv::Trigger> >; std::string = std::__cxx11::basic_string<char>; rmw_qos_profile_t = rmw_qos_profile_s; rclcpp::CallbackGroup::SharedPtr = std::shared_ptr<rclcpp::CallbackGroup>]\x1b[m\x1b[K\xe2\x80\x99\n'}
[6.305357] (vehicle_core) StderrLine: {'line': b'\x1b[01m\x1b[K/opt/ros/humble/include/rclcpp/rclcpp/node_impl.hpp:147:53:\x1b[m\x1b[K   required from \xe2\x80\x98\x1b[01m\x1b[Ktypename rclcpp::Service<ServiceT>::SharedPtr rclcpp::Node::create_service(const string&, CallbackT&&, const rmw_qos_profile_t&, rclcpp::CallbackGroup::SharedPtr) [with ServiceT = std_srvs::srv::Trigger; CallbackT = std::_Bind<void (vehicle_core::AutopilotNode::*(vehicle_core::AutopilotNode*, std::_Placeholder<1>, std::_Placeholder<2>))(...)>; typename rclcpp::Service<ServiceT>::SharedPtr = std::shared_ptr<rclcpp::Service<std_srvs::srv::Trigger> >; std::string = std::__cxx11::basic_string<char>; rmw_qos_profile_t = rmw_qos_profile_s; rclcpp::CallbackGroup::SharedPtr = std::shared_ptr<rclcpp::CallbackGroup>]\x1b[m\x1b[K\xe2\x80\x99\n'}
[6.305446] (vehicle_core) StderrLine: {'line': b'\x1b[01m\x1b[K/home/avcpp/AV-CPP2025/Vehicle/src/vehicle_core/src/autopilot_node.cpp:31:60:\x1b[m\x1b[K   required from here\n'}
[6.305524] (vehicle_core) StderrLine: {'line': b'\x1b[01m\x1b[K/usr/include/c++/11/variant:1375:15:\x1b[m\x1b[K \x1b[01;31m\x1b[Kerror: \x1b[m\x1b[Kno type named \xe2\x80\x98\x1b[01m\x1b[Ktype\x1b[m\x1b[K\xe2\x80\x99 in \xe2\x80\x98\x1b[01m\x1b[Kstruct std::enable_if<false, void>\x1b[m\x1b[K\xe2\x80\x99\n'}
[6.305601] (vehicle_core) StderrLine: {'line': b' 1375 |         using \x1b[01;31m\x1b[K__accepted_type\x1b[m\x1b[K = __to_type<__accepted_index<_Tp>>;\n'}
[6.305690] (vehicle_core) StderrLine: {'line': b'      |               \x1b[01;31m\x1b[K^~~~~~~~~~~~~~~\x1b[m\x1b[K\n'}
[6.305767] (vehicle_core) StderrLine: {'line': b'/opt/ros/humble/include/rclcpp/rclcpp/any_service_callback.hpp: In instantiation of \xe2\x80\x98\x1b[01m\x1b[Kvoid rclcpp::AnyServiceCallback<ServiceT>::set(CallbackT&&) [with CallbackT = std::_Bind<void (vehicle_core::AutopilotNode::*(vehicle_core::AutopilotNode*, std::_Placeholder<1>, std::_Placeholder<2>))(...)>; typename std::enable_if<(! rclcpp::detail::can_be_nullptr<CallbackT>::value), int>::type <anonymous> = 0; ServiceT = std_srvs::srv::Trigger]\x1b[m\x1b[K\xe2\x80\x99:\n'}
[6.305848] (vehicle_core) StderrLine: {'line': b'\x1b[01m\x1b[K/opt/ros/humble/include/rclcpp/rclcpp/create_service.hpp:43:27:\x1b[m\x1b[K   required from \xe2\x80\x98\x1b[01m\x1b[Ktypename rclcpp::Service<ServiceT>::SharedPtr rclcpp::create_service(std::shared_ptr<rclcpp::node_interfaces::NodeBaseInterface>, std::shared_ptr<rclcpp::node_interfaces::NodeServicesInterface>, const string&, CallbackT&&, const rmw_qos_profile_t&, rclcpp::CallbackGroup::SharedPtr) [with ServiceT = std_srvs::srv::Trigger; CallbackT = std::_Bind<void (vehicle_core::AutopilotNode::*(vehicle_core::AutopilotNode*, std::_Placeholder<1>, std::_Placeholder<2>))(...)>; typename rclcpp::Service<ServiceT>::SharedPtr = std::shared_ptr<rclcpp::Service<std_srvs::srv::Trigger> >; std::string = std::__cxx11::basic_string<char>; rmw_qos_profile_t = rmw_qos_profile_s; rclcpp::CallbackGroup::SharedPtr = std::shared_ptr<rclcpp::CallbackGroup>]\x1b[m\x1b[K\xe2\x80\x99\n'}
[6.305929] (vehicle_core) StderrLine: {'line': b'\x1b[01m\x1b[K/opt/ros/humble/include/rclcpp/rclcpp/node_impl.hpp:147:53:\x1b[m\x1b[K   required from \xe2\x80\x98\x1b[01m\x1b[Ktypename rclcpp::Service<ServiceT>::SharedPtr rclcpp::Node::create_service(const string&, CallbackT&&, const rmw_qos_profile_t&, rclcpp::CallbackGroup::SharedPtr) [with ServiceT = std_srvs::srv::Trigger; CallbackT = std::_Bind<void (vehicle_core::AutopilotNode::*(vehicle_core::AutopilotNode*, std::_Placeholder<1>, std::_Placeholder<2>))(...)>; typename rclcpp::Service<ServiceT>::SharedPtr = std::shared_ptr<rclcpp::Service<std_srvs::srv::Trigger> >; std::string = std::__cxx11::basic_string<char>; rmw_qos_profile_t = rmw_qos_profile_s; rclcpp::CallbackGroup::SharedPtr = std::shared_ptr<rclcpp::CallbackGroup>]\x1b[m\x1b[K\xe2\x80\x99\n'}
[6.306007] (vehicle_core) StderrLine: {'line': b'\x1b[01m\x1b[K/home/avcpp/AV-CPP2025/Vehicle/src/vehicle_core/src/autopilot_node.cpp:31:60:\x1b[m\x1b[K   required from here\n'}
[6.306084] (vehicle_core) StderrLine: {'line': b'\x1b[01m\x1b[K/usr/include/c++/11/variant:1398:16:\x1b[m\x1b[K \x1b[01;36m\x1b[Knote: \x1b[m\x1b[Kcandidate: \xe2\x80\x98\x1b[01m\x1b[Kstd::variant<_Types>& std::variant<_Types>::operator=(const std::variant<_Types>&) [with _Types = {std::monostate, std::function<void(std::shared_ptr<std_srvs::srv::Trigger_Request_<std::allocator<void> > >, std::shared_ptr<std_srvs::srv::Trigger_Response_<std::allocator<void> > >)>, std::function<void(std::shared_ptr<rmw_request_id_s>, std::shared_ptr<std_srvs::srv::Trigger_Request_<std::allocator<void> > >, std::shared_ptr<std_srvs::srv::Trigger_Response_<std::allocator<void> > >)>, std::function<void(std::shared_ptr<rmw_request_id_s>, std::shared_ptr<std_srvs::srv::Trigger_Request_<std::allocator<void> > >)>, std::function<void(std::shared_ptr<rclcpp::Service<std_srvs::srv::Trigger> >, std::shared_ptr<rmw_request_id_s>, std::shared_ptr<std_srvs::srv::Trigger_Request_<std::allocator<void> > >)>}]\x1b[m\x1b[K\xe2\x80\x99\n'}
[6.306187] (vehicle_core) StderrLine: {'line': b' 1398 |       variant& \x1b[01;36m\x1b[Koperator\x1b[m\x1b[K=(const variant&) = default;\n'}
[6.306265] (vehicle_core) StderrLine: {'line': b'      |                \x1b[01;36m\x1b[K^~~~~~~~\x1b[m\x1b[K\n'}
[6.306338] (vehicle_core) StderrLine: {'line': b'\x1b[01m\x1b[K/usr/include/c++/11/variant:1398:26:\x1b[m\x1b[K \x1b[01;36m\x1b[Knote: \x1b[m\x1b[K  no known conversion for argument 1 from \xe2\x80\x98\x1b[01m\x1b[Kstd::_Bind<void (vehicle_core::AutopilotNode::*(vehicle_core::AutopilotNode*, std::_Placeholder<1>, std::_Placeholder<2>))(...)>\x1b[m\x1b[K\xe2\x80\x99 to \xe2\x80\x98\x1b[01m\x1b[Kconst std::variant<std::monostate, std::function<void(std::shared_ptr<std_srvs::srv::Trigger_Request_<std::allocator<void> > >, std::shared_ptr<std_srvs::srv::Trigger_Response_<std::allocator<void> > >)>, std::function<void(std::shared_ptr<rmw_request_id_s>, std::shared_ptr<std_srvs::srv::Trigger_Request_<std::allocator<void> > >, std::shared_ptr<std_srvs::srv::Trigger_Response_<std::allocator<void> > >)>, std::function<void(std::shared_ptr<rmw_request_id_s>, std::shared_ptr<std_srvs::srv::Trigger_Request_<std::allocator<void> > >)>, std::function<void(std::shared_ptr<rclcpp::Service<std_srvs::srv::Trigger> >, std::shared_ptr<rmw_request_id_s>, std::shared_ptr<std_srvs::srv::Trigger_Request_<std::allocator<void> > >)> >&\x1b[m\x1b[K\xe2\x80\x99\n'}
[6.306425] (vehicle_core) StderrLine: {'line': b' 1398 |       variant& operator=(\x1b[01;36m\x1b[Kconst variant&\x1b[m\x1b[K) = default;\n'}
[6.306497] (vehicle_core) StderrLine: {'line': b'      |                          \x1b[01;36m\x1b[K^~~~~~~~~~~~~~\x1b[m\x1b[K\n'}
[6.306570] (vehicle_core) StderrLine: {'line': b'\x1b[01m\x1b[K/usr/include/c++/11/variant:1399:16:\x1b[m\x1b[K \x1b[01;36m\x1b[Knote: \x1b[m\x1b[Kcandidate: \xe2\x80\x98\x1b[01m\x1b[Kstd::variant<_Types>& std::variant<_Types>::operator=(std::variant<_Types>&&) [with _Types = {std::monostate, std::function<void(std::shared_ptr<std_srvs::srv::Trigger_Request_<std::allocator<void> > >, std::shared_ptr<std_srvs::srv::Trigger_Response_<std::allocator<void> > >)>, std::function<void(std::shared_ptr<rmw_request_id_s>, std::shared_ptr<std_srvs::srv::Trigger_Request_<std::allocator<void> > >, std::shared_ptr<std_srvs::srv::Trigger_Response_<std::allocator<void> > >)>, std::function<void(std::shared_ptr<rmw_request_id_s>, std::shared_ptr<std_srvs::srv::Trigger_Request_<std::allocator<void> > >)>, std::function<void(std::shared_ptr<rclcpp::Service<std_srvs::srv::Trigger> >, std::shared_ptr<rmw_request_id_s>, std::shared_ptr<std_srvs::srv::Trigger_Request_<std::allocator<void> > >)>}]\x1b[m\x1b[K\xe2\x80\x99\n'}
[6.306661] (vehicle_core) StderrLine: {'line': b' 1399 |       variant& \x1b[01;36m\x1b[Koperator\x1b[m\x1b[K=(variant&&) = default;\n'}
[6.306737] (vehicle_core) StderrLine: {'line': b'      |                \x1b[01;36m\x1b[K^~~~~~~~\x1b[m\x1b[K\n'}
[6.306808] (vehicle_core) StderrLine: {'line': b'\x1b[01m\x1b[K/usr/include/c++/11/variant:1399:26:\x1b[m\x1b[K \x1b[01;36m\x1b[Knote: \x1b[m\x1b[K  no known conversion for argument 1 from \xe2\x80\x98\x1b[01m\x1b[Kstd::_Bind<void (vehicle_core::AutopilotNode::*(vehicle_core::AutopilotNode*, std::_Placeholder<1>, std::_Placeholder<2>))(...)>\x1b[m\x1b[K\xe2\x80\x99 to \xe2\x80\x98\x1b[01m\x1b[Kstd::variant<std::monostate, std::function<void(std::shared_ptr<std_srvs::srv::Trigger_Request_<std::allocator<void> > >, std::shared_ptr<std_srvs::srv::Trigger_Response_<std::allocator<void> > >)>, std::function<void(std::shared_ptr<rmw_request_id_s>, std::shared_ptr<std_srvs::srv::Trigger_Request_<std::allocator<void> > >, std::shared_ptr<std_srvs::srv::Trigger_Response_<std::allocator<void> > >)>, std::function<void(std::shared_ptr<rmw_request_id_s>, std::shared_ptr<std_srvs::srv::Trigger_Request_<std::allocator<void> > >)>, std::function<void(std::shared_ptr<rclcpp::Service<std_srvs::srv::Trigger> >, std::shared_ptr<rmw_request_id_s>, std::shared_ptr<std_srvs::srv::Trigger_Request_<std::allocator<void> > >)> >&&\x1b[m\x1b[K\xe2\x80\x99\n'}
[6.306909] (vehicle_core) StderrLine: {'line': b' 1399 |       variant& operator=(\x1b[01;36m\x1b[Kvariant&&\x1b[m\x1b[K) = default;\n'}
[6.306989] (vehicle_core) StderrLine: {'line': b'      |                          \x1b[01;36m\x1b[K^~~~~~~~~\x1b[m\x1b[K\n'}
[6.371906] (-) TimerEvent: {}
[6.473083] (-) TimerEvent: {}
[6.574240] (-) TimerEvent: {}
[6.674886] (-) TimerEvent: {}
[6.775543] (-) TimerEvent: {}
[6.876210] (-) TimerEvent: {}
[6.976876] (-) TimerEvent: {}
[7.077555] (-) TimerEvent: {}
[7.178204] (-) TimerEvent: {}
[7.278870] (-) TimerEvent: {}
[7.379541] (-) TimerEvent: {}
[7.480201] (-) TimerEvent: {}
[7.580864] (-) TimerEvent: {}
[7.681519] (-) TimerEvent: {}
[7.782169] (-) TimerEvent: {}
[7.882823] (-) TimerEvent: {}
[7.983458] (-) TimerEvent: {}
[8.084101] (-) TimerEvent: {}
[8.184762] (-) TimerEvent: {}
[8.285416] (-) TimerEvent: {}
[8.386066] (-) TimerEvent: {}
[8.486732] (-) TimerEvent: {}
[8.587373] (-) TimerEvent: {}
[8.688031] (-) TimerEvent: {}
[8.788693] (-) TimerEvent: {}
[8.889355] (-) TimerEvent: {}
[8.990016] (-) TimerEvent: {}
[9.090684] (-) TimerEvent: {}
[9.191373] (-) TimerEvent: {}
[9.292026] (-) TimerEvent: {}
[9.392695] (-) TimerEvent: {}
[9.493353] (-) TimerEvent: {}
[9.593999] (-) TimerEvent: {}
[9.694674] (-) TimerEvent: {}
[9.795307] (-) TimerEvent: {}
[9.895967] (-) TimerEvent: {}
[9.996616] (-) TimerEvent: {}
[10.097248] (-) TimerEvent: {}
[10.197913] (-) TimerEvent: {}
[10.298547] (-) TimerEvent: {}
[10.399160] (-) TimerEvent: {}
[10.499791] (-) TimerEvent: {}
[10.600429] (-) TimerEvent: {}
[10.701092] (-) TimerEvent: {}
[10.801782] (-) TimerEvent: {}
[10.902457] (-) TimerEvent: {}
[11.003064] (-) TimerEvent: {}
[11.103696] (-) TimerEvent: {}
[11.204371] (-) TimerEvent: {}
[11.305061] (-) TimerEvent: {}
[11.405742] (-) TimerEvent: {}
[11.506374] (-) TimerEvent: {}
[11.607025] (-) TimerEvent: {}
[11.697500] (vehicle_core) StderrLine: {'line': b'gmake[2]: *** [CMakeFiles/autopilot_node_component.dir/build.make:76: CMakeFiles/autopilot_node_component.dir/src/autopilot_node.cpp.o] Error 1\n'}
[11.698186] (vehicle_core) StderrLine: {'line': b'gmake[1]: *** [CMakeFiles/Makefile2:778: CMakeFiles/autopilot_node_component.dir/all] Error 2\n'}
[11.698563] (vehicle_core) StderrLine: {'line': b'gmake: *** [Makefile:146: all] Error 2\n'}
[11.706122] (vehicle_core) CommandEnded: {'returncode': 2}
[11.707094] (-) TimerEvent: {}
[11.727168] (vehicle_core) JobEnded: {'identifier': 'vehicle_core', 'rc': 2}
[11.738324] (-) EventReactorShutdown: {}
