[0.000000] (-) TimerEvent: {}
[0.000979] (computer_vision) JobQueued: {'identifier': 'computer_vision', 'dependencies': OrderedDict()}
[0.001201] (object_detector) JobQueued: {'identifier': 'object_detector', 'dependencies': OrderedDict()}
[0.001388] (vehicle_core) JobQueued: {'identifier': 'vehicle_core', 'dependencies': OrderedDict()}
[0.001582] (computer_vision) JobStarted: {'identifier': 'computer_vision'}
[0.009817] (object_detector) JobStarted: {'identifier': 'object_detector'}
[0.015726] (vehicle_core) JobStarted: {'identifier': 'vehicle_core'}
[0.023855] (computer_vision) JobProgress: {'identifier': 'computer_vision', 'progress': 'cmake'}
[0.026038] (computer_vision) JobProgress: {'identifier': 'computer_vision', 'progress': 'build'}
[0.029316] (computer_vision) Command: {'cmd': ['/usr/bin/cmake', '--build', '/home/avcpp/AV-CPP2025/Vehicle/build/computer_vision', '--', '-j8', '-l8'], 'cwd': '/home/avcpp/AV-CPP2025/Vehicle/build/computer_vision', 'env': OrderedDict([('LESSOPEN', '| /usr/bin/lesspipe %s'), ('UMS_MOUNTPOINT', '/mnt/ums'), ('GST_V4L2_PREFERRED_FOURCC', 'NV12:YU12:NV16:YUY2'), ('LANGUAGE', 'en_US.UTF-8'), ('USER', 'avcpp'), ('SSH_CLIENT', '192.168.8.104 55278 22'), ('XDG_SESSION_TYPE', 'tty'), ('SHLVL', '1'), ('USB_FUNCS', 'adb'), ('LD_LIBRARY_PATH', '/opt/ros/humble/opt/rviz_ogre_vendor/lib:/opt/ros/humble/lib/aarch64-linux-gnu:/opt/ros/humble/lib'), ('BROWSER', '/home/avcpp/.vscode-server/cli/servers/Stable-bf9252a2fb45be6893dd8870c0bf37e2e1766d61/server/bin/helpers/browser.sh'), ('MOTD_SHOWN', 'pam'), ('HOME', '/home/avcpp'), ('OLDPWD', '/home/avcpp/AV-CPP2025/Vehicle'), ('TERM_PROGRAM_VERSION', '1.106.3'), ('VSCODE_IPC_HOOK_CLI', '/run/user/1001/vscode-ipc-29a14b5f-27a1-4ba4-a7b1-8866c400ef58.sock'), ('GST_INSPECT_NO_COLORS', '1'), ('GST_MPP_NO_RGA', '1'), ('ROS_PYTHON_VERSION', '3'), ('COGL_DRIVER', 'gles2'), ('SSL_CERT_FILE', '/usr/lib/ssl/certs/ca-certificates.crt'), ('VSCODE_PYTHON_AUTOACTIVATE_GUARD', '1'), ('DBUS_SESSION_BUS_ADDRESS', 'unix:path=/run/user/1001/bus'), ('COLORTERM', 'truecolor'), ('GST_V4L2SRC_MAX_RESOLUTION', '3840x2160'), ('ROS_DISTRO', 'humble'), ('LOGNAME', 'avcpp'), ('_', '/usr/bin/colcon'), ('ROS_VERSION', '2'), ('XDG_SESSION_CLASS', 'user'), ('TERM', 'xterm-256color'), ('GST_GL_API', 'gles2'), ('XDG_SESSION_ID', '5'), ('GST_VIDEO_CONVERT_PREFERRED_FORMAT', 'NV12:NV16:I420:YUY2'), ('GST_V4L2SRC_RK_DEVICES', '_mainpath:_selfpath:_bypass:_scale'), ('ROS_LOCALHOST_ONLY', '0'), ('PATH', '/home/avcpp/.vscode-server/cli/servers/Stable-bf9252a2fb45be6893dd8870c0bf37e2e1766d61/server/bin/remote-cli:/home/avcpp/.local/bin:/opt/ros/humble/bin:/usr/local/sbin:/usr/local/bin:/usr/sbin:/usr/bin:/sbin:/bin:/usr/games:/usr/local/games:/snap/bin'), ('XDG_RUNTIME_DIR', '/run/user/1001'), ('GST_GL_PLATFORM', 'egl'), ('GST_DEBUG_NO_COLOR', '1'), ('SSL_CERT_DIR', '/usr/lib/ssl/certs'), ('GST_V4L2SRC_DEFAULT_DEVICE', '/dev/video-camera0'), ('DISPLAY', ':0'), ('LANG', 'en_US.UTF-8'), ('LS_COLORS', 'rs=0:di=01;34:ln=01;36:mh=00:pi=40;33:so=01;35:do=01;35:bd=40;33;01:cd=40;33;01:or=40;31;01:mi=00:su=37;41:sg=30;43:ca=30;41:tw=30;42:ow=34;42:st=37;44:ex=01;32:*.tar=01;31:*.tgz=01;31:*.arc=01;31:*.arj=01;31:*.taz=01;31:*.lha=01;31:*.lz4=01;31:*.lzh=01;31:*.lzma=01;31:*.tlz=01;31:*.txz=01;31:*.tzo=01;31:*.t7z=01;31:*.zip=01;31:*.z=01;31:*.dz=01;31:*.gz=01;31:*.lrz=01;31:*.lz=01;31:*.lzo=01;31:*.xz=01;31:*.zst=01;31:*.tzst=01;31:*.bz2=01;31:*.bz=01;31:*.tbz=01;31:*.tbz2=01;31:*.tz=01;31:*.deb=01;31:*.rpm=01;31:*.jar=01;31:*.war=01;31:*.ear=01;31:*.sar=01;31:*.rar=01;31:*.alz=01;31:*.ace=01;31:*.zoo=01;31:*.cpio=01;31:*.7z=01;31:*.rz=01;31:*.cab=01;31:*.wim=01;31:*.swm=01;31:*.dwm=01;31:*.esd=01;31:*.jpg=01;35:*.jpeg=01;35:*.mjpg=01;35:*.mjpeg=01;35:*.gif=01;35:*.bmp=01;35:*.pbm=01;35:*.pgm=01;35:*.ppm=01;35:*.tga=01;35:*.xbm=01;35:*.xpm=01;35:*.tif=01;35:*.tiff=01;35:*.png=01;35:*.svg=01;35:*.svgz=01;35:*.mng=01;35:*.pcx=01;35:*.mov=01;35:*.mpg=01;35:*.mpeg=01;35:*.m2v=01;35:*.mkv=01;35:*.webm=01;35:*.webp=01;35:*.ogm=01;35:*.mp4=01;35:*.m4v=01;35:*.mp4v=01;35:*.vob=01;35:*.qt=01;35:*.nuv=01;35:*.wmv=01;35:*.asf=01;35:*.rm=01;35:*.rmvb=01;35:*.flc=01;35:*.avi=01;35:*.fli=01;35:*.flv=01;35:*.gl=01;35:*.dl=01;35:*.xcf=01;35:*.xwd=01;35:*.yuv=01;35:*.cgm=01;35:*.emf=01;35:*.ogv=01;35:*.ogx=01;35:*.aac=00;36:*.au=00;36:*.flac=00;36:*.m4a=00;36:*.mid=00;36:*.midi=00;36:*.mka=00;36:*.mp3=00;36:*.mpc=00;36:*.ogg=00;36:*.ra=00;36:*.wav=00;36:*.oga=00;36:*.opus=00;36:*.spx=00;36:*.xspf=00;36:'), ('TERM_PROGRAM', 'vscode'), ('GST_V4L2_USE_LIBV4L2', '1'), ('UMS_SIZE', '256M'), ('AMENT_PREFIX_PATH', '/opt/ros/humble'), ('LC_MESSAGES', 'en_US.UTF-8'), ('SHELL', '/bin/bash'), ('UMS_RO', '0'), ('LESSCLOSE', '/usr/bin/lesspipe %s %s'), ('UMS_FSTYPE', 'vfat'), ('PWD', '/home/avcpp/AV-CPP2025/Vehicle/build/computer_vision'), ('LC_ALL', 'en_US.UTF-8'), ('SSH_CONNECTION', '192.168.8.104 55278 192.168.8.176 22'), ('PYTHONPATH', '/opt/ros/humble/lib/python3.10/site-packages:/opt/ros/humble/local/lib/python3.10/dist-packages'), ('UMS_MOUNT', '0'), ('COLCON', '1'), ('UMS_FILE', '/userdata/ums_shared.img'), ('CMAKE_PREFIX_PATH', '/opt/ros/humble')]), 'shell': False}
[0.039294] (object_detector) JobProgress: {'identifier': 'object_detector', 'progress': 'cmake'}
[0.040555] (object_detector) JobProgress: {'identifier': 'object_detector', 'progress': 'build'}
[0.041141] (object_detector) Command: {'cmd': ['/usr/bin/cmake', '--build', '/home/avcpp/AV-CPP2025/Vehicle/build/object_detector', '--', '-j8', '-l8'], 'cwd': '/home/avcpp/AV-CPP2025/Vehicle/build/object_detector', 'env': OrderedDict([('LESSOPEN', '| /usr/bin/lesspipe %s'), ('UMS_MOUNTPOINT', '/mnt/ums'), ('GST_V4L2_PREFERRED_FOURCC', 'NV12:YU12:NV16:YUY2'), ('LANGUAGE', 'en_US.UTF-8'), ('USER', 'avcpp'), ('SSH_CLIENT', '192.168.8.104 55278 22'), ('XDG_SESSION_TYPE', 'tty'), ('SHLVL', '1'), ('USB_FUNCS', 'adb'), ('LD_LIBRARY_PATH', '/opt/ros/humble/opt/rviz_ogre_vendor/lib:/opt/ros/humble/lib/aarch64-linux-gnu:/opt/ros/humble/lib'), ('BROWSER', '/home/avcpp/.vscode-server/cli/servers/Stable-bf9252a2fb45be6893dd8870c0bf37e2e1766d61/server/bin/helpers/browser.sh'), ('MOTD_SHOWN', 'pam'), ('HOME', '/home/avcpp'), ('OLDPWD', '/home/avcpp/AV-CPP2025/Vehicle'), ('TERM_PROGRAM_VERSION', '1.106.3'), ('VSCODE_IPC_HOOK_CLI', '/run/user/1001/vscode-ipc-29a14b5f-27a1-4ba4-a7b1-8866c400ef58.sock'), ('GST_INSPECT_NO_COLORS', '1'), ('GST_MPP_NO_RGA', '1'), ('ROS_PYTHON_VERSION', '3'), ('COGL_DRIVER', 'gles2'), ('SSL_CERT_FILE', '/usr/lib/ssl/certs/ca-certificates.crt'), ('VSCODE_PYTHON_AUTOACTIVATE_GUARD', '1'), ('DBUS_SESSION_BUS_ADDRESS', 'unix:path=/run/user/1001/bus'), ('COLORTERM', 'truecolor'), ('GST_V4L2SRC_MAX_RESOLUTION', '3840x2160'), ('ROS_DISTRO', 'humble'), ('LOGNAME', 'avcpp'), ('_', '/usr/bin/colcon'), ('ROS_VERSION', '2'), ('XDG_SESSION_CLASS', 'user'), ('TERM', 'xterm-256color'), ('GST_GL_API', 'gles2'), ('XDG_SESSION_ID', '5'), ('GST_VIDEO_CONVERT_PREFERRED_FORMAT', 'NV12:NV16:I420:YUY2'), ('GST_V4L2SRC_RK_DEVICES', '_mainpath:_selfpath:_bypass:_scale'), ('ROS_LOCALHOST_ONLY', '0'), ('PATH', '/home/avcpp/.vscode-server/cli/servers/Stable-bf9252a2fb45be6893dd8870c0bf37e2e1766d61/server/bin/remote-cli:/home/avcpp/.local/bin:/opt/ros/humble/bin:/usr/local/sbin:/usr/local/bin:/usr/sbin:/usr/bin:/sbin:/bin:/usr/games:/usr/local/games:/snap/bin'), ('XDG_RUNTIME_DIR', '/run/user/1001'), ('GST_GL_PLATFORM', 'egl'), ('GST_DEBUG_NO_COLOR', '1'), ('SSL_CERT_DIR', '/usr/lib/ssl/certs'), ('GST_V4L2SRC_DEFAULT_DEVICE', '/dev/video-camera0'), ('DISPLAY', ':0'), ('LANG', 'en_US.UTF-8'), ('LS_COLORS', 'rs=0:di=01;34:ln=01;36:mh=00:pi=40;33:so=01;35:do=01;35:bd=40;33;01:cd=40;33;01:or=40;31;01:mi=00:su=37;41:sg=30;43:ca=30;41:tw=30;42:ow=34;42:st=37;44:ex=01;32:*.tar=01;31:*.tgz=01;31:*.arc=01;31:*.arj=01;31:*.taz=01;31:*.lha=01;31:*.lz4=01;31:*.lzh=01;31:*.lzma=01;31:*.tlz=01;31:*.txz=01;31:*.tzo=01;31:*.t7z=01;31:*.zip=01;31:*.z=01;31:*.dz=01;31:*.gz=01;31:*.lrz=01;31:*.lz=01;31:*.lzo=01;31:*.xz=01;31:*.zst=01;31:*.tzst=01;31:*.bz2=01;31:*.bz=01;31:*.tbz=01;31:*.tbz2=01;31:*.tz=01;31:*.deb=01;31:*.rpm=01;31:*.jar=01;31:*.war=01;31:*.ear=01;31:*.sar=01;31:*.rar=01;31:*.alz=01;31:*.ace=01;31:*.zoo=01;31:*.cpio=01;31:*.7z=01;31:*.rz=01;31:*.cab=01;31:*.wim=01;31:*.swm=01;31:*.dwm=01;31:*.esd=01;31:*.jpg=01;35:*.jpeg=01;35:*.mjpg=01;35:*.mjpeg=01;35:*.gif=01;35:*.bmp=01;35:*.pbm=01;35:*.pgm=01;35:*.ppm=01;35:*.tga=01;35:*.xbm=01;35:*.xpm=01;35:*.tif=01;35:*.tiff=01;35:*.png=01;35:*.svg=01;35:*.svgz=01;35:*.mng=01;35:*.pcx=01;35:*.mov=01;35:*.mpg=01;35:*.mpeg=01;35:*.m2v=01;35:*.mkv=01;35:*.webm=01;35:*.webp=01;35:*.ogm=01;35:*.mp4=01;35:*.m4v=01;35:*.mp4v=01;35:*.vob=01;35:*.qt=01;35:*.nuv=01;35:*.wmv=01;35:*.asf=01;35:*.rm=01;35:*.rmvb=01;35:*.flc=01;35:*.avi=01;35:*.fli=01;35:*.flv=01;35:*.gl=01;35:*.dl=01;35:*.xcf=01;35:*.xwd=01;35:*.yuv=01;35:*.cgm=01;35:*.emf=01;35:*.ogv=01;35:*.ogx=01;35:*.aac=00;36:*.au=00;36:*.flac=00;36:*.m4a=00;36:*.mid=00;36:*.midi=00;36:*.mka=00;36:*.mp3=00;36:*.mpc=00;36:*.ogg=00;36:*.ra=00;36:*.wav=00;36:*.oga=00;36:*.opus=00;36:*.spx=00;36:*.xspf=00;36:'), ('TERM_PROGRAM', 'vscode'), ('GST_V4L2_USE_LIBV4L2', '1'), ('UMS_SIZE', '256M'), ('AMENT_PREFIX_PATH', '/opt/ros/humble'), ('LC_MESSAGES', 'en_US.UTF-8'), ('SHELL', '/bin/bash'), ('UMS_RO', '0'), ('LESSCLOSE', '/usr/bin/lesspipe %s %s'), ('UMS_FSTYPE', 'vfat'), ('PWD', '/home/avcpp/AV-CPP2025/Vehicle/build/object_detector'), ('LC_ALL', 'en_US.UTF-8'), ('SSH_CONNECTION', '192.168.8.104 55278 192.168.8.176 22'), ('PYTHONPATH', '/opt/ros/humble/lib/python3.10/site-packages:/opt/ros/humble/local/lib/python3.10/dist-packages'), ('UMS_MOUNT', '0'), ('COLCON', '1'), ('UMS_FILE', '/userdata/ums_shared.img'), ('CMAKE_PREFIX_PATH', '/opt/ros/humble')]), 'shell': False}
[0.049673] (vehicle_core) JobProgress: {'identifier': 'vehicle_core', 'progress': 'cmake'}
[0.051315] (vehicle_core) JobProgress: {'identifier': 'vehicle_core', 'progress': 'build'}
[0.052108] (vehicle_core) Command: {'cmd': ['/usr/bin/cmake', '--build', '/home/avcpp/AV-CPP2025/Vehicle/build/vehicle_core', '--', '-j8', '-l8'], 'cwd': '/home/avcpp/AV-CPP2025/Vehicle/build/vehicle_core', 'env': OrderedDict([('LESSOPEN', '| /usr/bin/lesspipe %s'), ('UMS_MOUNTPOINT', '/mnt/ums'), ('GST_V4L2_PREFERRED_FOURCC', 'NV12:YU12:NV16:YUY2'), ('LANGUAGE', 'en_US.UTF-8'), ('USER', 'avcpp'), ('SSH_CLIENT', '192.168.8.104 55278 22'), ('XDG_SESSION_TYPE', 'tty'), ('SHLVL', '1'), ('USB_FUNCS', 'adb'), ('LD_LIBRARY_PATH', '/opt/ros/humble/opt/rviz_ogre_vendor/lib:/opt/ros/humble/lib/aarch64-linux-gnu:/opt/ros/humble/lib'), ('BROWSER', '/home/avcpp/.vscode-server/cli/servers/Stable-bf9252a2fb45be6893dd8870c0bf37e2e1766d61/server/bin/helpers/browser.sh'), ('MOTD_SHOWN', 'pam'), ('HOME', '/home/avcpp'), ('OLDPWD', '/home/avcpp/AV-CPP2025/Vehicle'), ('TERM_PROGRAM_VERSION', '1.106.3'), ('VSCODE_IPC_HOOK_CLI', '/run/user/1001/vscode-ipc-29a14b5f-27a1-4ba4-a7b1-8866c400ef58.sock'), ('GST_INSPECT_NO_COLORS', '1'), ('GST_MPP_NO_RGA', '1'), ('ROS_PYTHON_VERSION', '3'), ('COGL_DRIVER', 'gles2'), ('SSL_CERT_FILE', '/usr/lib/ssl/certs/ca-certificates.crt'), ('VSCODE_PYTHON_AUTOACTIVATE_GUARD', '1'), ('DBUS_SESSION_BUS_ADDRESS', 'unix:path=/run/user/1001/bus'), ('COLORTERM', 'truecolor'), ('GST_V4L2SRC_MAX_RESOLUTION', '3840x2160'), ('ROS_DISTRO', 'humble'), ('LOGNAME', 'avcpp'), ('_', '/usr/bin/colcon'), ('ROS_VERSION', '2'), ('XDG_SESSION_CLASS', 'user'), ('TERM', 'xterm-256color'), ('GST_GL_API', 'gles2'), ('XDG_SESSION_ID', '5'), ('GST_VIDEO_CONVERT_PREFERRED_FORMAT', 'NV12:NV16:I420:YUY2'), ('GST_V4L2SRC_RK_DEVICES', '_mainpath:_selfpath:_bypass:_scale'), ('ROS_LOCALHOST_ONLY', '0'), ('PATH', '/home/avcpp/.vscode-server/cli/servers/Stable-bf9252a2fb45be6893dd8870c0bf37e2e1766d61/server/bin/remote-cli:/home/avcpp/.local/bin:/opt/ros/humble/bin:/usr/local/sbin:/usr/local/bin:/usr/sbin:/usr/bin:/sbin:/bin:/usr/games:/usr/local/games:/snap/bin'), ('XDG_RUNTIME_DIR', '/run/user/1001'), ('GST_GL_PLATFORM', 'egl'), ('GST_DEBUG_NO_COLOR', '1'), ('SSL_CERT_DIR', '/usr/lib/ssl/certs'), ('GST_V4L2SRC_DEFAULT_DEVICE', '/dev/video-camera0'), ('DISPLAY', ':0'), ('LANG', 'en_US.UTF-8'), ('LS_COLORS', 'rs=0:di=01;34:ln=01;36:mh=00:pi=40;33:so=01;35:do=01;35:bd=40;33;01:cd=40;33;01:or=40;31;01:mi=00:su=37;41:sg=30;43:ca=30;41:tw=30;42:ow=34;42:st=37;44:ex=01;32:*.tar=01;31:*.tgz=01;31:*.arc=01;31:*.arj=01;31:*.taz=01;31:*.lha=01;31:*.lz4=01;31:*.lzh=01;31:*.lzma=01;31:*.tlz=01;31:*.txz=01;31:*.tzo=01;31:*.t7z=01;31:*.zip=01;31:*.z=01;31:*.dz=01;31:*.gz=01;31:*.lrz=01;31:*.lz=01;31:*.lzo=01;31:*.xz=01;31:*.zst=01;31:*.tzst=01;31:*.bz2=01;31:*.bz=01;31:*.tbz=01;31:*.tbz2=01;31:*.tz=01;31:*.deb=01;31:*.rpm=01;31:*.jar=01;31:*.war=01;31:*.ear=01;31:*.sar=01;31:*.rar=01;31:*.alz=01;31:*.ace=01;31:*.zoo=01;31:*.cpio=01;31:*.7z=01;31:*.rz=01;31:*.cab=01;31:*.wim=01;31:*.swm=01;31:*.dwm=01;31:*.esd=01;31:*.jpg=01;35:*.jpeg=01;35:*.mjpg=01;35:*.mjpeg=01;35:*.gif=01;35:*.bmp=01;35:*.pbm=01;35:*.pgm=01;35:*.ppm=01;35:*.tga=01;35:*.xbm=01;35:*.xpm=01;35:*.tif=01;35:*.tiff=01;35:*.png=01;35:*.svg=01;35:*.svgz=01;35:*.mng=01;35:*.pcx=01;35:*.mov=01;35:*.mpg=01;35:*.mpeg=01;35:*.m2v=01;35:*.mkv=01;35:*.webm=01;35:*.webp=01;35:*.ogm=01;35:*.mp4=01;35:*.m4v=01;35:*.mp4v=01;35:*.vob=01;35:*.qt=01;35:*.nuv=01;35:*.wmv=01;35:*.asf=01;35:*.rm=01;35:*.rmvb=01;35:*.flc=01;35:*.avi=01;35:*.fli=01;35:*.flv=01;35:*.gl=01;35:*.dl=01;35:*.xcf=01;35:*.xwd=01;35:*.yuv=01;35:*.cgm=01;35:*.emf=01;35:*.ogv=01;35:*.ogx=01;35:*.aac=00;36:*.au=00;36:*.flac=00;36:*.m4a=00;36:*.mid=00;36:*.midi=00;36:*.mka=00;36:*.mp3=00;36:*.mpc=00;36:*.ogg=00;36:*.ra=00;36:*.wav=00;36:*.oga=00;36:*.opus=00;36:*.spx=00;36:*.xspf=00;36:'), ('TERM_PROGRAM', 'vscode'), ('GST_V4L2_USE_LIBV4L2', '1'), ('UMS_SIZE', '256M'), ('AMENT_PREFIX_PATH', '/opt/ros/humble'), ('LC_MESSAGES', 'en_US.UTF-8'), ('SHELL', '/bin/bash'), ('UMS_RO', '0'), ('LESSCLOSE', '/usr/bin/lesspipe %s %s'), ('UMS_FSTYPE', 'vfat'), ('PWD', '/home/avcpp/AV-CPP2025/Vehicle/build/vehicle_core'), ('LC_ALL', 'en_US.UTF-8'), ('SSH_CONNECTION', '192.168.8.104 55278 192.168.8.176 22'), ('PYTHONPATH', '/opt/ros/humble/lib/python3.10/site-packages:/opt/ros/humble/local/lib/python3.10/dist-packages'), ('UMS_MOUNT', '0'), ('COLCON', '1'), ('UMS_FILE', '/userdata/ums_shared.img'), ('CMAKE_PREFIX_PATH', '/opt/ros/humble')]), 'shell': False}
[0.097858] (-) TimerEvent: {}
[0.194887] (object_detector) CommandEnded: {'returncode': 0}
[0.196369] (object_detector) JobProgress: {'identifier': 'object_detector', 'progress': 'install'}
[0.197946] (-) TimerEvent: {}
[0.216249] (object_detector) Command: {'cmd': ['/usr/bin/cmake', '--install', '/home/avcpp/AV-CPP2025/Vehicle/build/object_detector'], 'cwd': '/home/avcpp/AV-CPP2025/Vehicle/build/object_detector', 'env': OrderedDict([('LESSOPEN', '| /usr/bin/lesspipe %s'), ('UMS_MOUNTPOINT', '/mnt/ums'), ('GST_V4L2_PREFERRED_FOURCC', 'NV12:YU12:NV16:YUY2'), ('LANGUAGE', 'en_US.UTF-8'), ('USER', 'avcpp'), ('SSH_CLIENT', '192.168.8.104 55278 22'), ('XDG_SESSION_TYPE', 'tty'), ('SHLVL', '1'), ('USB_FUNCS', 'adb'), ('LD_LIBRARY_PATH', '/opt/ros/humble/opt/rviz_ogre_vendor/lib:/opt/ros/humble/lib/aarch64-linux-gnu:/opt/ros/humble/lib'), ('BROWSER', '/home/avcpp/.vscode-server/cli/servers/Stable-bf9252a2fb45be6893dd8870c0bf37e2e1766d61/server/bin/helpers/browser.sh'), ('MOTD_SHOWN', 'pam'), ('HOME', '/home/avcpp'), ('OLDPWD', '/home/avcpp/AV-CPP2025/Vehicle'), ('TERM_PROGRAM_VERSION', '1.106.3'), ('VSCODE_IPC_HOOK_CLI', '/run/user/1001/vscode-ipc-29a14b5f-27a1-4ba4-a7b1-8866c400ef58.sock'), ('GST_INSPECT_NO_COLORS', '1'), ('GST_MPP_NO_RGA', '1'), ('ROS_PYTHON_VERSION', '3'), ('COGL_DRIVER', 'gles2'), ('SSL_CERT_FILE', '/usr/lib/ssl/certs/ca-certificates.crt'), ('VSCODE_PYTHON_AUTOACTIVATE_GUARD', '1'), ('DBUS_SESSION_BUS_ADDRESS', 'unix:path=/run/user/1001/bus'), ('COLORTERM', 'truecolor'), ('GST_V4L2SRC_MAX_RESOLUTION', '3840x2160'), ('ROS_DISTRO', 'humble'), ('LOGNAME', 'avcpp'), ('_', '/usr/bin/colcon'), ('ROS_VERSION', '2'), ('XDG_SESSION_CLASS', 'user'), ('TERM', 'xterm-256color'), ('GST_GL_API', 'gles2'), ('XDG_SESSION_ID', '5'), ('GST_VIDEO_CONVERT_PREFERRED_FORMAT', 'NV12:NV16:I420:YUY2'), ('GST_V4L2SRC_RK_DEVICES', '_mainpath:_selfpath:_bypass:_scale'), ('ROS_LOCALHOST_ONLY', '0'), ('PATH', '/home/avcpp/.vscode-server/cli/servers/Stable-bf9252a2fb45be6893dd8870c0bf37e2e1766d61/server/bin/remote-cli:/home/avcpp/.local/bin:/opt/ros/humble/bin:/usr/local/sbin:/usr/local/bin:/usr/sbin:/usr/bin:/sbin:/bin:/usr/games:/usr/local/games:/snap/bin'), ('XDG_RUNTIME_DIR', '/run/user/1001'), ('GST_GL_PLATFORM', 'egl'), ('GST_DEBUG_NO_COLOR', '1'), ('SSL_CERT_DIR', '/usr/lib/ssl/certs'), ('GST_V4L2SRC_DEFAULT_DEVICE', '/dev/video-camera0'), ('DISPLAY', ':0'), ('LANG', 'en_US.UTF-8'), ('LS_COLORS', 'rs=0:di=01;34:ln=01;36:mh=00:pi=40;33:so=01;35:do=01;35:bd=40;33;01:cd=40;33;01:or=40;31;01:mi=00:su=37;41:sg=30;43:ca=30;41:tw=30;42:ow=34;42:st=37;44:ex=01;32:*.tar=01;31:*.tgz=01;31:*.arc=01;31:*.arj=01;31:*.taz=01;31:*.lha=01;31:*.lz4=01;31:*.lzh=01;31:*.lzma=01;31:*.tlz=01;31:*.txz=01;31:*.tzo=01;31:*.t7z=01;31:*.zip=01;31:*.z=01;31:*.dz=01;31:*.gz=01;31:*.lrz=01;31:*.lz=01;31:*.lzo=01;31:*.xz=01;31:*.zst=01;31:*.tzst=01;31:*.bz2=01;31:*.bz=01;31:*.tbz=01;31:*.tbz2=01;31:*.tz=01;31:*.deb=01;31:*.rpm=01;31:*.jar=01;31:*.war=01;31:*.ear=01;31:*.sar=01;31:*.rar=01;31:*.alz=01;31:*.ace=01;31:*.zoo=01;31:*.cpio=01;31:*.7z=01;31:*.rz=01;31:*.cab=01;31:*.wim=01;31:*.swm=01;31:*.dwm=01;31:*.esd=01;31:*.jpg=01;35:*.jpeg=01;35:*.mjpg=01;35:*.mjpeg=01;35:*.gif=01;35:*.bmp=01;35:*.pbm=01;35:*.pgm=01;35:*.ppm=01;35:*.tga=01;35:*.xbm=01;35:*.xpm=01;35:*.tif=01;35:*.tiff=01;35:*.png=01;35:*.svg=01;35:*.svgz=01;35:*.mng=01;35:*.pcx=01;35:*.mov=01;35:*.mpg=01;35:*.mpeg=01;35:*.m2v=01;35:*.mkv=01;35:*.webm=01;35:*.webp=01;35:*.ogm=01;35:*.mp4=01;35:*.m4v=01;35:*.mp4v=01;35:*.vob=01;35:*.qt=01;35:*.nuv=01;35:*.wmv=01;35:*.asf=01;35:*.rm=01;35:*.rmvb=01;35:*.flc=01;35:*.avi=01;35:*.fli=01;35:*.flv=01;35:*.gl=01;35:*.dl=01;35:*.xcf=01;35:*.xwd=01;35:*.yuv=01;35:*.cgm=01;35:*.emf=01;35:*.ogv=01;35:*.ogx=01;35:*.aac=00;36:*.au=00;36:*.flac=00;36:*.m4a=00;36:*.mid=00;36:*.midi=00;36:*.mka=00;36:*.mp3=00;36:*.mpc=00;36:*.ogg=00;36:*.ra=00;36:*.wav=00;36:*.oga=00;36:*.opus=00;36:*.spx=00;36:*.xspf=00;36:'), ('TERM_PROGRAM', 'vscode'), ('GST_V4L2_USE_LIBV4L2', '1'), ('UMS_SIZE', '256M'), ('AMENT_PREFIX_PATH', '/opt/ros/humble'), ('LC_MESSAGES', 'en_US.UTF-8'), ('SHELL', '/bin/bash'), ('UMS_RO', '0'), ('LESSCLOSE', '/usr/bin/lesspipe %s %s'), ('UMS_FSTYPE', 'vfat'), ('PWD', '/home/avcpp/AV-CPP2025/Vehicle/build/object_detector'), ('LC_ALL', 'en_US.UTF-8'), ('SSH_CONNECTION', '192.168.8.104 55278 192.168.8.176 22'), ('PYTHONPATH', '/opt/ros/humble/lib/python3.10/site-packages:/opt/ros/humble/local/lib/python3.10/dist-packages'), ('UMS_MOUNT', '0'), ('COLCON', '1'), ('UMS_FILE', '/userdata/ums_shared.img'), ('CMAKE_PREFIX_PATH', '/opt/ros/humble')]), 'shell': False}
[0.240877] (object_detector) StdoutLine: {'line': b'-- Install configuration: ""\n'}
[0.241503] (object_detector) StdoutLine: {'line': b'-- Up-to-date: /home/avcpp/AV-CPP2025/Vehicle/install/object_detector/lib/object_detector/object_detector.py\n'}
[0.241873] (vehicle_core) StdoutLine: {'line': b'[  1%] Built target vehicle_core__cpp\n'}
[0.245418] (object_detector) StdoutLine: {'line': b'-- Up-to-date: /home/avcpp/AV-CPP2025/Vehicle/install/object_detector/share/ament_index/resource_index/package_run_dependencies/object_detector\n'}
[0.246662] (object_detector) StdoutLine: {'line': b'-- Up-to-date: /home/avcpp/AV-CPP2025/Vehicle/install/object_detector/share/ament_index/resource_index/parent_prefix_path/object_detector\n'}
[0.248344] (object_detector) StdoutLine: {'line': b'-- Up-to-date: /home/avcpp/AV-CPP2025/Vehicle/install/object_detector/share/object_detector/environment/ament_prefix_path.sh\n'}
[0.249576] (object_detector) StdoutLine: {'line': b'-- Up-to-date: /home/avcpp/AV-CPP2025/Vehicle/install/object_detector/share/object_detector/environment/ament_prefix_path.dsv\n'}
[0.255517] (object_detector) StdoutLine: {'line': b'-- Up-to-date: /home/avcpp/AV-CPP2025/Vehicle/install/object_detector/share/object_detector/environment/path.sh\n'}
[0.257139] (object_detector) StdoutLine: {'line': b'-- Up-to-date: /home/avcpp/AV-CPP2025/Vehicle/install/object_detector/share/object_detector/environment/path.dsv\n'}
[0.258070] (object_detector) StdoutLine: {'line': b'-- Up-to-date: /home/avcpp/AV-CPP2025/Vehicle/install/object_detector/share/object_detector/local_setup.bash\n'}
[0.271238] (object_detector) StdoutLine: {'line': b'-- Up-to-date: /home/avcpp/AV-CPP2025/Vehicle/install/object_detector/share/object_detector/local_setup.sh\n'}
[0.271427] (object_detector) StdoutLine: {'line': b'-- Up-to-date: /home/avcpp/AV-CPP2025/Vehicle/install/object_detector/share/object_detector/local_setup.zsh\n'}
[0.271510] (object_detector) StdoutLine: {'line': b'-- Up-to-date: /home/avcpp/AV-CPP2025/Vehicle/install/object_detector/share/object_detector/local_setup.dsv\n'}
[0.271588] (object_detector) StdoutLine: {'line': b'-- Installing: /home/avcpp/AV-CPP2025/Vehicle/install/object_detector/share/object_detector/package.dsv\n'}
[0.271666] (object_detector) StdoutLine: {'line': b'-- Up-to-date: /home/avcpp/AV-CPP2025/Vehicle/install/object_detector/share/ament_index/resource_index/packages/object_detector\n'}
[0.273991] (computer_vision) StdoutLine: {'line': b'[100%] Built target computer_vision_node\n'}
[0.274184] (object_detector) StdoutLine: {'line': b'-- Up-to-date: /home/avcpp/AV-CPP2025/Vehicle/install/object_detector/share/object_detector/cmake/object_detectorConfig.cmake\n'}
[0.274271] (object_detector) StdoutLine: {'line': b'-- Up-to-date: /home/avcpp/AV-CPP2025/Vehicle/install/object_detector/share/object_detector/cmake/object_detectorConfig-version.cmake\n'}
[0.274346] (object_detector) StdoutLine: {'line': b'-- Up-to-date: /home/avcpp/AV-CPP2025/Vehicle/install/object_detector/share/object_detector/package.xml\n'}
[0.274421] (object_detector) CommandEnded: {'returncode': 0}
[0.287664] (vehicle_core) StdoutLine: {'line': b'[ 12%] Built target vehicle_core__rosidl_generator_c\n'}
[0.298318] (-) TimerEvent: {}
[0.310448] (vehicle_core) StdoutLine: {'line': b'[ 13%] Built target vehicle_core_container\n'}
[0.310725] (object_detector) JobEnded: {'identifier': 'object_detector', 'rc': 0}
[0.316969] (vehicle_core) StdoutLine: {'line': b'[ 24%] Built target vehicle_core__rosidl_typesupport_introspection_cpp\n'}
[0.323152] (computer_vision) CommandEnded: {'returncode': 0}
[0.323909] (computer_vision) JobProgress: {'identifier': 'computer_vision', 'progress': 'install'}
[0.323968] (computer_vision) Command: {'cmd': ['/usr/bin/cmake', '--install', '/home/avcpp/AV-CPP2025/Vehicle/build/computer_vision'], 'cwd': '/home/avcpp/AV-CPP2025/Vehicle/build/computer_vision', 'env': OrderedDict([('LESSOPEN', '| /usr/bin/lesspipe %s'), ('UMS_MOUNTPOINT', '/mnt/ums'), ('GST_V4L2_PREFERRED_FOURCC', 'NV12:YU12:NV16:YUY2'), ('LANGUAGE', 'en_US.UTF-8'), ('USER', 'avcpp'), ('SSH_CLIENT', '192.168.8.104 55278 22'), ('XDG_SESSION_TYPE', 'tty'), ('SHLVL', '1'), ('USB_FUNCS', 'adb'), ('LD_LIBRARY_PATH', '/opt/ros/humble/opt/rviz_ogre_vendor/lib:/opt/ros/humble/lib/aarch64-linux-gnu:/opt/ros/humble/lib'), ('BROWSER', '/home/avcpp/.vscode-server/cli/servers/Stable-bf9252a2fb45be6893dd8870c0bf37e2e1766d61/server/bin/helpers/browser.sh'), ('MOTD_SHOWN', 'pam'), ('HOME', '/home/avcpp'), ('OLDPWD', '/home/avcpp/AV-CPP2025/Vehicle'), ('TERM_PROGRAM_VERSION', '1.106.3'), ('VSCODE_IPC_HOOK_CLI', '/run/user/1001/vscode-ipc-29a14b5f-27a1-4ba4-a7b1-8866c400ef58.sock'), ('GST_INSPECT_NO_COLORS', '1'), ('GST_MPP_NO_RGA', '1'), ('ROS_PYTHON_VERSION', '3'), ('COGL_DRIVER', 'gles2'), ('SSL_CERT_FILE', '/usr/lib/ssl/certs/ca-certificates.crt'), ('VSCODE_PYTHON_AUTOACTIVATE_GUARD', '1'), ('DBUS_SESSION_BUS_ADDRESS', 'unix:path=/run/user/1001/bus'), ('COLORTERM', 'truecolor'), ('GST_V4L2SRC_MAX_RESOLUTION', '3840x2160'), ('ROS_DISTRO', 'humble'), ('LOGNAME', 'avcpp'), ('_', '/usr/bin/colcon'), ('ROS_VERSION', '2'), ('XDG_SESSION_CLASS', 'user'), ('TERM', 'xterm-256color'), ('GST_GL_API', 'gles2'), ('XDG_SESSION_ID', '5'), ('GST_VIDEO_CONVERT_PREFERRED_FORMAT', 'NV12:NV16:I420:YUY2'), ('GST_V4L2SRC_RK_DEVICES', '_mainpath:_selfpath:_bypass:_scale'), ('ROS_LOCALHOST_ONLY', '0'), ('PATH', '/home/avcpp/.vscode-server/cli/servers/Stable-bf9252a2fb45be6893dd8870c0bf37e2e1766d61/server/bin/remote-cli:/home/avcpp/.local/bin:/opt/ros/humble/bin:/usr/local/sbin:/usr/local/bin:/usr/sbin:/usr/bin:/sbin:/bin:/usr/games:/usr/local/games:/snap/bin'), ('XDG_RUNTIME_DIR', '/run/user/1001'), ('GST_GL_PLATFORM', 'egl'), ('GST_DEBUG_NO_COLOR', '1'), ('SSL_CERT_DIR', '/usr/lib/ssl/certs'), ('GST_V4L2SRC_DEFAULT_DEVICE', '/dev/video-camera0'), ('DISPLAY', ':0'), ('LANG', 'en_US.UTF-8'), ('LS_COLORS', 'rs=0:di=01;34:ln=01;36:mh=00:pi=40;33:so=01;35:do=01;35:bd=40;33;01:cd=40;33;01:or=40;31;01:mi=00:su=37;41:sg=30;43:ca=30;41:tw=30;42:ow=34;42:st=37;44:ex=01;32:*.tar=01;31:*.tgz=01;31:*.arc=01;31:*.arj=01;31:*.taz=01;31:*.lha=01;31:*.lz4=01;31:*.lzh=01;31:*.lzma=01;31:*.tlz=01;31:*.txz=01;31:*.tzo=01;31:*.t7z=01;31:*.zip=01;31:*.z=01;31:*.dz=01;31:*.gz=01;31:*.lrz=01;31:*.lz=01;31:*.lzo=01;31:*.xz=01;31:*.zst=01;31:*.tzst=01;31:*.bz2=01;31:*.bz=01;31:*.tbz=01;31:*.tbz2=01;31:*.tz=01;31:*.deb=01;31:*.rpm=01;31:*.jar=01;31:*.war=01;31:*.ear=01;31:*.sar=01;31:*.rar=01;31:*.alz=01;31:*.ace=01;31:*.zoo=01;31:*.cpio=01;31:*.7z=01;31:*.rz=01;31:*.cab=01;31:*.wim=01;31:*.swm=01;31:*.dwm=01;31:*.esd=01;31:*.jpg=01;35:*.jpeg=01;35:*.mjpg=01;35:*.mjpeg=01;35:*.gif=01;35:*.bmp=01;35:*.pbm=01;35:*.pgm=01;35:*.ppm=01;35:*.tga=01;35:*.xbm=01;35:*.xpm=01;35:*.tif=01;35:*.tiff=01;35:*.png=01;35:*.svg=01;35:*.svgz=01;35:*.mng=01;35:*.pcx=01;35:*.mov=01;35:*.mpg=01;35:*.mpeg=01;35:*.m2v=01;35:*.mkv=01;35:*.webm=01;35:*.webp=01;35:*.ogm=01;35:*.mp4=01;35:*.m4v=01;35:*.mp4v=01;35:*.vob=01;35:*.qt=01;35:*.nuv=01;35:*.wmv=01;35:*.asf=01;35:*.rm=01;35:*.rmvb=01;35:*.flc=01;35:*.avi=01;35:*.fli=01;35:*.flv=01;35:*.gl=01;35:*.dl=01;35:*.xcf=01;35:*.xwd=01;35:*.yuv=01;35:*.cgm=01;35:*.emf=01;35:*.ogv=01;35:*.ogx=01;35:*.aac=00;36:*.au=00;36:*.flac=00;36:*.m4a=00;36:*.mid=00;36:*.midi=00;36:*.mka=00;36:*.mp3=00;36:*.mpc=00;36:*.ogg=00;36:*.ra=00;36:*.wav=00;36:*.oga=00;36:*.opus=00;36:*.spx=00;36:*.xspf=00;36:'), ('TERM_PROGRAM', 'vscode'), ('GST_V4L2_USE_LIBV4L2', '1'), ('UMS_SIZE', '256M'), ('AMENT_PREFIX_PATH', '/opt/ros/humble'), ('LC_MESSAGES', 'en_US.UTF-8'), ('SHELL', '/bin/bash'), ('UMS_RO', '0'), ('LESSCLOSE', '/usr/bin/lesspipe %s %s'), ('UMS_FSTYPE', 'vfat'), ('PWD', '/home/avcpp/AV-CPP2025/Vehicle/build/computer_vision'), ('LC_ALL', 'en_US.UTF-8'), ('SSH_CONNECTION', '192.168.8.104 55278 192.168.8.176 22'), ('PYTHONPATH', '/opt/ros/humble/lib/python3.10/site-packages:/opt/ros/humble/local/lib/python3.10/dist-packages'), ('UMS_MOUNT', '0'), ('COLCON', '1'), ('UMS_FILE', '/userdata/ums_shared.img'), ('CMAKE_PREFIX_PATH', '/opt/ros/humble')]), 'shell': False}
[0.329517] (vehicle_core) StdoutLine: {'line': b'[ 25%] Built target rtsp_streamer_node\n'}
[0.329848] (vehicle_core) StdoutLine: {'line': b'[ 25%] Built target ament_cmake_python_copy_vehicle_core\n'}
[0.348796] (computer_vision) StdoutLine: {'line': b'-- Install configuration: ""\n'}
[0.349571] (computer_vision) StdoutLine: {'line': b'-- Up-to-date: /home/avcpp/AV-CPP2025/Vehicle/install/computer_vision/lib/libcomputer_vision_node.so\n'}
[0.350233] (computer_vision) StdoutLine: {'line': b'-- Up-to-date: /home/avcpp/AV-CPP2025/Vehicle/install/computer_vision/include\n'}
[0.350448] (computer_vision) StdoutLine: {'line': b'-- Up-to-date: /home/avcpp/AV-CPP2025/Vehicle/install/computer_vision/include/computer_vision\n'}
[0.350870] (computer_vision) StdoutLine: {'line': b'-- Up-to-date: /home/avcpp/AV-CPP2025/Vehicle/install/computer_vision/include/computer_vision/computer_vision.hpp\n'}
[0.350993] (computer_vision) StdoutLine: {'line': b'-- Up-to-date: /home/avcpp/AV-CPP2025/Vehicle/install/computer_vision/share/ament_index/resource_index/package_run_dependencies/computer_vision\n'}
[0.351172] (vehicle_core) StdoutLine: {'line': b'[ 35%] Built target vehicle_core__rosidl_typesupport_fastrtps_c\n'}
[0.351297] (computer_vision) StdoutLine: {'line': b'-- Up-to-date: /home/avcpp/AV-CPP2025/Vehicle/install/computer_vision/share/ament_index/resource_index/parent_prefix_path/computer_vision\n'}
[0.351409] (computer_vision) StdoutLine: {'line': b'-- Up-to-date: /home/avcpp/AV-CPP2025/Vehicle/install/computer_vision/share/computer_vision/environment/ament_prefix_path.sh\n'}
[0.351515] (computer_vision) StdoutLine: {'line': b'-- Up-to-date: /home/avcpp/AV-CPP2025/Vehicle/install/computer_vision/share/computer_vision/environment/ament_prefix_path.dsv\n'}
[0.351633] (computer_vision) StdoutLine: {'line': b'-- Up-to-date: /home/avcpp/AV-CPP2025/Vehicle/install/computer_vision/share/computer_vision/environment/path.sh\n'}
[0.351773] (computer_vision) StdoutLine: {'line': b'-- Up-to-date: /home/avcpp/AV-CPP2025/Vehicle/install/computer_vision/share/computer_vision/environment/path.dsv\n'}
[0.351925] (computer_vision) StdoutLine: {'line': b'-- Up-to-date: /home/avcpp/AV-CPP2025/Vehicle/install/computer_vision/share/computer_vision/local_setup.bash\n'}
[0.352103] (computer_vision) StdoutLine: {'line': b'-- Up-to-date: /home/avcpp/AV-CPP2025/Vehicle/install/computer_vision/share/computer_vision/local_setup.sh\n'}
[0.352251] (computer_vision) StdoutLine: {'line': b'-- Up-to-date: /home/avcpp/AV-CPP2025/Vehicle/install/computer_vision/share/computer_vision/local_setup.zsh\n'}
[0.352430] (computer_vision) StdoutLine: {'line': b'-- Up-to-date: /home/avcpp/AV-CPP2025/Vehicle/install/computer_vision/share/computer_vision/local_setup.dsv\n'}
[0.352943] (computer_vision) StdoutLine: {'line': b'-- Installing: /home/avcpp/AV-CPP2025/Vehicle/install/computer_vision/share/computer_vision/package.dsv\n'}
[0.353473] (vehicle_core) StdoutLine: {'line': b'[ 45%] Built target vehicle_core__rosidl_typesupport_c\n'}
[0.353631] (computer_vision) StdoutLine: {'line': b'-- Up-to-date: /home/avcpp/AV-CPP2025/Vehicle/install/computer_vision/share/ament_index/resource_index/packages/computer_vision\n'}
[0.353794] (computer_vision) StdoutLine: {'line': b'-- Up-to-date: /home/avcpp/AV-CPP2025/Vehicle/install/computer_vision/share/ament_index/resource_index/rclcpp_components/computer_vision\n'}
[0.353955] (computer_vision) StdoutLine: {'line': b'-- Up-to-date: /home/avcpp/AV-CPP2025/Vehicle/install/computer_vision/share/computer_vision/cmake/computer_visionConfig.cmake\n'}
[0.354074] (computer_vision) StdoutLine: {'line': b'-- Up-to-date: /home/avcpp/AV-CPP2025/Vehicle/install/computer_vision/share/computer_vision/cmake/computer_visionConfig-version.cmake\n'}
[0.354187] (computer_vision) StdoutLine: {'line': b'-- Up-to-date: /home/avcpp/AV-CPP2025/Vehicle/install/computer_vision/share/computer_vision/package.xml\n'}
[0.357062] (vehicle_core) StdoutLine: {'line': b'[ 55%] Built target vehicle_core__rosidl_typesupport_introspection_c\n'}
[0.359263] (computer_vision) CommandEnded: {'returncode': 0}
[0.366836] (vehicle_core) StdoutLine: {'line': b'[ 66%] Built target vehicle_core__rosidl_typesupport_fastrtps_cpp\n'}
[0.370894] (vehicle_core) StdoutLine: {'line': b'[ 77%] Built target vehicle_core__rosidl_typesupport_cpp\n'}
[0.379698] (computer_vision) JobEnded: {'identifier': 'computer_vision', 'rc': 0}
[0.398490] (-) TimerEvent: {}
[0.432001] (vehicle_core) StdoutLine: {'line': b'[ 77%] Built target vehicle_core\n'}
[0.470203] (vehicle_core) StdoutLine: {'line': b'\x1b[35m\x1b[1mConsolidate compiler generated dependencies of target tcp_server_node_component\x1b[0m\n'}
[0.498742] (-) TimerEvent: {}
[0.505018] (vehicle_core) StdoutLine: {'line': b'[ 78%] Built target gt_u7_gps_node_component\n'}
[0.507179] (vehicle_core) StdoutLine: {'line': b'[ 79%] \x1b[32mBuilding CXX object CMakeFiles/tcp_server_node_component.dir/src/tcp_server_node.cpp.o\x1b[0m\n'}
[0.508097] (vehicle_core) StdoutLine: {'line': b'[ 83%] Built target i2c_bridge_node\n'}
[0.513784] (vehicle_core) StdoutLine: {'line': b'[ 83%] Built target vehicle_core__py\n'}
[0.515312] (vehicle_core) StdoutLine: {'line': b'[ 84%] Built target heading_calibrator_node_component\n'}
[0.521476] (vehicle_core) StdoutLine: {'line': b'[ 85%] Built target drive_arbiter_node_component\n'}
[0.534066] (vehicle_core) StdoutLine: {'line': b'[ 85%] Built target state_manager_node_component\n'}
[0.539633] (vehicle_core) StdoutLine: {'line': b'\x1b[35m\x1b[1mConsolidate compiler generated dependencies of target vehicle_core__rosidl_generator_py\x1b[0m\n'}
[0.568681] (vehicle_core) StdoutLine: {'line': b'[ 86%] Built target autopilot_node_component\n'}
[0.580464] (vehicle_core) StdoutLine: {'line': b'[ 87%] Built target gst_camera_component\n'}
[0.594589] (vehicle_core) StdoutLine: {'line': b'[ 97%] Built target vehicle_core__rosidl_generator_py\n'}
[0.598828] (-) TimerEvent: {}
[0.613774] (vehicle_core) StdoutLine: {'line': b'\x1b[35m\x1b[1mConsolidate compiler generated dependencies of target vehicle_core__rosidl_typesupport_fastrtps_c__pyext\x1b[0m\n'}
[0.620476] (vehicle_core) StdoutLine: {'line': b'\x1b[35m\x1b[1mConsolidate compiler generated dependencies of target vehicle_core__rosidl_typesupport_introspection_c__pyext\x1b[0m\n'}
[0.624223] (vehicle_core) StdoutLine: {'line': b'\x1b[35m\x1b[1mConsolidate compiler generated dependencies of target vehicle_core__rosidl_typesupport_c__pyext\x1b[0m\n'}
[0.638806] (vehicle_core) StdoutLine: {'line': b'[ 98%] Built target vehicle_core__rosidl_typesupport_introspection_c__pyext\n'}
[0.652723] (vehicle_core) StdoutLine: {'line': b'[ 99%] Built target vehicle_core__rosidl_typesupport_fastrtps_c__pyext\n'}
[0.658114] (vehicle_core) StdoutLine: {'line': b'[100%] Built target vehicle_core__rosidl_typesupport_c__pyext\n'}
[0.699252] (-) TimerEvent: {}
[0.800490] (-) TimerEvent: {}
[0.891153] (vehicle_core) StdoutLine: {'line': b'running egg_info\n'}
[0.900843] (-) TimerEvent: {}
[0.911248] (vehicle_core) StdoutLine: {'line': b'writing vehicle_core.egg-info/PKG-INFO\n'}
[0.912451] (vehicle_core) StdoutLine: {'line': b'writing dependency_links to vehicle_core.egg-info/dependency_links.txt\n'}
[0.913165] (vehicle_core) StdoutLine: {'line': b'writing top-level names to vehicle_core.egg-info/top_level.txt\n'}
[0.971373] (vehicle_core) StdoutLine: {'line': b"reading manifest file 'vehicle_core.egg-info/SOURCES.txt'\n"}
[0.973111] (vehicle_core) StdoutLine: {'line': b"writing manifest file 'vehicle_core.egg-info/SOURCES.txt'\n"}
[1.001326] (-) TimerEvent: {}
[1.102922] (-) TimerEvent: {}
[1.204673] (-) TimerEvent: {}
[1.213630] (vehicle_core) StdoutLine: {'line': b'[100%] Built target ament_cmake_python_build_vehicle_core_egg\n'}
[1.305097] (-) TimerEvent: {}
[1.406516] (-) TimerEvent: {}
[1.507965] (-) TimerEvent: {}
[1.609369] (-) TimerEvent: {}
[1.710768] (-) TimerEvent: {}
[1.812221] (-) TimerEvent: {}
[1.913730] (-) TimerEvent: {}
[2.014986] (-) TimerEvent: {}
[2.116061] (-) TimerEvent: {}
[2.217195] (-) TimerEvent: {}
[2.318143] (-) TimerEvent: {}
[2.419019] (-) TimerEvent: {}
[2.520013] (-) TimerEvent: {}
[2.620930] (-) TimerEvent: {}
[2.722084] (-) TimerEvent: {}
[2.823282] (-) TimerEvent: {}
[2.924472] (-) TimerEvent: {}
[3.025657] (-) TimerEvent: {}
[3.126891] (-) TimerEvent: {}
[3.228087] (-) TimerEvent: {}
[3.329285] (-) TimerEvent: {}
[3.430471] (-) TimerEvent: {}
[3.531662] (-) TimerEvent: {}
[3.632848] (-) TimerEvent: {}
[3.734065] (-) TimerEvent: {}
[3.835046] (-) TimerEvent: {}
[3.936089] (-) TimerEvent: {}
[4.037219] (-) TimerEvent: {}
[4.138390] (-) TimerEvent: {}
[4.239604] (-) TimerEvent: {}
[4.340778] (-) TimerEvent: {}
[4.441980] (-) TimerEvent: {}
[4.543186] (-) TimerEvent: {}
[4.644382] (-) TimerEvent: {}
[4.745556] (-) TimerEvent: {}
[4.846752] (-) TimerEvent: {}
[4.947911] (-) TimerEvent: {}
[5.049167] (-) TimerEvent: {}
[5.150227] (-) TimerEvent: {}
[5.251354] (-) TimerEvent: {}
[5.352459] (-) TimerEvent: {}
[5.453644] (-) TimerEvent: {}
[5.554809] (-) TimerEvent: {}
[5.655991] (-) TimerEvent: {}
[5.757159] (-) TimerEvent: {}
[5.858336] (-) TimerEvent: {}
[5.959505] (-) TimerEvent: {}
[6.060713] (-) TimerEvent: {}
[6.161860] (-) TimerEvent: {}
[6.263001] (-) TimerEvent: {}
[6.364050] (-) TimerEvent: {}
[6.465301] (-) TimerEvent: {}
[6.566473] (-) TimerEvent: {}
[6.667589] (-) TimerEvent: {}
[6.768664] (-) TimerEvent: {}
[6.869530] (-) TimerEvent: {}
[6.970400] (-) TimerEvent: {}
[7.071614] (-) TimerEvent: {}
[7.172803] (-) TimerEvent: {}
[7.273816] (-) TimerEvent: {}
[7.375207] (-) TimerEvent: {}
[7.476298] (-) TimerEvent: {}
[7.577302] (-) TimerEvent: {}
[7.678462] (-) TimerEvent: {}
[7.779504] (-) TimerEvent: {}
[7.880734] (-) TimerEvent: {}
[7.981883] (-) TimerEvent: {}
[8.083140] (-) TimerEvent: {}
[8.184133] (-) TimerEvent: {}
[8.285151] (-) TimerEvent: {}
[8.386280] (-) TimerEvent: {}
[8.487332] (-) TimerEvent: {}
[8.588518] (-) TimerEvent: {}
[8.689703] (-) TimerEvent: {}
[8.790857] (-) TimerEvent: {}
[8.892092] (-) TimerEvent: {}
[8.993449] (-) TimerEvent: {}
[9.094386] (-) TimerEvent: {}
[9.195492] (-) TimerEvent: {}
[9.296674] (-) TimerEvent: {}
[9.397822] (-) TimerEvent: {}
[9.498977] (-) TimerEvent: {}
[9.600304] (-) TimerEvent: {}
[9.701897] (-) TimerEvent: {}
[9.802943] (-) TimerEvent: {}
[9.904248] (-) TimerEvent: {}
[10.005589] (-) TimerEvent: {}
[10.106899] (-) TimerEvent: {}
[10.208223] (-) TimerEvent: {}
[10.309615] (-) TimerEvent: {}
[10.410971] (-) TimerEvent: {}
[10.512305] (-) TimerEvent: {}
[10.613663] (-) TimerEvent: {}
[10.714936] (-) TimerEvent: {}
[10.816201] (-) TimerEvent: {}
[10.917519] (-) TimerEvent: {}
[11.018825] (-) TimerEvent: {}
[11.120121] (-) TimerEvent: {}
[11.221478] (-) TimerEvent: {}
[11.322849] (-) TimerEvent: {}
[11.424164] (-) TimerEvent: {}
[11.525442] (-) TimerEvent: {}
[11.626690] (-) TimerEvent: {}
[11.728012] (-) TimerEvent: {}
[11.829350] (-) TimerEvent: {}
[11.930723] (-) TimerEvent: {}
[12.032053] (-) TimerEvent: {}
[12.133323] (-) TimerEvent: {}
[12.234646] (-) TimerEvent: {}
[12.336016] (-) TimerEvent: {}
[12.437313] (-) TimerEvent: {}
[12.538608] (-) TimerEvent: {}
[12.640005] (-) TimerEvent: {}
[12.741352] (-) TimerEvent: {}
[12.842636] (-) TimerEvent: {}
[12.944094] (-) TimerEvent: {}
[13.045370] (-) TimerEvent: {}
[13.146612] (-) TimerEvent: {}
[13.247923] (-) TimerEvent: {}
[13.349260] (-) TimerEvent: {}
[13.450563] (-) TimerEvent: {}
[13.551840] (-) TimerEvent: {}
[13.653069] (-) TimerEvent: {}
[13.754388] (-) TimerEvent: {}
[13.855737] (-) TimerEvent: {}
[13.957149] (-) TimerEvent: {}
[14.058558] (-) TimerEvent: {}
[14.159913] (-) TimerEvent: {}
[14.261212] (-) TimerEvent: {}
[14.362531] (-) TimerEvent: {}
[14.463849] (-) TimerEvent: {}
[14.565194] (-) TimerEvent: {}
[14.666557] (-) TimerEvent: {}
[14.767890] (-) TimerEvent: {}
[14.869178] (-) TimerEvent: {}
[14.970523] (-) TimerEvent: {}
[15.071848] (-) TimerEvent: {}
[15.173213] (-) TimerEvent: {}
[15.274542] (-) TimerEvent: {}
[15.375900] (-) TimerEvent: {}
[15.477229] (-) TimerEvent: {}
[15.578732] (-) TimerEvent: {}
[15.680258] (-) TimerEvent: {}
[15.781744] (-) TimerEvent: {}
[15.883262] (-) TimerEvent: {}
[15.984583] (-) TimerEvent: {}
[16.086050] (-) TimerEvent: {}
[16.187340] (-) TimerEvent: {}
[16.288704] (-) TimerEvent: {}
[16.390047] (-) TimerEvent: {}
[16.491543] (-) TimerEvent: {}
[16.593080] (-) TimerEvent: {}
[16.694575] (-) TimerEvent: {}
[16.795844] (-) TimerEvent: {}
[16.897085] (-) TimerEvent: {}
[16.998464] (-) TimerEvent: {}
[17.099734] (-) TimerEvent: {}
[17.201029] (-) TimerEvent: {}
[17.302302] (-) TimerEvent: {}
[17.403648] (-) TimerEvent: {}
[17.504958] (-) TimerEvent: {}
[17.606339] (-) TimerEvent: {}
[17.707555] (-) TimerEvent: {}
[17.808907] (-) TimerEvent: {}
[17.910308] (-) TimerEvent: {}
[18.011672] (-) TimerEvent: {}
[18.112994] (-) TimerEvent: {}
[18.214372] (-) TimerEvent: {}
[18.315698] (-) TimerEvent: {}
[18.417124] (-) TimerEvent: {}
[18.518406] (-) TimerEvent: {}
[18.619801] (-) TimerEvent: {}
[18.721129] (-) TimerEvent: {}
[18.822503] (-) TimerEvent: {}
[18.923862] (-) TimerEvent: {}
[19.025191] (-) TimerEvent: {}
[19.126485] (-) TimerEvent: {}
[19.227794] (-) TimerEvent: {}
[19.329214] (-) TimerEvent: {}
[19.430544] (-) TimerEvent: {}
[19.531880] (-) TimerEvent: {}
[19.633249] (-) TimerEvent: {}
[19.734591] (-) TimerEvent: {}
[19.835941] (-) TimerEvent: {}
[19.937182] (-) TimerEvent: {}
[20.038428] (-) TimerEvent: {}
[20.139667] (-) TimerEvent: {}
[20.240895] (-) TimerEvent: {}
[20.342116] (-) TimerEvent: {}
[20.443412] (-) TimerEvent: {}
[20.544647] (-) TimerEvent: {}
[20.645909] (-) TimerEvent: {}
[20.747148] (-) TimerEvent: {}
[20.848524] (-) TimerEvent: {}
[20.949988] (-) TimerEvent: {}
[21.051410] (-) TimerEvent: {}
[21.152988] (-) TimerEvent: {}
[21.254476] (-) TimerEvent: {}
[21.355890] (-) TimerEvent: {}
[21.457341] (-) TimerEvent: {}
[21.558879] (-) TimerEvent: {}
[21.660349] (-) TimerEvent: {}
[21.761735] (-) TimerEvent: {}
[21.863295] (-) TimerEvent: {}
[21.964806] (-) TimerEvent: {}
[22.066255] (-) TimerEvent: {}
[22.167681] (-) TimerEvent: {}
[22.269211] (-) TimerEvent: {}
[22.370925] (-) TimerEvent: {}
[22.472565] (-) TimerEvent: {}
[22.573593] (-) TimerEvent: {}
[22.674690] (-) TimerEvent: {}
[22.776109] (-) TimerEvent: {}
[22.877572] (-) TimerEvent: {}
[22.979068] (-) TimerEvent: {}
[23.080558] (-) TimerEvent: {}
[23.182045] (-) TimerEvent: {}
[23.283425] (-) TimerEvent: {}
[23.384519] (-) TimerEvent: {}
[23.485550] (-) TimerEvent: {}
[23.586859] (-) TimerEvent: {}
[23.688187] (-) TimerEvent: {}
[23.789603] (-) TimerEvent: {}
[23.891045] (-) TimerEvent: {}
[23.992509] (-) TimerEvent: {}
[24.093909] (-) TimerEvent: {}
[24.195394] (-) TimerEvent: {}
[24.296889] (-) TimerEvent: {}
[24.398286] (-) TimerEvent: {}
[24.499772] (-) TimerEvent: {}
[24.601370] (-) TimerEvent: {}
[24.702975] (-) TimerEvent: {}
[24.804545] (-) TimerEvent: {}
[24.906054] (-) TimerEvent: {}
[25.007439] (-) TimerEvent: {}
[25.108758] (-) TimerEvent: {}
[25.210176] (-) TimerEvent: {}
[25.311537] (-) TimerEvent: {}
[25.412916] (-) TimerEvent: {}
[25.514229] (-) TimerEvent: {}
[25.615547] (-) TimerEvent: {}
[25.716895] (-) TimerEvent: {}
[25.818140] (-) TimerEvent: {}
[25.919533] (-) TimerEvent: {}
[26.020888] (-) TimerEvent: {}
[26.122202] (-) TimerEvent: {}
[26.223589] (-) TimerEvent: {}
[26.324968] (-) TimerEvent: {}
[26.426314] (-) TimerEvent: {}
[26.527694] (-) TimerEvent: {}
[26.629044] (-) TimerEvent: {}
[26.730363] (-) TimerEvent: {}
[26.831723] (-) TimerEvent: {}
[26.933131] (-) TimerEvent: {}
[27.034461] (-) TimerEvent: {}
[27.135800] (-) TimerEvent: {}
[27.237092] (-) TimerEvent: {}
[27.338486] (-) TimerEvent: {}
[27.439850] (-) TimerEvent: {}
[27.541191] (-) TimerEvent: {}
[27.642514] (-) TimerEvent: {}
[27.743836] (-) TimerEvent: {}
[27.845073] (-) TimerEvent: {}
[27.946458] (-) TimerEvent: {}
[28.047783] (-) TimerEvent: {}
[28.149210] (-) TimerEvent: {}
[28.250595] (-) TimerEvent: {}
[28.351964] (-) TimerEvent: {}
[28.453317] (-) TimerEvent: {}
[28.554710] (-) TimerEvent: {}
[28.656076] (-) TimerEvent: {}
[28.757419] (-) TimerEvent: {}
[28.858733] (-) TimerEvent: {}
[28.960118] (-) TimerEvent: {}
[29.061465] (-) TimerEvent: {}
[29.162774] (-) TimerEvent: {}
[29.264149] (-) TimerEvent: {}
[29.365529] (-) TimerEvent: {}
[29.466913] (-) TimerEvent: {}
[29.568275] (-) TimerEvent: {}
[29.669648] (-) TimerEvent: {}
[29.770950] (-) TimerEvent: {}
[29.872263] (-) TimerEvent: {}
[29.973593] (-) TimerEvent: {}
[30.074910] (-) TimerEvent: {}
[30.176274] (-) TimerEvent: {}
[30.277668] (-) TimerEvent: {}
[30.378991] (-) TimerEvent: {}
[30.480382] (-) TimerEvent: {}
[30.581738] (-) TimerEvent: {}
[30.683059] (-) TimerEvent: {}
[30.784414] (-) TimerEvent: {}
[30.885811] (-) TimerEvent: {}
[30.987093] (-) TimerEvent: {}
[31.088491] (-) TimerEvent: {}
[31.189789] (-) TimerEvent: {}
[31.291124] (-) TimerEvent: {}
[31.392530] (-) TimerEvent: {}
[31.493887] (-) TimerEvent: {}
[31.595327] (-) TimerEvent: {}
[31.696801] (-) TimerEvent: {}
[31.798237] (-) TimerEvent: {}
[31.899605] (-) TimerEvent: {}
[32.001041] (-) TimerEvent: {}
[32.102461] (-) TimerEvent: {}
[32.203844] (-) TimerEvent: {}
[32.305272] (-) TimerEvent: {}
[32.406679] (-) TimerEvent: {}
[32.508128] (-) TimerEvent: {}
[32.609528] (-) TimerEvent: {}
[32.710937] (-) TimerEvent: {}
[32.812443] (-) TimerEvent: {}
[32.913857] (-) TimerEvent: {}
[33.015314] (-) TimerEvent: {}
[33.116762] (-) TimerEvent: {}
[33.218176] (-) TimerEvent: {}
[33.319641] (-) TimerEvent: {}
[33.421091] (-) TimerEvent: {}
[33.522546] (-) TimerEvent: {}
[33.624010] (-) TimerEvent: {}
[33.725403] (-) TimerEvent: {}
[33.826757] (-) TimerEvent: {}
[33.928187] (-) TimerEvent: {}
[34.029645] (-) TimerEvent: {}
[34.131083] (-) TimerEvent: {}
[34.232570] (-) TimerEvent: {}
[34.334013] (-) TimerEvent: {}
[34.435503] (-) TimerEvent: {}
[34.537015] (-) TimerEvent: {}
[34.638553] (-) TimerEvent: {}
[34.740038] (-) TimerEvent: {}
[34.841520] (-) TimerEvent: {}
[34.943027] (-) TimerEvent: {}
[35.044457] (-) TimerEvent: {}
[35.145858] (-) TimerEvent: {}
[35.247325] (-) TimerEvent: {}
[35.348747] (-) TimerEvent: {}
[35.450231] (-) TimerEvent: {}
[35.551626] (-) TimerEvent: {}
[35.653029] (-) TimerEvent: {}
[35.754396] (-) TimerEvent: {}
[35.855814] (-) TimerEvent: {}
[35.957146] (-) TimerEvent: {}
[36.058852] (-) TimerEvent: {}
[36.160339] (-) TimerEvent: {}
[36.261933] (-) TimerEvent: {}
[36.363205] (-) TimerEvent: {}
[36.464497] (-) TimerEvent: {}
[36.565778] (-) TimerEvent: {}
[36.667075] (-) TimerEvent: {}
[36.768353] (-) TimerEvent: {}
[36.869726] (-) TimerEvent: {}
[36.971035] (-) TimerEvent: {}
[37.072438] (-) TimerEvent: {}
[37.173679] (-) TimerEvent: {}
[37.275059] (-) TimerEvent: {}
[37.376344] (-) TimerEvent: {}
[37.477672] (-) TimerEvent: {}
[37.578995] (-) TimerEvent: {}
[37.680379] (-) TimerEvent: {}
[37.781693] (-) TimerEvent: {}
[37.883076] (-) TimerEvent: {}
[37.984460] (-) TimerEvent: {}
[38.085922] (-) TimerEvent: {}
[38.187220] (-) TimerEvent: {}
[38.288639] (-) TimerEvent: {}
[38.390100] (-) TimerEvent: {}
[38.491475] (-) TimerEvent: {}
[38.592794] (-) TimerEvent: {}
[38.694168] (-) TimerEvent: {}
[38.795497] (-) TimerEvent: {}
[38.896898] (-) TimerEvent: {}
[38.998160] (-) TimerEvent: {}
[39.099539] (-) TimerEvent: {}
[39.200916] (-) TimerEvent: {}
[39.302445] (-) TimerEvent: {}
[39.403774] (-) TimerEvent: {}
[39.505195] (-) TimerEvent: {}
[39.606608] (-) TimerEvent: {}
[39.707999] (-) TimerEvent: {}
[39.809400] (-) TimerEvent: {}
[39.910840] (-) TimerEvent: {}
[40.012277] (-) TimerEvent: {}
[40.113638] (-) TimerEvent: {}
[40.215076] (-) TimerEvent: {}
[40.316629] (-) TimerEvent: {}
[40.418063] (-) TimerEvent: {}
[40.519518] (-) TimerEvent: {}
[40.620951] (-) TimerEvent: {}
[40.722276] (-) TimerEvent: {}
[40.823687] (-) TimerEvent: {}
[40.925149] (-) TimerEvent: {}
[41.026607] (-) TimerEvent: {}
[41.127990] (-) TimerEvent: {}
[41.229332] (-) TimerEvent: {}
[41.330747] (-) TimerEvent: {}
[41.432168] (-) TimerEvent: {}
[41.533559] (-) TimerEvent: {}
[41.634821] (-) TimerEvent: {}
[41.736121] (-) TimerEvent: {}
[41.837379] (-) TimerEvent: {}
[41.938687] (-) TimerEvent: {}
[42.039955] (-) TimerEvent: {}
[42.141258] (-) TimerEvent: {}
[42.242562] (-) TimerEvent: {}
[42.343889] (-) TimerEvent: {}
[42.445190] (-) TimerEvent: {}
[42.546513] (-) TimerEvent: {}
[42.647793] (-) TimerEvent: {}
[42.749137] (-) TimerEvent: {}
[42.850412] (-) TimerEvent: {}
[42.951752] (-) TimerEvent: {}
[43.053017] (-) TimerEvent: {}
[43.154293] (-) TimerEvent: {}
[43.255569] (-) TimerEvent: {}
[43.356884] (-) TimerEvent: {}
[43.458170] (-) TimerEvent: {}
[43.559440] (-) TimerEvent: {}
[43.660685] (-) TimerEvent: {}
[43.761944] (-) TimerEvent: {}
[43.863173] (-) TimerEvent: {}
[43.964457] (-) TimerEvent: {}
[44.065723] (-) TimerEvent: {}
[44.167007] (-) TimerEvent: {}
[44.268280] (-) TimerEvent: {}
[44.369704] (-) TimerEvent: {}
[44.471206] (-) TimerEvent: {}
[44.572713] (-) TimerEvent: {}
[44.674111] (-) TimerEvent: {}
[44.775622] (-) TimerEvent: {}
[44.877059] (-) TimerEvent: {}
[44.978444] (-) TimerEvent: {}
[45.079741] (-) TimerEvent: {}
[45.181109] (-) TimerEvent: {}
[45.282688] (-) TimerEvent: {}
[45.384267] (-) TimerEvent: {}
[45.485722] (-) TimerEvent: {}
[45.587129] (-) TimerEvent: {}
[45.688390] (-) TimerEvent: {}
[45.789350] (-) TimerEvent: {}
[45.890285] (-) TimerEvent: {}
[45.991256] (-) TimerEvent: {}
[46.092293] (-) TimerEvent: {}
[46.154215] (vehicle_core) StdoutLine: {'line': b'[100%] \x1b[32m\x1b[1mLinking CXX shared library libtcp_server_node_component.so\x1b[0m\n'}
[46.192664] (-) TimerEvent: {}
[46.293923] (-) TimerEvent: {}
[46.395309] (-) TimerEvent: {}
[46.496917] (-) TimerEvent: {}
[46.598467] (-) TimerEvent: {}
[46.700560] (-) TimerEvent: {}
[46.801768] (-) TimerEvent: {}
[46.902974] (-) TimerEvent: {}
[47.004158] (-) TimerEvent: {}
[47.105271] (-) TimerEvent: {}
[47.206422] (-) TimerEvent: {}
[47.307407] (-) TimerEvent: {}
[47.408505] (-) TimerEvent: {}
[47.509897] (-) TimerEvent: {}
[47.611008] (-) TimerEvent: {}
[47.712349] (-) TimerEvent: {}
[47.813970] (-) TimerEvent: {}
[47.915299] (-) TimerEvent: {}
[48.016609] (-) TimerEvent: {}
[48.117940] (-) TimerEvent: {}
[48.219419] (-) TimerEvent: {}
[48.320703] (-) TimerEvent: {}
[48.422023] (-) TimerEvent: {}
[48.523625] (-) TimerEvent: {}
[48.624981] (-) TimerEvent: {}
[48.726563] (-) TimerEvent: {}
[48.828185] (-) TimerEvent: {}
[48.929718] (-) TimerEvent: {}
[49.031363] (-) TimerEvent: {}
[49.132807] (-) TimerEvent: {}
[49.234286] (-) TimerEvent: {}
[49.335538] (-) TimerEvent: {}
[49.436798] (-) TimerEvent: {}
[49.538204] (-) TimerEvent: {}
[49.639592] (-) TimerEvent: {}
[49.739006] (vehicle_core) StdoutLine: {'line': b'[100%] Built target tcp_server_node_component\n'}
[49.740355] (-) TimerEvent: {}
[49.762226] (vehicle_core) CommandEnded: {'returncode': 0}
[49.766815] (vehicle_core) JobProgress: {'identifier': 'vehicle_core', 'progress': 'install'}
[49.767406] (vehicle_core) Command: {'cmd': ['/usr/bin/cmake', '--install', '/home/avcpp/AV-CPP2025/Vehicle/build/vehicle_core'], 'cwd': '/home/avcpp/AV-CPP2025/Vehicle/build/vehicle_core', 'env': OrderedDict([('LESSOPEN', '| /usr/bin/lesspipe %s'), ('UMS_MOUNTPOINT', '/mnt/ums'), ('GST_V4L2_PREFERRED_FOURCC', 'NV12:YU12:NV16:YUY2'), ('LANGUAGE', 'en_US.UTF-8'), ('USER', 'avcpp'), ('SSH_CLIENT', '192.168.8.104 55278 22'), ('XDG_SESSION_TYPE', 'tty'), ('SHLVL', '1'), ('USB_FUNCS', 'adb'), ('LD_LIBRARY_PATH', '/opt/ros/humble/opt/rviz_ogre_vendor/lib:/opt/ros/humble/lib/aarch64-linux-gnu:/opt/ros/humble/lib'), ('BROWSER', '/home/avcpp/.vscode-server/cli/servers/Stable-bf9252a2fb45be6893dd8870c0bf37e2e1766d61/server/bin/helpers/browser.sh'), ('MOTD_SHOWN', 'pam'), ('HOME', '/home/avcpp'), ('OLDPWD', '/home/avcpp/AV-CPP2025/Vehicle'), ('TERM_PROGRAM_VERSION', '1.106.3'), ('VSCODE_IPC_HOOK_CLI', '/run/user/1001/vscode-ipc-29a14b5f-27a1-4ba4-a7b1-8866c400ef58.sock'), ('GST_INSPECT_NO_COLORS', '1'), ('GST_MPP_NO_RGA', '1'), ('ROS_PYTHON_VERSION', '3'), ('COGL_DRIVER', 'gles2'), ('SSL_CERT_FILE', '/usr/lib/ssl/certs/ca-certificates.crt'), ('VSCODE_PYTHON_AUTOACTIVATE_GUARD', '1'), ('DBUS_SESSION_BUS_ADDRESS', 'unix:path=/run/user/1001/bus'), ('COLORTERM', 'truecolor'), ('GST_V4L2SRC_MAX_RESOLUTION', '3840x2160'), ('ROS_DISTRO', 'humble'), ('LOGNAME', 'avcpp'), ('_', '/usr/bin/colcon'), ('ROS_VERSION', '2'), ('XDG_SESSION_CLASS', 'user'), ('TERM', 'xterm-256color'), ('GST_GL_API', 'gles2'), ('XDG_SESSION_ID', '5'), ('GST_VIDEO_CONVERT_PREFERRED_FORMAT', 'NV12:NV16:I420:YUY2'), ('GST_V4L2SRC_RK_DEVICES', '_mainpath:_selfpath:_bypass:_scale'), ('ROS_LOCALHOST_ONLY', '0'), ('PATH', '/home/avcpp/.vscode-server/cli/servers/Stable-bf9252a2fb45be6893dd8870c0bf37e2e1766d61/server/bin/remote-cli:/home/avcpp/.local/bin:/opt/ros/humble/bin:/usr/local/sbin:/usr/local/bin:/usr/sbin:/usr/bin:/sbin:/bin:/usr/games:/usr/local/games:/snap/bin'), ('XDG_RUNTIME_DIR', '/run/user/1001'), ('GST_GL_PLATFORM', 'egl'), ('GST_DEBUG_NO_COLOR', '1'), ('SSL_CERT_DIR', '/usr/lib/ssl/certs'), ('GST_V4L2SRC_DEFAULT_DEVICE', '/dev/video-camera0'), ('DISPLAY', ':0'), ('LANG', 'en_US.UTF-8'), ('LS_COLORS', 'rs=0:di=01;34:ln=01;36:mh=00:pi=40;33:so=01;35:do=01;35:bd=40;33;01:cd=40;33;01:or=40;31;01:mi=00:su=37;41:sg=30;43:ca=30;41:tw=30;42:ow=34;42:st=37;44:ex=01;32:*.tar=01;31:*.tgz=01;31:*.arc=01;31:*.arj=01;31:*.taz=01;31:*.lha=01;31:*.lz4=01;31:*.lzh=01;31:*.lzma=01;31:*.tlz=01;31:*.txz=01;31:*.tzo=01;31:*.t7z=01;31:*.zip=01;31:*.z=01;31:*.dz=01;31:*.gz=01;31:*.lrz=01;31:*.lz=01;31:*.lzo=01;31:*.xz=01;31:*.zst=01;31:*.tzst=01;31:*.bz2=01;31:*.bz=01;31:*.tbz=01;31:*.tbz2=01;31:*.tz=01;31:*.deb=01;31:*.rpm=01;31:*.jar=01;31:*.war=01;31:*.ear=01;31:*.sar=01;31:*.rar=01;31:*.alz=01;31:*.ace=01;31:*.zoo=01;31:*.cpio=01;31:*.7z=01;31:*.rz=01;31:*.cab=01;31:*.wim=01;31:*.swm=01;31:*.dwm=01;31:*.esd=01;31:*.jpg=01;35:*.jpeg=01;35:*.mjpg=01;35:*.mjpeg=01;35:*.gif=01;35:*.bmp=01;35:*.pbm=01;35:*.pgm=01;35:*.ppm=01;35:*.tga=01;35:*.xbm=01;35:*.xpm=01;35:*.tif=01;35:*.tiff=01;35:*.png=01;35:*.svg=01;35:*.svgz=01;35:*.mng=01;35:*.pcx=01;35:*.mov=01;35:*.mpg=01;35:*.mpeg=01;35:*.m2v=01;35:*.mkv=01;35:*.webm=01;35:*.webp=01;35:*.ogm=01;35:*.mp4=01;35:*.m4v=01;35:*.mp4v=01;35:*.vob=01;35:*.qt=01;35:*.nuv=01;35:*.wmv=01;35:*.asf=01;35:*.rm=01;35:*.rmvb=01;35:*.flc=01;35:*.avi=01;35:*.fli=01;35:*.flv=01;35:*.gl=01;35:*.dl=01;35:*.xcf=01;35:*.xwd=01;35:*.yuv=01;35:*.cgm=01;35:*.emf=01;35:*.ogv=01;35:*.ogx=01;35:*.aac=00;36:*.au=00;36:*.flac=00;36:*.m4a=00;36:*.mid=00;36:*.midi=00;36:*.mka=00;36:*.mp3=00;36:*.mpc=00;36:*.ogg=00;36:*.ra=00;36:*.wav=00;36:*.oga=00;36:*.opus=00;36:*.spx=00;36:*.xspf=00;36:'), ('TERM_PROGRAM', 'vscode'), ('GST_V4L2_USE_LIBV4L2', '1'), ('UMS_SIZE', '256M'), ('AMENT_PREFIX_PATH', '/opt/ros/humble'), ('LC_MESSAGES', 'en_US.UTF-8'), ('SHELL', '/bin/bash'), ('UMS_RO', '0'), ('LESSCLOSE', '/usr/bin/lesspipe %s %s'), ('UMS_FSTYPE', 'vfat'), ('PWD', '/home/avcpp/AV-CPP2025/Vehicle/build/vehicle_core'), ('LC_ALL', 'en_US.UTF-8'), ('SSH_CONNECTION', '192.168.8.104 55278 192.168.8.176 22'), ('PYTHONPATH', '/opt/ros/humble/lib/python3.10/site-packages:/opt/ros/humble/local/lib/python3.10/dist-packages'), ('UMS_MOUNT', '0'), ('COLCON', '1'), ('UMS_FILE', '/userdata/ums_shared.img'), ('CMAKE_PREFIX_PATH', '/opt/ros/humble')]), 'shell': False}
[49.790723] (vehicle_core) StdoutLine: {'line': b'-- Install configuration: ""\n'}
[49.792048] (vehicle_core) StdoutLine: {'line': b'-- Installing: /home/avcpp/AV-CPP2025/Vehicle/install/vehicle_core/share/ament_index/resource_index/rosidl_interfaces/vehicle_core\n'}
[49.792613] (vehicle_core) StdoutLine: {'line': b'-- Installing: /home/avcpp/AV-CPP2025/Vehicle/install/vehicle_core/include/vehicle_core/vehicle_core\n'}
[49.792995] (vehicle_core) StdoutLine: {'line': b'-- Installing: /home/avcpp/AV-CPP2025/Vehicle/install/vehicle_core/include/vehicle_core/vehicle_core/msg\n'}
[49.793707] (vehicle_core) StdoutLine: {'line': b'-- Installing: /home/avcpp/AV-CPP2025/Vehicle/install/vehicle_core/include/vehicle_core/vehicle_core/msg/drive_feedback.h\n'}
[49.794297] (vehicle_core) StdoutLine: {'line': b'-- Installing: /home/avcpp/AV-CPP2025/Vehicle/install/vehicle_core/include/vehicle_core/vehicle_core/msg/autopilot_command.h\n'}
[49.794804] (vehicle_core) StdoutLine: {'line': b'-- Installing: /home/avcpp/AV-CPP2025/Vehicle/install/vehicle_core/include/vehicle_core/vehicle_core/msg/autopilot_config.h\n'}
[49.795238] (vehicle_core) StdoutLine: {'line': b'-- Installing: /home/avcpp/AV-CPP2025/Vehicle/install/vehicle_core/include/vehicle_core/vehicle_core/msg/imu_status.h\n'}
[49.795864] (vehicle_core) StdoutLine: {'line': b'-- Installing: /home/avcpp/AV-CPP2025/Vehicle/install/vehicle_core/include/vehicle_core/vehicle_core/msg/autopilot_status.h\n'}
[49.796465] (vehicle_core) StdoutLine: {'line': b'-- Installing: /home/avcpp/AV-CPP2025/Vehicle/install/vehicle_core/include/vehicle_core/vehicle_core/msg/state_event.h\n'}
[49.797051] (vehicle_core) StdoutLine: {'line': b'-- Installing: /home/avcpp/AV-CPP2025/Vehicle/install/vehicle_core/include/vehicle_core/vehicle_core/msg/detail\n'}
[49.797665] (vehicle_core) StdoutLine: {'line': b'-- Installing: /home/avcpp/AV-CPP2025/Vehicle/install/vehicle_core/include/vehicle_core/vehicle_core/msg/detail/error__functions.h\n'}
[49.798246] (vehicle_core) StdoutLine: {'line': b'-- Installing: /home/avcpp/AV-CPP2025/Vehicle/install/vehicle_core/include/vehicle_core/vehicle_core/msg/detail/state_mode__functions.h\n'}
[49.798831] (vehicle_core) StdoutLine: {'line': b'-- Installing: /home/avcpp/AV-CPP2025/Vehicle/install/vehicle_core/include/vehicle_core/vehicle_core/msg/detail/state_event__type_support.h\n'}
[49.799300] (vehicle_core) StdoutLine: {'line': b'-- Installing: /home/avcpp/AV-CPP2025/Vehicle/install/vehicle_core/include/vehicle_core/vehicle_core/msg/detail/general_status__struct.h\n'}
[49.799825] (vehicle_core) StdoutLine: {'line': b'-- Installing: /home/avcpp/AV-CPP2025/Vehicle/install/vehicle_core/include/vehicle_core/vehicle_core/msg/detail/internal_drive_command__struct.h\n'}
[49.800346] (vehicle_core) StdoutLine: {'line': b'-- Installing: /home/avcpp/AV-CPP2025/Vehicle/install/vehicle_core/include/vehicle_core/vehicle_core/msg/detail/imu_status__functions.h\n'}
[49.800867] (vehicle_core) StdoutLine: {'line': b'-- Installing: /home/avcpp/AV-CPP2025/Vehicle/install/vehicle_core/include/vehicle_core/vehicle_core/msg/detail/general_status__functions.c\n'}
[49.801388] (vehicle_core) StdoutLine: {'line': b'-- Installing: /home/avcpp/AV-CPP2025/Vehicle/install/vehicle_core/include/vehicle_core/vehicle_core/msg/detail/state_mode__struct.h\n'}
[49.801876] (vehicle_core) StdoutLine: {'line': b'-- Installing: /home/avcpp/AV-CPP2025/Vehicle/install/vehicle_core/include/vehicle_core/vehicle_core/msg/detail/state_mode__type_support.h\n'}
[49.802276] (vehicle_core) StdoutLine: {'line': b'-- Installing: /home/avcpp/AV-CPP2025/Vehicle/install/vehicle_core/include/vehicle_core/vehicle_core/msg/detail/imu_status__struct.h\n'}
[49.802737] (vehicle_core) StdoutLine: {'line': b'-- Installing: /home/avcpp/AV-CPP2025/Vehicle/install/vehicle_core/include/vehicle_core/vehicle_core/msg/detail/manual_drive_command__struct.h\n'}
[49.803192] (vehicle_core) StdoutLine: {'line': b'-- Installing: /home/avcpp/AV-CPP2025/Vehicle/install/vehicle_core/include/vehicle_core/vehicle_core/msg/detail/drive_target__struct.h\n'}
[49.803564] (vehicle_core) StdoutLine: {'line': b'-- Installing: /home/avcpp/AV-CPP2025/Vehicle/install/vehicle_core/include/vehicle_core/vehicle_core/msg/detail/lights_status__functions.h\n'}
[49.803947] (vehicle_core) StdoutLine: {'line': b'-- Installing: /home/avcpp/AV-CPP2025/Vehicle/install/vehicle_core/include/vehicle_core/vehicle_core/msg/detail/error__functions.c\n'}
[49.804307] (vehicle_core) StdoutLine: {'line': b'-- Installing: /home/avcpp/AV-CPP2025/Vehicle/install/vehicle_core/include/vehicle_core/vehicle_core/msg/detail/drive_feedback__functions.c\n'}
[49.804682] (vehicle_core) StdoutLine: {'line': b'-- Installing: /home/avcpp/AV-CPP2025/Vehicle/install/vehicle_core/include/vehicle_core/vehicle_core/msg/detail/autopilot_config__functions.c\n'}
[49.805065] (vehicle_core) StdoutLine: {'line': b'-- Installing: /home/avcpp/AV-CPP2025/Vehicle/install/vehicle_core/include/vehicle_core/vehicle_core/msg/detail/max_speed__functions.c\n'}
[49.805457] (vehicle_core) StdoutLine: {'line': b'-- Installing: /home/avcpp/AV-CPP2025/Vehicle/install/vehicle_core/include/vehicle_core/vehicle_core/msg/detail/autopilot_config__struct.h\n'}
[49.805834] (vehicle_core) StdoutLine: {'line': b'-- Installing: /home/avcpp/AV-CPP2025/Vehicle/install/vehicle_core/include/vehicle_core/vehicle_core/msg/detail/autopilot_status__functions.c\n'}
[49.806197] (vehicle_core) StdoutLine: {'line': b'-- Installing: /home/avcpp/AV-CPP2025/Vehicle/install/vehicle_core/include/vehicle_core/vehicle_core/msg/detail/telemetry_data__struct.h\n'}
[49.806588] (vehicle_core) StdoutLine: {'line': b'-- Installing: /home/avcpp/AV-CPP2025/Vehicle/install/vehicle_core/include/vehicle_core/vehicle_core/msg/detail/perception_profile__struct.h\n'}
[49.806941] (vehicle_core) StdoutLine: {'line': b'-- Installing: /home/avcpp/AV-CPP2025/Vehicle/install/vehicle_core/include/vehicle_core/vehicle_core/msg/detail/lights_command__functions.h\n'}
[49.807293] (vehicle_core) StdoutLine: {'line': b'-- Installing: /home/avcpp/AV-CPP2025/Vehicle/install/vehicle_core/include/vehicle_core/vehicle_core/msg/detail/autopilot_command__functions.c\n'}
[49.807644] (vehicle_core) StdoutLine: {'line': b'-- Installing: /home/avcpp/AV-CPP2025/Vehicle/install/vehicle_core/include/vehicle_core/vehicle_core/msg/detail/internal_drive_command__functions.c\n'}
[49.808014] (vehicle_core) StdoutLine: {'line': b'-- Installing: /home/avcpp/AV-CPP2025/Vehicle/install/vehicle_core/include/vehicle_core/vehicle_core/msg/detail/telemetry_data__functions.c\n'}
[49.808416] (vehicle_core) StdoutLine: {'line': b'-- Installing: /home/avcpp/AV-CPP2025/Vehicle/install/vehicle_core/include/vehicle_core/vehicle_core/msg/detail/imu_status__type_support.h\n'}
[49.808811] (vehicle_core) StdoutLine: {'line': b'-- Installing: /home/avcpp/AV-CPP2025/Vehicle/install/vehicle_core/include/vehicle_core/vehicle_core/msg/detail/autopilot_command__functions.h\n'}
[49.809199] (vehicle_core) StdoutLine: {'line': b'-- Installing: /home/avcpp/AV-CPP2025/Vehicle/install/vehicle_core/include/vehicle_core/vehicle_core/msg/detail/drive_status__type_support.h\n'}
[49.809599] (vehicle_core) StdoutLine: {'line': b'-- Installing: /home/avcpp/AV-CPP2025/Vehicle/install/vehicle_core/include/vehicle_core/vehicle_core/msg/detail/lights_status__functions.c\n'}
[49.809964] (vehicle_core) StdoutLine: {'line': b'-- Installing: /home/avcpp/AV-CPP2025/Vehicle/install/vehicle_core/include/vehicle_core/vehicle_core/msg/detail/error__struct.h\n'}
[49.810335] (vehicle_core) StdoutLine: {'line': b'-- Installing: /home/avcpp/AV-CPP2025/Vehicle/install/vehicle_core/include/vehicle_core/vehicle_core/msg/detail/lights_status__type_support.h\n'}
[49.810701] (vehicle_core) StdoutLine: {'line': b'-- Installing: /home/avcpp/AV-CPP2025/Vehicle/install/vehicle_core/include/vehicle_core/vehicle_core/msg/detail/drive_target__type_support.h\n'}
[49.811079] (vehicle_core) StdoutLine: {'line': b'-- Installing: /home/avcpp/AV-CPP2025/Vehicle/install/vehicle_core/include/vehicle_core/vehicle_core/msg/detail/server_init__functions.c\n'}
[49.811451] (vehicle_core) StdoutLine: {'line': b'-- Installing: /home/avcpp/AV-CPP2025/Vehicle/install/vehicle_core/include/vehicle_core/vehicle_core/msg/detail/state_event__struct.h\n'}
[49.811924] (vehicle_core) StdoutLine: {'line': b'-- Installing: /home/avcpp/AV-CPP2025/Vehicle/install/vehicle_core/include/vehicle_core/vehicle_core/msg/detail/general_status__type_support.h\n'}
[49.812288] (vehicle_core) StdoutLine: {'line': b'-- Installing: /home/avcpp/AV-CPP2025/Vehicle/install/vehicle_core/include/vehicle_core/vehicle_core/msg/detail/state_event__functions.c\n'}
[49.812667] (vehicle_core) StdoutLine: {'line': b'-- Installing: /home/avcpp/AV-CPP2025/Vehicle/install/vehicle_core/include/vehicle_core/vehicle_core/msg/detail/max_speed__functions.h\n'}
[49.813033] (vehicle_core) StdoutLine: {'line': b'-- Installing: /home/avcpp/AV-CPP2025/Vehicle/install/vehicle_core/include/vehicle_core/vehicle_core/msg/detail/internal_drive_command__type_support.h\n'}
[49.814693] (vehicle_core) StdoutLine: {'line': b'-- Installing: /home/avcpp/AV-CPP2025/Vehicle/install/vehicle_core/include/vehicle_core/vehicle_core/msg/detail/max_speed__type_support.h\n'}
[49.815478] (vehicle_core) StdoutLine: {'line': b'-- Installing: /home/avcpp/AV-CPP2025/Vehicle/install/vehicle_core/include/vehicle_core/vehicle_core/msg/detail/drive_target__functions.h\n'}
[49.816045] (vehicle_core) StdoutLine: {'line': b'-- Installing: /home/avcpp/AV-CPP2025/Vehicle/install/vehicle_core/include/vehicle_core/vehicle_core/msg/detail/telemetry_data__functions.h\n'}
[49.816660] (vehicle_core) StdoutLine: {'line': b'-- Installing: /home/avcpp/AV-CPP2025/Vehicle/install/vehicle_core/include/vehicle_core/vehicle_core/msg/detail/internal_drive_command__functions.h\n'}
[49.817130] (vehicle_core) StdoutLine: {'line': b'-- Installing: /home/avcpp/AV-CPP2025/Vehicle/install/vehicle_core/include/vehicle_core/vehicle_core/msg/detail/autopilot_config__type_support.h\n'}
[49.817706] (vehicle_core) StdoutLine: {'line': b'-- Installing: /home/avcpp/AV-CPP2025/Vehicle/install/vehicle_core/include/vehicle_core/vehicle_core/msg/detail/drive_feedback__functions.h\n'}
[49.818283] (vehicle_core) StdoutLine: {'line': b'-- Installing: /home/avcpp/AV-CPP2025/Vehicle/install/vehicle_core/include/vehicle_core/vehicle_core/msg/detail/perception_profile__functions.c\n'}
[49.818793] (vehicle_core) StdoutLine: {'line': b'-- Installing: /home/avcpp/AV-CPP2025/Vehicle/install/vehicle_core/include/vehicle_core/vehicle_core/msg/detail/error__type_support.h\n'}
[49.819386] (vehicle_core) StdoutLine: {'line': b'-- Installing: /home/avcpp/AV-CPP2025/Vehicle/install/vehicle_core/include/vehicle_core/vehicle_core/msg/detail/manual_drive_command__functions.h\n'}
[49.819974] (vehicle_core) StdoutLine: {'line': b'-- Installing: /home/avcpp/AV-CPP2025/Vehicle/install/vehicle_core/include/vehicle_core/vehicle_core/msg/detail/drive_target__functions.c\n'}
[49.820488] (vehicle_core) StdoutLine: {'line': b'-- Installing: /home/avcpp/AV-CPP2025/Vehicle/install/vehicle_core/include/vehicle_core/vehicle_core/msg/detail/state_event__functions.h\n'}
[49.821003] (vehicle_core) StdoutLine: {'line': b'-- Installing: /home/avcpp/AV-CPP2025/Vehicle/install/vehicle_core/include/vehicle_core/vehicle_core/msg/detail/drive_feedback__struct.h\n'}
[49.821444] (vehicle_core) StdoutLine: {'line': b'-- Installing: /home/avcpp/AV-CPP2025/Vehicle/install/vehicle_core/include/vehicle_core/vehicle_core/msg/detail/autopilot_status__struct.h\n'}
[49.821843] (vehicle_core) StdoutLine: {'line': b'-- Installing: /home/avcpp/AV-CPP2025/Vehicle/install/vehicle_core/include/vehicle_core/vehicle_core/msg/detail/autopilot_command__type_support.h\n'}
[49.822219] (vehicle_core) StdoutLine: {'line': b'-- Installing: /home/avcpp/AV-CPP2025/Vehicle/install/vehicle_core/include/vehicle_core/vehicle_core/msg/detail/server_init__struct.h\n'}
[49.822620] (vehicle_core) StdoutLine: {'line': b'-- Installing: /home/avcpp/AV-CPP2025/Vehicle/install/vehicle_core/include/vehicle_core/vehicle_core/msg/detail/lights_command__functions.c\n'}
[49.823013] (vehicle_core) StdoutLine: {'line': b'-- Installing: /home/avcpp/AV-CPP2025/Vehicle/install/vehicle_core/include/vehicle_core/vehicle_core/msg/detail/server_init__type_support.h\n'}
[49.823502] (vehicle_core) StdoutLine: {'line': b'-- Installing: /home/avcpp/AV-CPP2025/Vehicle/install/vehicle_core/include/vehicle_core/vehicle_core/msg/detail/perception_profile__type_support.h\n'}
[49.824054] (vehicle_core) StdoutLine: {'line': b'-- Installing: /home/avcpp/AV-CPP2025/Vehicle/install/vehicle_core/include/vehicle_core/vehicle_core/msg/detail/lights_command__type_support.h\n'}
[49.824559] (vehicle_core) StdoutLine: {'line': b'-- Installing: /home/avcpp/AV-CPP2025/Vehicle/install/vehicle_core/include/vehicle_core/vehicle_core/msg/detail/server_init__functions.h\n'}
[49.825161] (vehicle_core) StdoutLine: {'line': b'-- Installing: /home/avcpp/AV-CPP2025/Vehicle/install/vehicle_core/include/vehicle_core/vehicle_core/msg/detail/autopilot_config__functions.h\n'}
[49.825756] (vehicle_core) StdoutLine: {'line': b'-- Installing: /home/avcpp/AV-CPP2025/Vehicle/install/vehicle_core/include/vehicle_core/vehicle_core/msg/detail/lights_command__struct.h\n'}
[49.826240] (vehicle_core) StdoutLine: {'line': b'-- Installing: /home/avcpp/AV-CPP2025/Vehicle/install/vehicle_core/include/vehicle_core/vehicle_core/msg/detail/state_mode__functions.c\n'}
[49.826824] (vehicle_core) StdoutLine: {'line': b'-- Installing: /home/avcpp/AV-CPP2025/Vehicle/install/vehicle_core/include/vehicle_core/vehicle_core/msg/detail/max_speed__struct.h\n'}
[49.827375] (vehicle_core) StdoutLine: {'line': b'-- Installing: /home/avcpp/AV-CPP2025/Vehicle/install/vehicle_core/include/vehicle_core/vehicle_core/msg/detail/manual_drive_command__type_support.h\n'}
[49.827870] (vehicle_core) StdoutLine: {'line': b'-- Installing: /home/avcpp/AV-CPP2025/Vehicle/install/vehicle_core/include/vehicle_core/vehicle_core/msg/detail/perception_profile__functions.h\n'}
[49.828266] (vehicle_core) StdoutLine: {'line': b'-- Installing: /home/avcpp/AV-CPP2025/Vehicle/install/vehicle_core/include/vehicle_core/vehicle_core/msg/detail/imu_status__functions.c\n'}
[49.828623] (vehicle_core) StdoutLine: {'line': b'-- Installing: /home/avcpp/AV-CPP2025/Vehicle/install/vehicle_core/include/vehicle_core/vehicle_core/msg/detail/drive_status__functions.h\n'}
[49.828977] (vehicle_core) StdoutLine: {'line': b'-- Installing: /home/avcpp/AV-CPP2025/Vehicle/install/vehicle_core/include/vehicle_core/vehicle_core/msg/detail/autopilot_status__type_support.h\n'}
[49.829353] (vehicle_core) StdoutLine: {'line': b'-- Installing: /home/avcpp/AV-CPP2025/Vehicle/install/vehicle_core/include/vehicle_core/vehicle_core/msg/detail/drive_status__functions.c\n'}
[49.829716] (vehicle_core) StdoutLine: {'line': b'-- Installing: /home/avcpp/AV-CPP2025/Vehicle/install/vehicle_core/include/vehicle_core/vehicle_core/msg/detail/drive_feedback__type_support.h\n'}
[49.830310] (vehicle_core) StdoutLine: {'line': b'-- Installing: /home/avcpp/AV-CPP2025/Vehicle/install/vehicle_core/include/vehicle_core/vehicle_core/msg/detail/drive_status__struct.h\n'}
[49.830723] (vehicle_core) StdoutLine: {'line': b'-- Installing: /home/avcpp/AV-CPP2025/Vehicle/install/vehicle_core/include/vehicle_core/vehicle_core/msg/detail/lights_status__struct.h\n'}
[49.831164] (vehicle_core) StdoutLine: {'line': b'-- Installing: /home/avcpp/AV-CPP2025/Vehicle/install/vehicle_core/include/vehicle_core/vehicle_core/msg/detail/telemetry_data__type_support.h\n'}
[49.831652] (vehicle_core) StdoutLine: {'line': b'-- Installing: /home/avcpp/AV-CPP2025/Vehicle/install/vehicle_core/include/vehicle_core/vehicle_core/msg/detail/autopilot_status__functions.h\n'}
[49.832270] (vehicle_core) StdoutLine: {'line': b'-- Installing: /home/avcpp/AV-CPP2025/Vehicle/install/vehicle_core/include/vehicle_core/vehicle_core/msg/detail/general_status__functions.h\n'}
[49.832767] (vehicle_core) StdoutLine: {'line': b'-- Installing: /home/avcpp/AV-CPP2025/Vehicle/install/vehicle_core/include/vehicle_core/vehicle_core/msg/detail/manual_drive_command__functions.c\n'}
[49.833354] (vehicle_core) StdoutLine: {'line': b'-- Installing: /home/avcpp/AV-CPP2025/Vehicle/install/vehicle_core/include/vehicle_core/vehicle_core/msg/detail/autopilot_command__struct.h\n'}
[49.833971] (vehicle_core) StdoutLine: {'line': b'-- Installing: /home/avcpp/AV-CPP2025/Vehicle/install/vehicle_core/include/vehicle_core/vehicle_core/msg/drive_target.h\n'}
[49.834589] (vehicle_core) StdoutLine: {'line': b'-- Installing: /home/avcpp/AV-CPP2025/Vehicle/install/vehicle_core/include/vehicle_core/vehicle_core/msg/error.h\n'}
[49.835090] (vehicle_core) StdoutLine: {'line': b'-- Installing: /home/avcpp/AV-CPP2025/Vehicle/install/vehicle_core/include/vehicle_core/vehicle_core/msg/server_init.h\n'}
[49.835548] (vehicle_core) StdoutLine: {'line': b'-- Installing: /home/avcpp/AV-CPP2025/Vehicle/install/vehicle_core/include/vehicle_core/vehicle_core/msg/telemetry_data.h\n'}
[49.835968] (vehicle_core) StdoutLine: {'line': b'-- Installing: /home/avcpp/AV-CPP2025/Vehicle/install/vehicle_core/include/vehicle_core/vehicle_core/msg/perception_profile.h\n'}
[49.836409] (vehicle_core) StdoutLine: {'line': b'-- Installing: /home/avcpp/AV-CPP2025/Vehicle/install/vehicle_core/include/vehicle_core/vehicle_core/msg/general_status.h\n'}
[49.836765] (vehicle_core) StdoutLine: {'line': b'-- Installing: /home/avcpp/AV-CPP2025/Vehicle/install/vehicle_core/include/vehicle_core/vehicle_core/msg/internal_drive_command.h\n'}
[49.837118] (vehicle_core) StdoutLine: {'line': b'-- Installing: /home/avcpp/AV-CPP2025/Vehicle/install/vehicle_core/include/vehicle_core/vehicle_core/msg/max_speed.h\n'}
[49.837566] (vehicle_core) StdoutLine: {'line': b'-- Installing: /home/avcpp/AV-CPP2025/Vehicle/install/vehicle_core/include/vehicle_core/vehicle_core/msg/state_mode.h\n'}
[49.837921] (vehicle_core) StdoutLine: {'line': b'-- Installing: /home/avcpp/AV-CPP2025/Vehicle/install/vehicle_core/include/vehicle_core/vehicle_core/msg/drive_status.h\n'}
[49.838273] (vehicle_core) StdoutLine: {'line': b'-- Installing: /home/avcpp/AV-CPP2025/Vehicle/install/vehicle_core/include/vehicle_core/vehicle_core/msg/lights_command.h\n'}
[49.838881] (vehicle_core) StdoutLine: {'line': b'-- Installing: /home/avcpp/AV-CPP2025/Vehicle/install/vehicle_core/include/vehicle_core/vehicle_core/msg/lights_status.h\n'}
[49.839443] (vehicle_core) StdoutLine: {'line': b'-- Installing: /home/avcpp/AV-CPP2025/Vehicle/install/vehicle_core/include/vehicle_core/vehicle_core/msg/rosidl_generator_c__visibility_control.h\n'}
[49.840062] (vehicle_core) StdoutLine: {'line': b'-- Installing: /home/avcpp/AV-CPP2025/Vehicle/install/vehicle_core/include/vehicle_core/vehicle_core/msg/manual_drive_command.h\n'}
[49.840602] (-) TimerEvent: {}
[49.841306] (vehicle_core) StdoutLine: {'line': b'-- Installing: /home/avcpp/AV-CPP2025/Vehicle/install/vehicle_core/include/vehicle_core/vehicle_core/srv\n'}
[49.841807] (vehicle_core) StdoutLine: {'line': b'-- Installing: /home/avcpp/AV-CPP2025/Vehicle/install/vehicle_core/include/vehicle_core/vehicle_core/srv/release_internal_control.h\n'}
[49.842426] (vehicle_core) StdoutLine: {'line': b'-- Installing: /home/avcpp/AV-CPP2025/Vehicle/install/vehicle_core/include/vehicle_core/vehicle_core/srv/detail\n'}
[49.843046] (vehicle_core) StdoutLine: {'line': b'-- Installing: /home/avcpp/AV-CPP2025/Vehicle/install/vehicle_core/include/vehicle_core/vehicle_core/srv/detail/request_internal_control__functions.h\n'}
[49.843459] (vehicle_core) StdoutLine: {'line': b'-- Installing: /home/avcpp/AV-CPP2025/Vehicle/install/vehicle_core/include/vehicle_core/vehicle_core/srv/detail/release_internal_control__functions.h\n'}
[49.843830] (vehicle_core) StdoutLine: {'line': b'-- Installing: /home/avcpp/AV-CPP2025/Vehicle/install/vehicle_core/include/vehicle_core/vehicle_core/srv/detail/release_internal_control__struct.h\n'}
[49.844203] (vehicle_core) StdoutLine: {'line': b'-- Installing: /home/avcpp/AV-CPP2025/Vehicle/install/vehicle_core/include/vehicle_core/vehicle_core/srv/detail/release_internal_control__type_support.h\n'}
[49.844567] (vehicle_core) StdoutLine: {'line': b'-- Installing: /home/avcpp/AV-CPP2025/Vehicle/install/vehicle_core/include/vehicle_core/vehicle_core/srv/detail/set_autopilot_profile__struct.h\n'}
[49.844919] (vehicle_core) StdoutLine: {'line': b'-- Installing: /home/avcpp/AV-CPP2025/Vehicle/install/vehicle_core/include/vehicle_core/vehicle_core/srv/detail/request_internal_control__struct.h\n'}
[49.845272] (vehicle_core) StdoutLine: {'line': b'-- Installing: /home/avcpp/AV-CPP2025/Vehicle/install/vehicle_core/include/vehicle_core/vehicle_core/srv/detail/set_autopilot_profile__functions.c\n'}
[49.845623] (vehicle_core) StdoutLine: {'line': b'-- Installing: /home/avcpp/AV-CPP2025/Vehicle/install/vehicle_core/include/vehicle_core/vehicle_core/srv/detail/release_internal_control__functions.c\n'}
[49.846006] (vehicle_core) StdoutLine: {'line': b'-- Installing: /home/avcpp/AV-CPP2025/Vehicle/install/vehicle_core/include/vehicle_core/vehicle_core/srv/detail/set_autopilot_profile__functions.h\n'}
[49.846376] (vehicle_core) StdoutLine: {'line': b'-- Installing: /home/avcpp/AV-CPP2025/Vehicle/install/vehicle_core/include/vehicle_core/vehicle_core/srv/detail/request_internal_control__type_support.h\n'}
[49.846731] (vehicle_core) StdoutLine: {'line': b'-- Installing: /home/avcpp/AV-CPP2025/Vehicle/install/vehicle_core/include/vehicle_core/vehicle_core/srv/detail/request_internal_control__functions.c\n'}
[49.847085] (vehicle_core) StdoutLine: {'line': b'-- Installing: /home/avcpp/AV-CPP2025/Vehicle/install/vehicle_core/include/vehicle_core/vehicle_core/srv/detail/set_autopilot_profile__type_support.h\n'}
[49.847478] (vehicle_core) StdoutLine: {'line': b'-- Installing: /home/avcpp/AV-CPP2025/Vehicle/install/vehicle_core/include/vehicle_core/vehicle_core/srv/request_internal_control.h\n'}
[49.847845] (vehicle_core) StdoutLine: {'line': b'-- Installing: /home/avcpp/AV-CPP2025/Vehicle/install/vehicle_core/include/vehicle_core/vehicle_core/srv/set_autopilot_profile.h\n'}
[49.848260] (vehicle_core) StdoutLine: {'line': b'-- Installing: /home/avcpp/AV-CPP2025/Vehicle/install/vehicle_core/share/vehicle_core/environment/library_path.sh\n'}
[49.848638] (vehicle_core) StdoutLine: {'line': b'-- Installing: /home/avcpp/AV-CPP2025/Vehicle/install/vehicle_core/share/vehicle_core/environment/library_path.dsv\n'}
[49.849361] (vehicle_core) StdoutLine: {'line': b'-- Installing: /home/avcpp/AV-CPP2025/Vehicle/install/vehicle_core/lib/libvehicle_core__rosidl_generator_c.so\n'}
[49.849784] (vehicle_core) StdoutLine: {'line': b'-- Set runtime path of "/home/avcpp/AV-CPP2025/Vehicle/install/vehicle_core/lib/libvehicle_core__rosidl_generator_c.so" to ""\n'}
[49.850165] (vehicle_core) StdoutLine: {'line': b'-- Up-to-date: /home/avcpp/AV-CPP2025/Vehicle/install/vehicle_core/include/vehicle_core/vehicle_core\n'}
[49.850546] (vehicle_core) StdoutLine: {'line': b'-- Up-to-date: /home/avcpp/AV-CPP2025/Vehicle/install/vehicle_core/include/vehicle_core/vehicle_core/msg\n'}
[49.850909] (vehicle_core) StdoutLine: {'line': b'-- Installing: /home/avcpp/AV-CPP2025/Vehicle/install/vehicle_core/include/vehicle_core/vehicle_core/msg/rosidl_typesupport_fastrtps_c__visibility_control.h\n'}
[49.851304] (vehicle_core) StdoutLine: {'line': b'-- Up-to-date: /home/avcpp/AV-CPP2025/Vehicle/install/vehicle_core/include/vehicle_core/vehicle_core/msg/detail\n'}
[49.851708] (vehicle_core) StdoutLine: {'line': b'-- Installing: /home/avcpp/AV-CPP2025/Vehicle/install/vehicle_core/include/vehicle_core/vehicle_core/msg/detail/drive_feedback__rosidl_typesupport_fastrtps_c.h\n'}
[49.852081] (vehicle_core) StdoutLine: {'line': b'-- Installing: /home/avcpp/AV-CPP2025/Vehicle/install/vehicle_core/include/vehicle_core/vehicle_core/msg/detail/drive_status__rosidl_typesupport_fastrtps_c.h\n'}
[49.852466] (vehicle_core) StdoutLine: {'line': b'-- Installing: /home/avcpp/AV-CPP2025/Vehicle/install/vehicle_core/include/vehicle_core/vehicle_core/msg/detail/lights_status__rosidl_typesupport_fastrtps_c.h\n'}
[49.852843] (vehicle_core) StdoutLine: {'line': b'-- Installing: /home/avcpp/AV-CPP2025/Vehicle/install/vehicle_core/include/vehicle_core/vehicle_core/msg/detail/server_init__rosidl_typesupport_fastrtps_c.h\n'}
[49.853222] (vehicle_core) StdoutLine: {'line': b'-- Installing: /home/avcpp/AV-CPP2025/Vehicle/install/vehicle_core/include/vehicle_core/vehicle_core/msg/detail/state_event__rosidl_typesupport_fastrtps_c.h\n'}
[49.853611] (vehicle_core) StdoutLine: {'line': b'-- Installing: /home/avcpp/AV-CPP2025/Vehicle/install/vehicle_core/include/vehicle_core/vehicle_core/msg/detail/perception_profile__rosidl_typesupport_fastrtps_c.h\n'}
[49.853977] (vehicle_core) StdoutLine: {'line': b'-- Installing: /home/avcpp/AV-CPP2025/Vehicle/install/vehicle_core/include/vehicle_core/vehicle_core/msg/detail/error__rosidl_typesupport_fastrtps_c.h\n'}
[49.854344] (vehicle_core) StdoutLine: {'line': b'-- Installing: /home/avcpp/AV-CPP2025/Vehicle/install/vehicle_core/include/vehicle_core/vehicle_core/msg/detail/general_status__rosidl_typesupport_fastrtps_c.h\n'}
[49.854747] (vehicle_core) StdoutLine: {'line': b'-- Installing: /home/avcpp/AV-CPP2025/Vehicle/install/vehicle_core/include/vehicle_core/vehicle_core/msg/detail/telemetry_data__rosidl_typesupport_fastrtps_c.h\n'}
[49.855124] (vehicle_core) StdoutLine: {'line': b'-- Installing: /home/avcpp/AV-CPP2025/Vehicle/install/vehicle_core/include/vehicle_core/vehicle_core/msg/detail/max_speed__rosidl_typesupport_fastrtps_c.h\n'}
[49.855506] (vehicle_core) StdoutLine: {'line': b'-- Installing: /home/avcpp/AV-CPP2025/Vehicle/install/vehicle_core/include/vehicle_core/vehicle_core/msg/detail/internal_drive_command__rosidl_typesupport_fastrtps_c.h\n'}
[49.855895] (vehicle_core) StdoutLine: {'line': b'-- Installing: /home/avcpp/AV-CPP2025/Vehicle/install/vehicle_core/include/vehicle_core/vehicle_core/msg/detail/lights_command__rosidl_typesupport_fastrtps_c.h\n'}
[49.856264] (vehicle_core) StdoutLine: {'line': b'-- Installing: /home/avcpp/AV-CPP2025/Vehicle/install/vehicle_core/include/vehicle_core/vehicle_core/msg/detail/autopilot_status__rosidl_typesupport_fastrtps_c.h\n'}
[49.856625] (vehicle_core) StdoutLine: {'line': b'-- Installing: /home/avcpp/AV-CPP2025/Vehicle/install/vehicle_core/include/vehicle_core/vehicle_core/msg/detail/autopilot_command__rosidl_typesupport_fastrtps_c.h\n'}
[49.856987] (vehicle_core) StdoutLine: {'line': b'-- Installing: /home/avcpp/AV-CPP2025/Vehicle/install/vehicle_core/include/vehicle_core/vehicle_core/msg/detail/manual_drive_command__rosidl_typesupport_fastrtps_c.h\n'}
[49.857347] (vehicle_core) StdoutLine: {'line': b'-- Installing: /home/avcpp/AV-CPP2025/Vehicle/install/vehicle_core/include/vehicle_core/vehicle_core/msg/detail/imu_status__rosidl_typesupport_fastrtps_c.h\n'}
[49.857706] (vehicle_core) StdoutLine: {'line': b'-- Installing: /home/avcpp/AV-CPP2025/Vehicle/install/vehicle_core/include/vehicle_core/vehicle_core/msg/detail/state_mode__rosidl_typesupport_fastrtps_c.h\n'}
[49.858065] (vehicle_core) StdoutLine: {'line': b'-- Installing: /home/avcpp/AV-CPP2025/Vehicle/install/vehicle_core/include/vehicle_core/vehicle_core/msg/detail/drive_target__rosidl_typesupport_fastrtps_c.h\n'}
[49.858444] (vehicle_core) StdoutLine: {'line': b'-- Installing: /home/avcpp/AV-CPP2025/Vehicle/install/vehicle_core/include/vehicle_core/vehicle_core/msg/detail/autopilot_config__rosidl_typesupport_fastrtps_c.h\n'}
[49.858821] (vehicle_core) StdoutLine: {'line': b'-- Up-to-date: /home/avcpp/AV-CPP2025/Vehicle/install/vehicle_core/include/vehicle_core/vehicle_core/srv\n'}
[49.859202] (vehicle_core) StdoutLine: {'line': b'-- Up-to-date: /home/avcpp/AV-CPP2025/Vehicle/install/vehicle_core/include/vehicle_core/vehicle_core/srv/detail\n'}
[49.859571] (vehicle_core) StdoutLine: {'line': b'-- Installing: /home/avcpp/AV-CPP2025/Vehicle/install/vehicle_core/include/vehicle_core/vehicle_core/srv/detail/release_internal_control__rosidl_typesupport_fastrtps_c.h\n'}
[49.859933] (vehicle_core) StdoutLine: {'line': b'-- Installing: /home/avcpp/AV-CPP2025/Vehicle/install/vehicle_core/include/vehicle_core/vehicle_core/srv/detail/request_internal_control__rosidl_typesupport_fastrtps_c.h\n'}
[49.860293] (vehicle_core) StdoutLine: {'line': b'-- Installing: /home/avcpp/AV-CPP2025/Vehicle/install/vehicle_core/include/vehicle_core/vehicle_core/srv/detail/set_autopilot_profile__rosidl_typesupport_fastrtps_c.h\n'}
[49.860655] (vehicle_core) StdoutLine: {'line': b'-- Installing: /home/avcpp/AV-CPP2025/Vehicle/install/vehicle_core/lib/libvehicle_core__rosidl_typesupport_fastrtps_c.so\n'}
[49.861016] (vehicle_core) StdoutLine: {'line': b'-- Set runtime path of "/home/avcpp/AV-CPP2025/Vehicle/install/vehicle_core/lib/libvehicle_core__rosidl_typesupport_fastrtps_c.so" to ""\n'}
[49.861377] (vehicle_core) StdoutLine: {'line': b'-- Up-to-date: /home/avcpp/AV-CPP2025/Vehicle/install/vehicle_core/include/vehicle_core/vehicle_core\n'}
[49.861737] (vehicle_core) StdoutLine: {'line': b'-- Up-to-date: /home/avcpp/AV-CPP2025/Vehicle/install/vehicle_core/include/vehicle_core/vehicle_core/msg\n'}
[49.862093] (vehicle_core) StdoutLine: {'line': b'-- Up-to-date: /home/avcpp/AV-CPP2025/Vehicle/install/vehicle_core/include/vehicle_core/vehicle_core/msg/detail\n'}
[49.862472] (vehicle_core) StdoutLine: {'line': b'-- Installing: /home/avcpp/AV-CPP2025/Vehicle/install/vehicle_core/include/vehicle_core/vehicle_core/msg/detail/telemetry_data__builder.hpp\n'}
[49.862841] (vehicle_core) StdoutLine: {'line': b'-- Installing: /home/avcpp/AV-CPP2025/Vehicle/install/vehicle_core/include/vehicle_core/vehicle_core/msg/detail/drive_target__traits.hpp\n'}
[49.863203] (vehicle_core) StdoutLine: {'line': b'-- Installing: /home/avcpp/AV-CPP2025/Vehicle/install/vehicle_core/include/vehicle_core/vehicle_core/msg/detail/manual_drive_command__traits.hpp\n'}
[49.863561] (vehicle_core) StdoutLine: {'line': b'-- Installing: /home/avcpp/AV-CPP2025/Vehicle/install/vehicle_core/include/vehicle_core/vehicle_core/msg/detail/error__type_support.hpp\n'}
[49.863923] (vehicle_core) StdoutLine: {'line': b'-- Installing: /home/avcpp/AV-CPP2025/Vehicle/install/vehicle_core/include/vehicle_core/vehicle_core/msg/detail/autopilot_config__struct.hpp\n'}
[49.864286] (vehicle_core) StdoutLine: {'line': b'-- Installing: /home/avcpp/AV-CPP2025/Vehicle/install/vehicle_core/include/vehicle_core/vehicle_core/msg/detail/drive_status__traits.hpp\n'}
[49.864647] (vehicle_core) StdoutLine: {'line': b'-- Installing: /home/avcpp/AV-CPP2025/Vehicle/install/vehicle_core/include/vehicle_core/vehicle_core/msg/detail/drive_status__struct.hpp\n'}
[49.865059] (vehicle_core) StdoutLine: {'line': b'-- Installing: /home/avcpp/AV-CPP2025/Vehicle/install/vehicle_core/include/vehicle_core/vehicle_core/msg/detail/autopilot_command__builder.hpp\n'}
[49.865422] (vehicle_core) StdoutLine: {'line': b'-- Installing: /home/avcpp/AV-CPP2025/Vehicle/install/vehicle_core/include/vehicle_core/vehicle_core/msg/detail/state_mode__type_support.hpp\n'}
[49.865797] (vehicle_core) StdoutLine: {'line': b'-- Installing: /home/avcpp/AV-CPP2025/Vehicle/install/vehicle_core/include/vehicle_core/vehicle_core/msg/detail/perception_profile__builder.hpp\n'}
[49.866012] (vehicle_core) StdoutLine: {'line': b'-- Installing: /home/avcpp/AV-CPP2025/Vehicle/install/vehicle_core/include/vehicle_core/vehicle_core/msg/detail/lights_status__traits.hpp\n'}
[49.866129] (vehicle_core) StdoutLine: {'line': b'-- Installing: /home/avcpp/AV-CPP2025/Vehicle/install/vehicle_core/include/vehicle_core/vehicle_core/msg/detail/error__struct.hpp\n'}
[49.866211] (vehicle_core) StdoutLine: {'line': b'-- Installing: /home/avcpp/AV-CPP2025/Vehicle/install/vehicle_core/include/vehicle_core/vehicle_core/msg/detail/server_init__struct.hpp\n'}
[49.866288] (vehicle_core) StdoutLine: {'line': b'-- Installing: /home/avcpp/AV-CPP2025/Vehicle/install/vehicle_core/include/vehicle_core/vehicle_core/msg/detail/state_event__builder.hpp\n'}
[49.866361] (vehicle_core) StdoutLine: {'line': b'-- Installing: /home/avcpp/AV-CPP2025/Vehicle/install/vehicle_core/include/vehicle_core/vehicle_core/msg/detail/manual_drive_command__struct.hpp\n'}
[49.866436] (vehicle_core) StdoutLine: {'line': b'-- Installing: /home/avcpp/AV-CPP2025/Vehicle/install/vehicle_core/include/vehicle_core/vehicle_core/msg/detail/autopilot_command__struct.hpp\n'}
[49.866509] (vehicle_core) StdoutLine: {'line': b'-- Installing: /home/avcpp/AV-CPP2025/Vehicle/install/vehicle_core/include/vehicle_core/vehicle_core/msg/detail/state_event__struct.hpp\n'}
[49.866579] (vehicle_core) StdoutLine: {'line': b'-- Installing: /home/avcpp/AV-CPP2025/Vehicle/install/vehicle_core/include/vehicle_core/vehicle_core/msg/detail/autopilot_status__builder.hpp\n'}
[49.866660] (vehicle_core) StdoutLine: {'line': b'-- Installing: /home/avcpp/AV-CPP2025/Vehicle/install/vehicle_core/include/vehicle_core/vehicle_core/msg/detail/autopilot_status__traits.hpp\n'}
[49.866733] (vehicle_core) StdoutLine: {'line': b'-- Installing: /home/avcpp/AV-CPP2025/Vehicle/install/vehicle_core/include/vehicle_core/vehicle_core/msg/detail/telemetry_data__type_support.hpp\n'}
[49.866804] (vehicle_core) StdoutLine: {'line': b'-- Installing: /home/avcpp/AV-CPP2025/Vehicle/install/vehicle_core/include/vehicle_core/vehicle_core/msg/detail/lights_status__struct.hpp\n'}
[49.866876] (vehicle_core) StdoutLine: {'line': b'-- Installing: /home/avcpp/AV-CPP2025/Vehicle/install/vehicle_core/include/vehicle_core/vehicle_core/msg/detail/state_mode__builder.hpp\n'}
[49.866947] (vehicle_core) StdoutLine: {'line': b'-- Installing: /home/avcpp/AV-CPP2025/Vehicle/install/vehicle_core/include/vehicle_core/vehicle_core/msg/detail/autopilot_command__type_support.hpp\n'}
[49.867020] (vehicle_core) StdoutLine: {'line': b'-- Installing: /home/avcpp/AV-CPP2025/Vehicle/install/vehicle_core/include/vehicle_core/vehicle_core/msg/detail/max_speed__type_support.hpp\n'}
[49.867093] (vehicle_core) StdoutLine: {'line': b'-- Installing: /home/avcpp/AV-CPP2025/Vehicle/install/vehicle_core/include/vehicle_core/vehicle_core/msg/detail/lights_command__type_support.hpp\n'}
[49.867165] (vehicle_core) StdoutLine: {'line': b'-- Installing: /home/avcpp/AV-CPP2025/Vehicle/install/vehicle_core/include/vehicle_core/vehicle_core/msg/detail/general_status__struct.hpp\n'}
[49.867236] (vehicle_core) StdoutLine: {'line': b'-- Installing: /home/avcpp/AV-CPP2025/Vehicle/install/vehicle_core/include/vehicle_core/vehicle_core/msg/detail/state_event__traits.hpp\n'}
[49.867309] (vehicle_core) StdoutLine: {'line': b'-- Installing: /home/avcpp/AV-CPP2025/Vehicle/install/vehicle_core/include/vehicle_core/vehicle_core/msg/detail/max_speed__struct.hpp\n'}
[49.867379] (vehicle_core) StdoutLine: {'line': b'-- Installing: /home/avcpp/AV-CPP2025/Vehicle/install/vehicle_core/include/vehicle_core/vehicle_core/msg/detail/internal_drive_command__traits.hpp\n'}
[49.867450] (vehicle_core) StdoutLine: {'line': b'-- Installing: /home/avcpp/AV-CPP2025/Vehicle/install/vehicle_core/include/vehicle_core/vehicle_core/msg/detail/drive_feedback__struct.hpp\n'}
[49.867520] (vehicle_core) StdoutLine: {'line': b'-- Installing: /home/avcpp/AV-CPP2025/Vehicle/install/vehicle_core/include/vehicle_core/vehicle_core/msg/detail/state_mode__struct.hpp\n'}
[49.867594] (vehicle_core) StdoutLine: {'line': b'-- Installing: /home/avcpp/AV-CPP2025/Vehicle/install/vehicle_core/include/vehicle_core/vehicle_core/msg/detail/internal_drive_command__type_support.hpp\n'}
[49.867673] (vehicle_core) StdoutLine: {'line': b'-- Installing: /home/avcpp/AV-CPP2025/Vehicle/install/vehicle_core/include/vehicle_core/vehicle_core/msg/detail/internal_drive_command__builder.hpp\n'}
[49.867745] (vehicle_core) StdoutLine: {'line': b'-- Installing: /home/avcpp/AV-CPP2025/Vehicle/install/vehicle_core/include/vehicle_core/vehicle_core/msg/detail/autopilot_config__type_support.hpp\n'}
[49.867816] (vehicle_core) StdoutLine: {'line': b'-- Installing: /home/avcpp/AV-CPP2025/Vehicle/install/vehicle_core/include/vehicle_core/vehicle_core/msg/detail/state_event__type_support.hpp\n'}
[49.867889] (vehicle_core) StdoutLine: {'line': b'-- Installing: /home/avcpp/AV-CPP2025/Vehicle/install/vehicle_core/include/vehicle_core/vehicle_core/msg/detail/autopilot_config__traits.hpp\n'}
[49.867973] (vehicle_core) StdoutLine: {'line': b'-- Installing: /home/avcpp/AV-CPP2025/Vehicle/install/vehicle_core/include/vehicle_core/vehicle_core/msg/detail/drive_feedback__type_support.hpp\n'}
[49.868044] (vehicle_core) StdoutLine: {'line': b'-- Installing: /home/avcpp/AV-CPP2025/Vehicle/install/vehicle_core/include/vehicle_core/vehicle_core/msg/detail/server_init__builder.hpp\n'}
[49.868113] (vehicle_core) StdoutLine: {'line': b'-- Installing: /home/avcpp/AV-CPP2025/Vehicle/install/vehicle_core/include/vehicle_core/vehicle_core/msg/detail/lights_status__type_support.hpp\n'}
[49.868183] (vehicle_core) StdoutLine: {'line': b'-- Installing: /home/avcpp/AV-CPP2025/Vehicle/install/vehicle_core/include/vehicle_core/vehicle_core/msg/detail/imu_status__traits.hpp\n'}
[49.868255] (vehicle_core) StdoutLine: {'line': b'-- Installing: /home/avcpp/AV-CPP2025/Vehicle/install/vehicle_core/include/vehicle_core/vehicle_core/msg/detail/drive_target__builder.hpp\n'}
[49.868325] (vehicle_core) StdoutLine: {'line': b'-- Installing: /home/avcpp/AV-CPP2025/Vehicle/install/vehicle_core/include/vehicle_core/vehicle_core/msg/detail/lights_command__struct.hpp\n'}
[49.868395] (vehicle_core) StdoutLine: {'line': b'-- Installing: /home/avcpp/AV-CPP2025/Vehicle/install/vehicle_core/include/vehicle_core/vehicle_core/msg/detail/error__builder.hpp\n'}
[49.868465] (vehicle_core) StdoutLine: {'line': b'-- Installing: /home/avcpp/AV-CPP2025/Vehicle/install/vehicle_core/include/vehicle_core/vehicle_core/msg/detail/server_init__traits.hpp\n'}
[49.868536] (vehicle_core) StdoutLine: {'line': b'-- Installing: /home/avcpp/AV-CPP2025/Vehicle/install/vehicle_core/include/vehicle_core/vehicle_core/msg/detail/drive_target__struct.hpp\n'}
[49.868613] (vehicle_core) StdoutLine: {'line': b'-- Installing: /home/avcpp/AV-CPP2025/Vehicle/install/vehicle_core/include/vehicle_core/vehicle_core/msg/detail/manual_drive_command__builder.hpp\n'}
[49.868684] (vehicle_core) StdoutLine: {'line': b'-- Installing: /home/avcpp/AV-CPP2025/Vehicle/install/vehicle_core/include/vehicle_core/vehicle_core/msg/detail/lights_command__builder.hpp\n'}
[49.868756] (vehicle_core) StdoutLine: {'line': b'-- Installing: /home/avcpp/AV-CPP2025/Vehicle/install/vehicle_core/include/vehicle_core/vehicle_core/msg/detail/perception_profile__type_support.hpp\n'}
[49.868826] (vehicle_core) StdoutLine: {'line': b'-- Installing: /home/avcpp/AV-CPP2025/Vehicle/install/vehicle_core/include/vehicle_core/vehicle_core/msg/detail/perception_profile__struct.hpp\n'}
[49.868896] (vehicle_core) StdoutLine: {'line': b'-- Installing: /home/avcpp/AV-CPP2025/Vehicle/install/vehicle_core/include/vehicle_core/vehicle_core/msg/detail/lights_command__traits.hpp\n'}
[49.868966] (vehicle_core) StdoutLine: {'line': b'-- Installing: /home/avcpp/AV-CPP2025/Vehicle/install/vehicle_core/include/vehicle_core/vehicle_core/msg/detail/state_mode__traits.hpp\n'}
[49.869037] (vehicle_core) StdoutLine: {'line': b'-- Installing: /home/avcpp/AV-CPP2025/Vehicle/install/vehicle_core/include/vehicle_core/vehicle_core/msg/detail/max_speed__builder.hpp\n'}
[49.869123] (vehicle_core) StdoutLine: {'line': b'-- Installing: /home/avcpp/AV-CPP2025/Vehicle/install/vehicle_core/include/vehicle_core/vehicle_core/msg/detail/imu_status__struct.hpp\n'}
[49.869208] (vehicle_core) StdoutLine: {'line': b'-- Installing: /home/avcpp/AV-CPP2025/Vehicle/install/vehicle_core/include/vehicle_core/vehicle_core/msg/detail/internal_drive_command__struct.hpp\n'}
[49.869282] (vehicle_core) StdoutLine: {'line': b'-- Installing: /home/avcpp/AV-CPP2025/Vehicle/install/vehicle_core/include/vehicle_core/vehicle_core/msg/detail/imu_status__builder.hpp\n'}
[49.869355] (vehicle_core) StdoutLine: {'line': b'-- Installing: /home/avcpp/AV-CPP2025/Vehicle/install/vehicle_core/include/vehicle_core/vehicle_core/msg/detail/drive_feedback__builder.hpp\n'}
[49.869430] (vehicle_core) StdoutLine: {'line': b'-- Installing: /home/avcpp/AV-CPP2025/Vehicle/install/vehicle_core/include/vehicle_core/vehicle_core/msg/detail/general_status__type_support.hpp\n'}
[49.869503] (vehicle_core) StdoutLine: {'line': b'-- Installing: /home/avcpp/AV-CPP2025/Vehicle/install/vehicle_core/include/vehicle_core/vehicle_core/msg/detail/server_init__type_support.hpp\n'}
[49.869576] (vehicle_core) StdoutLine: {'line': b'-- Installing: /home/avcpp/AV-CPP2025/Vehicle/install/vehicle_core/include/vehicle_core/vehicle_core/msg/detail/error__traits.hpp\n'}
[49.869649] (vehicle_core) StdoutLine: {'line': b'-- Installing: /home/avcpp/AV-CPP2025/Vehicle/install/vehicle_core/include/vehicle_core/vehicle_core/msg/detail/general_status__traits.hpp\n'}
[49.869723] (vehicle_core) StdoutLine: {'line': b'-- Installing: /home/avcpp/AV-CPP2025/Vehicle/install/vehicle_core/include/vehicle_core/vehicle_core/msg/detail/lights_status__builder.hpp\n'}
[49.869794] (vehicle_core) StdoutLine: {'line': b'-- Installing: /home/avcpp/AV-CPP2025/Vehicle/install/vehicle_core/include/vehicle_core/vehicle_core/msg/detail/telemetry_data__traits.hpp\n'}
[49.869867] (vehicle_core) StdoutLine: {'line': b'-- Installing: /home/avcpp/AV-CPP2025/Vehicle/install/vehicle_core/include/vehicle_core/vehicle_core/msg/detail/telemetry_data__struct.hpp\n'}
[49.869939] (vehicle_core) StdoutLine: {'line': b'-- Installing: /home/avcpp/AV-CPP2025/Vehicle/install/vehicle_core/include/vehicle_core/vehicle_core/msg/detail/max_speed__traits.hpp\n'}
[49.870011] (vehicle_core) StdoutLine: {'line': b'-- Installing: /home/avcpp/AV-CPP2025/Vehicle/install/vehicle_core/include/vehicle_core/vehicle_core/msg/detail/autopilot_status__struct.hpp\n'}
[49.870087] (vehicle_core) StdoutLine: {'line': b'-- Installing: /home/avcpp/AV-CPP2025/Vehicle/install/vehicle_core/include/vehicle_core/vehicle_core/msg/detail/general_status__builder.hpp\n'}
[49.870171] (vehicle_core) StdoutLine: {'line': b'-- Installing: /home/avcpp/AV-CPP2025/Vehicle/install/vehicle_core/include/vehicle_core/vehicle_core/msg/detail/drive_status__type_support.hpp\n'}
[49.870245] (vehicle_core) StdoutLine: {'line': b'-- Installing: /home/avcpp/AV-CPP2025/Vehicle/install/vehicle_core/include/vehicle_core/vehicle_core/msg/detail/autopilot_command__traits.hpp\n'}
[49.870317] (vehicle_core) StdoutLine: {'line': b'-- Installing: /home/avcpp/AV-CPP2025/Vehicle/install/vehicle_core/include/vehicle_core/vehicle_core/msg/detail/imu_status__type_support.hpp\n'}
[49.870393] (vehicle_core) StdoutLine: {'line': b'-- Installing: /home/avcpp/AV-CPP2025/Vehicle/install/vehicle_core/include/vehicle_core/vehicle_core/msg/detail/perception_profile__traits.hpp\n'}
[49.870466] (vehicle_core) StdoutLine: {'line': b'-- Installing: /home/avcpp/AV-CPP2025/Vehicle/install/vehicle_core/include/vehicle_core/vehicle_core/msg/detail/drive_feedback__traits.hpp\n'}
[49.870541] (vehicle_core) StdoutLine: {'line': b'-- Installing: /home/avcpp/AV-CPP2025/Vehicle/install/vehicle_core/include/vehicle_core/vehicle_core/msg/detail/autopilot_status__type_support.hpp\n'}
[49.870621] (vehicle_core) StdoutLine: {'line': b'-- Installing: /home/avcpp/AV-CPP2025/Vehicle/install/vehicle_core/include/vehicle_core/vehicle_core/msg/detail/drive_status__builder.hpp\n'}
[49.870700] (vehicle_core) StdoutLine: {'line': b'-- Installing: /home/avcpp/AV-CPP2025/Vehicle/install/vehicle_core/include/vehicle_core/vehicle_core/msg/detail/manual_drive_command__type_support.hpp\n'}
[49.870782] (vehicle_core) StdoutLine: {'line': b'-- Installing: /home/avcpp/AV-CPP2025/Vehicle/install/vehicle_core/include/vehicle_core/vehicle_core/msg/detail/autopilot_config__builder.hpp\n'}
[49.870856] (vehicle_core) StdoutLine: {'line': b'-- Installing: /home/avcpp/AV-CPP2025/Vehicle/install/vehicle_core/include/vehicle_core/vehicle_core/msg/detail/drive_target__type_support.hpp\n'}
[49.870930] (vehicle_core) StdoutLine: {'line': b'-- Installing: /home/avcpp/AV-CPP2025/Vehicle/install/vehicle_core/include/vehicle_core/vehicle_core/msg/perception_profile.hpp\n'}
[49.871005] (vehicle_core) StdoutLine: {'line': b'-- Installing: /home/avcpp/AV-CPP2025/Vehicle/install/vehicle_core/include/vehicle_core/vehicle_core/msg/error.hpp\n'}
[49.871080] (vehicle_core) StdoutLine: {'line': b'-- Installing: /home/avcpp/AV-CPP2025/Vehicle/install/vehicle_core/include/vehicle_core/vehicle_core/msg/state_event.hpp\n'}
[49.871153] (vehicle_core) StdoutLine: {'line': b'-- Installing: /home/avcpp/AV-CPP2025/Vehicle/install/vehicle_core/include/vehicle_core/vehicle_core/msg/autopilot_config.hpp\n'}
[49.871227] (vehicle_core) StdoutLine: {'line': b'-- Installing: /home/avcpp/AV-CPP2025/Vehicle/install/vehicle_core/include/vehicle_core/vehicle_core/msg/drive_target.hpp\n'}
[49.871303] (vehicle_core) StdoutLine: {'line': b'-- Installing: /home/avcpp/AV-CPP2025/Vehicle/install/vehicle_core/include/vehicle_core/vehicle_core/msg/lights_status.hpp\n'}
[49.871376] (vehicle_core) StdoutLine: {'line': b'-- Installing: /home/avcpp/AV-CPP2025/Vehicle/install/vehicle_core/include/vehicle_core/vehicle_core/msg/general_status.hpp\n'}
[49.871450] (vehicle_core) StdoutLine: {'line': b'-- Installing: /home/avcpp/AV-CPP2025/Vehicle/install/vehicle_core/include/vehicle_core/vehicle_core/msg/autopilot_command.hpp\n'}
[49.871523] (vehicle_core) StdoutLine: {'line': b'-- Installing: /home/avcpp/AV-CPP2025/Vehicle/install/vehicle_core/include/vehicle_core/vehicle_core/msg/internal_drive_command.hpp\n'}
[49.871598] (vehicle_core) StdoutLine: {'line': b'-- Installing: /home/avcpp/AV-CPP2025/Vehicle/install/vehicle_core/include/vehicle_core/vehicle_core/msg/state_mode.hpp\n'}
[49.871670] (vehicle_core) StdoutLine: {'line': b'-- Installing: /home/avcpp/AV-CPP2025/Vehicle/install/vehicle_core/include/vehicle_core/vehicle_core/msg/drive_status.hpp\n'}
[49.871744] (vehicle_core) StdoutLine: {'line': b'-- Installing: /home/avcpp/AV-CPP2025/Vehicle/install/vehicle_core/include/vehicle_core/vehicle_core/msg/imu_status.hpp\n'}
[49.871818] (vehicle_core) StdoutLine: {'line': b'-- Installing: /home/avcpp/AV-CPP2025/Vehicle/install/vehicle_core/include/vehicle_core/vehicle_core/msg/telemetry_data.hpp\n'}
[49.871889] (vehicle_core) StdoutLine: {'line': b'-- Installing: /home/avcpp/AV-CPP2025/Vehicle/install/vehicle_core/include/vehicle_core/vehicle_core/msg/autopilot_status.hpp\n'}
[49.871962] (vehicle_core) StdoutLine: {'line': b'-- Installing: /home/avcpp/AV-CPP2025/Vehicle/install/vehicle_core/include/vehicle_core/vehicle_core/msg/drive_feedback.hpp\n'}
[49.872034] (vehicle_core) StdoutLine: {'line': b'-- Installing: /home/avcpp/AV-CPP2025/Vehicle/install/vehicle_core/include/vehicle_core/vehicle_core/msg/server_init.hpp\n'}
[49.872105] (vehicle_core) StdoutLine: {'line': b'-- Installing: /home/avcpp/AV-CPP2025/Vehicle/install/vehicle_core/include/vehicle_core/vehicle_core/msg/lights_command.hpp\n'}
[49.872177] (vehicle_core) StdoutLine: {'line': b'-- Installing: /home/avcpp/AV-CPP2025/Vehicle/install/vehicle_core/include/vehicle_core/vehicle_core/msg/max_speed.hpp\n'}
[49.872250] (vehicle_core) StdoutLine: {'line': b'-- Installing: /home/avcpp/AV-CPP2025/Vehicle/install/vehicle_core/include/vehicle_core/vehicle_core/msg/manual_drive_command.hpp\n'}
[49.872323] (vehicle_core) StdoutLine: {'line': b'-- Installing: /home/avcpp/AV-CPP2025/Vehicle/install/vehicle_core/include/vehicle_core/vehicle_core/msg/rosidl_generator_cpp__visibility_control.hpp\n'}
[49.872397] (vehicle_core) StdoutLine: {'line': b'-- Up-to-date: /home/avcpp/AV-CPP2025/Vehicle/install/vehicle_core/include/vehicle_core/vehicle_core/srv\n'}
[49.872502] (vehicle_core) StdoutLine: {'line': b'-- Up-to-date: /home/avcpp/AV-CPP2025/Vehicle/install/vehicle_core/include/vehicle_core/vehicle_core/srv/detail\n'}
[49.872578] (vehicle_core) StdoutLine: {'line': b'-- Installing: /home/avcpp/AV-CPP2025/Vehicle/install/vehicle_core/include/vehicle_core/vehicle_core/srv/detail/set_autopilot_profile__builder.hpp\n'}
[49.872652] (vehicle_core) StdoutLine: {'line': b'-- Installing: /home/avcpp/AV-CPP2025/Vehicle/install/vehicle_core/include/vehicle_core/vehicle_core/srv/detail/request_internal_control__type_support.hpp\n'}
[49.872727] (vehicle_core) StdoutLine: {'line': b'-- Installing: /home/avcpp/AV-CPP2025/Vehicle/install/vehicle_core/include/vehicle_core/vehicle_core/srv/detail/release_internal_control__traits.hpp\n'}
[49.872804] (vehicle_core) StdoutLine: {'line': b'-- Installing: /home/avcpp/AV-CPP2025/Vehicle/install/vehicle_core/include/vehicle_core/vehicle_core/srv/detail/set_autopilot_profile__type_support.hpp\n'}
[49.872876] (vehicle_core) StdoutLine: {'line': b'-- Installing: /home/avcpp/AV-CPP2025/Vehicle/install/vehicle_core/include/vehicle_core/vehicle_core/srv/detail/release_internal_control__builder.hpp\n'}
[49.872947] (vehicle_core) StdoutLine: {'line': b'-- Installing: /home/avcpp/AV-CPP2025/Vehicle/install/vehicle_core/include/vehicle_core/vehicle_core/srv/detail/request_internal_control__builder.hpp\n'}
[49.873019] (vehicle_core) StdoutLine: {'line': b'-- Installing: /home/avcpp/AV-CPP2025/Vehicle/install/vehicle_core/include/vehicle_core/vehicle_core/srv/detail/request_internal_control__traits.hpp\n'}
[49.873089] (vehicle_core) StdoutLine: {'line': b'-- Installing: /home/avcpp/AV-CPP2025/Vehicle/install/vehicle_core/include/vehicle_core/vehicle_core/srv/detail/release_internal_control__type_support.hpp\n'}
[49.873161] (vehicle_core) StdoutLine: {'line': b'-- Installing: /home/avcpp/AV-CPP2025/Vehicle/install/vehicle_core/include/vehicle_core/vehicle_core/srv/detail/set_autopilot_profile__traits.hpp\n'}
[49.873231] (vehicle_core) StdoutLine: {'line': b'-- Installing: /home/avcpp/AV-CPP2025/Vehicle/install/vehicle_core/include/vehicle_core/vehicle_core/srv/detail/release_internal_control__struct.hpp\n'}
[49.873305] (vehicle_core) StdoutLine: {'line': b'-- Installing: /home/avcpp/AV-CPP2025/Vehicle/install/vehicle_core/include/vehicle_core/vehicle_core/srv/detail/set_autopilot_profile__struct.hpp\n'}
[49.873376] (vehicle_core) StdoutLine: {'line': b'-- Installing: /home/avcpp/AV-CPP2025/Vehicle/install/vehicle_core/include/vehicle_core/vehicle_core/srv/detail/request_internal_control__struct.hpp\n'}
[49.873448] (vehicle_core) StdoutLine: {'line': b'-- Installing: /home/avcpp/AV-CPP2025/Vehicle/install/vehicle_core/include/vehicle_core/vehicle_core/srv/set_autopilot_profile.hpp\n'}
[49.873519] (vehicle_core) StdoutLine: {'line': b'-- Installing: /home/avcpp/AV-CPP2025/Vehicle/install/vehicle_core/include/vehicle_core/vehicle_core/srv/release_internal_control.hpp\n'}
[49.873591] (vehicle_core) StdoutLine: {'line': b'-- Installing: /home/avcpp/AV-CPP2025/Vehicle/install/vehicle_core/include/vehicle_core/vehicle_core/srv/request_internal_control.hpp\n'}
[49.873662] (vehicle_core) StdoutLine: {'line': b'-- Up-to-date: /home/avcpp/AV-CPP2025/Vehicle/install/vehicle_core/include/vehicle_core/vehicle_core\n'}
[49.873735] (vehicle_core) StdoutLine: {'line': b'-- Up-to-date: /home/avcpp/AV-CPP2025/Vehicle/install/vehicle_core/include/vehicle_core/vehicle_core/msg\n'}
[49.873810] (vehicle_core) StdoutLine: {'line': b'-- Up-to-date: /home/avcpp/AV-CPP2025/Vehicle/install/vehicle_core/include/vehicle_core/vehicle_core/msg/detail\n'}
[49.873882] (vehicle_core) StdoutLine: {'line': b'-- Installing: /home/avcpp/AV-CPP2025/Vehicle/install/vehicle_core/include/vehicle_core/vehicle_core/msg/detail/telemetry_data__rosidl_typesupport_fastrtps_cpp.hpp\n'}
[49.873955] (vehicle_core) StdoutLine: {'line': b'-- Installing: /home/avcpp/AV-CPP2025/Vehicle/install/vehicle_core/include/vehicle_core/vehicle_core/msg/detail/server_init__rosidl_typesupport_fastrtps_cpp.hpp\n'}
[49.874039] (vehicle_core) StdoutLine: {'line': b'-- Installing: /home/avcpp/AV-CPP2025/Vehicle/install/vehicle_core/include/vehicle_core/vehicle_core/msg/detail/lights_command__rosidl_typesupport_fastrtps_cpp.hpp\n'}
[49.874110] (vehicle_core) StdoutLine: {'line': b'-- Installing: /home/avcpp/AV-CPP2025/Vehicle/install/vehicle_core/include/vehicle_core/vehicle_core/msg/detail/error__rosidl_typesupport_fastrtps_cpp.hpp\n'}
[49.874182] (vehicle_core) StdoutLine: {'line': b'-- Installing: /home/avcpp/AV-CPP2025/Vehicle/install/vehicle_core/include/vehicle_core/vehicle_core/msg/detail/lights_status__rosidl_typesupport_fastrtps_cpp.hpp\n'}
[49.874252] (vehicle_core) StdoutLine: {'line': b'-- Installing: /home/avcpp/AV-CPP2025/Vehicle/install/vehicle_core/include/vehicle_core/vehicle_core/msg/detail/state_mode__rosidl_typesupport_fastrtps_cpp.hpp\n'}
[49.874323] (vehicle_core) StdoutLine: {'line': b'-- Installing: /home/avcpp/AV-CPP2025/Vehicle/install/vehicle_core/include/vehicle_core/vehicle_core/msg/detail/state_event__rosidl_typesupport_fastrtps_cpp.hpp\n'}
[49.874395] (vehicle_core) StdoutLine: {'line': b'-- Installing: /home/avcpp/AV-CPP2025/Vehicle/install/vehicle_core/include/vehicle_core/vehicle_core/msg/detail/manual_drive_command__rosidl_typesupport_fastrtps_cpp.hpp\n'}
[49.874467] (vehicle_core) StdoutLine: {'line': b'-- Installing: /home/avcpp/AV-CPP2025/Vehicle/install/vehicle_core/include/vehicle_core/vehicle_core/msg/detail/drive_status__rosidl_typesupport_fastrtps_cpp.hpp\n'}
[49.874549] (vehicle_core) StdoutLine: {'line': b'-- Installing: /home/avcpp/AV-CPP2025/Vehicle/install/vehicle_core/include/vehicle_core/vehicle_core/msg/detail/autopilot_config__rosidl_typesupport_fastrtps_cpp.hpp\n'}
[49.874621] (vehicle_core) StdoutLine: {'line': b'-- Installing: /home/avcpp/AV-CPP2025/Vehicle/install/vehicle_core/include/vehicle_core/vehicle_core/msg/detail/internal_drive_command__rosidl_typesupport_fastrtps_cpp.hpp\n'}
[49.874701] (vehicle_core) StdoutLine: {'line': b'-- Installing: /home/avcpp/AV-CPP2025/Vehicle/install/vehicle_core/include/vehicle_core/vehicle_core/msg/detail/autopilot_command__rosidl_typesupport_fastrtps_cpp.hpp\n'}
[49.874775] (vehicle_core) StdoutLine: {'line': b'-- Installing: /home/avcpp/AV-CPP2025/Vehicle/install/vehicle_core/include/vehicle_core/vehicle_core/msg/detail/dds_fastrtps\n'}
[49.874848] (vehicle_core) StdoutLine: {'line': b'-- Installing: /home/avcpp/AV-CPP2025/Vehicle/install/vehicle_core/include/vehicle_core/vehicle_core/msg/detail/drive_feedback__rosidl_typesupport_fastrtps_cpp.hpp\n'}
[49.874920] (vehicle_core) StdoutLine: {'line': b'-- Installing: /home/avcpp/AV-CPP2025/Vehicle/install/vehicle_core/include/vehicle_core/vehicle_core/msg/detail/general_status__rosidl_typesupport_fastrtps_cpp.hpp\n'}
[49.874993] (vehicle_core) StdoutLine: {'line': b'-- Installing: /home/avcpp/AV-CPP2025/Vehicle/install/vehicle_core/include/vehicle_core/vehicle_core/msg/detail/max_speed__rosidl_typesupport_fastrtps_cpp.hpp\n'}
[49.875066] (vehicle_core) StdoutLine: {'line': b'-- Installing: /home/avcpp/AV-CPP2025/Vehicle/install/vehicle_core/include/vehicle_core/vehicle_core/msg/detail/drive_target__rosidl_typesupport_fastrtps_cpp.hpp\n'}
[49.875137] (vehicle_core) StdoutLine: {'line': b'-- Installing: /home/avcpp/AV-CPP2025/Vehicle/install/vehicle_core/include/vehicle_core/vehicle_core/msg/detail/autopilot_status__rosidl_typesupport_fastrtps_cpp.hpp\n'}
[49.875209] (vehicle_core) StdoutLine: {'line': b'-- Installing: /home/avcpp/AV-CPP2025/Vehicle/install/vehicle_core/include/vehicle_core/vehicle_core/msg/detail/perception_profile__rosidl_typesupport_fastrtps_cpp.hpp\n'}
[49.875283] (vehicle_core) StdoutLine: {'line': b'-- Installing: /home/avcpp/AV-CPP2025/Vehicle/install/vehicle_core/include/vehicle_core/vehicle_core/msg/detail/imu_status__rosidl_typesupport_fastrtps_cpp.hpp\n'}
[49.875356] (vehicle_core) StdoutLine: {'line': b'-- Installing: /home/avcpp/AV-CPP2025/Vehicle/install/vehicle_core/include/vehicle_core/vehicle_core/msg/rosidl_typesupport_fastrtps_cpp__visibility_control.h\n'}
[49.875435] (vehicle_core) StdoutLine: {'line': b'-- Up-to-date: /home/avcpp/AV-CPP2025/Vehicle/install/vehicle_core/include/vehicle_core/vehicle_core/srv\n'}
[49.875508] (vehicle_core) StdoutLine: {'line': b'-- Up-to-date: /home/avcpp/AV-CPP2025/Vehicle/install/vehicle_core/include/vehicle_core/vehicle_core/srv/detail\n'}
[49.875583] (vehicle_core) StdoutLine: {'line': b'-- Installing: /home/avcpp/AV-CPP2025/Vehicle/install/vehicle_core/include/vehicle_core/vehicle_core/srv/detail/request_internal_control__rosidl_typesupport_fastrtps_cpp.hpp\n'}
[49.875656] (vehicle_core) StdoutLine: {'line': b'-- Installing: /home/avcpp/AV-CPP2025/Vehicle/install/vehicle_core/include/vehicle_core/vehicle_core/srv/detail/set_autopilot_profile__rosidl_typesupport_fastrtps_cpp.hpp\n'}
[49.875730] (vehicle_core) StdoutLine: {'line': b'-- Installing: /home/avcpp/AV-CPP2025/Vehicle/install/vehicle_core/include/vehicle_core/vehicle_core/srv/detail/dds_fastrtps\n'}
[49.875814] (vehicle_core) StdoutLine: {'line': b'-- Installing: /home/avcpp/AV-CPP2025/Vehicle/install/vehicle_core/include/vehicle_core/vehicle_core/srv/detail/release_internal_control__rosidl_typesupport_fastrtps_cpp.hpp\n'}
[49.875892] (vehicle_core) StdoutLine: {'line': b'-- Installing: /home/avcpp/AV-CPP2025/Vehicle/install/vehicle_core/lib/libvehicle_core__rosidl_typesupport_fastrtps_cpp.so\n'}
[49.875968] (vehicle_core) StdoutLine: {'line': b'-- Set runtime path of "/home/avcpp/AV-CPP2025/Vehicle/install/vehicle_core/lib/libvehicle_core__rosidl_typesupport_fastrtps_cpp.so" to ""\n'}
[49.876041] (vehicle_core) StdoutLine: {'line': b'-- Up-to-date: /home/avcpp/AV-CPP2025/Vehicle/install/vehicle_core/include/vehicle_core/vehicle_core\n'}
[49.876114] (vehicle_core) StdoutLine: {'line': b'-- Up-to-date: /home/avcpp/AV-CPP2025/Vehicle/install/vehicle_core/include/vehicle_core/vehicle_core/msg\n'}
[49.876193] (vehicle_core) StdoutLine: {'line': b'-- Up-to-date: /home/avcpp/AV-CPP2025/Vehicle/install/vehicle_core/include/vehicle_core/vehicle_core/msg/detail\n'}
[49.876269] (vehicle_core) StdoutLine: {'line': b'-- Installing: /home/avcpp/AV-CPP2025/Vehicle/install/vehicle_core/include/vehicle_core/vehicle_core/msg/detail/state_mode__type_support.c\n'}
[49.876346] (vehicle_core) StdoutLine: {'line': b'-- Installing: /home/avcpp/AV-CPP2025/Vehicle/install/vehicle_core/include/vehicle_core/vehicle_core/msg/detail/lights_command__type_support.c\n'}
[49.876422] (vehicle_core) StdoutLine: {'line': b'-- Installing: /home/avcpp/AV-CPP2025/Vehicle/install/vehicle_core/include/vehicle_core/vehicle_core/msg/detail/max_speed__rosidl_typesupport_introspection_c.h\n'}
[49.876500] (vehicle_core) StdoutLine: {'line': b'-- Installing: /home/avcpp/AV-CPP2025/Vehicle/install/vehicle_core/include/vehicle_core/vehicle_core/msg/detail/internal_drive_command__rosidl_typesupport_introspection_c.h\n'}
[49.876579] (vehicle_core) StdoutLine: {'line': b'-- Installing: /home/avcpp/AV-CPP2025/Vehicle/install/vehicle_core/include/vehicle_core/vehicle_core/msg/detail/autopilot_config__rosidl_typesupport_introspection_c.h\n'}
[49.876672] (vehicle_core) StdoutLine: {'line': b'-- Installing: /home/avcpp/AV-CPP2025/Vehicle/install/vehicle_core/include/vehicle_core/vehicle_core/msg/detail/imu_status__type_support.c\n'}
[49.876750] (vehicle_core) StdoutLine: {'line': b'-- Installing: /home/avcpp/AV-CPP2025/Vehicle/install/vehicle_core/include/vehicle_core/vehicle_core/msg/detail/internal_drive_command__type_support.c\n'}
[49.876829] (vehicle_core) StdoutLine: {'line': b'-- Installing: /home/avcpp/AV-CPP2025/Vehicle/install/vehicle_core/include/vehicle_core/vehicle_core/msg/detail/server_init__type_support.c\n'}
[49.876904] (vehicle_core) StdoutLine: {'line': b'-- Installing: /home/avcpp/AV-CPP2025/Vehicle/install/vehicle_core/include/vehicle_core/vehicle_core/msg/detail/drive_target__rosidl_typesupport_introspection_c.h\n'}
[49.876981] (vehicle_core) StdoutLine: {'line': b'-- Installing: /home/avcpp/AV-CPP2025/Vehicle/install/vehicle_core/include/vehicle_core/vehicle_core/msg/detail/state_event__type_support.c\n'}
[49.877064] (vehicle_core) StdoutLine: {'line': b'-- Installing: /home/avcpp/AV-CPP2025/Vehicle/install/vehicle_core/include/vehicle_core/vehicle_core/msg/detail/drive_feedback__rosidl_typesupport_introspection_c.h\n'}
[49.877144] (vehicle_core) StdoutLine: {'line': b'-- Installing: /home/avcpp/AV-CPP2025/Vehicle/install/vehicle_core/include/vehicle_core/vehicle_core/msg/detail/drive_feedback__type_support.c\n'}
[49.877221] (vehicle_core) StdoutLine: {'line': b'-- Installing: /home/avcpp/AV-CPP2025/Vehicle/install/vehicle_core/include/vehicle_core/vehicle_core/msg/detail/error__type_support.c\n'}
[49.877297] (vehicle_core) StdoutLine: {'line': b'-- Installing: /home/avcpp/AV-CPP2025/Vehicle/install/vehicle_core/include/vehicle_core/vehicle_core/msg/detail/autopilot_status__type_support.c\n'}
[49.877378] (vehicle_core) StdoutLine: {'line': b'-- Installing: /home/avcpp/AV-CPP2025/Vehicle/install/vehicle_core/include/vehicle_core/vehicle_core/msg/detail/manual_drive_command__rosidl_typesupport_introspection_c.h\n'}
[49.877457] (vehicle_core) StdoutLine: {'line': b'-- Installing: /home/avcpp/AV-CPP2025/Vehicle/install/vehicle_core/include/vehicle_core/vehicle_core/msg/detail/autopilot_config__type_support.c\n'}
[49.877533] (vehicle_core) StdoutLine: {'line': b'-- Installing: /home/avcpp/AV-CPP2025/Vehicle/install/vehicle_core/include/vehicle_core/vehicle_core/msg/detail/perception_profile__type_support.c\n'}
[49.877610] (vehicle_core) StdoutLine: {'line': b'-- Installing: /home/avcpp/AV-CPP2025/Vehicle/install/vehicle_core/include/vehicle_core/vehicle_core/msg/detail/state_event__rosidl_typesupport_introspection_c.h\n'}
[49.877686] (vehicle_core) StdoutLine: {'line': b'-- Installing: /home/avcpp/AV-CPP2025/Vehicle/install/vehicle_core/include/vehicle_core/vehicle_core/msg/detail/imu_status__rosidl_typesupport_introspection_c.h\n'}
[49.877765] (vehicle_core) StdoutLine: {'line': b'-- Installing: /home/avcpp/AV-CPP2025/Vehicle/install/vehicle_core/include/vehicle_core/vehicle_core/msg/detail/server_init__rosidl_typesupport_introspection_c.h\n'}
[49.877842] (vehicle_core) StdoutLine: {'line': b'-- Installing: /home/avcpp/AV-CPP2025/Vehicle/install/vehicle_core/include/vehicle_core/vehicle_core/msg/detail/telemetry_data__rosidl_typesupport_introspection_c.h\n'}
[49.877920] (vehicle_core) StdoutLine: {'line': b'-- Installing: /home/avcpp/AV-CPP2025/Vehicle/install/vehicle_core/include/vehicle_core/vehicle_core/msg/detail/manual_drive_command__type_support.c\n'}
[49.877997] (vehicle_core) StdoutLine: {'line': b'-- Installing: /home/avcpp/AV-CPP2025/Vehicle/install/vehicle_core/include/vehicle_core/vehicle_core/msg/detail/drive_status__type_support.c\n'}
[49.878074] (vehicle_core) StdoutLine: {'line': b'-- Installing: /home/avcpp/AV-CPP2025/Vehicle/install/vehicle_core/include/vehicle_core/vehicle_core/msg/detail/drive_status__rosidl_typesupport_introspection_c.h\n'}
[49.878150] (vehicle_core) StdoutLine: {'line': b'-- Installing: /home/avcpp/AV-CPP2025/Vehicle/install/vehicle_core/include/vehicle_core/vehicle_core/msg/detail/general_status__type_support.c\n'}
[49.878227] (vehicle_core) StdoutLine: {'line': b'-- Installing: /home/avcpp/AV-CPP2025/Vehicle/install/vehicle_core/include/vehicle_core/vehicle_core/msg/detail/perception_profile__rosidl_typesupport_introspection_c.h\n'}
[49.878304] (vehicle_core) StdoutLine: {'line': b'-- Installing: /home/avcpp/AV-CPP2025/Vehicle/install/vehicle_core/include/vehicle_core/vehicle_core/msg/detail/autopilot_command__type_support.c\n'}
[49.878383] (vehicle_core) StdoutLine: {'line': b'-- Installing: /home/avcpp/AV-CPP2025/Vehicle/install/vehicle_core/include/vehicle_core/vehicle_core/msg/detail/error__rosidl_typesupport_introspection_c.h\n'}
[49.878459] (vehicle_core) StdoutLine: {'line': b'-- Installing: /home/avcpp/AV-CPP2025/Vehicle/install/vehicle_core/include/vehicle_core/vehicle_core/msg/detail/max_speed__type_support.c\n'}
[49.878535] (vehicle_core) StdoutLine: {'line': b'-- Installing: /home/avcpp/AV-CPP2025/Vehicle/install/vehicle_core/include/vehicle_core/vehicle_core/msg/detail/state_mode__rosidl_typesupport_introspection_c.h\n'}
[49.878618] (vehicle_core) StdoutLine: {'line': b'-- Installing: /home/avcpp/AV-CPP2025/Vehicle/install/vehicle_core/include/vehicle_core/vehicle_core/msg/detail/general_status__rosidl_typesupport_introspection_c.h\n'}
[49.878703] (vehicle_core) StdoutLine: {'line': b'-- Installing: /home/avcpp/AV-CPP2025/Vehicle/install/vehicle_core/include/vehicle_core/vehicle_core/msg/detail/drive_target__type_support.c\n'}
[49.878791] (vehicle_core) StdoutLine: {'line': b'-- Installing: /home/avcpp/AV-CPP2025/Vehicle/install/vehicle_core/include/vehicle_core/vehicle_core/msg/detail/telemetry_data__type_support.c\n'}
[49.878868] (vehicle_core) StdoutLine: {'line': b'-- Installing: /home/avcpp/AV-CPP2025/Vehicle/install/vehicle_core/include/vehicle_core/vehicle_core/msg/detail/lights_status__type_support.c\n'}
[49.878945] (vehicle_core) StdoutLine: {'line': b'-- Installing: /home/avcpp/AV-CPP2025/Vehicle/install/vehicle_core/include/vehicle_core/vehicle_core/msg/detail/autopilot_command__rosidl_typesupport_introspection_c.h\n'}
[49.879024] (vehicle_core) StdoutLine: {'line': b'-- Installing: /home/avcpp/AV-CPP2025/Vehicle/install/vehicle_core/include/vehicle_core/vehicle_core/msg/detail/autopilot_status__rosidl_typesupport_introspection_c.h\n'}
[49.879109] (vehicle_core) StdoutLine: {'line': b'-- Installing: /home/avcpp/AV-CPP2025/Vehicle/install/vehicle_core/include/vehicle_core/vehicle_core/msg/detail/lights_command__rosidl_typesupport_introspection_c.h\n'}
[49.879188] (vehicle_core) StdoutLine: {'line': b'-- Installing: /home/avcpp/AV-CPP2025/Vehicle/install/vehicle_core/include/vehicle_core/vehicle_core/msg/detail/lights_status__rosidl_typesupport_introspection_c.h\n'}
[49.879265] (vehicle_core) StdoutLine: {'line': b'-- Installing: /home/avcpp/AV-CPP2025/Vehicle/install/vehicle_core/include/vehicle_core/vehicle_core/msg/rosidl_typesupport_introspection_c__visibility_control.h\n'}
[49.879344] (vehicle_core) StdoutLine: {'line': b'-- Up-to-date: /home/avcpp/AV-CPP2025/Vehicle/install/vehicle_core/include/vehicle_core/vehicle_core/srv\n'}
[49.879421] (vehicle_core) StdoutLine: {'line': b'-- Up-to-date: /home/avcpp/AV-CPP2025/Vehicle/install/vehicle_core/include/vehicle_core/vehicle_core/srv/detail\n'}
[49.879498] (vehicle_core) StdoutLine: {'line': b'-- Installing: /home/avcpp/AV-CPP2025/Vehicle/install/vehicle_core/include/vehicle_core/vehicle_core/srv/detail/release_internal_control__rosidl_typesupport_introspection_c.h\n'}
[49.879575] (vehicle_core) StdoutLine: {'line': b'-- Installing: /home/avcpp/AV-CPP2025/Vehicle/install/vehicle_core/include/vehicle_core/vehicle_core/srv/detail/set_autopilot_profile__rosidl_typesupport_introspection_c.h\n'}
[49.879652] (vehicle_core) StdoutLine: {'line': b'-- Installing: /home/avcpp/AV-CPP2025/Vehicle/install/vehicle_core/include/vehicle_core/vehicle_core/srv/detail/request_internal_control__rosidl_typesupport_introspection_c.h\n'}
[49.879729] (vehicle_core) StdoutLine: {'line': b'-- Installing: /home/avcpp/AV-CPP2025/Vehicle/install/vehicle_core/include/vehicle_core/vehicle_core/srv/detail/release_internal_control__type_support.c\n'}
[49.879805] (vehicle_core) StdoutLine: {'line': b'-- Installing: /home/avcpp/AV-CPP2025/Vehicle/install/vehicle_core/include/vehicle_core/vehicle_core/srv/detail/request_internal_control__type_support.c\n'}
[49.879881] (vehicle_core) StdoutLine: {'line': b'-- Installing: /home/avcpp/AV-CPP2025/Vehicle/install/vehicle_core/include/vehicle_core/vehicle_core/srv/detail/set_autopilot_profile__type_support.c\n'}
[49.879958] (vehicle_core) StdoutLine: {'line': b'-- Installing: /home/avcpp/AV-CPP2025/Vehicle/install/vehicle_core/lib/libvehicle_core__rosidl_typesupport_introspection_c.so\n'}
[49.880036] (vehicle_core) StdoutLine: {'line': b'-- Set runtime path of "/home/avcpp/AV-CPP2025/Vehicle/install/vehicle_core/lib/libvehicle_core__rosidl_typesupport_introspection_c.so" to ""\n'}
[49.880114] (vehicle_core) StdoutLine: {'line': b'-- Installing: /home/avcpp/AV-CPP2025/Vehicle/install/vehicle_core/lib/libvehicle_core__rosidl_typesupport_c.so\n'}
[49.880197] (vehicle_core) StdoutLine: {'line': b'-- Set runtime path of "/home/avcpp/AV-CPP2025/Vehicle/install/vehicle_core/lib/libvehicle_core__rosidl_typesupport_c.so" to ""\n'}
[49.880276] (vehicle_core) StdoutLine: {'line': b'-- Up-to-date: /home/avcpp/AV-CPP2025/Vehicle/install/vehicle_core/include/vehicle_core/vehicle_core\n'}
[49.880353] (vehicle_core) StdoutLine: {'line': b'-- Up-to-date: /home/avcpp/AV-CPP2025/Vehicle/install/vehicle_core/include/vehicle_core/vehicle_core/msg\n'}
[49.880430] (vehicle_core) StdoutLine: {'line': b'-- Up-to-date: /home/avcpp/AV-CPP2025/Vehicle/install/vehicle_core/include/vehicle_core/vehicle_core/msg/detail\n'}
[49.880508] (vehicle_core) StdoutLine: {'line': b'-- Installing: /home/avcpp/AV-CPP2025/Vehicle/install/vehicle_core/include/vehicle_core/vehicle_core/msg/detail/server_init__type_support.cpp\n'}
[49.880584] (vehicle_core) StdoutLine: {'line': b'-- Installing: /home/avcpp/AV-CPP2025/Vehicle/install/vehicle_core/include/vehicle_core/vehicle_core/msg/detail/autopilot_config__type_support.cpp\n'}
[49.880660] (vehicle_core) StdoutLine: {'line': b'-- Installing: /home/avcpp/AV-CPP2025/Vehicle/install/vehicle_core/include/vehicle_core/vehicle_core/msg/detail/autopilot_status__type_support.cpp\n'}
[49.880741] (vehicle_core) StdoutLine: {'line': b'-- Installing: /home/avcpp/AV-CPP2025/Vehicle/install/vehicle_core/include/vehicle_core/vehicle_core/msg/detail/perception_profile__type_support.cpp\n'}
[49.880817] (vehicle_core) StdoutLine: {'line': b'-- Installing: /home/avcpp/AV-CPP2025/Vehicle/install/vehicle_core/include/vehicle_core/vehicle_core/msg/detail/drive_status__rosidl_typesupport_introspection_cpp.hpp\n'}
[49.880893] (vehicle_core) StdoutLine: {'line': b'-- Installing: /home/avcpp/AV-CPP2025/Vehicle/install/vehicle_core/include/vehicle_core/vehicle_core/msg/detail/drive_feedback__type_support.cpp\n'}
[49.880982] (vehicle_core) StdoutLine: {'line': b'-- Installing: /home/avcpp/AV-CPP2025/Vehicle/install/vehicle_core/include/vehicle_core/vehicle_core/msg/detail/autopilot_command__rosidl_typesupport_introspection_cpp.hpp\n'}
[49.881059] (vehicle_core) StdoutLine: {'line': b'-- Installing: /home/avcpp/AV-CPP2025/Vehicle/install/vehicle_core/include/vehicle_core/vehicle_core/msg/detail/imu_status__rosidl_typesupport_introspection_cpp.hpp\n'}
[49.881134] (vehicle_core) StdoutLine: {'line': b'-- Installing: /home/avcpp/AV-CPP2025/Vehicle/install/vehicle_core/include/vehicle_core/vehicle_core/msg/detail/autopilot_status__rosidl_typesupport_introspection_cpp.hpp\n'}
[49.881209] (vehicle_core) StdoutLine: {'line': b'-- Installing: /home/avcpp/AV-CPP2025/Vehicle/install/vehicle_core/include/vehicle_core/vehicle_core/msg/detail/internal_drive_command__rosidl_typesupport_introspection_cpp.hpp\n'}
[49.881284] (vehicle_core) StdoutLine: {'line': b'-- Installing: /home/avcpp/AV-CPP2025/Vehicle/install/vehicle_core/include/vehicle_core/vehicle_core/msg/detail/perception_profile__rosidl_typesupport_introspection_cpp.hpp\n'}
[49.881359] (vehicle_core) StdoutLine: {'line': b'-- Installing: /home/avcpp/AV-CPP2025/Vehicle/install/vehicle_core/include/vehicle_core/vehicle_core/msg/detail/internal_drive_command__type_support.cpp\n'}
[49.881433] (vehicle_core) StdoutLine: {'line': b'-- Installing: /home/avcpp/AV-CPP2025/Vehicle/install/vehicle_core/include/vehicle_core/vehicle_core/msg/detail/manual_drive_command__rosidl_typesupport_introspection_cpp.hpp\n'}
[49.881509] (vehicle_core) StdoutLine: {'line': b'-- Installing: /home/avcpp/AV-CPP2025/Vehicle/install/vehicle_core/include/vehicle_core/vehicle_core/msg/detail/state_mode__type_support.cpp\n'}
[49.881584] (vehicle_core) StdoutLine: {'line': b'-- Installing: /home/avcpp/AV-CPP2025/Vehicle/install/vehicle_core/include/vehicle_core/vehicle_core/msg/detail/telemetry_data__rosidl_typesupport_introspection_cpp.hpp\n'}
[49.881660] (vehicle_core) StdoutLine: {'line': b'-- Installing: /home/avcpp/AV-CPP2025/Vehicle/install/vehicle_core/include/vehicle_core/vehicle_core/msg/detail/lights_status__type_support.cpp\n'}
[49.881741] (vehicle_core) StdoutLine: {'line': b'-- Installing: /home/avcpp/AV-CPP2025/Vehicle/install/vehicle_core/include/vehicle_core/vehicle_core/msg/detail/max_speed__rosidl_typesupport_introspection_cpp.hpp\n'}
[49.881818] (vehicle_core) StdoutLine: {'line': b'-- Installing: /home/avcpp/AV-CPP2025/Vehicle/install/vehicle_core/include/vehicle_core/vehicle_core/msg/detail/general_status__type_support.cpp\n'}
[49.881894] (vehicle_core) StdoutLine: {'line': b'-- Installing: /home/avcpp/AV-CPP2025/Vehicle/install/vehicle_core/include/vehicle_core/vehicle_core/msg/detail/lights_command__type_support.cpp\n'}
[49.881969] (vehicle_core) StdoutLine: {'line': b'-- Installing: /home/avcpp/AV-CPP2025/Vehicle/install/vehicle_core/include/vehicle_core/vehicle_core/msg/detail/general_status__rosidl_typesupport_introspection_cpp.hpp\n'}
[49.882044] (vehicle_core) StdoutLine: {'line': b'-- Installing: /home/avcpp/AV-CPP2025/Vehicle/install/vehicle_core/include/vehicle_core/vehicle_core/msg/detail/autopilot_config__rosidl_typesupport_introspection_cpp.hpp\n'}
[49.882119] (vehicle_core) StdoutLine: {'line': b'-- Installing: /home/avcpp/AV-CPP2025/Vehicle/install/vehicle_core/include/vehicle_core/vehicle_core/msg/detail/manual_drive_command__type_support.cpp\n'}
[49.882196] (vehicle_core) StdoutLine: {'line': b'-- Installing: /home/avcpp/AV-CPP2025/Vehicle/install/vehicle_core/include/vehicle_core/vehicle_core/msg/detail/lights_status__rosidl_typesupport_introspection_cpp.hpp\n'}
[49.882270] (vehicle_core) StdoutLine: {'line': b'-- Installing: /home/avcpp/AV-CPP2025/Vehicle/install/vehicle_core/include/vehicle_core/vehicle_core/msg/detail/telemetry_data__type_support.cpp\n'}
[49.882346] (vehicle_core) StdoutLine: {'line': b'-- Installing: /home/avcpp/AV-CPP2025/Vehicle/install/vehicle_core/include/vehicle_core/vehicle_core/msg/detail/imu_status__type_support.cpp\n'}
[49.882429] (vehicle_core) StdoutLine: {'line': b'-- Installing: /home/avcpp/AV-CPP2025/Vehicle/install/vehicle_core/include/vehicle_core/vehicle_core/msg/detail/drive_status__type_support.cpp\n'}
[49.882512] (vehicle_core) StdoutLine: {'line': b'-- Installing: /home/avcpp/AV-CPP2025/Vehicle/install/vehicle_core/include/vehicle_core/vehicle_core/msg/detail/drive_target__rosidl_typesupport_introspection_cpp.hpp\n'}
[49.882589] (vehicle_core) StdoutLine: {'line': b'-- Installing: /home/avcpp/AV-CPP2025/Vehicle/install/vehicle_core/include/vehicle_core/vehicle_core/msg/detail/lights_command__rosidl_typesupport_introspection_cpp.hpp\n'}
[49.882672] (vehicle_core) StdoutLine: {'line': b'-- Installing: /home/avcpp/AV-CPP2025/Vehicle/install/vehicle_core/include/vehicle_core/vehicle_core/msg/detail/state_event__type_support.cpp\n'}
[49.882750] (vehicle_core) StdoutLine: {'line': b'-- Installing: /home/avcpp/AV-CPP2025/Vehicle/install/vehicle_core/include/vehicle_core/vehicle_core/msg/detail/state_mode__rosidl_typesupport_introspection_cpp.hpp\n'}
[49.882827] (vehicle_core) StdoutLine: {'line': b'-- Installing: /home/avcpp/AV-CPP2025/Vehicle/install/vehicle_core/include/vehicle_core/vehicle_core/msg/detail/error__rosidl_typesupport_introspection_cpp.hpp\n'}
[49.882903] (vehicle_core) StdoutLine: {'line': b'-- Installing: /home/avcpp/AV-CPP2025/Vehicle/install/vehicle_core/include/vehicle_core/vehicle_core/msg/detail/server_init__rosidl_typesupport_introspection_cpp.hpp\n'}
[49.882988] (vehicle_core) StdoutLine: {'line': b'-- Installing: /home/avcpp/AV-CPP2025/Vehicle/install/vehicle_core/include/vehicle_core/vehicle_core/msg/detail/error__type_support.cpp\n'}
[49.883067] (vehicle_core) StdoutLine: {'line': b'-- Installing: /home/avcpp/AV-CPP2025/Vehicle/install/vehicle_core/include/vehicle_core/vehicle_core/msg/detail/autopilot_command__type_support.cpp\n'}
[49.883145] (vehicle_core) StdoutLine: {'line': b'-- Installing: /home/avcpp/AV-CPP2025/Vehicle/install/vehicle_core/include/vehicle_core/vehicle_core/msg/detail/drive_target__type_support.cpp\n'}
[49.883222] (vehicle_core) StdoutLine: {'line': b'-- Installing: /home/avcpp/AV-CPP2025/Vehicle/install/vehicle_core/include/vehicle_core/vehicle_core/msg/detail/drive_feedback__rosidl_typesupport_introspection_cpp.hpp\n'}
[49.883305] (vehicle_core) StdoutLine: {'line': b'-- Installing: /home/avcpp/AV-CPP2025/Vehicle/install/vehicle_core/include/vehicle_core/vehicle_core/msg/detail/max_speed__type_support.cpp\n'}
[49.883382] (vehicle_core) StdoutLine: {'line': b'-- Installing: /home/avcpp/AV-CPP2025/Vehicle/install/vehicle_core/include/vehicle_core/vehicle_core/msg/detail/state_event__rosidl_typesupport_introspection_cpp.hpp\n'}
[49.883464] (vehicle_core) StdoutLine: {'line': b'-- Up-to-date: /home/avcpp/AV-CPP2025/Vehicle/install/vehicle_core/include/vehicle_core/vehicle_core/srv\n'}
[49.883540] (vehicle_core) StdoutLine: {'line': b'-- Up-to-date: /home/avcpp/AV-CPP2025/Vehicle/install/vehicle_core/include/vehicle_core/vehicle_core/srv/detail\n'}
[49.883615] (vehicle_core) StdoutLine: {'line': b'-- Installing: /home/avcpp/AV-CPP2025/Vehicle/install/vehicle_core/include/vehicle_core/vehicle_core/srv/detail/set_autopilot_profile__type_support.cpp\n'}
[49.883692] (vehicle_core) StdoutLine: {'line': b'-- Installing: /home/avcpp/AV-CPP2025/Vehicle/install/vehicle_core/include/vehicle_core/vehicle_core/srv/detail/release_internal_control__type_support.cpp\n'}
[49.883771] (vehicle_core) StdoutLine: {'line': b'-- Installing: /home/avcpp/AV-CPP2025/Vehicle/install/vehicle_core/include/vehicle_core/vehicle_core/srv/detail/request_internal_control__type_support.cpp\n'}
[49.883846] (vehicle_core) StdoutLine: {'line': b'-- Installing: /home/avcpp/AV-CPP2025/Vehicle/install/vehicle_core/include/vehicle_core/vehicle_core/srv/detail/request_internal_control__rosidl_typesupport_introspection_cpp.hpp\n'}
[49.883924] (vehicle_core) StdoutLine: {'line': b'-- Installing: /home/avcpp/AV-CPP2025/Vehicle/install/vehicle_core/include/vehicle_core/vehicle_core/srv/detail/set_autopilot_profile__rosidl_typesupport_introspection_cpp.hpp\n'}
[49.884000] (vehicle_core) StdoutLine: {'line': b'-- Installing: /home/avcpp/AV-CPP2025/Vehicle/install/vehicle_core/include/vehicle_core/vehicle_core/srv/detail/release_internal_control__rosidl_typesupport_introspection_cpp.hpp\n'}
[49.884079] (vehicle_core) StdoutLine: {'line': b'-- Installing: /home/avcpp/AV-CPP2025/Vehicle/install/vehicle_core/lib/libvehicle_core__rosidl_typesupport_introspection_cpp.so\n'}
[49.884154] (vehicle_core) StdoutLine: {'line': b'-- Set runtime path of "/home/avcpp/AV-CPP2025/Vehicle/install/vehicle_core/lib/libvehicle_core__rosidl_typesupport_introspection_cpp.so" to ""\n'}
[49.884230] (vehicle_core) StdoutLine: {'line': b'-- Installing: /home/avcpp/AV-CPP2025/Vehicle/install/vehicle_core/lib/libvehicle_core__rosidl_typesupport_cpp.so\n'}
[49.884308] (vehicle_core) StdoutLine: {'line': b'-- Set runtime path of "/home/avcpp/AV-CPP2025/Vehicle/install/vehicle_core/lib/libvehicle_core__rosidl_typesupport_cpp.so" to ""\n'}
[49.884386] (vehicle_core) StdoutLine: {'line': b'-- Installing: /home/avcpp/AV-CPP2025/Vehicle/install/vehicle_core/share/vehicle_core/environment/pythonpath.sh\n'}
[49.884460] (vehicle_core) StdoutLine: {'line': b'-- Installing: /home/avcpp/AV-CPP2025/Vehicle/install/vehicle_core/share/vehicle_core/environment/pythonpath.dsv\n'}
[49.884538] (vehicle_core) StdoutLine: {'line': b'-- Installing: /home/avcpp/AV-CPP2025/Vehicle/install/vehicle_core/local/lib/python3.10/dist-packages/vehicle_core-0.0.0-py3.10.egg-info\n'}
[49.884615] (vehicle_core) StdoutLine: {'line': b'-- Installing: /home/avcpp/AV-CPP2025/Vehicle/install/vehicle_core/local/lib/python3.10/dist-packages/vehicle_core-0.0.0-py3.10.egg-info/top_level.txt\n'}
[49.884698] (vehicle_core) StdoutLine: {'line': b'-- Installing: /home/avcpp/AV-CPP2025/Vehicle/install/vehicle_core/local/lib/python3.10/dist-packages/vehicle_core-0.0.0-py3.10.egg-info/SOURCES.txt\n'}
[49.884775] (vehicle_core) StdoutLine: {'line': b'-- Installing: /home/avcpp/AV-CPP2025/Vehicle/install/vehicle_core/local/lib/python3.10/dist-packages/vehicle_core-0.0.0-py3.10.egg-info/PKG-INFO\n'}
[49.884859] (vehicle_core) StdoutLine: {'line': b'-- Installing: /home/avcpp/AV-CPP2025/Vehicle/install/vehicle_core/local/lib/python3.10/dist-packages/vehicle_core-0.0.0-py3.10.egg-info/dependency_links.txt\n'}
[49.884937] (vehicle_core) StdoutLine: {'line': b'-- Installing: /home/avcpp/AV-CPP2025/Vehicle/install/vehicle_core/local/lib/python3.10/dist-packages/vehicle_core\n'}
[49.885015] (vehicle_core) StdoutLine: {'line': b'-- Installing: /home/avcpp/AV-CPP2025/Vehicle/install/vehicle_core/local/lib/python3.10/dist-packages/vehicle_core/_vehicle_core_s.ep.rosidl_typesupport_c.c\n'}
[49.885091] (vehicle_core) StdoutLine: {'line': b'-- Installing: /home/avcpp/AV-CPP2025/Vehicle/install/vehicle_core/local/lib/python3.10/dist-packages/vehicle_core/vehicle_core_s__rosidl_typesupport_fastrtps_c.cpython-310-aarch64-linux-gnu.so\n'}
[49.885181] (vehicle_core) StdoutLine: {'line': b'-- Installing: /home/avcpp/AV-CPP2025/Vehicle/install/vehicle_core/local/lib/python3.10/dist-packages/vehicle_core/libvehicle_core__rosidl_generator_py.so\n'}
[49.885259] (vehicle_core) StdoutLine: {'line': b'-- Installing: /home/avcpp/AV-CPP2025/Vehicle/install/vehicle_core/local/lib/python3.10/dist-packages/vehicle_core/msg\n'}
[49.885337] (vehicle_core) StdoutLine: {'line': b'-- Installing: /home/avcpp/AV-CPP2025/Vehicle/install/vehicle_core/local/lib/python3.10/dist-packages/vehicle_core/msg/_general_status_s.c\n'}
[49.885412] (vehicle_core) StdoutLine: {'line': b'-- Installing: /home/avcpp/AV-CPP2025/Vehicle/install/vehicle_core/local/lib/python3.10/dist-packages/vehicle_core/msg/_autopilot_config.py\n'}
[49.885487] (vehicle_core) StdoutLine: {'line': b'-- Installing: /home/avcpp/AV-CPP2025/Vehicle/install/vehicle_core/local/lib/python3.10/dist-packages/vehicle_core/msg/_drive_status.py\n'}
[49.885566] (vehicle_core) StdoutLine: {'line': b'-- Installing: /home/avcpp/AV-CPP2025/Vehicle/install/vehicle_core/local/lib/python3.10/dist-packages/vehicle_core/msg/_max_speed.py\n'}
[49.885642] (vehicle_core) StdoutLine: {'line': b'-- Installing: /home/avcpp/AV-CPP2025/Vehicle/install/vehicle_core/local/lib/python3.10/dist-packages/vehicle_core/msg/_error.py\n'}
[49.885723] (vehicle_core) StdoutLine: {'line': b'-- Installing: /home/avcpp/AV-CPP2025/Vehicle/install/vehicle_core/local/lib/python3.10/dist-packages/vehicle_core/msg/_autopilot_command_s.c\n'}
[49.885838] (vehicle_core) StdoutLine: {'line': b'-- Installing: /home/avcpp/AV-CPP2025/Vehicle/install/vehicle_core/local/lib/python3.10/dist-packages/vehicle_core/msg/_lights_status_s.c\n'}
[49.885921] (vehicle_core) StdoutLine: {'line': b'-- Installing: /home/avcpp/AV-CPP2025/Vehicle/install/vehicle_core/local/lib/python3.10/dist-packages/vehicle_core/msg/_internal_drive_command_s.c\n'}
[49.886000] (vehicle_core) StdoutLine: {'line': b'-- Installing: /home/avcpp/AV-CPP2025/Vehicle/install/vehicle_core/local/lib/python3.10/dist-packages/vehicle_core/msg/_error_s.c\n'}
[49.886077] (vehicle_core) StdoutLine: {'line': b'-- Installing: /home/avcpp/AV-CPP2025/Vehicle/install/vehicle_core/local/lib/python3.10/dist-packages/vehicle_core/msg/_lights_status.py\n'}
[49.886152] (vehicle_core) StdoutLine: {'line': b'-- Installing: /home/avcpp/AV-CPP2025/Vehicle/install/vehicle_core/local/lib/python3.10/dist-packages/vehicle_core/msg/_drive_status_s.c\n'}
[49.886228] (vehicle_core) StdoutLine: {'line': b'-- Installing: /home/avcpp/AV-CPP2025/Vehicle/install/vehicle_core/local/lib/python3.10/dist-packages/vehicle_core/msg/_autopilot_status.py\n'}
[49.886304] (vehicle_core) StdoutLine: {'line': b'-- Installing: /home/avcpp/AV-CPP2025/Vehicle/install/vehicle_core/local/lib/python3.10/dist-packages/vehicle_core/msg/_autopilot_config_s.c\n'}
[49.886376] (vehicle_core) StdoutLine: {'line': b'-- Installing: /home/avcpp/AV-CPP2025/Vehicle/install/vehicle_core/local/lib/python3.10/dist-packages/vehicle_core/msg/_telemetry_data_s.c\n'}
[49.886450] (vehicle_core) StdoutLine: {'line': b'-- Installing: /home/avcpp/AV-CPP2025/Vehicle/install/vehicle_core/local/lib/python3.10/dist-packages/vehicle_core/msg/_server_init_s.c\n'}
[49.886532] (vehicle_core) StdoutLine: {'line': b'-- Installing: /home/avcpp/AV-CPP2025/Vehicle/install/vehicle_core/local/lib/python3.10/dist-packages/vehicle_core/msg/_autopilot_command.py\n'}
[49.886608] (vehicle_core) StdoutLine: {'line': b'-- Installing: /home/avcpp/AV-CPP2025/Vehicle/install/vehicle_core/local/lib/python3.10/dist-packages/vehicle_core/msg/_drive_target.py\n'}
[49.886681] (vehicle_core) StdoutLine: {'line': b'-- Installing: /home/avcpp/AV-CPP2025/Vehicle/install/vehicle_core/local/lib/python3.10/dist-packages/vehicle_core/msg/_drive_feedback_s.c\n'}
[49.886755] (vehicle_core) StdoutLine: {'line': b'-- Installing: /home/avcpp/AV-CPP2025/Vehicle/install/vehicle_core/local/lib/python3.10/dist-packages/vehicle_core/msg/_lights_command_s.c\n'}
[49.886835] (vehicle_core) StdoutLine: {'line': b'-- Installing: /home/avcpp/AV-CPP2025/Vehicle/install/vehicle_core/local/lib/python3.10/dist-packages/vehicle_core/msg/_lights_command.py\n'}
[49.886910] (vehicle_core) StdoutLine: {'line': b'-- Installing: /home/avcpp/AV-CPP2025/Vehicle/install/vehicle_core/local/lib/python3.10/dist-packages/vehicle_core/msg/_state_mode.py\n'}
[49.886984] (vehicle_core) StdoutLine: {'line': b'-- Installing: /home/avcpp/AV-CPP2025/Vehicle/install/vehicle_core/local/lib/python3.10/dist-packages/vehicle_core/msg/_drive_target_s.c\n'}
[49.887057] (vehicle_core) StdoutLine: {'line': b'-- Installing: /home/avcpp/AV-CPP2025/Vehicle/install/vehicle_core/local/lib/python3.10/dist-packages/vehicle_core/msg/_server_init.py\n'}
[49.887131] (vehicle_core) StdoutLine: {'line': b'-- Installing: /home/avcpp/AV-CPP2025/Vehicle/install/vehicle_core/local/lib/python3.10/dist-packages/vehicle_core/msg/_general_status.py\n'}
[49.887204] (vehicle_core) StdoutLine: {'line': b'-- Installing: /home/avcpp/AV-CPP2025/Vehicle/install/vehicle_core/local/lib/python3.10/dist-packages/vehicle_core/msg/_manual_drive_command_s.c\n'}
[49.887272] (vehicle_core) StdoutLine: {'line': b'-- Installing: /home/avcpp/AV-CPP2025/Vehicle/install/vehicle_core/local/lib/python3.10/dist-packages/vehicle_core/msg/_manual_drive_command.py\n'}
[49.887340] (vehicle_core) StdoutLine: {'line': b'-- Installing: /home/avcpp/AV-CPP2025/Vehicle/install/vehicle_core/local/lib/python3.10/dist-packages/vehicle_core/msg/_state_mode_s.c\n'}
[49.887408] (vehicle_core) StdoutLine: {'line': b'-- Installing: /home/avcpp/AV-CPP2025/Vehicle/install/vehicle_core/local/lib/python3.10/dist-packages/vehicle_core/msg/_perception_profile.py\n'}
[49.887487] (vehicle_core) StdoutLine: {'line': b'-- Installing: /home/avcpp/AV-CPP2025/Vehicle/install/vehicle_core/local/lib/python3.10/dist-packages/vehicle_core/msg/_autopilot_status_s.c\n'}
[49.887555] (vehicle_core) StdoutLine: {'line': b'-- Installing: /home/avcpp/AV-CPP2025/Vehicle/install/vehicle_core/local/lib/python3.10/dist-packages/vehicle_core/msg/_imu_status.py\n'}
[49.887624] (vehicle_core) StdoutLine: {'line': b'-- Installing: /home/avcpp/AV-CPP2025/Vehicle/install/vehicle_core/local/lib/python3.10/dist-packages/vehicle_core/msg/_state_event_s.c\n'}
[49.887692] (vehicle_core) StdoutLine: {'line': b'-- Installing: /home/avcpp/AV-CPP2025/Vehicle/install/vehicle_core/local/lib/python3.10/dist-packages/vehicle_core/msg/_internal_drive_command.py\n'}
[49.887761] (vehicle_core) StdoutLine: {'line': b'-- Installing: /home/avcpp/AV-CPP2025/Vehicle/install/vehicle_core/local/lib/python3.10/dist-packages/vehicle_core/msg/__init__.py\n'}
[49.887829] (vehicle_core) StdoutLine: {'line': b'-- Installing: /home/avcpp/AV-CPP2025/Vehicle/install/vehicle_core/local/lib/python3.10/dist-packages/vehicle_core/msg/_perception_profile_s.c\n'}
[49.887896] (vehicle_core) StdoutLine: {'line': b'-- Installing: /home/avcpp/AV-CPP2025/Vehicle/install/vehicle_core/local/lib/python3.10/dist-packages/vehicle_core/msg/_drive_feedback.py\n'}
[49.887963] (vehicle_core) StdoutLine: {'line': b'-- Installing: /home/avcpp/AV-CPP2025/Vehicle/install/vehicle_core/local/lib/python3.10/dist-packages/vehicle_core/msg/_imu_status_s.c\n'}
[49.888031] (vehicle_core) StdoutLine: {'line': b'-- Installing: /home/avcpp/AV-CPP2025/Vehicle/install/vehicle_core/local/lib/python3.10/dist-packages/vehicle_core/msg/_telemetry_data.py\n'}
[49.888124] (vehicle_core) StdoutLine: {'line': b'-- Installing: /home/avcpp/AV-CPP2025/Vehicle/install/vehicle_core/local/lib/python3.10/dist-packages/vehicle_core/msg/_state_event.py\n'}
[49.888191] (vehicle_core) StdoutLine: {'line': b'-- Installing: /home/avcpp/AV-CPP2025/Vehicle/install/vehicle_core/local/lib/python3.10/dist-packages/vehicle_core/msg/_max_speed_s.c\n'}
[49.888259] (vehicle_core) StdoutLine: {'line': b'-- Installing: /home/avcpp/AV-CPP2025/Vehicle/install/vehicle_core/local/lib/python3.10/dist-packages/vehicle_core/vehicle_core_s__rosidl_typesupport_c.cpython-310-aarch64-linux-gnu.so\n'}
[49.888329] (vehicle_core) StdoutLine: {'line': b'-- Installing: /home/avcpp/AV-CPP2025/Vehicle/install/vehicle_core/local/lib/python3.10/dist-packages/vehicle_core/__init__.py\n'}
[49.888398] (vehicle_core) StdoutLine: {'line': b'-- Installing: /home/avcpp/AV-CPP2025/Vehicle/install/vehicle_core/local/lib/python3.10/dist-packages/vehicle_core/_vehicle_core_s.ep.rosidl_typesupport_fastrtps_c.c\n'}
[49.888467] (vehicle_core) StdoutLine: {'line': b'-- Installing: /home/avcpp/AV-CPP2025/Vehicle/install/vehicle_core/local/lib/python3.10/dist-packages/vehicle_core/_vehicle_core_s.ep.rosidl_typesupport_introspection_c.c\n'}
[49.888534] (vehicle_core) StdoutLine: {'line': b'-- Installing: /home/avcpp/AV-CPP2025/Vehicle/install/vehicle_core/local/lib/python3.10/dist-packages/vehicle_core/srv\n'}
[49.888601] (vehicle_core) StdoutLine: {'line': b'-- Installing: /home/avcpp/AV-CPP2025/Vehicle/install/vehicle_core/local/lib/python3.10/dist-packages/vehicle_core/srv/_request_internal_control.py\n'}
[49.888668] (vehicle_core) StdoutLine: {'line': b'-- Installing: /home/avcpp/AV-CPP2025/Vehicle/install/vehicle_core/local/lib/python3.10/dist-packages/vehicle_core/srv/_set_autopilot_profile.py\n'}
[49.888740] (vehicle_core) StdoutLine: {'line': b'-- Installing: /home/avcpp/AV-CPP2025/Vehicle/install/vehicle_core/local/lib/python3.10/dist-packages/vehicle_core/srv/_release_internal_control_s.c\n'}
[49.888809] (vehicle_core) StdoutLine: {'line': b'-- Installing: /home/avcpp/AV-CPP2025/Vehicle/install/vehicle_core/local/lib/python3.10/dist-packages/vehicle_core/srv/_set_autopilot_profile_s.c\n'}
[49.888876] (vehicle_core) StdoutLine: {'line': b'-- Installing: /home/avcpp/AV-CPP2025/Vehicle/install/vehicle_core/local/lib/python3.10/dist-packages/vehicle_core/srv/__init__.py\n'}
[49.888943] (vehicle_core) StdoutLine: {'line': b'-- Installing: /home/avcpp/AV-CPP2025/Vehicle/install/vehicle_core/local/lib/python3.10/dist-packages/vehicle_core/srv/_request_internal_control_s.c\n'}
[49.889013] (vehicle_core) StdoutLine: {'line': b'-- Installing: /home/avcpp/AV-CPP2025/Vehicle/install/vehicle_core/local/lib/python3.10/dist-packages/vehicle_core/srv/_release_internal_control.py\n'}
[49.889088] (vehicle_core) StdoutLine: {'line': b'-- Installing: /home/avcpp/AV-CPP2025/Vehicle/install/vehicle_core/local/lib/python3.10/dist-packages/vehicle_core/vehicle_core_s__rosidl_typesupport_introspection_c.cpython-310-aarch64-linux-gnu.so\n'}
[49.940780] (-) TimerEvent: {}
[49.965434] (vehicle_core) StdoutLine: {'line': b"Listing '/home/avcpp/AV-CPP2025/Vehicle/install/vehicle_core/local/lib/python3.10/dist-packages/vehicle_core'...\n"}
[49.965915] (vehicle_core) StdoutLine: {'line': b"Compiling '/home/avcpp/AV-CPP2025/Vehicle/install/vehicle_core/local/lib/python3.10/dist-packages/vehicle_core/__init__.py'...\n"}
[49.966062] (vehicle_core) StdoutLine: {'line': b"Listing '/home/avcpp/AV-CPP2025/Vehicle/install/vehicle_core/local/lib/python3.10/dist-packages/vehicle_core/msg'...\n"}
[49.966153] (vehicle_core) StdoutLine: {'line': b"Compiling '/home/avcpp/AV-CPP2025/Vehicle/install/vehicle_core/local/lib/python3.10/dist-packages/vehicle_core/msg/__init__.py'...\n"}
[49.966230] (vehicle_core) StdoutLine: {'line': b"Compiling '/home/avcpp/AV-CPP2025/Vehicle/install/vehicle_core/local/lib/python3.10/dist-packages/vehicle_core/msg/_autopilot_command.py'...\n"}
[49.966345] (vehicle_core) StdoutLine: {'line': b"Compiling '/home/avcpp/AV-CPP2025/Vehicle/install/vehicle_core/local/lib/python3.10/dist-packages/vehicle_core/msg/_autopilot_config.py'...\n"}
[49.966416] (vehicle_core) StdoutLine: {'line': b"Compiling '/home/avcpp/AV-CPP2025/Vehicle/install/vehicle_core/local/lib/python3.10/dist-packages/vehicle_core/msg/_autopilot_status.py'...\n"}
[49.966486] (vehicle_core) StdoutLine: {'line': b"Compiling '/home/avcpp/AV-CPP2025/Vehicle/install/vehicle_core/local/lib/python3.10/dist-packages/vehicle_core/msg/_drive_feedback.py'...\n"}
[49.966554] (vehicle_core) StdoutLine: {'line': b"Compiling '/home/avcpp/AV-CPP2025/Vehicle/install/vehicle_core/local/lib/python3.10/dist-packages/vehicle_core/msg/_drive_status.py'...\n"}
[49.966627] (vehicle_core) StdoutLine: {'line': b"Compiling '/home/avcpp/AV-CPP2025/Vehicle/install/vehicle_core/local/lib/python3.10/dist-packages/vehicle_core/msg/_drive_target.py'...\n"}
[49.966697] (vehicle_core) StdoutLine: {'line': b"Compiling '/home/avcpp/AV-CPP2025/Vehicle/install/vehicle_core/local/lib/python3.10/dist-packages/vehicle_core/msg/_error.py'...\n"}
[49.966765] (vehicle_core) StdoutLine: {'line': b"Compiling '/home/avcpp/AV-CPP2025/Vehicle/install/vehicle_core/local/lib/python3.10/dist-packages/vehicle_core/msg/_general_status.py'...\n"}
[49.966836] (vehicle_core) StdoutLine: {'line': b"Compiling '/home/avcpp/AV-CPP2025/Vehicle/install/vehicle_core/local/lib/python3.10/dist-packages/vehicle_core/msg/_imu_status.py'...\n"}
[49.966905] (vehicle_core) StdoutLine: {'line': b"Compiling '/home/avcpp/AV-CPP2025/Vehicle/install/vehicle_core/local/lib/python3.10/dist-packages/vehicle_core/msg/_internal_drive_command.py'...\n"}
[49.966975] (vehicle_core) StdoutLine: {'line': b"Compiling '/home/avcpp/AV-CPP2025/Vehicle/install/vehicle_core/local/lib/python3.10/dist-packages/vehicle_core/msg/_lights_command.py'...\n"}
[49.967044] (vehicle_core) StdoutLine: {'line': b"Compiling '/home/avcpp/AV-CPP2025/Vehicle/install/vehicle_core/local/lib/python3.10/dist-packages/vehicle_core/msg/_lights_status.py'...\n"}
[49.967113] (vehicle_core) StdoutLine: {'line': b"Compiling '/home/avcpp/AV-CPP2025/Vehicle/install/vehicle_core/local/lib/python3.10/dist-packages/vehicle_core/msg/_manual_drive_command.py'...\n"}
[49.967180] (vehicle_core) StdoutLine: {'line': b"Compiling '/home/avcpp/AV-CPP2025/Vehicle/install/vehicle_core/local/lib/python3.10/dist-packages/vehicle_core/msg/_max_speed.py'...\n"}
[49.967250] (vehicle_core) StdoutLine: {'line': b"Compiling '/home/avcpp/AV-CPP2025/Vehicle/install/vehicle_core/local/lib/python3.10/dist-packages/vehicle_core/msg/_perception_profile.py'...\n"}
[49.967325] (vehicle_core) StdoutLine: {'line': b"Compiling '/home/avcpp/AV-CPP2025/Vehicle/install/vehicle_core/local/lib/python3.10/dist-packages/vehicle_core/msg/_server_init.py'...\n"}
[49.967393] (vehicle_core) StdoutLine: {'line': b"Compiling '/home/avcpp/AV-CPP2025/Vehicle/install/vehicle_core/local/lib/python3.10/dist-packages/vehicle_core/msg/_state_event.py'...\n"}
[49.967461] (vehicle_core) StdoutLine: {'line': b"Compiling '/home/avcpp/AV-CPP2025/Vehicle/install/vehicle_core/local/lib/python3.10/dist-packages/vehicle_core/msg/_state_mode.py'...\n"}
[49.967544] (vehicle_core) StdoutLine: {'line': b"Compiling '/home/avcpp/AV-CPP2025/Vehicle/install/vehicle_core/local/lib/python3.10/dist-packages/vehicle_core/msg/_telemetry_data.py'...\n"}
[49.967617] (vehicle_core) StdoutLine: {'line': b"Listing '/home/avcpp/AV-CPP2025/Vehicle/install/vehicle_core/local/lib/python3.10/dist-packages/vehicle_core/srv'...\n"}
[49.967687] (vehicle_core) StdoutLine: {'line': b"Compiling '/home/avcpp/AV-CPP2025/Vehicle/install/vehicle_core/local/lib/python3.10/dist-packages/vehicle_core/srv/__init__.py'...\n"}
[49.967757] (vehicle_core) StdoutLine: {'line': b"Compiling '/home/avcpp/AV-CPP2025/Vehicle/install/vehicle_core/local/lib/python3.10/dist-packages/vehicle_core/srv/_release_internal_control.py'...\n"}
[49.967827] (vehicle_core) StdoutLine: {'line': b"Compiling '/home/avcpp/AV-CPP2025/Vehicle/install/vehicle_core/local/lib/python3.10/dist-packages/vehicle_core/srv/_request_internal_control.py'...\n"}
[49.967912] (vehicle_core) StdoutLine: {'line': b"Compiling '/home/avcpp/AV-CPP2025/Vehicle/install/vehicle_core/local/lib/python3.10/dist-packages/vehicle_core/srv/_set_autopilot_profile.py'...\n"}
[49.981445] (vehicle_core) StdoutLine: {'line': b'-- Installing: /home/avcpp/AV-CPP2025/Vehicle/install/vehicle_core/local/lib/python3.10/dist-packages/vehicle_core/vehicle_core_s__rosidl_typesupport_fastrtps_c.cpython-310-aarch64-linux-gnu.so\n'}
[49.982052] (vehicle_core) StdoutLine: {'line': b'-- Set runtime path of "/home/avcpp/AV-CPP2025/Vehicle/install/vehicle_core/local/lib/python3.10/dist-packages/vehicle_core/vehicle_core_s__rosidl_typesupport_fastrtps_c.cpython-310-aarch64-linux-gnu.so" to ""\n'}
[49.982434] (vehicle_core) StdoutLine: {'line': b'-- Installing: /home/avcpp/AV-CPP2025/Vehicle/install/vehicle_core/local/lib/python3.10/dist-packages/vehicle_core/vehicle_core_s__rosidl_typesupport_introspection_c.cpython-310-aarch64-linux-gnu.so\n'}
[49.983130] (vehicle_core) StdoutLine: {'line': b'-- Set runtime path of "/home/avcpp/AV-CPP2025/Vehicle/install/vehicle_core/local/lib/python3.10/dist-packages/vehicle_core/vehicle_core_s__rosidl_typesupport_introspection_c.cpython-310-aarch64-linux-gnu.so" to ""\n'}
[49.983565] (vehicle_core) StdoutLine: {'line': b'-- Installing: /home/avcpp/AV-CPP2025/Vehicle/install/vehicle_core/local/lib/python3.10/dist-packages/vehicle_core/vehicle_core_s__rosidl_typesupport_c.cpython-310-aarch64-linux-gnu.so\n'}
[49.984055] (vehicle_core) StdoutLine: {'line': b'-- Set runtime path of "/home/avcpp/AV-CPP2025/Vehicle/install/vehicle_core/local/lib/python3.10/dist-packages/vehicle_core/vehicle_core_s__rosidl_typesupport_c.cpython-310-aarch64-linux-gnu.so" to ""\n'}
[49.984215] (vehicle_core) StdoutLine: {'line': b'-- Installing: /home/avcpp/AV-CPP2025/Vehicle/install/vehicle_core/lib/libvehicle_core__rosidl_generator_py.so\n'}
[49.984951] (vehicle_core) StdoutLine: {'line': b'-- Set runtime path of "/home/avcpp/AV-CPP2025/Vehicle/install/vehicle_core/lib/libvehicle_core__rosidl_generator_py.so" to ""\n'}
[49.985130] (vehicle_core) StdoutLine: {'line': b'-- Installing: /home/avcpp/AV-CPP2025/Vehicle/install/vehicle_core/share/vehicle_core/msg/DriveTarget.idl\n'}
[49.985325] (vehicle_core) StdoutLine: {'line': b'-- Installing: /home/avcpp/AV-CPP2025/Vehicle/install/vehicle_core/share/vehicle_core/msg/InternalDriveCommand.idl\n'}
[49.985494] (vehicle_core) StdoutLine: {'line': b'-- Installing: /home/avcpp/AV-CPP2025/Vehicle/install/vehicle_core/share/vehicle_core/msg/ManualDriveCommand.idl\n'}
[49.985658] (vehicle_core) StdoutLine: {'line': b'-- Installing: /home/avcpp/AV-CPP2025/Vehicle/install/vehicle_core/share/vehicle_core/msg/LightsCommand.idl\n'}
[49.985850] (vehicle_core) StdoutLine: {'line': b'-- Installing: /home/avcpp/AV-CPP2025/Vehicle/install/vehicle_core/share/vehicle_core/msg/MaxSpeed.idl\n'}
[49.986007] (vehicle_core) StdoutLine: {'line': b'-- Installing: /home/avcpp/AV-CPP2025/Vehicle/install/vehicle_core/share/vehicle_core/msg/AutopilotCommand.idl\n'}
[49.986181] (vehicle_core) StdoutLine: {'line': b'-- Installing: /home/avcpp/AV-CPP2025/Vehicle/install/vehicle_core/share/vehicle_core/msg/LightsStatus.idl\n'}
[49.986351] (vehicle_core) StdoutLine: {'line': b'-- Installing: /home/avcpp/AV-CPP2025/Vehicle/install/vehicle_core/share/vehicle_core/msg/GeneralStatus.idl\n'}
[49.986593] (vehicle_core) StdoutLine: {'line': b'-- Installing: /home/avcpp/AV-CPP2025/Vehicle/install/vehicle_core/share/vehicle_core/msg/DriveStatus.idl\n'}
[49.986842] (vehicle_core) StdoutLine: {'line': b'-- Installing: /home/avcpp/AV-CPP2025/Vehicle/install/vehicle_core/share/vehicle_core/msg/AutopilotStatus.idl\n'}
[49.987015] (vehicle_core) StdoutLine: {'line': b'-- Installing: /home/avcpp/AV-CPP2025/Vehicle/install/vehicle_core/share/vehicle_core/msg/TelemetryData.idl\n'}
[49.987182] (vehicle_core) StdoutLine: {'line': b'-- Installing: /home/avcpp/AV-CPP2025/Vehicle/install/vehicle_core/share/vehicle_core/msg/Error.idl\n'}
[49.987364] (vehicle_core) StdoutLine: {'line': b'-- Installing: /home/avcpp/AV-CPP2025/Vehicle/install/vehicle_core/share/vehicle_core/msg/ServerInit.idl\n'}
[49.987540] (vehicle_core) StdoutLine: {'line': b'-- Installing: /home/avcpp/AV-CPP2025/Vehicle/install/vehicle_core/share/vehicle_core/msg/AutopilotConfig.idl\n'}
[49.987744] (vehicle_core) StdoutLine: {'line': b'-- Installing: /home/avcpp/AV-CPP2025/Vehicle/install/vehicle_core/share/vehicle_core/msg/PerceptionProfile.idl\n'}
[49.987884] (vehicle_core) StdoutLine: {'line': b'-- Installing: /home/avcpp/AV-CPP2025/Vehicle/install/vehicle_core/share/vehicle_core/msg/StateMode.idl\n'}
[49.988024] (vehicle_core) StdoutLine: {'line': b'-- Installing: /home/avcpp/AV-CPP2025/Vehicle/install/vehicle_core/share/vehicle_core/msg/StateEvent.idl\n'}
[49.988145] (vehicle_core) StdoutLine: {'line': b'-- Installing: /home/avcpp/AV-CPP2025/Vehicle/install/vehicle_core/share/vehicle_core/msg/DriveFeedback.idl\n'}
[49.988313] (vehicle_core) StdoutLine: {'line': b'-- Installing: /home/avcpp/AV-CPP2025/Vehicle/install/vehicle_core/share/vehicle_core/msg/IMUStatus.idl\n'}
[49.988554] (vehicle_core) StdoutLine: {'line': b'-- Installing: /home/avcpp/AV-CPP2025/Vehicle/install/vehicle_core/share/vehicle_core/srv/RequestInternalControl.idl\n'}
[49.988743] (vehicle_core) StdoutLine: {'line': b'-- Installing: /home/avcpp/AV-CPP2025/Vehicle/install/vehicle_core/share/vehicle_core/srv/ReleaseInternalControl.idl\n'}
[49.988926] (vehicle_core) StdoutLine: {'line': b'-- Installing: /home/avcpp/AV-CPP2025/Vehicle/install/vehicle_core/share/vehicle_core/srv/SetAutopilotProfile.idl\n'}
[49.989114] (vehicle_core) StdoutLine: {'line': b'-- Installing: /home/avcpp/AV-CPP2025/Vehicle/install/vehicle_core/share/vehicle_core/msg/DriveTarget.msg\n'}
[49.993652] (vehicle_core) StdoutLine: {'line': b'-- Installing: /home/avcpp/AV-CPP2025/Vehicle/install/vehicle_core/share/vehicle_core/msg/InternalDriveCommand.msg\n'}
[49.994146] (vehicle_core) StdoutLine: {'line': b'-- Installing: /home/avcpp/AV-CPP2025/Vehicle/install/vehicle_core/share/vehicle_core/msg/ManualDriveCommand.msg\n'}
[49.994567] (vehicle_core) StdoutLine: {'line': b'-- Installing: /home/avcpp/AV-CPP2025/Vehicle/install/vehicle_core/share/vehicle_core/msg/LightsCommand.msg\n'}
[49.994980] (vehicle_core) StdoutLine: {'line': b'-- Installing: /home/avcpp/AV-CPP2025/Vehicle/install/vehicle_core/share/vehicle_core/msg/MaxSpeed.msg\n'}
[49.995380] (vehicle_core) StdoutLine: {'line': b'-- Installing: /home/avcpp/AV-CPP2025/Vehicle/install/vehicle_core/share/vehicle_core/msg/AutopilotCommand.msg\n'}
[49.995782] (vehicle_core) StdoutLine: {'line': b'-- Installing: /home/avcpp/AV-CPP2025/Vehicle/install/vehicle_core/share/vehicle_core/msg/LightsStatus.msg\n'}
[49.996052] (vehicle_core) StdoutLine: {'line': b'-- Installing: /home/avcpp/AV-CPP2025/Vehicle/install/vehicle_core/share/vehicle_core/msg/GeneralStatus.msg\n'}
[49.996381] (vehicle_core) StdoutLine: {'line': b'-- Installing: /home/avcpp/AV-CPP2025/Vehicle/install/vehicle_core/share/vehicle_core/msg/DriveStatus.msg\n'}
[49.996853] (vehicle_core) StdoutLine: {'line': b'-- Installing: /home/avcpp/AV-CPP2025/Vehicle/install/vehicle_core/share/vehicle_core/msg/AutopilotStatus.msg\n'}
[49.997330] (vehicle_core) StdoutLine: {'line': b'-- Installing: /home/avcpp/AV-CPP2025/Vehicle/install/vehicle_core/share/vehicle_core/msg/TelemetryData.msg\n'}
[49.997715] (vehicle_core) StdoutLine: {'line': b'-- Installing: /home/avcpp/AV-CPP2025/Vehicle/install/vehicle_core/share/vehicle_core/msg/Error.msg\n'}
[49.998052] (vehicle_core) StdoutLine: {'line': b'-- Installing: /home/avcpp/AV-CPP2025/Vehicle/install/vehicle_core/share/vehicle_core/msg/ServerInit.msg\n'}
[49.998429] (vehicle_core) StdoutLine: {'line': b'-- Installing: /home/avcpp/AV-CPP2025/Vehicle/install/vehicle_core/share/vehicle_core/msg/AutopilotConfig.msg\n'}
[49.998736] (vehicle_core) StdoutLine: {'line': b'-- Installing: /home/avcpp/AV-CPP2025/Vehicle/install/vehicle_core/share/vehicle_core/msg/PerceptionProfile.msg\n'}
[49.999045] (vehicle_core) StdoutLine: {'line': b'-- Installing: /home/avcpp/AV-CPP2025/Vehicle/install/vehicle_core/share/vehicle_core/msg/StateMode.msg\n'}
[49.999539] (vehicle_core) StdoutLine: {'line': b'-- Installing: /home/avcpp/AV-CPP2025/Vehicle/install/vehicle_core/share/vehicle_core/msg/StateEvent.msg\n'}
[50.000111] (vehicle_core) StdoutLine: {'line': b'-- Installing: /home/avcpp/AV-CPP2025/Vehicle/install/vehicle_core/share/vehicle_core/msg/DriveFeedback.msg\n'}
[50.000370] (vehicle_core) StdoutLine: {'line': b'-- Installing: /home/avcpp/AV-CPP2025/Vehicle/install/vehicle_core/share/vehicle_core/msg/IMUStatus.msg\n'}
[50.000823] (vehicle_core) StdoutLine: {'line': b'-- Installing: /home/avcpp/AV-CPP2025/Vehicle/install/vehicle_core/share/vehicle_core/srv/RequestInternalControl.srv\n'}
[50.001230] (vehicle_core) StdoutLine: {'line': b'-- Installing: /home/avcpp/AV-CPP2025/Vehicle/install/vehicle_core/share/vehicle_core/srv/RequestInternalControl_Request.msg\n'}
[50.001616] (vehicle_core) StdoutLine: {'line': b'-- Installing: /home/avcpp/AV-CPP2025/Vehicle/install/vehicle_core/share/vehicle_core/srv/RequestInternalControl_Response.msg\n'}
[50.002084] (vehicle_core) StdoutLine: {'line': b'-- Installing: /home/avcpp/AV-CPP2025/Vehicle/install/vehicle_core/share/vehicle_core/srv/ReleaseInternalControl.srv\n'}
[50.002529] (vehicle_core) StdoutLine: {'line': b'-- Installing: /home/avcpp/AV-CPP2025/Vehicle/install/vehicle_core/share/vehicle_core/srv/ReleaseInternalControl_Request.msg\n'}
[50.002964] (vehicle_core) StdoutLine: {'line': b'-- Installing: /home/avcpp/AV-CPP2025/Vehicle/install/vehicle_core/share/vehicle_core/srv/ReleaseInternalControl_Response.msg\n'}
[50.003363] (vehicle_core) StdoutLine: {'line': b'-- Installing: /home/avcpp/AV-CPP2025/Vehicle/install/vehicle_core/share/vehicle_core/srv/SetAutopilotProfile.srv\n'}
[50.003771] (vehicle_core) StdoutLine: {'line': b'-- Installing: /home/avcpp/AV-CPP2025/Vehicle/install/vehicle_core/share/vehicle_core/srv/SetAutopilotProfile_Request.msg\n'}
[50.004170] (vehicle_core) StdoutLine: {'line': b'-- Installing: /home/avcpp/AV-CPP2025/Vehicle/install/vehicle_core/share/vehicle_core/srv/SetAutopilotProfile_Response.msg\n'}
[50.004573] (vehicle_core) StdoutLine: {'line': b'-- Up-to-date: /home/avcpp/AV-CPP2025/Vehicle/install/vehicle_core/include\n'}
[50.005002] (vehicle_core) StdoutLine: {'line': b'-- Up-to-date: /home/avcpp/AV-CPP2025/Vehicle/install/vehicle_core/include/vehicle_core\n'}
[50.005518] (vehicle_core) StdoutLine: {'line': b'-- Installing: /home/avcpp/AV-CPP2025/Vehicle/install/vehicle_core/include/vehicle_core/gst_camera_node.hpp\n'}
[50.006046] (vehicle_core) StdoutLine: {'line': b'-- Installing: /home/avcpp/AV-CPP2025/Vehicle/install/vehicle_core/include/vehicle_core/rtsp_streamer_node.hpp\n'}
[50.006528] (vehicle_core) StdoutLine: {'line': b'-- Installing: /home/avcpp/AV-CPP2025/Vehicle/install/vehicle_core/include/vehicle_core/drive_arbiter_node.hpp\n'}
[50.007034] (vehicle_core) StdoutLine: {'line': b'-- Installing: /home/avcpp/AV-CPP2025/Vehicle/install/vehicle_core/include/vehicle_core/gt_u7_gps_node.hpp\n'}
[50.007527] (vehicle_core) StdoutLine: {'line': b'-- Installing: /home/avcpp/AV-CPP2025/Vehicle/install/vehicle_core/include/vehicle_core/i2c_bridge_node.hpp\n'}
[50.007987] (vehicle_core) StdoutLine: {'line': b'-- Installing: /home/avcpp/AV-CPP2025/Vehicle/install/vehicle_core/include/vehicle_core/Autopilot\n'}
[50.008427] (vehicle_core) StdoutLine: {'line': b'-- Installing: /home/avcpp/AV-CPP2025/Vehicle/install/vehicle_core/include/vehicle_core/Autopilot/KmlPathLoader.hpp\n'}
[50.008870] (vehicle_core) StdoutLine: {'line': b'-- Installing: /home/avcpp/AV-CPP2025/Vehicle/install/vehicle_core/include/vehicle_core/Autopilot/autopilot_node.hpp\n'}
[50.009351] (vehicle_core) StdoutLine: {'line': b'-- Installing: /home/avcpp/AV-CPP2025/Vehicle/install/vehicle_core/include/vehicle_core/Autopilot/PurePursuit.hpp\n'}
[50.009797] (vehicle_core) StdoutLine: {'line': b'-- Installing: /home/avcpp/AV-CPP2025/Vehicle/install/vehicle_core/include/vehicle_core/heading_calibrator_node.hpp\n'}
[50.010259] (vehicle_core) StdoutLine: {'line': b'-- Installing: /home/avcpp/AV-CPP2025/Vehicle/install/vehicle_core/include/vehicle_core/Devices\n'}
[50.010695] (vehicle_core) StdoutLine: {'line': b'-- Installing: /home/avcpp/AV-CPP2025/Vehicle/install/vehicle_core/include/vehicle_core/Devices/GtU7Gps.hpp\n'}
[50.011140] (vehicle_core) StdoutLine: {'line': b'-- Installing: /home/avcpp/AV-CPP2025/Vehicle/install/vehicle_core/include/vehicle_core/Devices/LightingSubsys.hpp\n'}
[50.011566] (vehicle_core) StdoutLine: {'line': b'-- Installing: /home/avcpp/AV-CPP2025/Vehicle/install/vehicle_core/include/vehicle_core/Devices/DriveSubsys.hpp\n'}
[50.011910] (vehicle_core) StdoutLine: {'line': b'-- Installing: /home/avcpp/AV-CPP2025/Vehicle/install/vehicle_core/include/vehicle_core/Devices/I2C\n'}
[50.012251] (vehicle_core) StdoutLine: {'line': b'-- Installing: /home/avcpp/AV-CPP2025/Vehicle/install/vehicle_core/include/vehicle_core/Devices/I2C/I2CBusRegistry.hpp\n'}
[50.012651] (vehicle_core) StdoutLine: {'line': b'-- Installing: /home/avcpp/AV-CPP2025/Vehicle/install/vehicle_core/include/vehicle_core/Devices/I2C/I2CBus.hpp\n'}
[50.013011] (vehicle_core) StdoutLine: {'line': b'-- Installing: /home/avcpp/AV-CPP2025/Vehicle/install/vehicle_core/include/vehicle_core/Devices/I2C/I2CDevice.hpp\n'}
[50.013402] (vehicle_core) StdoutLine: {'line': b'-- Installing: /home/avcpp/AV-CPP2025/Vehicle/install/vehicle_core/include/vehicle_core/Devices/BNO055.hpp\n'}
[50.013753] (vehicle_core) StdoutLine: {'line': b'-- Installing: /home/avcpp/AV-CPP2025/Vehicle/install/vehicle_core/include/vehicle_core/tcp_server_node.hpp\n'}
[50.014094] (vehicle_core) StdoutLine: {'line': b'-- Installing: /home/avcpp/AV-CPP2025/Vehicle/install/vehicle_core/include/vehicle_core/state_manager.hpp\n'}
[50.014450] (vehicle_core) StdoutLine: {'line': b'-- Installing: /home/avcpp/AV-CPP2025/Vehicle/install/vehicle_core/share/vehicle_core/data\n'}
[50.014805] (vehicle_core) StdoutLine: {'line': b'-- Installing: /home/avcpp/AV-CPP2025/Vehicle/install/vehicle_core/share/vehicle_core/data/Vehicle_Path.kml\n'}
[50.015157] (vehicle_core) StdoutLine: {'line': b'-- Installing: /home/avcpp/AV-CPP2025/Vehicle/install/vehicle_core/lib/libstate_manager_node_component.so\n'}
[50.030300] (vehicle_core) StdoutLine: {'line': b'-- Set runtime path of "/home/avcpp/AV-CPP2025/Vehicle/install/vehicle_core/lib/libstate_manager_node_component.so" to ""\n'}
[50.030787] (vehicle_core) StdoutLine: {'line': b'-- Installing: /home/avcpp/AV-CPP2025/Vehicle/install/vehicle_core/lib/libheading_calibrator_node_component.so\n'}
[50.040890] (-) TimerEvent: {}
[50.066479] (vehicle_core) StdoutLine: {'line': b'-- Set runtime path of "/home/avcpp/AV-CPP2025/Vehicle/install/vehicle_core/lib/libheading_calibrator_node_component.so" to ""\n'}
[50.067452] (vehicle_core) StdoutLine: {'line': b'-- Installing: /home/avcpp/AV-CPP2025/Vehicle/install/vehicle_core/lib/libdrive_arbiter_node_component.so\n'}
[50.120899] (vehicle_core) StdoutLine: {'line': b'-- Set runtime path of "/home/avcpp/AV-CPP2025/Vehicle/install/vehicle_core/lib/libdrive_arbiter_node_component.so" to ""\n'}
[50.121362] (vehicle_core) StdoutLine: {'line': b'-- Installing: /home/avcpp/AV-CPP2025/Vehicle/install/vehicle_core/lib/libgt_u7_gps_node_component.so\n'}
[50.124575] (vehicle_core) StdoutLine: {'line': b'-- Set runtime path of "/home/avcpp/AV-CPP2025/Vehicle/install/vehicle_core/lib/libgt_u7_gps_node_component.so" to ""\n'}
[50.124856] (vehicle_core) StdoutLine: {'line': b'-- Installing: /home/avcpp/AV-CPP2025/Vehicle/install/vehicle_core/lib/libtcp_server_node_component.so\n'}
[50.140957] (-) TimerEvent: {}
[50.169024] (vehicle_core) StdoutLine: {'line': b'-- Set runtime path of "/home/avcpp/AV-CPP2025/Vehicle/install/vehicle_core/lib/libtcp_server_node_component.so" to ""\n'}
[50.169360] (vehicle_core) StdoutLine: {'line': b'-- Installing: /home/avcpp/AV-CPP2025/Vehicle/install/vehicle_core/lib/libi2c_bridge_node.so\n'}
[50.205784] (vehicle_core) StdoutLine: {'line': b'-- Set runtime path of "/home/avcpp/AV-CPP2025/Vehicle/install/vehicle_core/lib/libi2c_bridge_node.so" to ""\n'}
[50.206262] (vehicle_core) StdoutLine: {'line': b'-- Installing: /home/avcpp/AV-CPP2025/Vehicle/install/vehicle_core/lib/libautopilot_node_component.so\n'}
[50.224435] (vehicle_core) StdoutLine: {'line': b'-- Set runtime path of "/home/avcpp/AV-CPP2025/Vehicle/install/vehicle_core/lib/libautopilot_node_component.so" to ""\n'}
[50.224968] (vehicle_core) StdoutLine: {'line': b'-- Installing: /home/avcpp/AV-CPP2025/Vehicle/install/vehicle_core/lib/librtsp_streamer_node.so\n'}
[50.241223] (-) TimerEvent: {}
[50.258841] (vehicle_core) StdoutLine: {'line': b'-- Set runtime path of "/home/avcpp/AV-CPP2025/Vehicle/install/vehicle_core/lib/librtsp_streamer_node.so" to ""\n'}
[50.260091] (vehicle_core) StdoutLine: {'line': b'-- Installing: /home/avcpp/AV-CPP2025/Vehicle/install/vehicle_core/lib/libgst_camera_component.so\n'}
[50.263296] (vehicle_core) StdoutLine: {'line': b'-- Set runtime path of "/home/avcpp/AV-CPP2025/Vehicle/install/vehicle_core/lib/libgst_camera_component.so" to ""\n'}
[50.264051] (vehicle_core) StdoutLine: {'line': b'-- Installing: /home/avcpp/AV-CPP2025/Vehicle/install/vehicle_core/lib/vehicle_core/vehicle_core_container\n'}
[50.264756] (vehicle_core) StdoutLine: {'line': b'-- Set runtime path of "/home/avcpp/AV-CPP2025/Vehicle/install/vehicle_core/lib/vehicle_core/vehicle_core_container" to ""\n'}
[50.265489] (vehicle_core) StdoutLine: {'line': b'-- Installing: /home/avcpp/AV-CPP2025/Vehicle/install/vehicle_core/share/vehicle_core/cfg\n'}
[50.266366] (vehicle_core) StdoutLine: {'line': b'-- Installing: /home/avcpp/AV-CPP2025/Vehicle/install/vehicle_core/share/vehicle_core/cfg/ekf.yaml\n'}
[50.266931] (vehicle_core) StdoutLine: {'line': b'-- Installing: /home/avcpp/AV-CPP2025/Vehicle/install/vehicle_core/share/vehicle_core/cfg/heading_calib.yaml\n'}
[50.267408] (vehicle_core) StdoutLine: {'line': b'-- Installing: /home/avcpp/AV-CPP2025/Vehicle/install/vehicle_core/share/vehicle_core/cfg/gt_u7_gps.yaml\n'}
[50.267903] (vehicle_core) StdoutLine: {'line': b'-- Installing: /home/avcpp/AV-CPP2025/Vehicle/install/vehicle_core/share/vehicle_core/cfg/i2c_bridge.yaml\n'}
[50.268293] (vehicle_core) StdoutLine: {'line': b'-- Installing: /home/avcpp/AV-CPP2025/Vehicle/install/vehicle_core/share/vehicle_core/cfg/autopilot.yaml\n'}
[50.268763] (vehicle_core) StdoutLine: {'line': b'-- Installing: /home/avcpp/AV-CPP2025/Vehicle/install/vehicle_core/share/vehicle_core/cfg/drive_arbiter.yaml\n'}
[50.269247] (vehicle_core) StdoutLine: {'line': b'-- Installing: /home/avcpp/AV-CPP2025/Vehicle/install/vehicle_core/share/vehicle_core/cfg/state_manager.yaml\n'}
[50.269711] (vehicle_core) StdoutLine: {'line': b'-- Installing: /home/avcpp/AV-CPP2025/Vehicle/install/vehicle_core/share/vehicle_core/cfg/navsat.yaml\n'}
[50.270113] (vehicle_core) StdoutLine: {'line': b'-- Installing: /home/avcpp/AV-CPP2025/Vehicle/install/vehicle_core/share/vehicle_core/cfg/camera_gscam.yaml\n'}
[50.270592] (vehicle_core) StdoutLine: {'line': b'-- Installing: /home/avcpp/AV-CPP2025/Vehicle/install/vehicle_core/share/vehicle_core/launch\n'}
[50.270975] (vehicle_core) StdoutLine: {'line': b'-- Installing: /home/avcpp/AV-CPP2025/Vehicle/install/vehicle_core/share/vehicle_core/launch/bringup.launch.py\n'}
[50.271428] (vehicle_core) StdoutLine: {'line': b'-- Installing: /home/avcpp/AV-CPP2025/Vehicle/install/vehicle_core/share/ament_index/resource_index/package_run_dependencies/vehicle_core\n'}
[50.271933] (vehicle_core) StdoutLine: {'line': b'-- Installing: /home/avcpp/AV-CPP2025/Vehicle/install/vehicle_core/share/ament_index/resource_index/parent_prefix_path/vehicle_core\n'}
[50.272424] (vehicle_core) StdoutLine: {'line': b'-- Installing: /home/avcpp/AV-CPP2025/Vehicle/install/vehicle_core/share/vehicle_core/environment/ament_prefix_path.sh\n'}
[50.272879] (vehicle_core) StdoutLine: {'line': b'-- Installing: /home/avcpp/AV-CPP2025/Vehicle/install/vehicle_core/share/vehicle_core/environment/ament_prefix_path.dsv\n'}
[50.273356] (vehicle_core) StdoutLine: {'line': b'-- Installing: /home/avcpp/AV-CPP2025/Vehicle/install/vehicle_core/share/vehicle_core/environment/path.sh\n'}
[50.273855] (vehicle_core) StdoutLine: {'line': b'-- Installing: /home/avcpp/AV-CPP2025/Vehicle/install/vehicle_core/share/vehicle_core/environment/path.dsv\n'}
[50.274313] (vehicle_core) StdoutLine: {'line': b'-- Installing: /home/avcpp/AV-CPP2025/Vehicle/install/vehicle_core/share/vehicle_core/local_setup.bash\n'}
[50.274780] (vehicle_core) StdoutLine: {'line': b'-- Installing: /home/avcpp/AV-CPP2025/Vehicle/install/vehicle_core/share/vehicle_core/local_setup.sh\n'}
[50.275247] (vehicle_core) StdoutLine: {'line': b'-- Installing: /home/avcpp/AV-CPP2025/Vehicle/install/vehicle_core/share/vehicle_core/local_setup.zsh\n'}
[50.275705] (vehicle_core) StdoutLine: {'line': b'-- Installing: /home/avcpp/AV-CPP2025/Vehicle/install/vehicle_core/share/vehicle_core/local_setup.dsv\n'}
[50.276194] (vehicle_core) StdoutLine: {'line': b'-- Installing: /home/avcpp/AV-CPP2025/Vehicle/install/vehicle_core/share/vehicle_core/package.dsv\n'}
[50.276672] (vehicle_core) StdoutLine: {'line': b'-- Installing: /home/avcpp/AV-CPP2025/Vehicle/install/vehicle_core/share/ament_index/resource_index/packages/vehicle_core\n'}
[50.277205] (vehicle_core) StdoutLine: {'line': b'-- Installing: /home/avcpp/AV-CPP2025/Vehicle/install/vehicle_core/share/vehicle_core/cmake/export_vehicle_core__rosidl_generator_cExport.cmake\n'}
[50.277635] (vehicle_core) StdoutLine: {'line': b'-- Installing: /home/avcpp/AV-CPP2025/Vehicle/install/vehicle_core/share/vehicle_core/cmake/export_vehicle_core__rosidl_generator_cExport-noconfig.cmake\n'}
[50.278114] (vehicle_core) StdoutLine: {'line': b'-- Installing: /home/avcpp/AV-CPP2025/Vehicle/install/vehicle_core/share/vehicle_core/cmake/export_vehicle_core__rosidl_typesupport_fastrtps_cExport.cmake\n'}
[50.278598] (vehicle_core) StdoutLine: {'line': b'-- Installing: /home/avcpp/AV-CPP2025/Vehicle/install/vehicle_core/share/vehicle_core/cmake/export_vehicle_core__rosidl_typesupport_fastrtps_cExport-noconfig.cmake\n'}
[50.279063] (vehicle_core) StdoutLine: {'line': b'-- Installing: /home/avcpp/AV-CPP2025/Vehicle/install/vehicle_core/share/vehicle_core/cmake/export_vehicle_core__rosidl_generator_cppExport.cmake\n'}
[50.279587] (vehicle_core) StdoutLine: {'line': b'-- Installing: /home/avcpp/AV-CPP2025/Vehicle/install/vehicle_core/share/vehicle_core/cmake/export_vehicle_core__rosidl_typesupport_fastrtps_cppExport.cmake\n'}
[50.280033] (vehicle_core) StdoutLine: {'line': b'-- Installing: /home/avcpp/AV-CPP2025/Vehicle/install/vehicle_core/share/vehicle_core/cmake/export_vehicle_core__rosidl_typesupport_fastrtps_cppExport-noconfig.cmake\n'}
[50.280416] (vehicle_core) StdoutLine: {'line': b'-- Installing: /home/avcpp/AV-CPP2025/Vehicle/install/vehicle_core/share/vehicle_core/cmake/vehicle_core__rosidl_typesupport_introspection_cExport.cmake\n'}
[50.280793] (vehicle_core) StdoutLine: {'line': b'-- Installing: /home/avcpp/AV-CPP2025/Vehicle/install/vehicle_core/share/vehicle_core/cmake/vehicle_core__rosidl_typesupport_introspection_cExport-noconfig.cmake\n'}
[50.281168] (vehicle_core) StdoutLine: {'line': b'-- Installing: /home/avcpp/AV-CPP2025/Vehicle/install/vehicle_core/share/vehicle_core/cmake/vehicle_core__rosidl_typesupport_cExport.cmake\n'}
[50.281539] (vehicle_core) StdoutLine: {'line': b'-- Installing: /home/avcpp/AV-CPP2025/Vehicle/install/vehicle_core/share/vehicle_core/cmake/vehicle_core__rosidl_typesupport_cExport-noconfig.cmake\n'}
[50.281898] (vehicle_core) StdoutLine: {'line': b'-- Installing: /home/avcpp/AV-CPP2025/Vehicle/install/vehicle_core/share/vehicle_core/cmake/vehicle_core__rosidl_typesupport_introspection_cppExport.cmake\n'}
[50.282264] (vehicle_core) StdoutLine: {'line': b'-- Installing: /home/avcpp/AV-CPP2025/Vehicle/install/vehicle_core/share/vehicle_core/cmake/vehicle_core__rosidl_typesupport_introspection_cppExport-noconfig.cmake\n'}
[50.282665] (vehicle_core) StdoutLine: {'line': b'-- Installing: /home/avcpp/AV-CPP2025/Vehicle/install/vehicle_core/share/vehicle_core/cmake/vehicle_core__rosidl_typesupport_cppExport.cmake\n'}
[50.283062] (vehicle_core) StdoutLine: {'line': b'-- Installing: /home/avcpp/AV-CPP2025/Vehicle/install/vehicle_core/share/vehicle_core/cmake/vehicle_core__rosidl_typesupport_cppExport-noconfig.cmake\n'}
[50.283419] (vehicle_core) StdoutLine: {'line': b'-- Installing: /home/avcpp/AV-CPP2025/Vehicle/install/vehicle_core/share/vehicle_core/cmake/export_vehicle_core__rosidl_generator_pyExport.cmake\n'}
[50.284408] (vehicle_core) StdoutLine: {'line': b'-- Installing: /home/avcpp/AV-CPP2025/Vehicle/install/vehicle_core/share/vehicle_core/cmake/export_vehicle_core__rosidl_generator_pyExport-noconfig.cmake\n'}
[50.285477] (vehicle_core) StdoutLine: {'line': b'-- Installing: /home/avcpp/AV-CPP2025/Vehicle/install/vehicle_core/share/ament_index/resource_index/rclcpp_components/vehicle_core\n'}
[50.287322] (vehicle_core) StdoutLine: {'line': b'-- Installing: /home/avcpp/AV-CPP2025/Vehicle/install/vehicle_core/share/vehicle_core/cmake/rosidl_cmake-extras.cmake\n'}
[50.287831] (vehicle_core) StdoutLine: {'line': b'-- Installing: /home/avcpp/AV-CPP2025/Vehicle/install/vehicle_core/share/vehicle_core/cmake/ament_cmake_export_dependencies-extras.cmake\n'}
[50.288265] (vehicle_core) StdoutLine: {'line': b'-- Installing: /home/avcpp/AV-CPP2025/Vehicle/install/vehicle_core/share/vehicle_core/cmake/ament_cmake_export_include_directories-extras.cmake\n'}
[50.288694] (vehicle_core) StdoutLine: {'line': b'-- Installing: /home/avcpp/AV-CPP2025/Vehicle/install/vehicle_core/share/vehicle_core/cmake/ament_cmake_export_libraries-extras.cmake\n'}
[50.289126] (vehicle_core) StdoutLine: {'line': b'-- Installing: /home/avcpp/AV-CPP2025/Vehicle/install/vehicle_core/share/vehicle_core/cmake/ament_cmake_export_targets-extras.cmake\n'}
[50.289552] (vehicle_core) StdoutLine: {'line': b'-- Installing: /home/avcpp/AV-CPP2025/Vehicle/install/vehicle_core/share/vehicle_core/cmake/rosidl_cmake_export_typesupport_targets-extras.cmake\n'}
[50.290088] (vehicle_core) StdoutLine: {'line': b'-- Installing: /home/avcpp/AV-CPP2025/Vehicle/install/vehicle_core/share/vehicle_core/cmake/rosidl_cmake_export_typesupport_libraries-extras.cmake\n'}
[50.290672] (vehicle_core) StdoutLine: {'line': b'-- Installing: /home/avcpp/AV-CPP2025/Vehicle/install/vehicle_core/share/vehicle_core/cmake/vehicle_coreConfig.cmake\n'}
[50.291119] (vehicle_core) StdoutLine: {'line': b'-- Installing: /home/avcpp/AV-CPP2025/Vehicle/install/vehicle_core/share/vehicle_core/cmake/vehicle_coreConfig-version.cmake\n'}
[50.291532] (vehicle_core) StdoutLine: {'line': b'-- Installing: /home/avcpp/AV-CPP2025/Vehicle/install/vehicle_core/share/vehicle_core/package.xml\n'}
[50.291916] (vehicle_core) CommandEnded: {'returncode': 0}
[50.320638] (vehicle_core) JobEnded: {'identifier': 'vehicle_core', 'rc': 0}
[50.322590] (-) EventReactorShutdown: {}
