[0.000000] (-) TimerEvent: {}
[0.001128] (vehicle_core) JobQueued: {'identifier': 'vehicle_core', 'dependencies': OrderedDict()}
[0.001707] (vehicle_core) JobStarted: {'identifier': 'vehicle_core'}
[0.064449] (vehicle_core) JobProgress: {'identifier': 'vehicle_core', 'progress': 'cmake'}
[0.067683] (vehicle_core) JobProgress: {'identifier': 'vehicle_core', 'progress': 'build'}
[0.068179] (vehicle_core) Command: {'cmd': ['/usr/bin/cmake', '--build', '/home/avcpp/AV-CPP2025/Vehicle/build/vehicle_core', '--', '-j8', '-l8'], 'cwd': '/home/avcpp/AV-CPP2025/Vehicle/build/vehicle_core', 'env': OrderedDict([('PYTHON_BASIC_REPL', '1'), ('LESSOPEN', '| /usr/bin/lesspipe %s'), ('UMS_MOUNTPOINT', '/mnt/ums'), ('GST_V4L2_PREFERRED_FOURCC', 'NV12:YU12:NV16:YUY2'), ('LANGUAGE', 'en_US.UTF-8'), ('USER', 'avcpp'), ('SSH_CLIENT', '192.168.8.103 28011 22'), ('XDG_SESSION_TYPE', 'tty'), ('GIT_ASKPASS', '/home/avcpp/.vscode-server/cli/servers/Stable-7d842fb85a0275a4a8e4d7e040d2625abbf7f084/server/extensions/git/dist/askpass.sh'), ('SHLVL', '1'), ('USB_FUNCS', 'adb'), ('LD_LIBRARY_PATH', '/home/avcpp/AV-CPP2025/Vehicle/install/vehicle_core/lib:/opt/ros/humble/opt/rviz_ogre_vendor/lib:/opt/ros/humble/lib/aarch64-linux-gnu:/opt/ros/humble/lib'), ('BROWSER', '/home/avcpp/.vscode-server/cli/servers/Stable-7d842fb85a0275a4a8e4d7e040d2625abbf7f084/server/bin/helpers/browser.sh'), ('MOTD_SHOWN', 'pam'), ('HOME', '/home/avcpp'), ('OLDPWD', '/home/avcpp/AV-CPP2025'), ('TERM_PROGRAM_VERSION', '1.105.1'), ('VSCODE_IPC_HOOK_CLI', '/run/user/1001/vscode-ipc-8b41f933-b5d3-4268-b773-f5b2405700bb.sock'), ('GST_INSPECT_NO_COLORS', '1'), ('GST_MPP_NO_RGA', '1'), ('ROS_PYTHON_VERSION', '3'), ('COGL_DRIVER', 'gles2'), ('VSCODE_GIT_ASKPASS_MAIN', '/home/avcpp/.vscode-server/cli/servers/Stable-7d842fb85a0275a4a8e4d7e040d2625abbf7f084/server/extensions/git/dist/askpass-main.js'), ('VSCODE_GIT_ASKPASS_NODE', '/home/avcpp/.vscode-server/cli/servers/Stable-7d842fb85a0275a4a8e4d7e040d2625abbf7f084/server/node'), ('SSL_CERT_FILE', '/usr/lib/ssl/certs/ca-certificates.crt'), ('PYDEVD_DISABLE_FILE_VALIDATION', '1'), ('BUNDLED_DEBUGPY_PATH', '/home/avcpp/.vscode-server/extensions/ms-python.debugpy-2025.14.1-linux-arm64/bundled/libs/debugpy'), ('VSCODE_PYTHON_AUTOACTIVATE_GUARD', '1'), ('DBUS_SESSION_BUS_ADDRESS', 'unix:path=/run/user/1001/bus'), ('COLORTERM', 'truecolor'), ('COLCON_PREFIX_PATH', '/home/avcpp/AV-CPP2025/Vehicle/install'), ('GST_V4L2SRC_MAX_RESOLUTION', '3840x2160'), ('ROS_DISTRO', 'humble'), ('LOGNAME', 'avcpp'), ('_', '/usr/bin/colcon'), ('ROS_VERSION', '2'), ('XDG_SESSION_CLASS', 'user'), ('TERM', 'xterm-256color'), ('GST_GL_API', 'gles2'), ('XDG_SESSION_ID', '5'), ('GST_VIDEO_CONVERT_PREFERRED_FORMAT', 'NV12:NV16:I420:YUY2'), ('GST_V4L2SRC_RK_DEVICES', '_mainpath:_selfpath:_bypass:_scale'), ('ROS_LOCALHOST_ONLY', '0'), ('PATH', '/home/avcpp/.vscode-server/cli/servers/Stable-7d842fb85a0275a4a8e4d7e040d2625abbf7f084/server/bin/remote-cli:/home/avcpp/.local/bin:/opt/ros/humble/bin:/usr/local/sbin:/usr/local/bin:/usr/sbin:/usr/bin:/sbin:/bin:/usr/games:/usr/local/games:/snap/bin:/home/avcpp/.vscode-server/extensions/ms-python.debugpy-2025.14.1-linux-arm64/bundled/scripts/noConfigScripts'), ('XDG_RUNTIME_DIR', '/run/user/1001'), ('GST_GL_PLATFORM', 'egl'), ('GST_DEBUG_NO_COLOR', '1'), ('SSL_CERT_DIR', '/usr/lib/ssl/certs'), ('GST_V4L2SRC_DEFAULT_DEVICE', '/dev/video-camera0'), ('DISPLAY', ':0'), ('VSCODE_DEBUGPY_ADAPTER_ENDPOINTS', '/home/avcpp/.vscode-server/extensions/ms-python.debugpy-2025.14.1-linux-arm64/.noConfigDebugAdapterEndpoints/endpoint-ef25f7e9429dbf34.txt'), ('LANG', 'en_US.UTF-8'), ('PYTHONSTARTUP', '/home/avcpp/.vscode-server/data/User/workspaceStorage/da628a90441345ac74af00bc07084975/ms-python.python/pythonrc.py'), ('LS_COLORS', 'rs=0:di=01;34:ln=01;36:mh=00:pi=40;33:so=01;35:do=01;35:bd=40;33;01:cd=40;33;01:or=40;31;01:mi=00:su=37;41:sg=30;43:ca=30;41:tw=30;42:ow=34;42:st=37;44:ex=01;32:*.tar=01;31:*.tgz=01;31:*.arc=01;31:*.arj=01;31:*.taz=01;31:*.lha=01;31:*.lz4=01;31:*.lzh=01;31:*.lzma=01;31:*.tlz=01;31:*.txz=01;31:*.tzo=01;31:*.t7z=01;31:*.zip=01;31:*.z=01;31:*.dz=01;31:*.gz=01;31:*.lrz=01;31:*.lz=01;31:*.lzo=01;31:*.xz=01;31:*.zst=01;31:*.tzst=01;31:*.bz2=01;31:*.bz=01;31:*.tbz=01;31:*.tbz2=01;31:*.tz=01;31:*.deb=01;31:*.rpm=01;31:*.jar=01;31:*.war=01;31:*.ear=01;31:*.sar=01;31:*.rar=01;31:*.alz=01;31:*.ace=01;31:*.zoo=01;31:*.cpio=01;31:*.7z=01;31:*.rz=01;31:*.cab=01;31:*.wim=01;31:*.swm=01;31:*.dwm=01;31:*.esd=01;31:*.jpg=01;35:*.jpeg=01;35:*.mjpg=01;35:*.mjpeg=01;35:*.gif=01;35:*.bmp=01;35:*.pbm=01;35:*.pgm=01;35:*.ppm=01;35:*.tga=01;35:*.xbm=01;35:*.xpm=01;35:*.tif=01;35:*.tiff=01;35:*.png=01;35:*.svg=01;35:*.svgz=01;35:*.mng=01;35:*.pcx=01;35:*.mov=01;35:*.mpg=01;35:*.mpeg=01;35:*.m2v=01;35:*.mkv=01;35:*.webm=01;35:*.webp=01;35:*.ogm=01;35:*.mp4=01;35:*.m4v=01;35:*.mp4v=01;35:*.vob=01;35:*.qt=01;35:*.nuv=01;35:*.wmv=01;35:*.asf=01;35:*.rm=01;35:*.rmvb=01;35:*.flc=01;35:*.avi=01;35:*.fli=01;35:*.flv=01;35:*.gl=01;35:*.dl=01;35:*.xcf=01;35:*.xwd=01;35:*.yuv=01;35:*.cgm=01;35:*.emf=01;35:*.ogv=01;35:*.ogx=01;35:*.aac=00;36:*.au=00;36:*.flac=00;36:*.m4a=00;36:*.mid=00;36:*.midi=00;36:*.mka=00;36:*.mp3=00;36:*.mpc=00;36:*.ogg=00;36:*.ra=00;36:*.wav=00;36:*.oga=00;36:*.opus=00;36:*.spx=00;36:*.xspf=00;36:'), ('VSCODE_GIT_IPC_HANDLE', '/run/user/1001/vscode-git-c9ee365bab.sock'), ('TERM_PROGRAM', 'vscode'), ('GST_V4L2_USE_LIBV4L2', '1'), ('UMS_SIZE', '256M'), ('AMENT_PREFIX_PATH', '/home/avcpp/AV-CPP2025/Vehicle/install/vehicle_core:/opt/ros/humble'), ('LC_MESSAGES', 'en_US.UTF-8'), ('SHELL', '/bin/bash'), ('UMS_RO', '0'), ('LESSCLOSE', '/usr/bin/lesspipe %s %s'), ('UMS_FSTYPE', 'vfat'), ('VSCODE_GIT_ASKPASS_EXTRA_ARGS', ''), ('PWD', '/home/avcpp/AV-CPP2025/Vehicle/build/vehicle_core'), ('LC_ALL', 'en_US.UTF-8'), ('SSH_CONNECTION', '192.168.8.103 28011 192.168.8.176 22'), ('PYTHONPATH', '/home/avcpp/AV-CPP2025/Vehicle/install/vehicle_core/local/lib/python3.10/dist-packages:/opt/ros/humble/lib/python3.10/site-packages:/opt/ros/humble/local/lib/python3.10/dist-packages'), ('UMS_MOUNT', '0'), ('COLCON', '1'), ('CMAKE_PREFIX_PATH', '/home/avcpp/AV-CPP2025/Vehicle/install/vehicle_core:/opt/ros/humble'), ('UMS_FILE', '/userdata/ums_shared.img')]), 'shell': False}
[0.097634] (-) TimerEvent: {}
[0.198517] (-) TimerEvent: {}
[0.299457] (-) TimerEvent: {}
[0.331351] (vehicle_core) StdoutLine: {'line': b'\x1b[35m\x1b[1mConsolidate compiler generated dependencies of target vehicle_core_container\x1b[0m\n'}
[0.357534] (vehicle_core) StdoutLine: {'line': b'\x1b[35m\x1b[1mConsolidate compiler generated dependencies of target vehicle_core__rosidl_generator_c\x1b[0m\n'}
[0.363890] (vehicle_core) StdoutLine: {'line': b'[  0%] Built target vehicle_core__cpp\n'}
[0.364282] (vehicle_core) StdoutLine: {'line': b'[  0%] Built target ament_cmake_python_symlink_vehicle_core\n'}
[0.399605] (-) TimerEvent: {}
[0.403464] (vehicle_core) StdoutLine: {'line': b'\x1b[35m\x1b[1mConsolidate compiler generated dependencies of target vehicle_core__rosidl_typesupport_introspection_cpp\x1b[0m\n'}
[0.420060] (vehicle_core) StdoutLine: {'line': b'[ 11%] Built target vehicle_core__rosidl_generator_c\n'}
[0.423290] (vehicle_core) StdoutLine: {'line': b'\x1b[35m\x1b[1mConsolidate compiler generated dependencies of target vehicle_core__rosidl_typesupport_cpp\x1b[0m\n'}
[0.435685] (vehicle_core) StdoutLine: {'line': b'\x1b[35m\x1b[1mConsolidate compiler generated dependencies of target vehicle_core__rosidl_typesupport_fastrtps_cpp\x1b[0m\n'}
[0.440682] (vehicle_core) StdoutLine: {'line': b'[ 13%] Built target vehicle_core_container\n'}
[0.456831] (vehicle_core) StdoutLine: {'line': b'[ 24%] Built target vehicle_core__rosidl_typesupport_introspection_cpp\n'}
[0.468981] (vehicle_core) StdoutLine: {'line': b'\x1b[35m\x1b[1mConsolidate compiler generated dependencies of target vehicle_core__rosidl_typesupport_introspection_c\x1b[0m\n'}
[0.472761] (vehicle_core) StdoutLine: {'line': b'\x1b[35m\x1b[1mConsolidate compiler generated dependencies of target vehicle_core__rosidl_typesupport_c\x1b[0m\n'}
[0.483654] (vehicle_core) StdoutLine: {'line': b'\x1b[35m\x1b[1mConsolidate compiler generated dependencies of target vehicle_core__rosidl_typesupport_fastrtps_c\x1b[0m\n'}
[0.499953] (-) TimerEvent: {}
[0.501808] (vehicle_core) StdoutLine: {'line': b'[ 35%] Built target vehicle_core__rosidl_typesupport_cpp\n'}
[0.533646] (vehicle_core) StdoutLine: {'line': b'[ 51%] Built target vehicle_core__rosidl_typesupport_c\n'}
[0.534695] (vehicle_core) StdoutLine: {'line': b'[ 57%] Built target vehicle_core__rosidl_typesupport_introspection_c\n'}
[0.542932] (vehicle_core) StdoutLine: {'line': b'[ 68%] Built target vehicle_core__rosidl_typesupport_fastrtps_cpp\n'}
[0.559016] (vehicle_core) StdoutLine: {'line': b'[ 80%] Built target vehicle_core__rosidl_typesupport_fastrtps_c\n'}
[0.600185] (-) TimerEvent: {}
[0.616872] (vehicle_core) StdoutLine: {'line': b'[ 80%] Built target vehicle_core\n'}
[0.645172] (vehicle_core) StdoutLine: {'line': b'\x1b[35m\x1b[1mConsolidate compiler generated dependencies of target gst_camera_component\x1b[0m\n'}
[0.659394] (vehicle_core) StdoutLine: {'line': b'\x1b[35m\x1b[1mConsolidate compiler generated dependencies of target drive_arbiter_node_component\x1b[0m\n'}
[0.659891] (vehicle_core) StdoutLine: {'line': b'\x1b[35m\x1b[1mConsolidate compiler generated dependencies of target i2c_bridge_node\x1b[0m\n'}
[0.660050] (vehicle_core) StdoutLine: {'line': b'\x1b[35m\x1b[1mConsolidate compiler generated dependencies of target state_manager_node_component\x1b[0m\n'}
[0.660145] (vehicle_core) StdoutLine: {'line': b'\x1b[35m\x1b[1mConsolidate compiler generated dependencies of target tcp_server_node_component\x1b[0m\n'}
[0.695051] (vehicle_core) StdoutLine: {'line': b'[ 81%] Built target drive_arbiter_node_component\n'}
[0.700342] (-) TimerEvent: {}
[0.705153] (vehicle_core) StdoutLine: {'line': b'[ 82%] Built target vehicle_core__py\n'}
[0.709712] (vehicle_core) StdoutLine: {'line': b'[ 82%] \x1b[32mBuilding CXX object CMakeFiles/i2c_bridge_node.dir/src/i2c_bridge_node.cpp.o\x1b[0m\n'}
[0.710433] (vehicle_core) StdoutLine: {'line': b'[ 83%] Built target gst_camera_component\n'}
[0.717890] (vehicle_core) StdoutLine: {'line': b'[ 84%] Built target tcp_server_node_component\n'}
[0.746634] (vehicle_core) StdoutLine: {'line': b'[ 85%] Built target state_manager_node_component\n'}
[0.750331] (vehicle_core) StdoutLine: {'line': b'running egg_info\n'}
[0.753291] (vehicle_core) StdoutLine: {'line': b'writing vehicle_core.egg-info/PKG-INFO\n'}
[0.754615] (vehicle_core) StdoutLine: {'line': b'writing dependency_links to vehicle_core.egg-info/dependency_links.txt\n'}
[0.755158] (vehicle_core) StdoutLine: {'line': b'writing top-level names to vehicle_core.egg-info/top_level.txt\n'}
[0.760792] (vehicle_core) StdoutLine: {'line': b"reading manifest file 'vehicle_core.egg-info/SOURCES.txt'\n"}
[0.762817] (vehicle_core) StdoutLine: {'line': b"writing manifest file 'vehicle_core.egg-info/SOURCES.txt'\n"}
[0.785593] (vehicle_core) StdoutLine: {'line': b'\x1b[35m\x1b[1mConsolidate compiler generated dependencies of target vehicle_core__rosidl_generator_py\x1b[0m\n'}
[0.800545] (-) TimerEvent: {}
[0.881945] (vehicle_core) StdoutLine: {'line': b'[ 86%] Built target ament_cmake_python_build_vehicle_core_egg\n'}
[0.883072] (vehicle_core) StdoutLine: {'line': b'[ 96%] Built target vehicle_core__rosidl_generator_py\n'}
[0.900747] (-) TimerEvent: {}
[0.922825] (vehicle_core) StdoutLine: {'line': b'\x1b[35m\x1b[1mConsolidate compiler generated dependencies of target vehicle_core__rosidl_typesupport_introspection_c__pyext\x1b[0m\n'}
[0.923246] (vehicle_core) StdoutLine: {'line': b'\x1b[35m\x1b[1mConsolidate compiler generated dependencies of target vehicle_core__rosidl_typesupport_c__pyext\x1b[0m\n'}
[0.925194] (vehicle_core) StdoutLine: {'line': b'\x1b[35m\x1b[1mConsolidate compiler generated dependencies of target vehicle_core__rosidl_typesupport_fastrtps_c__pyext\x1b[0m\n'}
[0.961563] (vehicle_core) StdoutLine: {'line': b'[ 97%] Built target vehicle_core__rosidl_typesupport_fastrtps_c__pyext\n'}
[0.975420] (vehicle_core) StdoutLine: {'line': b'[ 99%] Built target vehicle_core__rosidl_typesupport_introspection_c__pyext\n'}
[0.976434] (vehicle_core) StdoutLine: {'line': b'[ 99%] Built target vehicle_core__rosidl_typesupport_c__pyext\n'}
[1.001175] (-) TimerEvent: {}
[1.102445] (-) TimerEvent: {}
[1.203723] (-) TimerEvent: {}
[1.304946] (-) TimerEvent: {}
[1.406081] (-) TimerEvent: {}
[1.506945] (-) TimerEvent: {}
[1.607894] (-) TimerEvent: {}
[1.708828] (-) TimerEvent: {}
[1.810036] (-) TimerEvent: {}
[1.911240] (-) TimerEvent: {}
[2.012481] (-) TimerEvent: {}
[2.113666] (-) TimerEvent: {}
[2.214679] (-) TimerEvent: {}
[2.315923] (-) TimerEvent: {}
[2.417104] (-) TimerEvent: {}
[2.518243] (-) TimerEvent: {}
[2.619448] (-) TimerEvent: {}
[2.720576] (-) TimerEvent: {}
[2.821739] (-) TimerEvent: {}
[2.922967] (-) TimerEvent: {}
[3.024140] (-) TimerEvent: {}
[3.125345] (-) TimerEvent: {}
[3.226524] (-) TimerEvent: {}
[3.327724] (-) TimerEvent: {}
[3.428870] (-) TimerEvent: {}
[3.530141] (-) TimerEvent: {}
[3.631165] (-) TimerEvent: {}
[3.732334] (-) TimerEvent: {}
[3.833542] (-) TimerEvent: {}
[3.934699] (-) TimerEvent: {}
[4.035902] (-) TimerEvent: {}
[4.137079] (-) TimerEvent: {}
[4.238281] (-) TimerEvent: {}
[4.339794] (-) TimerEvent: {}
[4.441263] (-) TimerEvent: {}
[4.542695] (-) TimerEvent: {}
[4.644093] (-) TimerEvent: {}
[4.745557] (-) TimerEvent: {}
[4.847035] (-) TimerEvent: {}
[4.948524] (-) TimerEvent: {}
[5.050088] (-) TimerEvent: {}
[5.151571] (-) TimerEvent: {}
[5.253070] (-) TimerEvent: {}
[5.354486] (-) TimerEvent: {}
[5.455917] (-) TimerEvent: {}
[5.557348] (-) TimerEvent: {}
[5.658797] (-) TimerEvent: {}
[5.760283] (-) TimerEvent: {}
[5.862030] (-) TimerEvent: {}
[5.963690] (-) TimerEvent: {}
[6.065161] (-) TimerEvent: {}
[6.166654] (-) TimerEvent: {}
[6.268058] (-) TimerEvent: {}
[6.369540] (-) TimerEvent: {}
[6.470956] (-) TimerEvent: {}
[6.572469] (-) TimerEvent: {}
[6.673914] (-) TimerEvent: {}
[6.775400] (-) TimerEvent: {}
[6.876944] (-) TimerEvent: {}
[6.978413] (-) TimerEvent: {}
[7.079922] (-) TimerEvent: {}
[7.181321] (-) TimerEvent: {}
[7.282778] (-) TimerEvent: {}
[7.384237] (-) TimerEvent: {}
[7.485706] (-) TimerEvent: {}
[7.587211] (-) TimerEvent: {}
[7.688682] (-) TimerEvent: {}
[7.790194] (-) TimerEvent: {}
[7.891646] (-) TimerEvent: {}
[7.993019] (-) TimerEvent: {}
[8.094435] (-) TimerEvent: {}
[8.195892] (-) TimerEvent: {}
[8.297343] (-) TimerEvent: {}
[8.398759] (-) TimerEvent: {}
[8.500111] (-) TimerEvent: {}
[8.601494] (-) TimerEvent: {}
[8.702816] (-) TimerEvent: {}
[8.804158] (-) TimerEvent: {}
[8.905512] (-) TimerEvent: {}
[9.006886] (-) TimerEvent: {}
[9.108246] (-) TimerEvent: {}
[9.209645] (-) TimerEvent: {}
[9.310941] (-) TimerEvent: {}
[9.412275] (-) TimerEvent: {}
[9.513633] (-) TimerEvent: {}
[9.615013] (-) TimerEvent: {}
[9.716398] (-) TimerEvent: {}
[9.817771] (-) TimerEvent: {}
[9.919153] (-) TimerEvent: {}
[10.020514] (-) TimerEvent: {}
[10.121869] (-) TimerEvent: {}
[10.223251] (-) TimerEvent: {}
[10.324614] (-) TimerEvent: {}
[10.426006] (-) TimerEvent: {}
[10.527278] (-) TimerEvent: {}
[10.628610] (-) TimerEvent: {}
[10.730002] (-) TimerEvent: {}
[10.831383] (-) TimerEvent: {}
[10.932773] (-) TimerEvent: {}
[11.034162] (-) TimerEvent: {}
[11.135527] (-) TimerEvent: {}
[11.236897] (-) TimerEvent: {}
[11.338320] (-) TimerEvent: {}
[11.439692] (-) TimerEvent: {}
[11.541037] (-) TimerEvent: {}
[11.642332] (-) TimerEvent: {}
[11.743703] (-) TimerEvent: {}
[11.845026] (-) TimerEvent: {}
[11.946371] (-) TimerEvent: {}
[12.047690] (-) TimerEvent: {}
[12.149056] (-) TimerEvent: {}
[12.250419] (-) TimerEvent: {}
[12.351799] (-) TimerEvent: {}
[12.453154] (-) TimerEvent: {}
[12.554488] (-) TimerEvent: {}
[12.655836] (-) TimerEvent: {}
[12.757208] (-) TimerEvent: {}
[12.858553] (-) TimerEvent: {}
[12.959931] (-) TimerEvent: {}
[13.061291] (-) TimerEvent: {}
[13.162677] (-) TimerEvent: {}
[13.263975] (-) TimerEvent: {}
[13.365316] (-) TimerEvent: {}
[13.466663] (-) TimerEvent: {}
[13.567967] (-) TimerEvent: {}
[13.669291] (-) TimerEvent: {}
[13.770606] (-) TimerEvent: {}
[13.871927] (-) TimerEvent: {}
[13.973321] (-) TimerEvent: {}
[14.074651] (-) TimerEvent: {}
[14.176009] (-) TimerEvent: {}
[14.277379] (-) TimerEvent: {}
[14.378754] (-) TimerEvent: {}
[14.480096] (-) TimerEvent: {}
[14.581492] (-) TimerEvent: {}
[14.682908] (-) TimerEvent: {}
[14.784318] (-) TimerEvent: {}
[14.885725] (-) TimerEvent: {}
[14.987147] (-) TimerEvent: {}
[15.088523] (-) TimerEvent: {}
[15.190081] (-) TimerEvent: {}
[15.291511] (-) TimerEvent: {}
[15.392912] (-) TimerEvent: {}
[15.494343] (-) TimerEvent: {}
[15.595849] (-) TimerEvent: {}
[15.697327] (-) TimerEvent: {}
[15.798826] (-) TimerEvent: {}
[15.900326] (-) TimerEvent: {}
[16.001736] (-) TimerEvent: {}
[16.103197] (-) TimerEvent: {}
[16.204609] (-) TimerEvent: {}
[16.306045] (-) TimerEvent: {}
[16.407473] (-) TimerEvent: {}
[16.509013] (-) TimerEvent: {}
[16.610440] (-) TimerEvent: {}
[16.711785] (-) TimerEvent: {}
[16.813130] (-) TimerEvent: {}
[16.914461] (-) TimerEvent: {}
[17.015787] (-) TimerEvent: {}
[17.117099] (-) TimerEvent: {}
[17.218464] (-) TimerEvent: {}
[17.319890] (-) TimerEvent: {}
[17.421278] (-) TimerEvent: {}
[17.522621] (-) TimerEvent: {}
[17.623935] (-) TimerEvent: {}
[17.725233] (-) TimerEvent: {}
[17.826621] (-) TimerEvent: {}
[17.927939] (-) TimerEvent: {}
[18.029265] (-) TimerEvent: {}
[18.130607] (-) TimerEvent: {}
[18.231992] (-) TimerEvent: {}
[18.333484] (-) TimerEvent: {}
[18.434933] (-) TimerEvent: {}
[18.536361] (-) TimerEvent: {}
[18.637686] (-) TimerEvent: {}
[18.738802] (-) TimerEvent: {}
[18.839978] (-) TimerEvent: {}
[18.941211] (-) TimerEvent: {}
[19.042448] (-) TimerEvent: {}
[19.143573] (-) TimerEvent: {}
[19.244726] (-) TimerEvent: {}
[19.346002] (-) TimerEvent: {}
[19.447103] (-) TimerEvent: {}
[19.548355] (-) TimerEvent: {}
[19.649628] (-) TimerEvent: {}
[19.750886] (-) TimerEvent: {}
[19.852016] (-) TimerEvent: {}
[19.953241] (-) TimerEvent: {}
[20.054386] (-) TimerEvent: {}
[20.155587] (-) TimerEvent: {}
[20.256685] (-) TimerEvent: {}
[20.357558] (-) TimerEvent: {}
[20.458619] (-) TimerEvent: {}
[20.559629] (-) TimerEvent: {}
[20.660700] (-) TimerEvent: {}
[20.761751] (-) TimerEvent: {}
[20.862851] (-) TimerEvent: {}
[20.963923] (-) TimerEvent: {}
[21.065081] (-) TimerEvent: {}
[21.166311] (-) TimerEvent: {}
[21.267497] (-) TimerEvent: {}
[21.368640] (-) TimerEvent: {}
[21.469843] (-) TimerEvent: {}
[21.571020] (-) TimerEvent: {}
[21.672200] (-) TimerEvent: {}
[21.773412] (-) TimerEvent: {}
[21.874538] (-) TimerEvent: {}
[21.975705] (-) TimerEvent: {}
[22.076733] (-) TimerEvent: {}
[22.177926] (-) TimerEvent: {}
[22.279135] (-) TimerEvent: {}
[22.380345] (-) TimerEvent: {}
[22.481517] (-) TimerEvent: {}
[22.582570] (-) TimerEvent: {}
[22.683711] (-) TimerEvent: {}
[22.784901] (-) TimerEvent: {}
[22.885947] (-) TimerEvent: {}
[22.987189] (-) TimerEvent: {}
[23.088384] (-) TimerEvent: {}
[23.189609] (-) TimerEvent: {}
[23.290790] (-) TimerEvent: {}
[23.391979] (-) TimerEvent: {}
[23.493038] (-) TimerEvent: {}
[23.594218] (-) TimerEvent: {}
[23.695398] (-) TimerEvent: {}
[23.796408] (-) TimerEvent: {}
[23.897457] (-) TimerEvent: {}
[23.998602] (-) TimerEvent: {}
[24.099715] (-) TimerEvent: {}
[24.200952] (-) TimerEvent: {}
[24.301956] (-) TimerEvent: {}
[24.403029] (-) TimerEvent: {}
[24.504203] (-) TimerEvent: {}
[24.605361] (-) TimerEvent: {}
[24.706553] (-) TimerEvent: {}
[24.807649] (-) TimerEvent: {}
[24.908703] (-) TimerEvent: {}
[25.009914] (-) TimerEvent: {}
[25.111082] (-) TimerEvent: {}
[25.212256] (-) TimerEvent: {}
[25.313327] (-) TimerEvent: {}
[25.414451] (-) TimerEvent: {}
[25.515568] (-) TimerEvent: {}
[25.616741] (-) TimerEvent: {}
[25.717901] (-) TimerEvent: {}
[25.819053] (-) TimerEvent: {}
[25.920294] (-) TimerEvent: {}
[26.021477] (-) TimerEvent: {}
[26.122649] (-) TimerEvent: {}
[26.223823] (-) TimerEvent: {}
[26.325004] (-) TimerEvent: {}
[26.426191] (-) TimerEvent: {}
[26.527388] (-) TimerEvent: {}
[26.628443] (-) TimerEvent: {}
[26.729690] (-) TimerEvent: {}
[26.830845] (-) TimerEvent: {}
[26.931977] (-) TimerEvent: {}
[27.033168] (-) TimerEvent: {}
[27.134339] (-) TimerEvent: {}
[27.235520] (-) TimerEvent: {}
[27.336572] (-) TimerEvent: {}
[27.437636] (-) TimerEvent: {}
[27.538709] (-) TimerEvent: {}
[27.639731] (-) TimerEvent: {}
[27.741011] (-) TimerEvent: {}
[27.842178] (-) TimerEvent: {}
[27.943426] (-) TimerEvent: {}
[28.044665] (-) TimerEvent: {}
[28.145928] (-) TimerEvent: {}
[28.247092] (-) TimerEvent: {}
[28.348327] (-) TimerEvent: {}
[28.449506] (-) TimerEvent: {}
[28.550628] (-) TimerEvent: {}
[28.651757] (-) TimerEvent: {}
[28.752969] (-) TimerEvent: {}
[28.854133] (-) TimerEvent: {}
[28.955371] (-) TimerEvent: {}
[29.056600] (-) TimerEvent: {}
[29.157927] (-) TimerEvent: {}
[29.259288] (-) TimerEvent: {}
[29.360629] (-) TimerEvent: {}
[29.461969] (-) TimerEvent: {}
[29.563369] (-) TimerEvent: {}
[29.664697] (-) TimerEvent: {}
[29.766061] (-) TimerEvent: {}
[29.867354] (-) TimerEvent: {}
[29.968716] (-) TimerEvent: {}
[30.070072] (-) TimerEvent: {}
[30.171408] (-) TimerEvent: {}
[30.272760] (-) TimerEvent: {}
[30.374076] (-) TimerEvent: {}
[30.475403] (-) TimerEvent: {}
[30.576809] (-) TimerEvent: {}
[30.678186] (-) TimerEvent: {}
[30.779880] (-) TimerEvent: {}
[30.881522] (-) TimerEvent: {}
[30.983144] (-) TimerEvent: {}
[31.084758] (-) TimerEvent: {}
[31.186316] (-) TimerEvent: {}
[31.287806] (-) TimerEvent: {}
[31.389482] (-) TimerEvent: {}
[31.491043] (-) TimerEvent: {}
[31.592518] (-) TimerEvent: {}
[31.694046] (-) TimerEvent: {}
[31.795484] (-) TimerEvent: {}
[31.897070] (-) TimerEvent: {}
[31.998810] (-) TimerEvent: {}
[32.050517] (vehicle_core) StdoutLine: {'line': b'[100%] \x1b[32m\x1b[1mLinking CXX shared library libi2c_bridge_node.so\x1b[0m\n'}
[32.099218] (-) TimerEvent: {}
[32.200760] (-) TimerEvent: {}
[32.302318] (-) TimerEvent: {}
[32.404013] (-) TimerEvent: {}
[32.506053] (-) TimerEvent: {}
[32.607642] (-) TimerEvent: {}
[32.709405] (-) TimerEvent: {}
[32.811205] (-) TimerEvent: {}
[32.912505] (-) TimerEvent: {}
[33.013817] (-) TimerEvent: {}
[33.114894] (-) TimerEvent: {}
[33.216005] (-) TimerEvent: {}
[33.316888] (-) TimerEvent: {}
[33.417903] (-) TimerEvent: {}
[33.518747] (-) TimerEvent: {}
[33.619818] (-) TimerEvent: {}
[33.721173] (-) TimerEvent: {}
[33.822736] (-) TimerEvent: {}
[33.924234] (-) TimerEvent: {}
[34.025558] (-) TimerEvent: {}
[34.126961] (-) TimerEvent: {}
[34.228561] (-) TimerEvent: {}
[34.330138] (-) TimerEvent: {}
[34.431805] (-) TimerEvent: {}
[34.532947] (-) TimerEvent: {}
[34.634205] (-) TimerEvent: {}
[34.735607] (-) TimerEvent: {}
[34.760492] (vehicle_core) StdoutLine: {'line': b'[100%] Built target i2c_bridge_node\n'}
[34.800877] (vehicle_core) CommandEnded: {'returncode': 0}
[34.807665] (vehicle_core) JobProgress: {'identifier': 'vehicle_core', 'progress': 'install'}
[34.833116] (vehicle_core) Command: {'cmd': ['/usr/bin/cmake', '--install', '/home/avcpp/AV-CPP2025/Vehicle/build/vehicle_core'], 'cwd': '/home/avcpp/AV-CPP2025/Vehicle/build/vehicle_core', 'env': OrderedDict([('PYTHON_BASIC_REPL', '1'), ('LESSOPEN', '| /usr/bin/lesspipe %s'), ('UMS_MOUNTPOINT', '/mnt/ums'), ('GST_V4L2_PREFERRED_FOURCC', 'NV12:YU12:NV16:YUY2'), ('LANGUAGE', 'en_US.UTF-8'), ('USER', 'avcpp'), ('SSH_CLIENT', '192.168.8.103 28011 22'), ('XDG_SESSION_TYPE', 'tty'), ('GIT_ASKPASS', '/home/avcpp/.vscode-server/cli/servers/Stable-7d842fb85a0275a4a8e4d7e040d2625abbf7f084/server/extensions/git/dist/askpass.sh'), ('SHLVL', '1'), ('USB_FUNCS', 'adb'), ('LD_LIBRARY_PATH', '/home/avcpp/AV-CPP2025/Vehicle/install/vehicle_core/lib:/opt/ros/humble/opt/rviz_ogre_vendor/lib:/opt/ros/humble/lib/aarch64-linux-gnu:/opt/ros/humble/lib'), ('BROWSER', '/home/avcpp/.vscode-server/cli/servers/Stable-7d842fb85a0275a4a8e4d7e040d2625abbf7f084/server/bin/helpers/browser.sh'), ('MOTD_SHOWN', 'pam'), ('HOME', '/home/avcpp'), ('OLDPWD', '/home/avcpp/AV-CPP2025'), ('TERM_PROGRAM_VERSION', '1.105.1'), ('VSCODE_IPC_HOOK_CLI', '/run/user/1001/vscode-ipc-8b41f933-b5d3-4268-b773-f5b2405700bb.sock'), ('GST_INSPECT_NO_COLORS', '1'), ('GST_MPP_NO_RGA', '1'), ('ROS_PYTHON_VERSION', '3'), ('COGL_DRIVER', 'gles2'), ('VSCODE_GIT_ASKPASS_MAIN', '/home/avcpp/.vscode-server/cli/servers/Stable-7d842fb85a0275a4a8e4d7e040d2625abbf7f084/server/extensions/git/dist/askpass-main.js'), ('VSCODE_GIT_ASKPASS_NODE', '/home/avcpp/.vscode-server/cli/servers/Stable-7d842fb85a0275a4a8e4d7e040d2625abbf7f084/server/node'), ('SSL_CERT_FILE', '/usr/lib/ssl/certs/ca-certificates.crt'), ('PYDEVD_DISABLE_FILE_VALIDATION', '1'), ('BUNDLED_DEBUGPY_PATH', '/home/avcpp/.vscode-server/extensions/ms-python.debugpy-2025.14.1-linux-arm64/bundled/libs/debugpy'), ('VSCODE_PYTHON_AUTOACTIVATE_GUARD', '1'), ('DBUS_SESSION_BUS_ADDRESS', 'unix:path=/run/user/1001/bus'), ('COLORTERM', 'truecolor'), ('COLCON_PREFIX_PATH', '/home/avcpp/AV-CPP2025/Vehicle/install'), ('GST_V4L2SRC_MAX_RESOLUTION', '3840x2160'), ('ROS_DISTRO', 'humble'), ('LOGNAME', 'avcpp'), ('_', '/usr/bin/colcon'), ('ROS_VERSION', '2'), ('XDG_SESSION_CLASS', 'user'), ('TERM', 'xterm-256color'), ('GST_GL_API', 'gles2'), ('XDG_SESSION_ID', '5'), ('GST_VIDEO_CONVERT_PREFERRED_FORMAT', 'NV12:NV16:I420:YUY2'), ('GST_V4L2SRC_RK_DEVICES', '_mainpath:_selfpath:_bypass:_scale'), ('ROS_LOCALHOST_ONLY', '0'), ('PATH', '/home/avcpp/.vscode-server/cli/servers/Stable-7d842fb85a0275a4a8e4d7e040d2625abbf7f084/server/bin/remote-cli:/home/avcpp/.local/bin:/opt/ros/humble/bin:/usr/local/sbin:/usr/local/bin:/usr/sbin:/usr/bin:/sbin:/bin:/usr/games:/usr/local/games:/snap/bin:/home/avcpp/.vscode-server/extensions/ms-python.debugpy-2025.14.1-linux-arm64/bundled/scripts/noConfigScripts'), ('XDG_RUNTIME_DIR', '/run/user/1001'), ('GST_GL_PLATFORM', 'egl'), ('GST_DEBUG_NO_COLOR', '1'), ('SSL_CERT_DIR', '/usr/lib/ssl/certs'), ('GST_V4L2SRC_DEFAULT_DEVICE', '/dev/video-camera0'), ('DISPLAY', ':0'), ('VSCODE_DEBUGPY_ADAPTER_ENDPOINTS', '/home/avcpp/.vscode-server/extensions/ms-python.debugpy-2025.14.1-linux-arm64/.noConfigDebugAdapterEndpoints/endpoint-ef25f7e9429dbf34.txt'), ('LANG', 'en_US.UTF-8'), ('PYTHONSTARTUP', '/home/avcpp/.vscode-server/data/User/workspaceStorage/da628a90441345ac74af00bc07084975/ms-python.python/pythonrc.py'), ('LS_COLORS', 'rs=0:di=01;34:ln=01;36:mh=00:pi=40;33:so=01;35:do=01;35:bd=40;33;01:cd=40;33;01:or=40;31;01:mi=00:su=37;41:sg=30;43:ca=30;41:tw=30;42:ow=34;42:st=37;44:ex=01;32:*.tar=01;31:*.tgz=01;31:*.arc=01;31:*.arj=01;31:*.taz=01;31:*.lha=01;31:*.lz4=01;31:*.lzh=01;31:*.lzma=01;31:*.tlz=01;31:*.txz=01;31:*.tzo=01;31:*.t7z=01;31:*.zip=01;31:*.z=01;31:*.dz=01;31:*.gz=01;31:*.lrz=01;31:*.lz=01;31:*.lzo=01;31:*.xz=01;31:*.zst=01;31:*.tzst=01;31:*.bz2=01;31:*.bz=01;31:*.tbz=01;31:*.tbz2=01;31:*.tz=01;31:*.deb=01;31:*.rpm=01;31:*.jar=01;31:*.war=01;31:*.ear=01;31:*.sar=01;31:*.rar=01;31:*.alz=01;31:*.ace=01;31:*.zoo=01;31:*.cpio=01;31:*.7z=01;31:*.rz=01;31:*.cab=01;31:*.wim=01;31:*.swm=01;31:*.dwm=01;31:*.esd=01;31:*.jpg=01;35:*.jpeg=01;35:*.mjpg=01;35:*.mjpeg=01;35:*.gif=01;35:*.bmp=01;35:*.pbm=01;35:*.pgm=01;35:*.ppm=01;35:*.tga=01;35:*.xbm=01;35:*.xpm=01;35:*.tif=01;35:*.tiff=01;35:*.png=01;35:*.svg=01;35:*.svgz=01;35:*.mng=01;35:*.pcx=01;35:*.mov=01;35:*.mpg=01;35:*.mpeg=01;35:*.m2v=01;35:*.mkv=01;35:*.webm=01;35:*.webp=01;35:*.ogm=01;35:*.mp4=01;35:*.m4v=01;35:*.mp4v=01;35:*.vob=01;35:*.qt=01;35:*.nuv=01;35:*.wmv=01;35:*.asf=01;35:*.rm=01;35:*.rmvb=01;35:*.flc=01;35:*.avi=01;35:*.fli=01;35:*.flv=01;35:*.gl=01;35:*.dl=01;35:*.xcf=01;35:*.xwd=01;35:*.yuv=01;35:*.cgm=01;35:*.emf=01;35:*.ogv=01;35:*.ogx=01;35:*.aac=00;36:*.au=00;36:*.flac=00;36:*.m4a=00;36:*.mid=00;36:*.midi=00;36:*.mka=00;36:*.mp3=00;36:*.mpc=00;36:*.ogg=00;36:*.ra=00;36:*.wav=00;36:*.oga=00;36:*.opus=00;36:*.spx=00;36:*.xspf=00;36:'), ('VSCODE_GIT_IPC_HANDLE', '/run/user/1001/vscode-git-c9ee365bab.sock'), ('TERM_PROGRAM', 'vscode'), ('GST_V4L2_USE_LIBV4L2', '1'), ('UMS_SIZE', '256M'), ('AMENT_PREFIX_PATH', '/home/avcpp/AV-CPP2025/Vehicle/install/vehicle_core:/opt/ros/humble'), ('LC_MESSAGES', 'en_US.UTF-8'), ('SHELL', '/bin/bash'), ('UMS_RO', '0'), ('LESSCLOSE', '/usr/bin/lesspipe %s %s'), ('UMS_FSTYPE', 'vfat'), ('VSCODE_GIT_ASKPASS_EXTRA_ARGS', ''), ('PWD', '/home/avcpp/AV-CPP2025/Vehicle/build/vehicle_core'), ('LC_ALL', 'en_US.UTF-8'), ('SSH_CONNECTION', '192.168.8.103 28011 192.168.8.176 22'), ('PYTHONPATH', '/home/avcpp/AV-CPP2025/Vehicle/install/vehicle_core/local/lib/python3.10/dist-packages:/opt/ros/humble/lib/python3.10/site-packages:/opt/ros/humble/local/lib/python3.10/dist-packages'), ('UMS_MOUNT', '0'), ('COLCON', '1'), ('CMAKE_PREFIX_PATH', '/home/avcpp/AV-CPP2025/Vehicle/install/vehicle_core:/opt/ros/humble'), ('UMS_FILE', '/userdata/ums_shared.img')]), 'shell': False}
[34.836704] (-) TimerEvent: {}
[34.848271] (vehicle_core) StdoutLine: {'line': b'-- Install configuration: ""\n'}
[34.850207] (vehicle_core) StdoutLine: {'line': b'-- Execute custom install script\n'}
[34.850889] (vehicle_core) StdoutLine: {'line': b'-- Up-to-date symlink: /home/avcpp/AV-CPP2025/Vehicle/install/vehicle_core/share/ament_index/resource_index/rosidl_interfaces/vehicle_core\n'}
[34.853050] (vehicle_core) StdoutLine: {'line': b'-- Up-to-date symlink: /home/avcpp/AV-CPP2025/Vehicle/install/vehicle_core/include/vehicle_core/vehicle_core/msg/autopilot_command.h\n'}
[34.853643] (vehicle_core) StdoutLine: {'line': b'-- Up-to-date symlink: /home/avcpp/AV-CPP2025/Vehicle/install/vehicle_core/include/vehicle_core/vehicle_core/msg/autopilot_config.h\n'}
[34.854235] (vehicle_core) StdoutLine: {'line': b'-- Up-to-date symlink: /home/avcpp/AV-CPP2025/Vehicle/install/vehicle_core/include/vehicle_core/vehicle_core/msg/autopilot_drive_command.h\n'}
[34.854887] (vehicle_core) StdoutLine: {'line': b'-- Up-to-date symlink: /home/avcpp/AV-CPP2025/Vehicle/install/vehicle_core/include/vehicle_core/vehicle_core/msg/autopilot_status.h\n'}
[34.855433] (vehicle_core) StdoutLine: {'line': b'-- Up-to-date symlink: /home/avcpp/AV-CPP2025/Vehicle/install/vehicle_core/include/vehicle_core/vehicle_core/msg/detail/autopilot_command__functions.h\n'}
[34.855980] (vehicle_core) StdoutLine: {'line': b'-- Up-to-date symlink: /home/avcpp/AV-CPP2025/Vehicle/install/vehicle_core/include/vehicle_core/vehicle_core/msg/detail/autopilot_command__struct.h\n'}
[34.856503] (vehicle_core) StdoutLine: {'line': b'-- Up-to-date symlink: /home/avcpp/AV-CPP2025/Vehicle/install/vehicle_core/include/vehicle_core/vehicle_core/msg/detail/autopilot_command__type_support.h\n'}
[34.857108] (vehicle_core) StdoutLine: {'line': b'-- Up-to-date symlink: /home/avcpp/AV-CPP2025/Vehicle/install/vehicle_core/include/vehicle_core/vehicle_core/msg/detail/autopilot_config__functions.h\n'}
[34.857681] (vehicle_core) StdoutLine: {'line': b'-- Up-to-date symlink: /home/avcpp/AV-CPP2025/Vehicle/install/vehicle_core/include/vehicle_core/vehicle_core/msg/detail/autopilot_config__struct.h\n'}
[34.858196] (vehicle_core) StdoutLine: {'line': b'-- Up-to-date symlink: /home/avcpp/AV-CPP2025/Vehicle/install/vehicle_core/include/vehicle_core/vehicle_core/msg/detail/autopilot_config__type_support.h\n'}
[34.858762] (vehicle_core) StdoutLine: {'line': b'-- Up-to-date symlink: /home/avcpp/AV-CPP2025/Vehicle/install/vehicle_core/include/vehicle_core/vehicle_core/msg/detail/autopilot_drive_command__functions.h\n'}
[34.859301] (vehicle_core) StdoutLine: {'line': b'-- Up-to-date symlink: /home/avcpp/AV-CPP2025/Vehicle/install/vehicle_core/include/vehicle_core/vehicle_core/msg/detail/autopilot_drive_command__struct.h\n'}
[34.859848] (vehicle_core) StdoutLine: {'line': b'-- Up-to-date symlink: /home/avcpp/AV-CPP2025/Vehicle/install/vehicle_core/include/vehicle_core/vehicle_core/msg/detail/autopilot_drive_command__type_support.h\n'}
[34.860369] (vehicle_core) StdoutLine: {'line': b'-- Up-to-date symlink: /home/avcpp/AV-CPP2025/Vehicle/install/vehicle_core/include/vehicle_core/vehicle_core/msg/detail/autopilot_status__functions.h\n'}
[34.860906] (vehicle_core) StdoutLine: {'line': b'-- Up-to-date symlink: /home/avcpp/AV-CPP2025/Vehicle/install/vehicle_core/include/vehicle_core/vehicle_core/msg/detail/autopilot_status__struct.h\n'}
[34.861428] (vehicle_core) StdoutLine: {'line': b'-- Up-to-date symlink: /home/avcpp/AV-CPP2025/Vehicle/install/vehicle_core/include/vehicle_core/vehicle_core/msg/detail/autopilot_status__type_support.h\n'}
[34.861947] (vehicle_core) StdoutLine: {'line': b'-- Up-to-date symlink: /home/avcpp/AV-CPP2025/Vehicle/install/vehicle_core/include/vehicle_core/vehicle_core/msg/detail/drive_feedback__functions.h\n'}
[34.862428] (vehicle_core) StdoutLine: {'line': b'-- Up-to-date symlink: /home/avcpp/AV-CPP2025/Vehicle/install/vehicle_core/include/vehicle_core/vehicle_core/msg/detail/drive_feedback__struct.h\n'}
[34.862806] (vehicle_core) StdoutLine: {'line': b'-- Up-to-date symlink: /home/avcpp/AV-CPP2025/Vehicle/install/vehicle_core/include/vehicle_core/vehicle_core/msg/detail/drive_feedback__type_support.h\n'}
[34.863278] (vehicle_core) StdoutLine: {'line': b'-- Up-to-date symlink: /home/avcpp/AV-CPP2025/Vehicle/install/vehicle_core/include/vehicle_core/vehicle_core/msg/detail/drive_status__functions.h\n'}
[34.863631] (vehicle_core) StdoutLine: {'line': b'-- Up-to-date symlink: /home/avcpp/AV-CPP2025/Vehicle/install/vehicle_core/include/vehicle_core/vehicle_core/msg/detail/drive_status__struct.h\n'}
[34.863985] (vehicle_core) StdoutLine: {'line': b'-- Up-to-date symlink: /home/avcpp/AV-CPP2025/Vehicle/install/vehicle_core/include/vehicle_core/vehicle_core/msg/detail/drive_status__type_support.h\n'}
[34.864352] (vehicle_core) StdoutLine: {'line': b'-- Up-to-date symlink: /home/avcpp/AV-CPP2025/Vehicle/install/vehicle_core/include/vehicle_core/vehicle_core/msg/detail/drive_target__functions.h\n'}
[34.864842] (vehicle_core) StdoutLine: {'line': b'-- Up-to-date symlink: /home/avcpp/AV-CPP2025/Vehicle/install/vehicle_core/include/vehicle_core/vehicle_core/msg/detail/drive_target__struct.h\n'}
[34.865386] (vehicle_core) StdoutLine: {'line': b'-- Up-to-date symlink: /home/avcpp/AV-CPP2025/Vehicle/install/vehicle_core/include/vehicle_core/vehicle_core/msg/detail/drive_target__type_support.h\n'}
[34.865917] (vehicle_core) StdoutLine: {'line': b'-- Up-to-date symlink: /home/avcpp/AV-CPP2025/Vehicle/install/vehicle_core/include/vehicle_core/vehicle_core/msg/detail/error__functions.h\n'}
[34.866470] (vehicle_core) StdoutLine: {'line': b'-- Up-to-date symlink: /home/avcpp/AV-CPP2025/Vehicle/install/vehicle_core/include/vehicle_core/vehicle_core/msg/detail/error__struct.h\n'}
[34.866997] (vehicle_core) StdoutLine: {'line': b'-- Up-to-date symlink: /home/avcpp/AV-CPP2025/Vehicle/install/vehicle_core/include/vehicle_core/vehicle_core/msg/detail/error__type_support.h\n'}
[34.867389] (vehicle_core) StdoutLine: {'line': b'-- Up-to-date symlink: /home/avcpp/AV-CPP2025/Vehicle/install/vehicle_core/include/vehicle_core/vehicle_core/msg/detail/general_status__functions.h\n'}
[34.867746] (vehicle_core) StdoutLine: {'line': b'-- Up-to-date symlink: /home/avcpp/AV-CPP2025/Vehicle/install/vehicle_core/include/vehicle_core/vehicle_core/msg/detail/general_status__struct.h\n'}
[34.868098] (vehicle_core) StdoutLine: {'line': b'-- Up-to-date symlink: /home/avcpp/AV-CPP2025/Vehicle/install/vehicle_core/include/vehicle_core/vehicle_core/msg/detail/general_status__type_support.h\n'}
[34.868450] (vehicle_core) StdoutLine: {'line': b'-- Up-to-date symlink: /home/avcpp/AV-CPP2025/Vehicle/install/vehicle_core/include/vehicle_core/vehicle_core/msg/detail/lights_command__functions.h\n'}
[34.868917] (vehicle_core) StdoutLine: {'line': b'-- Up-to-date symlink: /home/avcpp/AV-CPP2025/Vehicle/install/vehicle_core/include/vehicle_core/vehicle_core/msg/detail/lights_command__struct.h\n'}
[34.869454] (vehicle_core) StdoutLine: {'line': b'-- Up-to-date symlink: /home/avcpp/AV-CPP2025/Vehicle/install/vehicle_core/include/vehicle_core/vehicle_core/msg/detail/lights_command__type_support.h\n'}
[34.869943] (vehicle_core) StdoutLine: {'line': b'-- Up-to-date symlink: /home/avcpp/AV-CPP2025/Vehicle/install/vehicle_core/include/vehicle_core/vehicle_core/msg/detail/lights_status__functions.h\n'}
[34.870462] (vehicle_core) StdoutLine: {'line': b'-- Up-to-date symlink: /home/avcpp/AV-CPP2025/Vehicle/install/vehicle_core/include/vehicle_core/vehicle_core/msg/detail/lights_status__struct.h\n'}
[34.870994] (vehicle_core) StdoutLine: {'line': b'-- Up-to-date symlink: /home/avcpp/AV-CPP2025/Vehicle/install/vehicle_core/include/vehicle_core/vehicle_core/msg/detail/lights_status__type_support.h\n'}
[34.871468] (vehicle_core) StdoutLine: {'line': b'-- Up-to-date symlink: /home/avcpp/AV-CPP2025/Vehicle/install/vehicle_core/include/vehicle_core/vehicle_core/msg/detail/manual_drive_command__functions.h\n'}
[34.871991] (vehicle_core) StdoutLine: {'line': b'-- Up-to-date symlink: /home/avcpp/AV-CPP2025/Vehicle/install/vehicle_core/include/vehicle_core/vehicle_core/msg/detail/manual_drive_command__struct.h\n'}
[34.872524] (vehicle_core) StdoutLine: {'line': b'-- Up-to-date symlink: /home/avcpp/AV-CPP2025/Vehicle/install/vehicle_core/include/vehicle_core/vehicle_core/msg/detail/manual_drive_command__type_support.h\n'}
[34.873011] (vehicle_core) StdoutLine: {'line': b'-- Up-to-date symlink: /home/avcpp/AV-CPP2025/Vehicle/install/vehicle_core/include/vehicle_core/vehicle_core/msg/detail/max_speed__functions.h\n'}
[34.873578] (vehicle_core) StdoutLine: {'line': b'-- Up-to-date symlink: /home/avcpp/AV-CPP2025/Vehicle/install/vehicle_core/include/vehicle_core/vehicle_core/msg/detail/max_speed__struct.h\n'}
[34.874139] (vehicle_core) StdoutLine: {'line': b'-- Up-to-date symlink: /home/avcpp/AV-CPP2025/Vehicle/install/vehicle_core/include/vehicle_core/vehicle_core/msg/detail/max_speed__type_support.h\n'}
[34.874695] (vehicle_core) StdoutLine: {'line': b'-- Up-to-date symlink: /home/avcpp/AV-CPP2025/Vehicle/install/vehicle_core/include/vehicle_core/vehicle_core/msg/detail/perception_profile__functions.h\n'}
[34.875226] (vehicle_core) StdoutLine: {'line': b'-- Up-to-date symlink: /home/avcpp/AV-CPP2025/Vehicle/install/vehicle_core/include/vehicle_core/vehicle_core/msg/detail/perception_profile__struct.h\n'}
[34.875799] (vehicle_core) StdoutLine: {'line': b'-- Up-to-date symlink: /home/avcpp/AV-CPP2025/Vehicle/install/vehicle_core/include/vehicle_core/vehicle_core/msg/detail/perception_profile__type_support.h\n'}
[34.876361] (vehicle_core) StdoutLine: {'line': b'-- Up-to-date symlink: /home/avcpp/AV-CPP2025/Vehicle/install/vehicle_core/include/vehicle_core/vehicle_core/msg/detail/server_init__functions.h\n'}
[34.876878] (vehicle_core) StdoutLine: {'line': b'-- Up-to-date symlink: /home/avcpp/AV-CPP2025/Vehicle/install/vehicle_core/include/vehicle_core/vehicle_core/msg/detail/server_init__struct.h\n'}
[34.877436] (vehicle_core) StdoutLine: {'line': b'-- Up-to-date symlink: /home/avcpp/AV-CPP2025/Vehicle/install/vehicle_core/include/vehicle_core/vehicle_core/msg/detail/server_init__type_support.h\n'}
[34.877995] (vehicle_core) StdoutLine: {'line': b'-- Up-to-date symlink: /home/avcpp/AV-CPP2025/Vehicle/install/vehicle_core/include/vehicle_core/vehicle_core/msg/detail/state_event__functions.h\n'}
[34.878553] (vehicle_core) StdoutLine: {'line': b'-- Up-to-date symlink: /home/avcpp/AV-CPP2025/Vehicle/install/vehicle_core/include/vehicle_core/vehicle_core/msg/detail/state_event__struct.h\n'}
[34.879124] (vehicle_core) StdoutLine: {'line': b'-- Up-to-date symlink: /home/avcpp/AV-CPP2025/Vehicle/install/vehicle_core/include/vehicle_core/vehicle_core/msg/detail/state_event__type_support.h\n'}
[34.879685] (vehicle_core) StdoutLine: {'line': b'-- Up-to-date symlink: /home/avcpp/AV-CPP2025/Vehicle/install/vehicle_core/include/vehicle_core/vehicle_core/msg/detail/state_mode__functions.h\n'}
[34.880246] (vehicle_core) StdoutLine: {'line': b'-- Up-to-date symlink: /home/avcpp/AV-CPP2025/Vehicle/install/vehicle_core/include/vehicle_core/vehicle_core/msg/detail/state_mode__struct.h\n'}
[34.880675] (vehicle_core) StdoutLine: {'line': b'-- Up-to-date symlink: /home/avcpp/AV-CPP2025/Vehicle/install/vehicle_core/include/vehicle_core/vehicle_core/msg/detail/state_mode__type_support.h\n'}
[34.881026] (vehicle_core) StdoutLine: {'line': b'-- Up-to-date symlink: /home/avcpp/AV-CPP2025/Vehicle/install/vehicle_core/include/vehicle_core/vehicle_core/msg/detail/telemetry_data__functions.h\n'}
[34.881372] (vehicle_core) StdoutLine: {'line': b'-- Up-to-date symlink: /home/avcpp/AV-CPP2025/Vehicle/install/vehicle_core/include/vehicle_core/vehicle_core/msg/detail/telemetry_data__struct.h\n'}
[34.881842] (vehicle_core) StdoutLine: {'line': b'-- Up-to-date symlink: /home/avcpp/AV-CPP2025/Vehicle/install/vehicle_core/include/vehicle_core/vehicle_core/msg/detail/telemetry_data__type_support.h\n'}
[34.882404] (vehicle_core) StdoutLine: {'line': b'-- Up-to-date symlink: /home/avcpp/AV-CPP2025/Vehicle/install/vehicle_core/include/vehicle_core/vehicle_core/msg/drive_feedback.h\n'}
[34.882937] (vehicle_core) StdoutLine: {'line': b'-- Up-to-date symlink: /home/avcpp/AV-CPP2025/Vehicle/install/vehicle_core/include/vehicle_core/vehicle_core/msg/drive_status.h\n'}
[34.883493] (vehicle_core) StdoutLine: {'line': b'-- Up-to-date symlink: /home/avcpp/AV-CPP2025/Vehicle/install/vehicle_core/include/vehicle_core/vehicle_core/msg/drive_target.h\n'}
[34.883967] (vehicle_core) StdoutLine: {'line': b'-- Up-to-date symlink: /home/avcpp/AV-CPP2025/Vehicle/install/vehicle_core/include/vehicle_core/vehicle_core/msg/error.h\n'}
[34.884316] (vehicle_core) StdoutLine: {'line': b'-- Up-to-date symlink: /home/avcpp/AV-CPP2025/Vehicle/install/vehicle_core/include/vehicle_core/vehicle_core/msg/general_status.h\n'}
[34.884835] (vehicle_core) StdoutLine: {'line': b'-- Up-to-date symlink: /home/avcpp/AV-CPP2025/Vehicle/install/vehicle_core/include/vehicle_core/vehicle_core/msg/lights_command.h\n'}
[34.885384] (vehicle_core) StdoutLine: {'line': b'-- Up-to-date symlink: /home/avcpp/AV-CPP2025/Vehicle/install/vehicle_core/include/vehicle_core/vehicle_core/msg/lights_status.h\n'}
[34.885915] (vehicle_core) StdoutLine: {'line': b'-- Up-to-date symlink: /home/avcpp/AV-CPP2025/Vehicle/install/vehicle_core/include/vehicle_core/vehicle_core/msg/manual_drive_command.h\n'}
[34.886464] (vehicle_core) StdoutLine: {'line': b'-- Up-to-date symlink: /home/avcpp/AV-CPP2025/Vehicle/install/vehicle_core/include/vehicle_core/vehicle_core/msg/max_speed.h\n'}
[34.886886] (vehicle_core) StdoutLine: {'line': b'-- Up-to-date symlink: /home/avcpp/AV-CPP2025/Vehicle/install/vehicle_core/include/vehicle_core/vehicle_core/msg/perception_profile.h\n'}
[34.887238] (vehicle_core) StdoutLine: {'line': b'-- Up-to-date symlink: /home/avcpp/AV-CPP2025/Vehicle/install/vehicle_core/include/vehicle_core/vehicle_core/msg/rosidl_generator_c__visibility_control.h\n'}
[34.887795] (vehicle_core) StdoutLine: {'line': b'-- Up-to-date symlink: /home/avcpp/AV-CPP2025/Vehicle/install/vehicle_core/include/vehicle_core/vehicle_core/msg/server_init.h\n'}
[34.888361] (vehicle_core) StdoutLine: {'line': b'-- Up-to-date symlink: /home/avcpp/AV-CPP2025/Vehicle/install/vehicle_core/include/vehicle_core/vehicle_core/msg/state_event.h\n'}
[34.888928] (vehicle_core) StdoutLine: {'line': b'-- Up-to-date symlink: /home/avcpp/AV-CPP2025/Vehicle/install/vehicle_core/include/vehicle_core/vehicle_core/msg/state_mode.h\n'}
[34.889466] (vehicle_core) StdoutLine: {'line': b'-- Up-to-date symlink: /home/avcpp/AV-CPP2025/Vehicle/install/vehicle_core/include/vehicle_core/vehicle_core/msg/telemetry_data.h\n'}
[34.889909] (vehicle_core) StdoutLine: {'line': b'-- Up-to-date symlink: /home/avcpp/AV-CPP2025/Vehicle/install/vehicle_core/include/vehicle_core/vehicle_core/srv/detail/set_autopilot_profile__functions.h\n'}
[34.890412] (vehicle_core) StdoutLine: {'line': b'-- Up-to-date symlink: /home/avcpp/AV-CPP2025/Vehicle/install/vehicle_core/include/vehicle_core/vehicle_core/srv/detail/set_autopilot_profile__struct.h\n'}
[34.890768] (vehicle_core) StdoutLine: {'line': b'-- Up-to-date symlink: /home/avcpp/AV-CPP2025/Vehicle/install/vehicle_core/include/vehicle_core/vehicle_core/srv/detail/set_autopilot_profile__type_support.h\n'}
[34.891144] (vehicle_core) StdoutLine: {'line': b'-- Up-to-date symlink: /home/avcpp/AV-CPP2025/Vehicle/install/vehicle_core/include/vehicle_core/vehicle_core/srv/set_autopilot_profile.h\n'}
[34.891543] (vehicle_core) StdoutLine: {'line': b'-- Up-to-date symlink: /home/avcpp/AV-CPP2025/Vehicle/install/vehicle_core/share/vehicle_core/environment/library_path.sh\n'}
[34.892093] (vehicle_core) StdoutLine: {'line': b'-- Up-to-date symlink: /home/avcpp/AV-CPP2025/Vehicle/install/vehicle_core/share/vehicle_core/environment/library_path.dsv\n'}
[34.892673] (vehicle_core) StdoutLine: {'line': b'-- Up-to-date symlink: /home/avcpp/AV-CPP2025/Vehicle/install/vehicle_core/include/vehicle_core/vehicle_core/msg/detail/autopilot_command__rosidl_typesupport_fastrtps_c.h\n'}
[34.893233] (vehicle_core) StdoutLine: {'line': b'-- Up-to-date symlink: /home/avcpp/AV-CPP2025/Vehicle/install/vehicle_core/include/vehicle_core/vehicle_core/msg/detail/autopilot_config__rosidl_typesupport_fastrtps_c.h\n'}
[34.893788] (vehicle_core) StdoutLine: {'line': b'-- Up-to-date symlink: /home/avcpp/AV-CPP2025/Vehicle/install/vehicle_core/include/vehicle_core/vehicle_core/msg/detail/autopilot_drive_command__rosidl_typesupport_fastrtps_c.h\n'}
[34.894346] (vehicle_core) StdoutLine: {'line': b'-- Up-to-date symlink: /home/avcpp/AV-CPP2025/Vehicle/install/vehicle_core/include/vehicle_core/vehicle_core/msg/detail/autopilot_status__rosidl_typesupport_fastrtps_c.h\n'}
[34.894859] (vehicle_core) StdoutLine: {'line': b'-- Up-to-date symlink: /home/avcpp/AV-CPP2025/Vehicle/install/vehicle_core/include/vehicle_core/vehicle_core/msg/detail/drive_feedback__rosidl_typesupport_fastrtps_c.h\n'}
[34.895406] (vehicle_core) StdoutLine: {'line': b'-- Up-to-date symlink: /home/avcpp/AV-CPP2025/Vehicle/install/vehicle_core/include/vehicle_core/vehicle_core/msg/detail/drive_status__rosidl_typesupport_fastrtps_c.h\n'}
[34.895936] (vehicle_core) StdoutLine: {'line': b'-- Up-to-date symlink: /home/avcpp/AV-CPP2025/Vehicle/install/vehicle_core/include/vehicle_core/vehicle_core/msg/detail/drive_target__rosidl_typesupport_fastrtps_c.h\n'}
[34.896557] (vehicle_core) StdoutLine: {'line': b'-- Up-to-date symlink: /home/avcpp/AV-CPP2025/Vehicle/install/vehicle_core/include/vehicle_core/vehicle_core/msg/detail/error__rosidl_typesupport_fastrtps_c.h\n'}
[34.897040] (vehicle_core) StdoutLine: {'line': b'-- Up-to-date symlink: /home/avcpp/AV-CPP2025/Vehicle/install/vehicle_core/include/vehicle_core/vehicle_core/msg/detail/general_status__rosidl_typesupport_fastrtps_c.h\n'}
[34.897430] (vehicle_core) StdoutLine: {'line': b'-- Up-to-date symlink: /home/avcpp/AV-CPP2025/Vehicle/install/vehicle_core/include/vehicle_core/vehicle_core/msg/detail/lights_command__rosidl_typesupport_fastrtps_c.h\n'}
[34.897831] (vehicle_core) StdoutLine: {'line': b'-- Up-to-date symlink: /home/avcpp/AV-CPP2025/Vehicle/install/vehicle_core/include/vehicle_core/vehicle_core/msg/detail/lights_status__rosidl_typesupport_fastrtps_c.h\n'}
[34.898233] (vehicle_core) StdoutLine: {'line': b'-- Up-to-date symlink: /home/avcpp/AV-CPP2025/Vehicle/install/vehicle_core/include/vehicle_core/vehicle_core/msg/detail/manual_drive_command__rosidl_typesupport_fastrtps_c.h\n'}
[34.898702] (vehicle_core) StdoutLine: {'line': b'-- Up-to-date symlink: /home/avcpp/AV-CPP2025/Vehicle/install/vehicle_core/include/vehicle_core/vehicle_core/msg/detail/max_speed__rosidl_typesupport_fastrtps_c.h\n'}
[34.899202] (vehicle_core) StdoutLine: {'line': b'-- Up-to-date symlink: /home/avcpp/AV-CPP2025/Vehicle/install/vehicle_core/include/vehicle_core/vehicle_core/msg/detail/perception_profile__rosidl_typesupport_fastrtps_c.h\n'}
[34.899729] (vehicle_core) StdoutLine: {'line': b'-- Up-to-date symlink: /home/avcpp/AV-CPP2025/Vehicle/install/vehicle_core/include/vehicle_core/vehicle_core/msg/detail/server_init__rosidl_typesupport_fastrtps_c.h\n'}
[34.900253] (vehicle_core) StdoutLine: {'line': b'-- Up-to-date symlink: /home/avcpp/AV-CPP2025/Vehicle/install/vehicle_core/include/vehicle_core/vehicle_core/msg/detail/state_event__rosidl_typesupport_fastrtps_c.h\n'}
[34.900689] (vehicle_core) StdoutLine: {'line': b'-- Up-to-date symlink: /home/avcpp/AV-CPP2025/Vehicle/install/vehicle_core/include/vehicle_core/vehicle_core/msg/detail/state_mode__rosidl_typesupport_fastrtps_c.h\n'}
[34.901141] (vehicle_core) StdoutLine: {'line': b'-- Up-to-date symlink: /home/avcpp/AV-CPP2025/Vehicle/install/vehicle_core/include/vehicle_core/vehicle_core/msg/detail/telemetry_data__rosidl_typesupport_fastrtps_c.h\n'}
[34.901675] (vehicle_core) StdoutLine: {'line': b'-- Up-to-date symlink: /home/avcpp/AV-CPP2025/Vehicle/install/vehicle_core/include/vehicle_core/vehicle_core/msg/rosidl_typesupport_fastrtps_c__visibility_control.h\n'}
[34.902205] (vehicle_core) StdoutLine: {'line': b'-- Up-to-date symlink: /home/avcpp/AV-CPP2025/Vehicle/install/vehicle_core/include/vehicle_core/vehicle_core/srv/detail/set_autopilot_profile__rosidl_typesupport_fastrtps_c.h\n'}
[34.902729] (vehicle_core) StdoutLine: {'line': b'-- Up-to-date symlink: /home/avcpp/AV-CPP2025/Vehicle/install/vehicle_core/include/vehicle_core/vehicle_core/msg/autopilot_command.hpp\n'}
[34.903257] (vehicle_core) StdoutLine: {'line': b'-- Up-to-date symlink: /home/avcpp/AV-CPP2025/Vehicle/install/vehicle_core/include/vehicle_core/vehicle_core/msg/autopilot_config.hpp\n'}
[34.903654] (vehicle_core) StdoutLine: {'line': b'-- Up-to-date symlink: /home/avcpp/AV-CPP2025/Vehicle/install/vehicle_core/include/vehicle_core/vehicle_core/msg/autopilot_drive_command.hpp\n'}
[34.904072] (vehicle_core) StdoutLine: {'line': b'-- Up-to-date symlink: /home/avcpp/AV-CPP2025/Vehicle/install/vehicle_core/include/vehicle_core/vehicle_core/msg/autopilot_status.hpp\n'}
[34.904543] (vehicle_core) StdoutLine: {'line': b'-- Up-to-date symlink: /home/avcpp/AV-CPP2025/Vehicle/install/vehicle_core/include/vehicle_core/vehicle_core/msg/detail/autopilot_command__builder.hpp\n'}
[34.905015] (vehicle_core) StdoutLine: {'line': b'-- Up-to-date symlink: /home/avcpp/AV-CPP2025/Vehicle/install/vehicle_core/include/vehicle_core/vehicle_core/msg/detail/autopilot_command__struct.hpp\n'}
[34.905575] (vehicle_core) StdoutLine: {'line': b'-- Up-to-date symlink: /home/avcpp/AV-CPP2025/Vehicle/install/vehicle_core/include/vehicle_core/vehicle_core/msg/detail/autopilot_command__traits.hpp\n'}
[34.905963] (vehicle_core) StdoutLine: {'line': b'-- Up-to-date symlink: /home/avcpp/AV-CPP2025/Vehicle/install/vehicle_core/include/vehicle_core/vehicle_core/msg/detail/autopilot_command__type_support.hpp\n'}
[34.906387] (vehicle_core) StdoutLine: {'line': b'-- Up-to-date symlink: /home/avcpp/AV-CPP2025/Vehicle/install/vehicle_core/include/vehicle_core/vehicle_core/msg/detail/autopilot_config__builder.hpp\n'}
[34.906786] (vehicle_core) StdoutLine: {'line': b'-- Up-to-date symlink: /home/avcpp/AV-CPP2025/Vehicle/install/vehicle_core/include/vehicle_core/vehicle_core/msg/detail/autopilot_config__struct.hpp\n'}
[34.907239] (vehicle_core) StdoutLine: {'line': b'-- Up-to-date symlink: /home/avcpp/AV-CPP2025/Vehicle/install/vehicle_core/include/vehicle_core/vehicle_core/msg/detail/autopilot_config__traits.hpp\n'}
[34.907602] (vehicle_core) StdoutLine: {'line': b'-- Up-to-date symlink: /home/avcpp/AV-CPP2025/Vehicle/install/vehicle_core/include/vehicle_core/vehicle_core/msg/detail/autopilot_config__type_support.hpp\n'}
[34.908027] (vehicle_core) StdoutLine: {'line': b'-- Up-to-date symlink: /home/avcpp/AV-CPP2025/Vehicle/install/vehicle_core/include/vehicle_core/vehicle_core/msg/detail/autopilot_drive_command__builder.hpp\n'}
[34.908447] (vehicle_core) StdoutLine: {'line': b'-- Up-to-date symlink: /home/avcpp/AV-CPP2025/Vehicle/install/vehicle_core/include/vehicle_core/vehicle_core/msg/detail/autopilot_drive_command__struct.hpp\n'}
[34.908853] (vehicle_core) StdoutLine: {'line': b'-- Up-to-date symlink: /home/avcpp/AV-CPP2025/Vehicle/install/vehicle_core/include/vehicle_core/vehicle_core/msg/detail/autopilot_drive_command__traits.hpp\n'}
[34.909313] (vehicle_core) StdoutLine: {'line': b'-- Up-to-date symlink: /home/avcpp/AV-CPP2025/Vehicle/install/vehicle_core/include/vehicle_core/vehicle_core/msg/detail/autopilot_drive_command__type_support.hpp\n'}
[34.909795] (vehicle_core) StdoutLine: {'line': b'-- Up-to-date symlink: /home/avcpp/AV-CPP2025/Vehicle/install/vehicle_core/include/vehicle_core/vehicle_core/msg/detail/autopilot_status__builder.hpp\n'}
[34.910248] (vehicle_core) StdoutLine: {'line': b'-- Up-to-date symlink: /home/avcpp/AV-CPP2025/Vehicle/install/vehicle_core/include/vehicle_core/vehicle_core/msg/detail/autopilot_status__struct.hpp\n'}
[34.910747] (vehicle_core) StdoutLine: {'line': b'-- Up-to-date symlink: /home/avcpp/AV-CPP2025/Vehicle/install/vehicle_core/include/vehicle_core/vehicle_core/msg/detail/autopilot_status__traits.hpp\n'}
[34.911189] (vehicle_core) StdoutLine: {'line': b'-- Up-to-date symlink: /home/avcpp/AV-CPP2025/Vehicle/install/vehicle_core/include/vehicle_core/vehicle_core/msg/detail/autopilot_status__type_support.hpp\n'}
[34.911720] (vehicle_core) StdoutLine: {'line': b'-- Up-to-date symlink: /home/avcpp/AV-CPP2025/Vehicle/install/vehicle_core/include/vehicle_core/vehicle_core/msg/detail/drive_feedback__builder.hpp\n'}
[34.912078] (vehicle_core) StdoutLine: {'line': b'-- Up-to-date symlink: /home/avcpp/AV-CPP2025/Vehicle/install/vehicle_core/include/vehicle_core/vehicle_core/msg/detail/drive_feedback__struct.hpp\n'}
[34.912454] (vehicle_core) StdoutLine: {'line': b'-- Up-to-date symlink: /home/avcpp/AV-CPP2025/Vehicle/install/vehicle_core/include/vehicle_core/vehicle_core/msg/detail/drive_feedback__traits.hpp\n'}
[34.912817] (vehicle_core) StdoutLine: {'line': b'-- Up-to-date symlink: /home/avcpp/AV-CPP2025/Vehicle/install/vehicle_core/include/vehicle_core/vehicle_core/msg/detail/drive_feedback__type_support.hpp\n'}
[34.913171] (vehicle_core) StdoutLine: {'line': b'-- Up-to-date symlink: /home/avcpp/AV-CPP2025/Vehicle/install/vehicle_core/include/vehicle_core/vehicle_core/msg/detail/drive_status__builder.hpp\n'}
[34.913527] (vehicle_core) StdoutLine: {'line': b'-- Up-to-date symlink: /home/avcpp/AV-CPP2025/Vehicle/install/vehicle_core/include/vehicle_core/vehicle_core/msg/detail/drive_status__struct.hpp\n'}
[34.913884] (vehicle_core) StdoutLine: {'line': b'-- Up-to-date symlink: /home/avcpp/AV-CPP2025/Vehicle/install/vehicle_core/include/vehicle_core/vehicle_core/msg/detail/drive_status__traits.hpp\n'}
[34.914259] (vehicle_core) StdoutLine: {'line': b'-- Up-to-date symlink: /home/avcpp/AV-CPP2025/Vehicle/install/vehicle_core/include/vehicle_core/vehicle_core/msg/detail/drive_status__type_support.hpp\n'}
[34.914613] (vehicle_core) StdoutLine: {'line': b'-- Up-to-date symlink: /home/avcpp/AV-CPP2025/Vehicle/install/vehicle_core/include/vehicle_core/vehicle_core/msg/detail/drive_target__builder.hpp\n'}
[34.914969] (vehicle_core) StdoutLine: {'line': b'-- Up-to-date symlink: /home/avcpp/AV-CPP2025/Vehicle/install/vehicle_core/include/vehicle_core/vehicle_core/msg/detail/drive_target__struct.hpp\n'}
[34.915323] (vehicle_core) StdoutLine: {'line': b'-- Up-to-date symlink: /home/avcpp/AV-CPP2025/Vehicle/install/vehicle_core/include/vehicle_core/vehicle_core/msg/detail/drive_target__traits.hpp\n'}
[34.915676] (vehicle_core) StdoutLine: {'line': b'-- Up-to-date symlink: /home/avcpp/AV-CPP2025/Vehicle/install/vehicle_core/include/vehicle_core/vehicle_core/msg/detail/drive_target__type_support.hpp\n'}
[34.916053] (vehicle_core) StdoutLine: {'line': b'-- Up-to-date symlink: /home/avcpp/AV-CPP2025/Vehicle/install/vehicle_core/include/vehicle_core/vehicle_core/msg/detail/error__builder.hpp\n'}
[34.916413] (vehicle_core) StdoutLine: {'line': b'-- Up-to-date symlink: /home/avcpp/AV-CPP2025/Vehicle/install/vehicle_core/include/vehicle_core/vehicle_core/msg/detail/error__struct.hpp\n'}
[34.916773] (vehicle_core) StdoutLine: {'line': b'-- Up-to-date symlink: /home/avcpp/AV-CPP2025/Vehicle/install/vehicle_core/include/vehicle_core/vehicle_core/msg/detail/error__traits.hpp\n'}
[34.917128] (vehicle_core) StdoutLine: {'line': b'-- Up-to-date symlink: /home/avcpp/AV-CPP2025/Vehicle/install/vehicle_core/include/vehicle_core/vehicle_core/msg/detail/error__type_support.hpp\n'}
[34.917487] (vehicle_core) StdoutLine: {'line': b'-- Up-to-date symlink: /home/avcpp/AV-CPP2025/Vehicle/install/vehicle_core/include/vehicle_core/vehicle_core/msg/detail/general_status__builder.hpp\n'}
[34.917842] (vehicle_core) StdoutLine: {'line': b'-- Up-to-date symlink: /home/avcpp/AV-CPP2025/Vehicle/install/vehicle_core/include/vehicle_core/vehicle_core/msg/detail/general_status__struct.hpp\n'}
[34.918198] (vehicle_core) StdoutLine: {'line': b'-- Up-to-date symlink: /home/avcpp/AV-CPP2025/Vehicle/install/vehicle_core/include/vehicle_core/vehicle_core/msg/detail/general_status__traits.hpp\n'}
[34.918550] (vehicle_core) StdoutLine: {'line': b'-- Up-to-date symlink: /home/avcpp/AV-CPP2025/Vehicle/install/vehicle_core/include/vehicle_core/vehicle_core/msg/detail/general_status__type_support.hpp\n'}
[34.918921] (vehicle_core) StdoutLine: {'line': b'-- Up-to-date symlink: /home/avcpp/AV-CPP2025/Vehicle/install/vehicle_core/include/vehicle_core/vehicle_core/msg/detail/lights_command__builder.hpp\n'}
[34.919293] (vehicle_core) StdoutLine: {'line': b'-- Up-to-date symlink: /home/avcpp/AV-CPP2025/Vehicle/install/vehicle_core/include/vehicle_core/vehicle_core/msg/detail/lights_command__struct.hpp\n'}
[34.919652] (vehicle_core) StdoutLine: {'line': b'-- Up-to-date symlink: /home/avcpp/AV-CPP2025/Vehicle/install/vehicle_core/include/vehicle_core/vehicle_core/msg/detail/lights_command__traits.hpp\n'}
[34.920038] (vehicle_core) StdoutLine: {'line': b'-- Up-to-date symlink: /home/avcpp/AV-CPP2025/Vehicle/install/vehicle_core/include/vehicle_core/vehicle_core/msg/detail/lights_command__type_support.hpp\n'}
[34.920394] (vehicle_core) StdoutLine: {'line': b'-- Up-to-date symlink: /home/avcpp/AV-CPP2025/Vehicle/install/vehicle_core/include/vehicle_core/vehicle_core/msg/detail/lights_status__builder.hpp\n'}
[34.920747] (vehicle_core) StdoutLine: {'line': b'-- Up-to-date symlink: /home/avcpp/AV-CPP2025/Vehicle/install/vehicle_core/include/vehicle_core/vehicle_core/msg/detail/lights_status__struct.hpp\n'}
[34.921101] (vehicle_core) StdoutLine: {'line': b'-- Up-to-date symlink: /home/avcpp/AV-CPP2025/Vehicle/install/vehicle_core/include/vehicle_core/vehicle_core/msg/detail/lights_status__traits.hpp\n'}
[34.921457] (vehicle_core) StdoutLine: {'line': b'-- Up-to-date symlink: /home/avcpp/AV-CPP2025/Vehicle/install/vehicle_core/include/vehicle_core/vehicle_core/msg/detail/lights_status__type_support.hpp\n'}
[34.921811] (vehicle_core) StdoutLine: {'line': b'-- Up-to-date symlink: /home/avcpp/AV-CPP2025/Vehicle/install/vehicle_core/include/vehicle_core/vehicle_core/msg/detail/manual_drive_command__builder.hpp\n'}
[34.922165] (vehicle_core) StdoutLine: {'line': b'-- Up-to-date symlink: /home/avcpp/AV-CPP2025/Vehicle/install/vehicle_core/include/vehicle_core/vehicle_core/msg/detail/manual_drive_command__struct.hpp\n'}
[34.922534] (vehicle_core) StdoutLine: {'line': b'-- Up-to-date symlink: /home/avcpp/AV-CPP2025/Vehicle/install/vehicle_core/include/vehicle_core/vehicle_core/msg/detail/manual_drive_command__traits.hpp\n'}
[34.922894] (vehicle_core) StdoutLine: {'line': b'-- Up-to-date symlink: /home/avcpp/AV-CPP2025/Vehicle/install/vehicle_core/include/vehicle_core/vehicle_core/msg/detail/manual_drive_command__type_support.hpp\n'}
[34.923251] (vehicle_core) StdoutLine: {'line': b'-- Up-to-date symlink: /home/avcpp/AV-CPP2025/Vehicle/install/vehicle_core/include/vehicle_core/vehicle_core/msg/detail/max_speed__builder.hpp\n'}
[34.923620] (vehicle_core) StdoutLine: {'line': b'-- Up-to-date symlink: /home/avcpp/AV-CPP2025/Vehicle/install/vehicle_core/include/vehicle_core/vehicle_core/msg/detail/max_speed__struct.hpp\n'}
[34.923979] (vehicle_core) StdoutLine: {'line': b'-- Up-to-date symlink: /home/avcpp/AV-CPP2025/Vehicle/install/vehicle_core/include/vehicle_core/vehicle_core/msg/detail/max_speed__traits.hpp\n'}
[34.924335] (vehicle_core) StdoutLine: {'line': b'-- Up-to-date symlink: /home/avcpp/AV-CPP2025/Vehicle/install/vehicle_core/include/vehicle_core/vehicle_core/msg/detail/max_speed__type_support.hpp\n'}
[34.924689] (vehicle_core) StdoutLine: {'line': b'-- Up-to-date symlink: /home/avcpp/AV-CPP2025/Vehicle/install/vehicle_core/include/vehicle_core/vehicle_core/msg/detail/perception_profile__builder.hpp\n'}
[34.925044] (vehicle_core) StdoutLine: {'line': b'-- Up-to-date symlink: /home/avcpp/AV-CPP2025/Vehicle/install/vehicle_core/include/vehicle_core/vehicle_core/msg/detail/perception_profile__struct.hpp\n'}
[34.925399] (vehicle_core) StdoutLine: {'line': b'-- Up-to-date symlink: /home/avcpp/AV-CPP2025/Vehicle/install/vehicle_core/include/vehicle_core/vehicle_core/msg/detail/perception_profile__traits.hpp\n'}
[34.925764] (vehicle_core) StdoutLine: {'line': b'-- Up-to-date symlink: /home/avcpp/AV-CPP2025/Vehicle/install/vehicle_core/include/vehicle_core/vehicle_core/msg/detail/perception_profile__type_support.hpp\n'}
[34.926030] (vehicle_core) StdoutLine: {'line': b'-- Up-to-date symlink: /home/avcpp/AV-CPP2025/Vehicle/install/vehicle_core/include/vehicle_core/vehicle_core/msg/detail/server_init__builder.hpp\n'}
[34.926128] (vehicle_core) StdoutLine: {'line': b'-- Up-to-date symlink: /home/avcpp/AV-CPP2025/Vehicle/install/vehicle_core/include/vehicle_core/vehicle_core/msg/detail/server_init__struct.hpp\n'}
[34.926207] (vehicle_core) StdoutLine: {'line': b'-- Up-to-date symlink: /home/avcpp/AV-CPP2025/Vehicle/install/vehicle_core/include/vehicle_core/vehicle_core/msg/detail/server_init__traits.hpp\n'}
[34.926279] (vehicle_core) StdoutLine: {'line': b'-- Up-to-date symlink: /home/avcpp/AV-CPP2025/Vehicle/install/vehicle_core/include/vehicle_core/vehicle_core/msg/detail/server_init__type_support.hpp\n'}
[34.926351] (vehicle_core) StdoutLine: {'line': b'-- Up-to-date symlink: /home/avcpp/AV-CPP2025/Vehicle/install/vehicle_core/include/vehicle_core/vehicle_core/msg/detail/state_event__builder.hpp\n'}
[34.926421] (vehicle_core) StdoutLine: {'line': b'-- Up-to-date symlink: /home/avcpp/AV-CPP2025/Vehicle/install/vehicle_core/include/vehicle_core/vehicle_core/msg/detail/state_event__struct.hpp\n'}
[34.926491] (vehicle_core) StdoutLine: {'line': b'-- Up-to-date symlink: /home/avcpp/AV-CPP2025/Vehicle/install/vehicle_core/include/vehicle_core/vehicle_core/msg/detail/state_event__traits.hpp\n'}
[34.926559] (vehicle_core) StdoutLine: {'line': b'-- Up-to-date symlink: /home/avcpp/AV-CPP2025/Vehicle/install/vehicle_core/include/vehicle_core/vehicle_core/msg/detail/state_event__type_support.hpp\n'}
[34.926628] (vehicle_core) StdoutLine: {'line': b'-- Up-to-date symlink: /home/avcpp/AV-CPP2025/Vehicle/install/vehicle_core/include/vehicle_core/vehicle_core/msg/detail/state_mode__builder.hpp\n'}
[34.926697] (vehicle_core) StdoutLine: {'line': b'-- Up-to-date symlink: /home/avcpp/AV-CPP2025/Vehicle/install/vehicle_core/include/vehicle_core/vehicle_core/msg/detail/state_mode__struct.hpp\n'}
[34.926764] (vehicle_core) StdoutLine: {'line': b'-- Up-to-date symlink: /home/avcpp/AV-CPP2025/Vehicle/install/vehicle_core/include/vehicle_core/vehicle_core/msg/detail/state_mode__traits.hpp\n'}
[34.926849] (vehicle_core) StdoutLine: {'line': b'-- Up-to-date symlink: /home/avcpp/AV-CPP2025/Vehicle/install/vehicle_core/include/vehicle_core/vehicle_core/msg/detail/state_mode__type_support.hpp\n'}
[34.926918] (vehicle_core) StdoutLine: {'line': b'-- Up-to-date symlink: /home/avcpp/AV-CPP2025/Vehicle/install/vehicle_core/include/vehicle_core/vehicle_core/msg/detail/telemetry_data__builder.hpp\n'}
[34.926985] (vehicle_core) StdoutLine: {'line': b'-- Up-to-date symlink: /home/avcpp/AV-CPP2025/Vehicle/install/vehicle_core/include/vehicle_core/vehicle_core/msg/detail/telemetry_data__struct.hpp\n'}
[34.927053] (vehicle_core) StdoutLine: {'line': b'-- Up-to-date symlink: /home/avcpp/AV-CPP2025/Vehicle/install/vehicle_core/include/vehicle_core/vehicle_core/msg/detail/telemetry_data__traits.hpp\n'}
[34.927121] (vehicle_core) StdoutLine: {'line': b'-- Up-to-date symlink: /home/avcpp/AV-CPP2025/Vehicle/install/vehicle_core/include/vehicle_core/vehicle_core/msg/detail/telemetry_data__type_support.hpp\n'}
[34.927191] (vehicle_core) StdoutLine: {'line': b'-- Up-to-date symlink: /home/avcpp/AV-CPP2025/Vehicle/install/vehicle_core/include/vehicle_core/vehicle_core/msg/drive_feedback.hpp\n'}
[34.927263] (vehicle_core) StdoutLine: {'line': b'-- Up-to-date symlink: /home/avcpp/AV-CPP2025/Vehicle/install/vehicle_core/include/vehicle_core/vehicle_core/msg/drive_status.hpp\n'}
[34.927333] (vehicle_core) StdoutLine: {'line': b'-- Up-to-date symlink: /home/avcpp/AV-CPP2025/Vehicle/install/vehicle_core/include/vehicle_core/vehicle_core/msg/drive_target.hpp\n'}
[34.927409] (vehicle_core) StdoutLine: {'line': b'-- Up-to-date symlink: /home/avcpp/AV-CPP2025/Vehicle/install/vehicle_core/include/vehicle_core/vehicle_core/msg/error.hpp\n'}
[34.927484] (vehicle_core) StdoutLine: {'line': b'-- Up-to-date symlink: /home/avcpp/AV-CPP2025/Vehicle/install/vehicle_core/include/vehicle_core/vehicle_core/msg/general_status.hpp\n'}
[34.927563] (vehicle_core) StdoutLine: {'line': b'-- Up-to-date symlink: /home/avcpp/AV-CPP2025/Vehicle/install/vehicle_core/include/vehicle_core/vehicle_core/msg/lights_command.hpp\n'}
[34.927631] (vehicle_core) StdoutLine: {'line': b'-- Up-to-date symlink: /home/avcpp/AV-CPP2025/Vehicle/install/vehicle_core/include/vehicle_core/vehicle_core/msg/lights_status.hpp\n'}
[34.927700] (vehicle_core) StdoutLine: {'line': b'-- Up-to-date symlink: /home/avcpp/AV-CPP2025/Vehicle/install/vehicle_core/include/vehicle_core/vehicle_core/msg/manual_drive_command.hpp\n'}
[34.927770] (vehicle_core) StdoutLine: {'line': b'-- Up-to-date symlink: /home/avcpp/AV-CPP2025/Vehicle/install/vehicle_core/include/vehicle_core/vehicle_core/msg/max_speed.hpp\n'}
[34.927840] (vehicle_core) StdoutLine: {'line': b'-- Up-to-date symlink: /home/avcpp/AV-CPP2025/Vehicle/install/vehicle_core/include/vehicle_core/vehicle_core/msg/perception_profile.hpp\n'}
[34.927908] (vehicle_core) StdoutLine: {'line': b'-- Up-to-date symlink: /home/avcpp/AV-CPP2025/Vehicle/install/vehicle_core/include/vehicle_core/vehicle_core/msg/rosidl_generator_cpp__visibility_control.hpp\n'}
[34.927978] (vehicle_core) StdoutLine: {'line': b'-- Up-to-date symlink: /home/avcpp/AV-CPP2025/Vehicle/install/vehicle_core/include/vehicle_core/vehicle_core/msg/server_init.hpp\n'}
[34.928049] (vehicle_core) StdoutLine: {'line': b'-- Up-to-date symlink: /home/avcpp/AV-CPP2025/Vehicle/install/vehicle_core/include/vehicle_core/vehicle_core/msg/state_event.hpp\n'}
[34.928119] (vehicle_core) StdoutLine: {'line': b'-- Up-to-date symlink: /home/avcpp/AV-CPP2025/Vehicle/install/vehicle_core/include/vehicle_core/vehicle_core/msg/state_mode.hpp\n'}
[34.928187] (vehicle_core) StdoutLine: {'line': b'-- Up-to-date symlink: /home/avcpp/AV-CPP2025/Vehicle/install/vehicle_core/include/vehicle_core/vehicle_core/msg/telemetry_data.hpp\n'}
[34.928255] (vehicle_core) StdoutLine: {'line': b'-- Up-to-date symlink: /home/avcpp/AV-CPP2025/Vehicle/install/vehicle_core/include/vehicle_core/vehicle_core/srv/detail/set_autopilot_profile__builder.hpp\n'}
[34.928325] (vehicle_core) StdoutLine: {'line': b'-- Up-to-date symlink: /home/avcpp/AV-CPP2025/Vehicle/install/vehicle_core/include/vehicle_core/vehicle_core/srv/detail/set_autopilot_profile__struct.hpp\n'}
[34.928392] (vehicle_core) StdoutLine: {'line': b'-- Up-to-date symlink: /home/avcpp/AV-CPP2025/Vehicle/install/vehicle_core/include/vehicle_core/vehicle_core/srv/detail/set_autopilot_profile__traits.hpp\n'}
[34.928459] (vehicle_core) StdoutLine: {'line': b'-- Up-to-date symlink: /home/avcpp/AV-CPP2025/Vehicle/install/vehicle_core/include/vehicle_core/vehicle_core/srv/detail/set_autopilot_profile__type_support.hpp\n'}
[34.928527] (vehicle_core) StdoutLine: {'line': b'-- Up-to-date symlink: /home/avcpp/AV-CPP2025/Vehicle/install/vehicle_core/include/vehicle_core/vehicle_core/srv/set_autopilot_profile.hpp\n'}
[34.928595] (vehicle_core) StdoutLine: {'line': b'-- Up-to-date symlink: /home/avcpp/AV-CPP2025/Vehicle/install/vehicle_core/include/vehicle_core/vehicle_core/msg/detail/autopilot_command__rosidl_typesupport_fastrtps_cpp.hpp\n'}
[34.928664] (vehicle_core) StdoutLine: {'line': b'-- Up-to-date symlink: /home/avcpp/AV-CPP2025/Vehicle/install/vehicle_core/include/vehicle_core/vehicle_core/msg/detail/autopilot_config__rosidl_typesupport_fastrtps_cpp.hpp\n'}
[34.928731] (vehicle_core) StdoutLine: {'line': b'-- Up-to-date symlink: /home/avcpp/AV-CPP2025/Vehicle/install/vehicle_core/include/vehicle_core/vehicle_core/msg/detail/autopilot_drive_command__rosidl_typesupport_fastrtps_cpp.hpp\n'}
[34.928812] (vehicle_core) StdoutLine: {'line': b'-- Up-to-date symlink: /home/avcpp/AV-CPP2025/Vehicle/install/vehicle_core/include/vehicle_core/vehicle_core/msg/detail/autopilot_status__rosidl_typesupport_fastrtps_cpp.hpp\n'}
[34.928881] (vehicle_core) StdoutLine: {'line': b'-- Up-to-date symlink: /home/avcpp/AV-CPP2025/Vehicle/install/vehicle_core/include/vehicle_core/vehicle_core/msg/detail/drive_feedback__rosidl_typesupport_fastrtps_cpp.hpp\n'}
[34.928950] (vehicle_core) StdoutLine: {'line': b'-- Up-to-date symlink: /home/avcpp/AV-CPP2025/Vehicle/install/vehicle_core/include/vehicle_core/vehicle_core/msg/detail/drive_status__rosidl_typesupport_fastrtps_cpp.hpp\n'}
[34.929028] (vehicle_core) StdoutLine: {'line': b'-- Up-to-date symlink: /home/avcpp/AV-CPP2025/Vehicle/install/vehicle_core/include/vehicle_core/vehicle_core/msg/detail/drive_target__rosidl_typesupport_fastrtps_cpp.hpp\n'}
[34.929121] (vehicle_core) StdoutLine: {'line': b'-- Up-to-date symlink: /home/avcpp/AV-CPP2025/Vehicle/install/vehicle_core/include/vehicle_core/vehicle_core/msg/detail/error__rosidl_typesupport_fastrtps_cpp.hpp\n'}
[34.929210] (vehicle_core) StdoutLine: {'line': b'-- Up-to-date symlink: /home/avcpp/AV-CPP2025/Vehicle/install/vehicle_core/include/vehicle_core/vehicle_core/msg/detail/general_status__rosidl_typesupport_fastrtps_cpp.hpp\n'}
[34.929290] (vehicle_core) StdoutLine: {'line': b'-- Up-to-date symlink: /home/avcpp/AV-CPP2025/Vehicle/install/vehicle_core/include/vehicle_core/vehicle_core/msg/detail/lights_command__rosidl_typesupport_fastrtps_cpp.hpp\n'}
[34.929365] (vehicle_core) StdoutLine: {'line': b'-- Up-to-date symlink: /home/avcpp/AV-CPP2025/Vehicle/install/vehicle_core/include/vehicle_core/vehicle_core/msg/detail/lights_status__rosidl_typesupport_fastrtps_cpp.hpp\n'}
[34.929435] (vehicle_core) StdoutLine: {'line': b'-- Up-to-date symlink: /home/avcpp/AV-CPP2025/Vehicle/install/vehicle_core/include/vehicle_core/vehicle_core/msg/detail/manual_drive_command__rosidl_typesupport_fastrtps_cpp.hpp\n'}
[34.929506] (vehicle_core) StdoutLine: {'line': b'-- Up-to-date symlink: /home/avcpp/AV-CPP2025/Vehicle/install/vehicle_core/include/vehicle_core/vehicle_core/msg/detail/max_speed__rosidl_typesupport_fastrtps_cpp.hpp\n'}
[34.929575] (vehicle_core) StdoutLine: {'line': b'-- Up-to-date symlink: /home/avcpp/AV-CPP2025/Vehicle/install/vehicle_core/include/vehicle_core/vehicle_core/msg/detail/perception_profile__rosidl_typesupport_fastrtps_cpp.hpp\n'}
[34.929647] (vehicle_core) StdoutLine: {'line': b'-- Up-to-date symlink: /home/avcpp/AV-CPP2025/Vehicle/install/vehicle_core/include/vehicle_core/vehicle_core/msg/detail/server_init__rosidl_typesupport_fastrtps_cpp.hpp\n'}
[34.929716] (vehicle_core) StdoutLine: {'line': b'-- Up-to-date symlink: /home/avcpp/AV-CPP2025/Vehicle/install/vehicle_core/include/vehicle_core/vehicle_core/msg/detail/state_event__rosidl_typesupport_fastrtps_cpp.hpp\n'}
[34.929784] (vehicle_core) StdoutLine: {'line': b'-- Up-to-date symlink: /home/avcpp/AV-CPP2025/Vehicle/install/vehicle_core/include/vehicle_core/vehicle_core/msg/detail/state_mode__rosidl_typesupport_fastrtps_cpp.hpp\n'}
[34.929853] (vehicle_core) StdoutLine: {'line': b'-- Up-to-date symlink: /home/avcpp/AV-CPP2025/Vehicle/install/vehicle_core/include/vehicle_core/vehicle_core/msg/detail/telemetry_data__rosidl_typesupport_fastrtps_cpp.hpp\n'}
[34.929923] (vehicle_core) StdoutLine: {'line': b'-- Up-to-date symlink: /home/avcpp/AV-CPP2025/Vehicle/install/vehicle_core/include/vehicle_core/vehicle_core/msg/rosidl_typesupport_fastrtps_cpp__visibility_control.h\n'}
[34.929991] (vehicle_core) StdoutLine: {'line': b'-- Up-to-date symlink: /home/avcpp/AV-CPP2025/Vehicle/install/vehicle_core/include/vehicle_core/vehicle_core/srv/detail/set_autopilot_profile__rosidl_typesupport_fastrtps_cpp.hpp\n'}
[34.930060] (vehicle_core) StdoutLine: {'line': b'-- Up-to-date symlink: /home/avcpp/AV-CPP2025/Vehicle/install/vehicle_core/include/vehicle_core/vehicle_core/msg/detail/autopilot_command__rosidl_typesupport_introspection_c.h\n'}
[34.930129] (vehicle_core) StdoutLine: {'line': b'-- Up-to-date symlink: /home/avcpp/AV-CPP2025/Vehicle/install/vehicle_core/include/vehicle_core/vehicle_core/msg/detail/autopilot_config__rosidl_typesupport_introspection_c.h\n'}
[34.930201] (vehicle_core) StdoutLine: {'line': b'-- Up-to-date symlink: /home/avcpp/AV-CPP2025/Vehicle/install/vehicle_core/include/vehicle_core/vehicle_core/msg/detail/autopilot_drive_command__rosidl_typesupport_introspection_c.h\n'}
[34.930270] (vehicle_core) StdoutLine: {'line': b'-- Up-to-date symlink: /home/avcpp/AV-CPP2025/Vehicle/install/vehicle_core/include/vehicle_core/vehicle_core/msg/detail/autopilot_status__rosidl_typesupport_introspection_c.h\n'}
[34.930346] (vehicle_core) StdoutLine: {'line': b'-- Up-to-date symlink: /home/avcpp/AV-CPP2025/Vehicle/install/vehicle_core/include/vehicle_core/vehicle_core/msg/detail/drive_feedback__rosidl_typesupport_introspection_c.h\n'}
[34.930416] (vehicle_core) StdoutLine: {'line': b'-- Up-to-date symlink: /home/avcpp/AV-CPP2025/Vehicle/install/vehicle_core/include/vehicle_core/vehicle_core/msg/detail/drive_status__rosidl_typesupport_introspection_c.h\n'}
[34.930486] (vehicle_core) StdoutLine: {'line': b'-- Up-to-date symlink: /home/avcpp/AV-CPP2025/Vehicle/install/vehicle_core/include/vehicle_core/vehicle_core/msg/detail/drive_target__rosidl_typesupport_introspection_c.h\n'}
[34.930565] (vehicle_core) StdoutLine: {'line': b'-- Up-to-date symlink: /home/avcpp/AV-CPP2025/Vehicle/install/vehicle_core/include/vehicle_core/vehicle_core/msg/detail/error__rosidl_typesupport_introspection_c.h\n'}
[34.930634] (vehicle_core) StdoutLine: {'line': b'-- Up-to-date symlink: /home/avcpp/AV-CPP2025/Vehicle/install/vehicle_core/include/vehicle_core/vehicle_core/msg/detail/general_status__rosidl_typesupport_introspection_c.h\n'}
[34.930703] (vehicle_core) StdoutLine: {'line': b'-- Up-to-date symlink: /home/avcpp/AV-CPP2025/Vehicle/install/vehicle_core/include/vehicle_core/vehicle_core/msg/detail/lights_command__rosidl_typesupport_introspection_c.h\n'}
[34.930775] (vehicle_core) StdoutLine: {'line': b'-- Up-to-date symlink: /home/avcpp/AV-CPP2025/Vehicle/install/vehicle_core/include/vehicle_core/vehicle_core/msg/detail/lights_status__rosidl_typesupport_introspection_c.h\n'}
[34.930848] (vehicle_core) StdoutLine: {'line': b'-- Up-to-date symlink: /home/avcpp/AV-CPP2025/Vehicle/install/vehicle_core/include/vehicle_core/vehicle_core/msg/detail/manual_drive_command__rosidl_typesupport_introspection_c.h\n'}
[34.930918] (vehicle_core) StdoutLine: {'line': b'-- Up-to-date symlink: /home/avcpp/AV-CPP2025/Vehicle/install/vehicle_core/include/vehicle_core/vehicle_core/msg/detail/max_speed__rosidl_typesupport_introspection_c.h\n'}
[34.930987] (vehicle_core) StdoutLine: {'line': b'-- Up-to-date symlink: /home/avcpp/AV-CPP2025/Vehicle/install/vehicle_core/include/vehicle_core/vehicle_core/msg/detail/perception_profile__rosidl_typesupport_introspection_c.h\n'}
[34.931057] (vehicle_core) StdoutLine: {'line': b'-- Up-to-date symlink: /home/avcpp/AV-CPP2025/Vehicle/install/vehicle_core/include/vehicle_core/vehicle_core/msg/detail/server_init__rosidl_typesupport_introspection_c.h\n'}
[34.931125] (vehicle_core) StdoutLine: {'line': b'-- Up-to-date symlink: /home/avcpp/AV-CPP2025/Vehicle/install/vehicle_core/include/vehicle_core/vehicle_core/msg/detail/state_event__rosidl_typesupport_introspection_c.h\n'}
[34.931193] (vehicle_core) StdoutLine: {'line': b'-- Up-to-date symlink: /home/avcpp/AV-CPP2025/Vehicle/install/vehicle_core/include/vehicle_core/vehicle_core/msg/detail/state_mode__rosidl_typesupport_introspection_c.h\n'}
[34.931261] (vehicle_core) StdoutLine: {'line': b'-- Up-to-date symlink: /home/avcpp/AV-CPP2025/Vehicle/install/vehicle_core/include/vehicle_core/vehicle_core/msg/detail/telemetry_data__rosidl_typesupport_introspection_c.h\n'}
[34.931332] (vehicle_core) StdoutLine: {'line': b'-- Up-to-date symlink: /home/avcpp/AV-CPP2025/Vehicle/install/vehicle_core/include/vehicle_core/vehicle_core/msg/rosidl_typesupport_introspection_c__visibility_control.h\n'}
[34.931400] (vehicle_core) StdoutLine: {'line': b'-- Up-to-date symlink: /home/avcpp/AV-CPP2025/Vehicle/install/vehicle_core/include/vehicle_core/vehicle_core/srv/detail/set_autopilot_profile__rosidl_typesupport_introspection_c.h\n'}
[34.931471] (vehicle_core) StdoutLine: {'line': b'-- Up-to-date symlink: /home/avcpp/AV-CPP2025/Vehicle/install/vehicle_core/include/vehicle_core/vehicle_core/msg/detail/autopilot_command__rosidl_typesupport_introspection_cpp.hpp\n'}
[34.931540] (vehicle_core) StdoutLine: {'line': b'-- Up-to-date symlink: /home/avcpp/AV-CPP2025/Vehicle/install/vehicle_core/include/vehicle_core/vehicle_core/msg/detail/autopilot_config__rosidl_typesupport_introspection_cpp.hpp\n'}
[34.931706] (vehicle_core) StdoutLine: {'line': b'-- Up-to-date symlink: /home/avcpp/AV-CPP2025/Vehicle/install/vehicle_core/include/vehicle_core/vehicle_core/msg/detail/autopilot_drive_command__rosidl_typesupport_introspection_cpp.hpp\n'}
[34.931778] (vehicle_core) StdoutLine: {'line': b'-- Up-to-date symlink: /home/avcpp/AV-CPP2025/Vehicle/install/vehicle_core/include/vehicle_core/vehicle_core/msg/detail/autopilot_status__rosidl_typesupport_introspection_cpp.hpp\n'}
[34.931848] (vehicle_core) StdoutLine: {'line': b'-- Up-to-date symlink: /home/avcpp/AV-CPP2025/Vehicle/install/vehicle_core/include/vehicle_core/vehicle_core/msg/detail/drive_feedback__rosidl_typesupport_introspection_cpp.hpp\n'}
[34.931917] (vehicle_core) StdoutLine: {'line': b'-- Up-to-date symlink: /home/avcpp/AV-CPP2025/Vehicle/install/vehicle_core/include/vehicle_core/vehicle_core/msg/detail/drive_status__rosidl_typesupport_introspection_cpp.hpp\n'}
[34.931988] (vehicle_core) StdoutLine: {'line': b'-- Up-to-date symlink: /home/avcpp/AV-CPP2025/Vehicle/install/vehicle_core/include/vehicle_core/vehicle_core/msg/detail/drive_target__rosidl_typesupport_introspection_cpp.hpp\n'}
[34.932056] (vehicle_core) StdoutLine: {'line': b'-- Up-to-date symlink: /home/avcpp/AV-CPP2025/Vehicle/install/vehicle_core/include/vehicle_core/vehicle_core/msg/detail/error__rosidl_typesupport_introspection_cpp.hpp\n'}
[34.932124] (vehicle_core) StdoutLine: {'line': b'-- Up-to-date symlink: /home/avcpp/AV-CPP2025/Vehicle/install/vehicle_core/include/vehicle_core/vehicle_core/msg/detail/general_status__rosidl_typesupport_introspection_cpp.hpp\n'}
[34.932192] (vehicle_core) StdoutLine: {'line': b'-- Up-to-date symlink: /home/avcpp/AV-CPP2025/Vehicle/install/vehicle_core/include/vehicle_core/vehicle_core/msg/detail/lights_command__rosidl_typesupport_introspection_cpp.hpp\n'}
[34.932275] (vehicle_core) StdoutLine: {'line': b'-- Up-to-date symlink: /home/avcpp/AV-CPP2025/Vehicle/install/vehicle_core/include/vehicle_core/vehicle_core/msg/detail/lights_status__rosidl_typesupport_introspection_cpp.hpp\n'}
[34.932345] (vehicle_core) StdoutLine: {'line': b'-- Up-to-date symlink: /home/avcpp/AV-CPP2025/Vehicle/install/vehicle_core/include/vehicle_core/vehicle_core/msg/detail/manual_drive_command__rosidl_typesupport_introspection_cpp.hpp\n'}
[34.932420] (vehicle_core) StdoutLine: {'line': b'-- Up-to-date symlink: /home/avcpp/AV-CPP2025/Vehicle/install/vehicle_core/include/vehicle_core/vehicle_core/msg/detail/max_speed__rosidl_typesupport_introspection_cpp.hpp\n'}
[34.932499] (vehicle_core) StdoutLine: {'line': b'-- Up-to-date symlink: /home/avcpp/AV-CPP2025/Vehicle/install/vehicle_core/include/vehicle_core/vehicle_core/msg/detail/perception_profile__rosidl_typesupport_introspection_cpp.hpp\n'}
[34.932572] (vehicle_core) StdoutLine: {'line': b'-- Up-to-date symlink: /home/avcpp/AV-CPP2025/Vehicle/install/vehicle_core/include/vehicle_core/vehicle_core/msg/detail/server_init__rosidl_typesupport_introspection_cpp.hpp\n'}
[34.932642] (vehicle_core) StdoutLine: {'line': b'-- Up-to-date symlink: /home/avcpp/AV-CPP2025/Vehicle/install/vehicle_core/include/vehicle_core/vehicle_core/msg/detail/state_event__rosidl_typesupport_introspection_cpp.hpp\n'}
[34.932711] (vehicle_core) StdoutLine: {'line': b'-- Up-to-date symlink: /home/avcpp/AV-CPP2025/Vehicle/install/vehicle_core/include/vehicle_core/vehicle_core/msg/detail/state_mode__rosidl_typesupport_introspection_cpp.hpp\n'}
[34.932780] (vehicle_core) StdoutLine: {'line': b'-- Up-to-date symlink: /home/avcpp/AV-CPP2025/Vehicle/install/vehicle_core/include/vehicle_core/vehicle_core/msg/detail/telemetry_data__rosidl_typesupport_introspection_cpp.hpp\n'}
[34.932850] (vehicle_core) StdoutLine: {'line': b'-- Up-to-date symlink: /home/avcpp/AV-CPP2025/Vehicle/install/vehicle_core/include/vehicle_core/vehicle_core/srv/detail/set_autopilot_profile__rosidl_typesupport_introspection_cpp.hpp\n'}
[34.932926] (vehicle_core) StdoutLine: {'line': b'-- Up-to-date symlink: /home/avcpp/AV-CPP2025/Vehicle/install/vehicle_core/share/vehicle_core/environment/pythonpath.sh\n'}
[34.932997] (vehicle_core) StdoutLine: {'line': b'-- Up-to-date symlink: /home/avcpp/AV-CPP2025/Vehicle/install/vehicle_core/share/vehicle_core/environment/pythonpath.dsv\n'}
[34.933065] (vehicle_core) StdoutLine: {'line': b'-- Up-to-date symlink: /home/avcpp/AV-CPP2025/Vehicle/install/vehicle_core/local/lib/python3.10/dist-packages/vehicle_core-0.0.0-py3.10.egg-info/PKG-INFO\n'}
[34.933138] (vehicle_core) StdoutLine: {'line': b'-- Up-to-date symlink: /home/avcpp/AV-CPP2025/Vehicle/install/vehicle_core/local/lib/python3.10/dist-packages/vehicle_core-0.0.0-py3.10.egg-info/SOURCES.txt\n'}
[34.933207] (vehicle_core) StdoutLine: {'line': b'-- Up-to-date symlink: /home/avcpp/AV-CPP2025/Vehicle/install/vehicle_core/local/lib/python3.10/dist-packages/vehicle_core-0.0.0-py3.10.egg-info/dependency_links.txt\n'}
[34.933275] (vehicle_core) StdoutLine: {'line': b'-- Up-to-date symlink: /home/avcpp/AV-CPP2025/Vehicle/install/vehicle_core/local/lib/python3.10/dist-packages/vehicle_core-0.0.0-py3.10.egg-info/top_level.txt\n'}
[34.933344] (vehicle_core) StdoutLine: {'line': b'-- Up-to-date symlink: /home/avcpp/AV-CPP2025/Vehicle/install/vehicle_core/local/lib/python3.10/dist-packages/vehicle_core/__init__.py\n'}
[34.933416] (vehicle_core) StdoutLine: {'line': b'-- Up-to-date symlink: /home/avcpp/AV-CPP2025/Vehicle/install/vehicle_core/local/lib/python3.10/dist-packages/vehicle_core/_vehicle_core_s.ep.rosidl_typesupport_c.c\n'}
[34.933486] (vehicle_core) StdoutLine: {'line': b'-- Up-to-date symlink: /home/avcpp/AV-CPP2025/Vehicle/install/vehicle_core/local/lib/python3.10/dist-packages/vehicle_core/_vehicle_core_s.ep.rosidl_typesupport_fastrtps_c.c\n'}
[34.933555] (vehicle_core) StdoutLine: {'line': b'-- Up-to-date symlink: /home/avcpp/AV-CPP2025/Vehicle/install/vehicle_core/local/lib/python3.10/dist-packages/vehicle_core/_vehicle_core_s.ep.rosidl_typesupport_introspection_c.c\n'}
[34.933624] (vehicle_core) StdoutLine: {'line': b'-- Up-to-date symlink: /home/avcpp/AV-CPP2025/Vehicle/install/vehicle_core/local/lib/python3.10/dist-packages/vehicle_core/libvehicle_core__rosidl_generator_py.so\n'}
[34.933694] (vehicle_core) StdoutLine: {'line': b'-- Up-to-date symlink: /home/avcpp/AV-CPP2025/Vehicle/install/vehicle_core/local/lib/python3.10/dist-packages/vehicle_core/msg/__init__.py\n'}
[34.933763] (vehicle_core) StdoutLine: {'line': b'-- Up-to-date symlink: /home/avcpp/AV-CPP2025/Vehicle/install/vehicle_core/local/lib/python3.10/dist-packages/vehicle_core/msg/_autopilot_command.py\n'}
[34.933832] (vehicle_core) StdoutLine: {'line': b'-- Up-to-date symlink: /home/avcpp/AV-CPP2025/Vehicle/install/vehicle_core/local/lib/python3.10/dist-packages/vehicle_core/msg/_autopilot_command_s.c\n'}
[34.933900] (vehicle_core) StdoutLine: {'line': b'-- Up-to-date symlink: /home/avcpp/AV-CPP2025/Vehicle/install/vehicle_core/local/lib/python3.10/dist-packages/vehicle_core/msg/_autopilot_config.py\n'}
[34.933971] (vehicle_core) StdoutLine: {'line': b'-- Up-to-date symlink: /home/avcpp/AV-CPP2025/Vehicle/install/vehicle_core/local/lib/python3.10/dist-packages/vehicle_core/msg/_autopilot_config_s.c\n'}
[34.934039] (vehicle_core) StdoutLine: {'line': b'-- Up-to-date symlink: /home/avcpp/AV-CPP2025/Vehicle/install/vehicle_core/local/lib/python3.10/dist-packages/vehicle_core/msg/_autopilot_drive_command.py\n'}
[34.934118] (vehicle_core) StdoutLine: {'line': b'-- Up-to-date symlink: /home/avcpp/AV-CPP2025/Vehicle/install/vehicle_core/local/lib/python3.10/dist-packages/vehicle_core/msg/_autopilot_drive_command_s.c\n'}
[34.934188] (vehicle_core) StdoutLine: {'line': b'-- Up-to-date symlink: /home/avcpp/AV-CPP2025/Vehicle/install/vehicle_core/local/lib/python3.10/dist-packages/vehicle_core/msg/_autopilot_status.py\n'}
[34.934264] (vehicle_core) StdoutLine: {'line': b'-- Up-to-date symlink: /home/avcpp/AV-CPP2025/Vehicle/install/vehicle_core/local/lib/python3.10/dist-packages/vehicle_core/msg/_autopilot_status_s.c\n'}
[34.934340] (vehicle_core) StdoutLine: {'line': b'-- Up-to-date symlink: /home/avcpp/AV-CPP2025/Vehicle/install/vehicle_core/local/lib/python3.10/dist-packages/vehicle_core/msg/_drive_feedback.py\n'}
[34.934411] (vehicle_core) StdoutLine: {'line': b'-- Up-to-date symlink: /home/avcpp/AV-CPP2025/Vehicle/install/vehicle_core/local/lib/python3.10/dist-packages/vehicle_core/msg/_drive_feedback_s.c\n'}
[34.934479] (vehicle_core) StdoutLine: {'line': b'-- Up-to-date symlink: /home/avcpp/AV-CPP2025/Vehicle/install/vehicle_core/local/lib/python3.10/dist-packages/vehicle_core/msg/_drive_status.py\n'}
[34.934549] (vehicle_core) StdoutLine: {'line': b'-- Up-to-date symlink: /home/avcpp/AV-CPP2025/Vehicle/install/vehicle_core/local/lib/python3.10/dist-packages/vehicle_core/msg/_drive_status_s.c\n'}
[34.934617] (vehicle_core) StdoutLine: {'line': b'-- Up-to-date symlink: /home/avcpp/AV-CPP2025/Vehicle/install/vehicle_core/local/lib/python3.10/dist-packages/vehicle_core/msg/_drive_target.py\n'}
[34.934685] (vehicle_core) StdoutLine: {'line': b'-- Up-to-date symlink: /home/avcpp/AV-CPP2025/Vehicle/install/vehicle_core/local/lib/python3.10/dist-packages/vehicle_core/msg/_drive_target_s.c\n'}
[34.934753] (vehicle_core) StdoutLine: {'line': b'-- Up-to-date symlink: /home/avcpp/AV-CPP2025/Vehicle/install/vehicle_core/local/lib/python3.10/dist-packages/vehicle_core/msg/_error.py\n'}
[34.934824] (vehicle_core) StdoutLine: {'line': b'-- Up-to-date symlink: /home/avcpp/AV-CPP2025/Vehicle/install/vehicle_core/local/lib/python3.10/dist-packages/vehicle_core/msg/_error_s.c\n'}
[34.934893] (vehicle_core) StdoutLine: {'line': b'-- Up-to-date symlink: /home/avcpp/AV-CPP2025/Vehicle/install/vehicle_core/local/lib/python3.10/dist-packages/vehicle_core/msg/_general_status.py\n'}
[34.934962] (vehicle_core) StdoutLine: {'line': b'-- Up-to-date symlink: /home/avcpp/AV-CPP2025/Vehicle/install/vehicle_core/local/lib/python3.10/dist-packages/vehicle_core/msg/_general_status_s.c\n'}
[34.935030] (vehicle_core) StdoutLine: {'line': b'-- Up-to-date symlink: /home/avcpp/AV-CPP2025/Vehicle/install/vehicle_core/local/lib/python3.10/dist-packages/vehicle_core/msg/_lights_command.py\n'}
[34.935098] (vehicle_core) StdoutLine: {'line': b'-- Up-to-date symlink: /home/avcpp/AV-CPP2025/Vehicle/install/vehicle_core/local/lib/python3.10/dist-packages/vehicle_core/msg/_lights_command_s.c\n'}
[34.935164] (vehicle_core) StdoutLine: {'line': b'-- Up-to-date symlink: /home/avcpp/AV-CPP2025/Vehicle/install/vehicle_core/local/lib/python3.10/dist-packages/vehicle_core/msg/_lights_status.py\n'}
[34.935231] (vehicle_core) StdoutLine: {'line': b'-- Up-to-date symlink: /home/avcpp/AV-CPP2025/Vehicle/install/vehicle_core/local/lib/python3.10/dist-packages/vehicle_core/msg/_lights_status_s.c\n'}
[34.935299] (vehicle_core) StdoutLine: {'line': b'-- Up-to-date symlink: /home/avcpp/AV-CPP2025/Vehicle/install/vehicle_core/local/lib/python3.10/dist-packages/vehicle_core/msg/_manual_drive_command.py\n'}
[34.935367] (vehicle_core) StdoutLine: {'line': b'-- Up-to-date symlink: /home/avcpp/AV-CPP2025/Vehicle/install/vehicle_core/local/lib/python3.10/dist-packages/vehicle_core/msg/_manual_drive_command_s.c\n'}
[34.935434] (vehicle_core) StdoutLine: {'line': b'-- Up-to-date symlink: /home/avcpp/AV-CPP2025/Vehicle/install/vehicle_core/local/lib/python3.10/dist-packages/vehicle_core/msg/_max_speed.py\n'}
[34.935502] (vehicle_core) StdoutLine: {'line': b'-- Up-to-date symlink: /home/avcpp/AV-CPP2025/Vehicle/install/vehicle_core/local/lib/python3.10/dist-packages/vehicle_core/msg/_max_speed_s.c\n'}
[34.935569] (vehicle_core) StdoutLine: {'line': b'-- Up-to-date symlink: /home/avcpp/AV-CPP2025/Vehicle/install/vehicle_core/local/lib/python3.10/dist-packages/vehicle_core/msg/_perception_profile.py\n'}
[34.935636] (vehicle_core) StdoutLine: {'line': b'-- Up-to-date symlink: /home/avcpp/AV-CPP2025/Vehicle/install/vehicle_core/local/lib/python3.10/dist-packages/vehicle_core/msg/_perception_profile_s.c\n'}
[34.935704] (vehicle_core) StdoutLine: {'line': b'-- Up-to-date symlink: /home/avcpp/AV-CPP2025/Vehicle/install/vehicle_core/local/lib/python3.10/dist-packages/vehicle_core/msg/_server_init.py\n'}
[34.935817] (vehicle_core) StdoutLine: {'line': b'-- Up-to-date symlink: /home/avcpp/AV-CPP2025/Vehicle/install/vehicle_core/local/lib/python3.10/dist-packages/vehicle_core/msg/_server_init_s.c\n'}
[34.935887] (vehicle_core) StdoutLine: {'line': b'-- Up-to-date symlink: /home/avcpp/AV-CPP2025/Vehicle/install/vehicle_core/local/lib/python3.10/dist-packages/vehicle_core/msg/_state_event.py\n'}
[34.935954] (vehicle_core) StdoutLine: {'line': b'-- Up-to-date symlink: /home/avcpp/AV-CPP2025/Vehicle/install/vehicle_core/local/lib/python3.10/dist-packages/vehicle_core/msg/_state_event_s.c\n'}
[34.936022] (vehicle_core) StdoutLine: {'line': b'-- Up-to-date symlink: /home/avcpp/AV-CPP2025/Vehicle/install/vehicle_core/local/lib/python3.10/dist-packages/vehicle_core/msg/_state_mode.py\n'}
[34.936106] (vehicle_core) StdoutLine: {'line': b'-- Up-to-date symlink: /home/avcpp/AV-CPP2025/Vehicle/install/vehicle_core/local/lib/python3.10/dist-packages/vehicle_core/msg/_state_mode_s.c\n'}
[34.936175] (vehicle_core) StdoutLine: {'line': b'-- Up-to-date symlink: /home/avcpp/AV-CPP2025/Vehicle/install/vehicle_core/local/lib/python3.10/dist-packages/vehicle_core/msg/_telemetry_data.py\n'}
[34.936242] (vehicle_core) StdoutLine: {'line': b'-- Up-to-date symlink: /home/avcpp/AV-CPP2025/Vehicle/install/vehicle_core/local/lib/python3.10/dist-packages/vehicle_core/msg/_telemetry_data_s.c\n'}
[34.936309] (vehicle_core) StdoutLine: {'line': b'-- Up-to-date symlink: /home/avcpp/AV-CPP2025/Vehicle/install/vehicle_core/local/lib/python3.10/dist-packages/vehicle_core/srv/__init__.py\n'}
[34.936377] (vehicle_core) StdoutLine: {'line': b'-- Up-to-date symlink: /home/avcpp/AV-CPP2025/Vehicle/install/vehicle_core/local/lib/python3.10/dist-packages/vehicle_core/srv/_set_autopilot_profile.py\n'}
[34.936443] (vehicle_core) StdoutLine: {'line': b'-- Up-to-date symlink: /home/avcpp/AV-CPP2025/Vehicle/install/vehicle_core/local/lib/python3.10/dist-packages/vehicle_core/srv/_set_autopilot_profile_s.c\n'}
[34.936511] (vehicle_core) StdoutLine: {'line': b'-- Up-to-date symlink: /home/avcpp/AV-CPP2025/Vehicle/install/vehicle_core/local/lib/python3.10/dist-packages/vehicle_core/vehicle_core_s__rosidl_typesupport_c.cpython-310-aarch64-linux-gnu.so\n'}
[34.936582] (vehicle_core) StdoutLine: {'line': b'-- Up-to-date symlink: /home/avcpp/AV-CPP2025/Vehicle/install/vehicle_core/local/lib/python3.10/dist-packages/vehicle_core/vehicle_core_s__rosidl_typesupport_fastrtps_c.cpython-310-aarch64-linux-gnu.so\n'}
[34.936650] (vehicle_core) StdoutLine: {'line': b'-- Up-to-date symlink: /home/avcpp/AV-CPP2025/Vehicle/install/vehicle_core/local/lib/python3.10/dist-packages/vehicle_core/vehicle_core_s__rosidl_typesupport_introspection_c.cpython-310-aarch64-linux-gnu.so\n'}
[34.936719] (-) TimerEvent: {}
[34.936922] (vehicle_core) StdoutLine: {'line': b'-- Up-to-date symlink: /home/avcpp/AV-CPP2025/Vehicle/install/vehicle_core/local/lib/python3.10/dist-packages/vehicle_core/vehicle_core_s__rosidl_typesupport_fastrtps_c.cpython-310-aarch64-linux-gnu.so\n'}
[34.937008] (vehicle_core) StdoutLine: {'line': b'-- Up-to-date symlink: /home/avcpp/AV-CPP2025/Vehicle/install/vehicle_core/local/lib/python3.10/dist-packages/vehicle_core/vehicle_core_s__rosidl_typesupport_introspection_c.cpython-310-aarch64-linux-gnu.so\n'}
[34.937080] (vehicle_core) StdoutLine: {'line': b'-- Up-to-date symlink: /home/avcpp/AV-CPP2025/Vehicle/install/vehicle_core/local/lib/python3.10/dist-packages/vehicle_core/vehicle_core_s__rosidl_typesupport_c.cpython-310-aarch64-linux-gnu.so\n'}
[34.937149] (vehicle_core) StdoutLine: {'line': b'-- Up-to-date symlink: /home/avcpp/AV-CPP2025/Vehicle/install/vehicle_core/share/vehicle_core/msg/DriveTarget.idl\n'}
[34.937217] (vehicle_core) StdoutLine: {'line': b'-- Up-to-date symlink: /home/avcpp/AV-CPP2025/Vehicle/install/vehicle_core/share/vehicle_core/msg/AutopilotDriveCommand.idl\n'}
[34.937286] (vehicle_core) StdoutLine: {'line': b'-- Up-to-date symlink: /home/avcpp/AV-CPP2025/Vehicle/install/vehicle_core/share/vehicle_core/msg/ManualDriveCommand.idl\n'}
[34.937361] (vehicle_core) StdoutLine: {'line': b'-- Up-to-date symlink: /home/avcpp/AV-CPP2025/Vehicle/install/vehicle_core/share/vehicle_core/msg/LightsCommand.idl\n'}
[34.937430] (vehicle_core) StdoutLine: {'line': b'-- Up-to-date symlink: /home/avcpp/AV-CPP2025/Vehicle/install/vehicle_core/share/vehicle_core/msg/MaxSpeed.idl\n'}
[34.937499] (vehicle_core) StdoutLine: {'line': b'-- Up-to-date symlink: /home/avcpp/AV-CPP2025/Vehicle/install/vehicle_core/share/vehicle_core/msg/AutopilotCommand.idl\n'}
[34.937566] (vehicle_core) StdoutLine: {'line': b'-- Up-to-date symlink: /home/avcpp/AV-CPP2025/Vehicle/install/vehicle_core/share/vehicle_core/msg/LightsStatus.idl\n'}
[34.937632] (vehicle_core) StdoutLine: {'line': b'-- Up-to-date symlink: /home/avcpp/AV-CPP2025/Vehicle/install/vehicle_core/share/vehicle_core/msg/GeneralStatus.idl\n'}
[34.937698] (vehicle_core) StdoutLine: {'line': b'-- Up-to-date symlink: /home/avcpp/AV-CPP2025/Vehicle/install/vehicle_core/share/vehicle_core/msg/DriveStatus.idl\n'}
[34.937765] (vehicle_core) StdoutLine: {'line': b'-- Up-to-date symlink: /home/avcpp/AV-CPP2025/Vehicle/install/vehicle_core/share/vehicle_core/msg/AutopilotStatus.idl\n'}
[34.937831] (vehicle_core) StdoutLine: {'line': b'-- Up-to-date symlink: /home/avcpp/AV-CPP2025/Vehicle/install/vehicle_core/share/vehicle_core/msg/TelemetryData.idl\n'}
[34.937898] (vehicle_core) StdoutLine: {'line': b'-- Up-to-date symlink: /home/avcpp/AV-CPP2025/Vehicle/install/vehicle_core/share/vehicle_core/msg/Error.idl\n'}
[34.937966] (vehicle_core) StdoutLine: {'line': b'-- Up-to-date symlink: /home/avcpp/AV-CPP2025/Vehicle/install/vehicle_core/share/vehicle_core/msg/ServerInit.idl\n'}
[34.938032] (vehicle_core) StdoutLine: {'line': b'-- Up-to-date symlink: /home/avcpp/AV-CPP2025/Vehicle/install/vehicle_core/share/vehicle_core/msg/AutopilotConfig.idl\n'}
[34.938102] (vehicle_core) StdoutLine: {'line': b'-- Up-to-date symlink: /home/avcpp/AV-CPP2025/Vehicle/install/vehicle_core/share/vehicle_core/msg/PerceptionProfile.idl\n'}
[34.938176] (vehicle_core) StdoutLine: {'line': b'-- Up-to-date symlink: /home/avcpp/AV-CPP2025/Vehicle/install/vehicle_core/share/vehicle_core/msg/StateMode.idl\n'}
[34.938244] (vehicle_core) StdoutLine: {'line': b'-- Up-to-date symlink: /home/avcpp/AV-CPP2025/Vehicle/install/vehicle_core/share/vehicle_core/msg/StateEvent.idl\n'}
[34.938325] (vehicle_core) StdoutLine: {'line': b'-- Up-to-date symlink: /home/avcpp/AV-CPP2025/Vehicle/install/vehicle_core/share/vehicle_core/msg/DriveFeedback.idl\n'}
[34.938397] (vehicle_core) StdoutLine: {'line': b'-- Up-to-date symlink: /home/avcpp/AV-CPP2025/Vehicle/install/vehicle_core/share/vehicle_core/srv/SetAutopilotProfile.idl\n'}
[34.938463] (vehicle_core) StdoutLine: {'line': b'-- Up-to-date symlink: /home/avcpp/AV-CPP2025/Vehicle/install/vehicle_core/share/vehicle_core/msg/DriveTarget.msg\n'}
[34.938530] (vehicle_core) StdoutLine: {'line': b'-- Up-to-date symlink: /home/avcpp/AV-CPP2025/Vehicle/install/vehicle_core/share/vehicle_core/msg/AutopilotDriveCommand.msg\n'}
[34.938598] (vehicle_core) StdoutLine: {'line': b'-- Up-to-date symlink: /home/avcpp/AV-CPP2025/Vehicle/install/vehicle_core/share/vehicle_core/msg/ManualDriveCommand.msg\n'}
[34.938668] (vehicle_core) StdoutLine: {'line': b'-- Up-to-date symlink: /home/avcpp/AV-CPP2025/Vehicle/install/vehicle_core/share/vehicle_core/msg/LightsCommand.msg\n'}
[34.938733] (vehicle_core) StdoutLine: {'line': b'-- Up-to-date symlink: /home/avcpp/AV-CPP2025/Vehicle/install/vehicle_core/share/vehicle_core/msg/MaxSpeed.msg\n'}
[34.938801] (vehicle_core) StdoutLine: {'line': b'-- Up-to-date symlink: /home/avcpp/AV-CPP2025/Vehicle/install/vehicle_core/share/vehicle_core/msg/AutopilotCommand.msg\n'}
[34.938868] (vehicle_core) StdoutLine: {'line': b'-- Up-to-date symlink: /home/avcpp/AV-CPP2025/Vehicle/install/vehicle_core/share/vehicle_core/msg/LightsStatus.msg\n'}
[34.938937] (vehicle_core) StdoutLine: {'line': b'-- Up-to-date symlink: /home/avcpp/AV-CPP2025/Vehicle/install/vehicle_core/share/vehicle_core/msg/GeneralStatus.msg\n'}
[34.939008] (vehicle_core) StdoutLine: {'line': b'-- Up-to-date symlink: /home/avcpp/AV-CPP2025/Vehicle/install/vehicle_core/share/vehicle_core/msg/DriveStatus.msg\n'}
[34.939075] (vehicle_core) StdoutLine: {'line': b'-- Up-to-date symlink: /home/avcpp/AV-CPP2025/Vehicle/install/vehicle_core/share/vehicle_core/msg/AutopilotStatus.msg\n'}
[34.939153] (vehicle_core) StdoutLine: {'line': b'-- Up-to-date symlink: /home/avcpp/AV-CPP2025/Vehicle/install/vehicle_core/share/vehicle_core/msg/TelemetryData.msg\n'}
[34.939225] (vehicle_core) StdoutLine: {'line': b'-- Up-to-date symlink: /home/avcpp/AV-CPP2025/Vehicle/install/vehicle_core/share/vehicle_core/msg/Error.msg\n'}
[34.939291] (vehicle_core) StdoutLine: {'line': b'-- Up-to-date symlink: /home/avcpp/AV-CPP2025/Vehicle/install/vehicle_core/share/vehicle_core/msg/ServerInit.msg\n'}
[34.939359] (vehicle_core) StdoutLine: {'line': b'-- Up-to-date symlink: /home/avcpp/AV-CPP2025/Vehicle/install/vehicle_core/share/vehicle_core/msg/AutopilotConfig.msg\n'}
[34.939427] (vehicle_core) StdoutLine: {'line': b'-- Up-to-date symlink: /home/avcpp/AV-CPP2025/Vehicle/install/vehicle_core/share/vehicle_core/msg/PerceptionProfile.msg\n'}
[34.939496] (vehicle_core) StdoutLine: {'line': b'-- Up-to-date symlink: /home/avcpp/AV-CPP2025/Vehicle/install/vehicle_core/share/vehicle_core/msg/StateMode.msg\n'}
[34.939562] (vehicle_core) StdoutLine: {'line': b'-- Up-to-date symlink: /home/avcpp/AV-CPP2025/Vehicle/install/vehicle_core/share/vehicle_core/msg/StateEvent.msg\n'}
[34.939628] (vehicle_core) StdoutLine: {'line': b'-- Up-to-date symlink: /home/avcpp/AV-CPP2025/Vehicle/install/vehicle_core/share/vehicle_core/msg/DriveFeedback.msg\n'}
[34.939696] (vehicle_core) StdoutLine: {'line': b'-- Up-to-date symlink: /home/avcpp/AV-CPP2025/Vehicle/install/vehicle_core/share/vehicle_core/srv/SetAutopilotProfile.srv\n'}
[34.939766] (vehicle_core) StdoutLine: {'line': b'-- Up-to-date symlink: /home/avcpp/AV-CPP2025/Vehicle/install/vehicle_core/share/vehicle_core/srv/SetAutopilotProfile_Request.msg\n'}
[34.939833] (vehicle_core) StdoutLine: {'line': b'-- Up-to-date symlink: /home/avcpp/AV-CPP2025/Vehicle/install/vehicle_core/share/vehicle_core/srv/SetAutopilotProfile_Response.msg\n'}
[34.939900] (vehicle_core) StdoutLine: {'line': b'-- Up-to-date symlink: /home/avcpp/AV-CPP2025/Vehicle/install/vehicle_core/include/vehicle_core/drive_arbiter_node.hpp\n'}
[34.939972] (vehicle_core) StdoutLine: {'line': b'-- Up-to-date symlink: /home/avcpp/AV-CPP2025/Vehicle/install/vehicle_core/include/vehicle_core/gst_camera_node.hpp\n'}
[34.940044] (vehicle_core) StdoutLine: {'line': b'-- Up-to-date symlink: /home/avcpp/AV-CPP2025/Vehicle/install/vehicle_core/include/vehicle_core/i2c_bridge_node.hpp\n'}
[34.940110] (vehicle_core) StdoutLine: {'line': b'-- Up-to-date symlink: /home/avcpp/AV-CPP2025/Vehicle/install/vehicle_core/include/vehicle_core/state_manager.hpp\n'}
[34.940177] (vehicle_core) StdoutLine: {'line': b'-- Up-to-date symlink: /home/avcpp/AV-CPP2025/Vehicle/install/vehicle_core/include/vehicle_core/tcp_server_node.hpp\n'}
[34.940245] (vehicle_core) StdoutLine: {'line': b'-- Up-to-date symlink: /home/avcpp/AV-CPP2025/Vehicle/install/vehicle_core/lib/libstate_manager_node_component.so\n'}
[34.940317] (vehicle_core) StdoutLine: {'line': b'-- Up-to-date symlink: /home/avcpp/AV-CPP2025/Vehicle/install/vehicle_core/lib/libdrive_arbiter_node_component.so\n'}
[34.940391] (vehicle_core) StdoutLine: {'line': b'-- Up-to-date symlink: /home/avcpp/AV-CPP2025/Vehicle/install/vehicle_core/lib/libtcp_server_node_component.so\n'}
[34.940461] (vehicle_core) StdoutLine: {'line': b'-- Up-to-date symlink: /home/avcpp/AV-CPP2025/Vehicle/install/vehicle_core/lib/libi2c_bridge_node.so\n'}
[34.940530] (vehicle_core) StdoutLine: {'line': b'-- Up-to-date symlink: /home/avcpp/AV-CPP2025/Vehicle/install/vehicle_core/lib/libgst_camera_component.so\n'}
[34.940600] (vehicle_core) StdoutLine: {'line': b'-- Up-to-date symlink: /home/avcpp/AV-CPP2025/Vehicle/install/vehicle_core/lib/vehicle_core/vehicle_core_container\n'}
[34.940674] (vehicle_core) StdoutLine: {'line': b'-- Up-to-date symlink: /home/avcpp/AV-CPP2025/Vehicle/install/vehicle_core/share/vehicle_core/cfg/camera_gscam.yaml\n'}
[34.940742] (vehicle_core) StdoutLine: {'line': b'-- Up-to-date symlink: /home/avcpp/AV-CPP2025/Vehicle/install/vehicle_core/share/vehicle_core/cfg/drive_arbiter.yaml\n'}
[34.940819] (vehicle_core) StdoutLine: {'line': b'-- Up-to-date symlink: /home/avcpp/AV-CPP2025/Vehicle/install/vehicle_core/share/vehicle_core/cfg/i2c_bridge.yaml\n'}
[34.940886] (vehicle_core) StdoutLine: {'line': b'-- Up-to-date symlink: /home/avcpp/AV-CPP2025/Vehicle/install/vehicle_core/share/vehicle_core/cfg/state_manager.yaml\n'}
[34.940952] (vehicle_core) StdoutLine: {'line': b'-- Up-to-date symlink: /home/avcpp/AV-CPP2025/Vehicle/install/vehicle_core/share/vehicle_core/launch/bringup.launch.py\n'}
[34.941019] (vehicle_core) StdoutLine: {'line': b'-- Up-to-date symlink: /home/avcpp/AV-CPP2025/Vehicle/install/vehicle_core/share/ament_index/resource_index/package_run_dependencies/vehicle_core\n'}
[34.941088] (vehicle_core) StdoutLine: {'line': b'-- Up-to-date symlink: /home/avcpp/AV-CPP2025/Vehicle/install/vehicle_core/share/ament_index/resource_index/parent_prefix_path/vehicle_core\n'}
[34.941155] (vehicle_core) StdoutLine: {'line': b'-- Up-to-date symlink: /home/avcpp/AV-CPP2025/Vehicle/install/vehicle_core/share/vehicle_core/environment/ament_prefix_path.sh\n'}
[34.941223] (vehicle_core) StdoutLine: {'line': b'-- Up-to-date symlink: /home/avcpp/AV-CPP2025/Vehicle/install/vehicle_core/share/vehicle_core/environment/ament_prefix_path.dsv\n'}
[34.941290] (vehicle_core) StdoutLine: {'line': b'-- Up-to-date symlink: /home/avcpp/AV-CPP2025/Vehicle/install/vehicle_core/share/vehicle_core/environment/path.sh\n'}
[34.941357] (vehicle_core) StdoutLine: {'line': b'-- Up-to-date symlink: /home/avcpp/AV-CPP2025/Vehicle/install/vehicle_core/share/vehicle_core/environment/path.dsv\n'}
[34.941423] (vehicle_core) StdoutLine: {'line': b'-- Up-to-date symlink: /home/avcpp/AV-CPP2025/Vehicle/install/vehicle_core/share/vehicle_core/local_setup.bash\n'}
[34.941491] (vehicle_core) StdoutLine: {'line': b'-- Up-to-date symlink: /home/avcpp/AV-CPP2025/Vehicle/install/vehicle_core/share/vehicle_core/local_setup.sh\n'}
[34.941557] (vehicle_core) StdoutLine: {'line': b'-- Up-to-date symlink: /home/avcpp/AV-CPP2025/Vehicle/install/vehicle_core/share/vehicle_core/local_setup.zsh\n'}
[34.941786] (vehicle_core) StdoutLine: {'line': b'-- Up-to-date symlink: /home/avcpp/AV-CPP2025/Vehicle/install/vehicle_core/share/vehicle_core/local_setup.dsv\n'}
[34.941859] (vehicle_core) StdoutLine: {'line': b'-- Symlinking: /home/avcpp/AV-CPP2025/Vehicle/install/vehicle_core/share/vehicle_core/package.dsv\n'}
[34.941931] (vehicle_core) StdoutLine: {'line': b'-- Up-to-date symlink: /home/avcpp/AV-CPP2025/Vehicle/install/vehicle_core/share/ament_index/resource_index/packages/vehicle_core\n'}
[34.942087] (vehicle_core) StdoutLine: {'line': b'-- Up-to-date symlink: /home/avcpp/AV-CPP2025/Vehicle/install/vehicle_core/share/ament_index/resource_index/rclcpp_components/vehicle_core\n'}
[34.942265] (vehicle_core) StdoutLine: {'line': b'-- Up-to-date symlink: /home/avcpp/AV-CPP2025/Vehicle/install/vehicle_core/share/vehicle_core/cmake/rosidl_cmake-extras.cmake\n'}
[34.942604] (vehicle_core) StdoutLine: {'line': b'-- Up-to-date symlink: /home/avcpp/AV-CPP2025/Vehicle/install/vehicle_core/share/vehicle_core/cmake/ament_cmake_export_dependencies-extras.cmake\n'}
[34.942985] (vehicle_core) StdoutLine: {'line': b'-- Up-to-date symlink: /home/avcpp/AV-CPP2025/Vehicle/install/vehicle_core/share/vehicle_core/cmake/ament_cmake_export_include_directories-extras.cmake\n'}
[34.943252] (vehicle_core) StdoutLine: {'line': b'-- Up-to-date symlink: /home/avcpp/AV-CPP2025/Vehicle/install/vehicle_core/share/vehicle_core/cmake/ament_cmake_export_libraries-extras.cmake\n'}
[34.943453] (vehicle_core) StdoutLine: {'line': b'-- Up-to-date symlink: /home/avcpp/AV-CPP2025/Vehicle/install/vehicle_core/share/vehicle_core/cmake/ament_cmake_export_targets-extras.cmake\n'}
[34.943652] (vehicle_core) StdoutLine: {'line': b'-- Up-to-date symlink: /home/avcpp/AV-CPP2025/Vehicle/install/vehicle_core/share/vehicle_core/cmake/rosidl_cmake_export_typesupport_targets-extras.cmake\n'}
[34.943851] (vehicle_core) StdoutLine: {'line': b'-- Up-to-date symlink: /home/avcpp/AV-CPP2025/Vehicle/install/vehicle_core/share/vehicle_core/cmake/rosidl_cmake_export_typesupport_libraries-extras.cmake\n'}
[34.944056] (vehicle_core) StdoutLine: {'line': b'-- Up-to-date symlink: /home/avcpp/AV-CPP2025/Vehicle/install/vehicle_core/share/vehicle_core/cmake/vehicle_coreConfig.cmake\n'}
[34.944190] (vehicle_core) StdoutLine: {'line': b'-- Up-to-date symlink: /home/avcpp/AV-CPP2025/Vehicle/install/vehicle_core/share/vehicle_core/cmake/vehicle_coreConfig-version.cmake\n'}
[34.944398] (vehicle_core) StdoutLine: {'line': b'-- Up-to-date symlink: /home/avcpp/AV-CPP2025/Vehicle/install/vehicle_core/share/vehicle_core/package.xml\n'}
[34.944755] (vehicle_core) StdoutLine: {'line': b'-- Up-to-date: /home/avcpp/AV-CPP2025/Vehicle/install/vehicle_core/lib/libvehicle_core__rosidl_generator_c.so\n'}
[34.945153] (vehicle_core) StdoutLine: {'line': b'-- Up-to-date: /home/avcpp/AV-CPP2025/Vehicle/install/vehicle_core/lib/libvehicle_core__rosidl_typesupport_fastrtps_c.so\n'}
[34.945519] (vehicle_core) StdoutLine: {'line': b'-- Up-to-date: /home/avcpp/AV-CPP2025/Vehicle/install/vehicle_core/lib/libvehicle_core__rosidl_typesupport_fastrtps_cpp.so\n'}
[34.945818] (vehicle_core) StdoutLine: {'line': b'-- Up-to-date: /home/avcpp/AV-CPP2025/Vehicle/install/vehicle_core/lib/libvehicle_core__rosidl_typesupport_introspection_c.so\n'}
[34.946482] (vehicle_core) StdoutLine: {'line': b'-- Up-to-date: /home/avcpp/AV-CPP2025/Vehicle/install/vehicle_core/lib/libvehicle_core__rosidl_typesupport_c.so\n'}
[34.946561] (vehicle_core) StdoutLine: {'line': b'-- Up-to-date: /home/avcpp/AV-CPP2025/Vehicle/install/vehicle_core/lib/libvehicle_core__rosidl_typesupport_introspection_cpp.so\n'}
[34.946694] (vehicle_core) StdoutLine: {'line': b'-- Up-to-date: /home/avcpp/AV-CPP2025/Vehicle/install/vehicle_core/lib/libvehicle_core__rosidl_typesupport_cpp.so\n'}
[35.006482] (vehicle_core) StdoutLine: {'line': b"Listing '/home/avcpp/AV-CPP2025/Vehicle/install/vehicle_core/local/lib/python3.10/dist-packages/vehicle_core'...\n"}
[35.006943] (vehicle_core) StdoutLine: {'line': b"Listing '/home/avcpp/AV-CPP2025/Vehicle/install/vehicle_core/local/lib/python3.10/dist-packages/vehicle_core/msg'...\n"}
[35.007040] (vehicle_core) StdoutLine: {'line': b"Listing '/home/avcpp/AV-CPP2025/Vehicle/install/vehicle_core/local/lib/python3.10/dist-packages/vehicle_core/srv'...\n"}
[35.019655] (vehicle_core) StdoutLine: {'line': b'-- Up-to-date: /home/avcpp/AV-CPP2025/Vehicle/install/vehicle_core/lib/libvehicle_core__rosidl_generator_py.so\n'}
[35.021025] (vehicle_core) StdoutLine: {'line': b'-- Up-to-date: /home/avcpp/AV-CPP2025/Vehicle/install/vehicle_core/share/vehicle_core/cmake/export_vehicle_core__rosidl_generator_cExport.cmake\n'}
[35.021216] (vehicle_core) StdoutLine: {'line': b'-- Up-to-date: /home/avcpp/AV-CPP2025/Vehicle/install/vehicle_core/share/vehicle_core/cmake/export_vehicle_core__rosidl_generator_cExport-noconfig.cmake\n'}
[35.021862] (vehicle_core) StdoutLine: {'line': b'-- Up-to-date: /home/avcpp/AV-CPP2025/Vehicle/install/vehicle_core/share/vehicle_core/cmake/export_vehicle_core__rosidl_typesupport_fastrtps_cExport.cmake\n'}
[35.022028] (vehicle_core) StdoutLine: {'line': b'-- Up-to-date: /home/avcpp/AV-CPP2025/Vehicle/install/vehicle_core/share/vehicle_core/cmake/export_vehicle_core__rosidl_typesupport_fastrtps_cExport-noconfig.cmake\n'}
[35.022736] (vehicle_core) StdoutLine: {'line': b'-- Up-to-date: /home/avcpp/AV-CPP2025/Vehicle/install/vehicle_core/share/vehicle_core/cmake/export_vehicle_core__rosidl_generator_cppExport.cmake\n'}
[35.023556] (vehicle_core) StdoutLine: {'line': b'-- Up-to-date: /home/avcpp/AV-CPP2025/Vehicle/install/vehicle_core/share/vehicle_core/cmake/export_vehicle_core__rosidl_typesupport_fastrtps_cppExport.cmake\n'}
[35.023725] (vehicle_core) StdoutLine: {'line': b'-- Up-to-date: /home/avcpp/AV-CPP2025/Vehicle/install/vehicle_core/share/vehicle_core/cmake/export_vehicle_core__rosidl_typesupport_fastrtps_cppExport-noconfig.cmake\n'}
[35.024443] (vehicle_core) StdoutLine: {'line': b'-- Up-to-date: /home/avcpp/AV-CPP2025/Vehicle/install/vehicle_core/share/vehicle_core/cmake/vehicle_core__rosidl_typesupport_introspection_cExport.cmake\n'}
[35.024604] (vehicle_core) StdoutLine: {'line': b'-- Up-to-date: /home/avcpp/AV-CPP2025/Vehicle/install/vehicle_core/share/vehicle_core/cmake/vehicle_core__rosidl_typesupport_introspection_cExport-noconfig.cmake\n'}
[35.025238] (vehicle_core) StdoutLine: {'line': b'-- Up-to-date: /home/avcpp/AV-CPP2025/Vehicle/install/vehicle_core/share/vehicle_core/cmake/vehicle_core__rosidl_typesupport_cExport.cmake\n'}
[35.025380] (vehicle_core) StdoutLine: {'line': b'-- Up-to-date: /home/avcpp/AV-CPP2025/Vehicle/install/vehicle_core/share/vehicle_core/cmake/vehicle_core__rosidl_typesupport_cExport-noconfig.cmake\n'}
[35.026125] (vehicle_core) StdoutLine: {'line': b'-- Up-to-date: /home/avcpp/AV-CPP2025/Vehicle/install/vehicle_core/share/vehicle_core/cmake/vehicle_core__rosidl_typesupport_introspection_cppExport.cmake\n'}
[35.026341] (vehicle_core) StdoutLine: {'line': b'-- Up-to-date: /home/avcpp/AV-CPP2025/Vehicle/install/vehicle_core/share/vehicle_core/cmake/vehicle_core__rosidl_typesupport_introspection_cppExport-noconfig.cmake\n'}
[35.027104] (vehicle_core) StdoutLine: {'line': b'-- Up-to-date: /home/avcpp/AV-CPP2025/Vehicle/install/vehicle_core/share/vehicle_core/cmake/vehicle_core__rosidl_typesupport_cppExport.cmake\n'}
[35.027269] (vehicle_core) StdoutLine: {'line': b'-- Up-to-date: /home/avcpp/AV-CPP2025/Vehicle/install/vehicle_core/share/vehicle_core/cmake/vehicle_core__rosidl_typesupport_cppExport-noconfig.cmake\n'}
[35.028172] (vehicle_core) StdoutLine: {'line': b'-- Up-to-date: /home/avcpp/AV-CPP2025/Vehicle/install/vehicle_core/share/vehicle_core/cmake/export_vehicle_core__rosidl_generator_pyExport.cmake\n'}
[35.028378] (vehicle_core) StdoutLine: {'line': b'-- Up-to-date: /home/avcpp/AV-CPP2025/Vehicle/install/vehicle_core/share/vehicle_core/cmake/export_vehicle_core__rosidl_generator_pyExport-noconfig.cmake\n'}
[35.037666] (vehicle_core) CommandEnded: {'returncode': 0}
[35.040740] (-) TimerEvent: {}
[35.097441] (vehicle_core) JobEnded: {'identifier': 'vehicle_core', 'rc': 0}
[35.099430] (-) EventReactorShutdown: {}
