[0.025s] Invoking command in '/home/avcpp/AV-CPP2025/Vehicle/build/vehicle_core': CMAKE_PREFIX_PATH=${CMAKE_PREFIX_PATH}:/opt/ros/humble /usr/bin/cmake /home/avcpp/AV-CPP2025/Vehicle/src/vehicle_core -DCMAKE_INSTALL_PREFIX=/home/avcpp/AV-CPP2025/Vehicle/install/vehicle_core
[0.335s] -- The C compiler identification is GNU 11.4.0
[0.610s] -- The CXX compiler identification is GNU 11.4.0
[0.633s] -- Detecting C compiler ABI info
[0.829s] -- Detecting C compiler ABI info - done
[0.839s] -- Check for working C compiler: /usr/bin/cc - skipped
[0.839s] -- Detecting C compile features
[0.839s] -- Detecting C compile features - done
[0.844s] -- Detecting CXX compiler ABI info
[1.098s] -- Detecting CXX compiler ABI info - done
[1.110s] -- Check for working CXX compiler: /usr/bin/c++ - skipped
[1.111s] -- Detecting CXX compile features
[1.111s] -- Detecting CXX compile features - done
[1.116s] -- Found ament_cmake: 1.3.12 (/opt/ros/humble/share/ament_cmake/cmake)
[2.448s] -- Found Python3: /usr/bin/python3 (found version "3.10.12") found components: Interpreter 
[2.633s] -- Found rclcpp: 16.0.15 (/opt/ros/humble/share/rclcpp/cmake)
[2.679s] -- Found rosidl_generator_c: 3.1.7 (/opt/ros/humble/share/rosidl_generator_c/cmake)
[2.685s] -- Found rosidl_adapter: 3.1.7 (/opt/ros/humble/share/rosidl_adapter/cmake)
[2.695s] -- Found rosidl_generator_cpp: 3.1.7 (/opt/ros/humble/share/rosidl_generator_cpp/cmake)
[2.710s] -- Using all available rosidl_typesupport_c: rosidl_typesupport_fastrtps_c;rosidl_typesupport_introspection_c
[2.731s] -- Using all available rosidl_typesupport_cpp: rosidl_typesupport_fastrtps_cpp;rosidl_typesupport_introspection_cpp
[2.790s] -- Found rmw_implementation_cmake: 6.1.2 (/opt/ros/humble/share/rmw_implementation_cmake/cmake)
[2.794s] -- Found rmw_fastrtps_cpp: 6.2.8 (/opt/ros/humble/share/rmw_fastrtps_cpp/cmake)
[2.977s] -- Found OpenSSL: /usr/lib/aarch64-linux-gnu/libcrypto.so (found version "3.0.2")  
[3.019s] -- Found FastRTPS: /opt/ros/humble/include  
[3.086s] -- Using RMW implementation 'rmw_fastrtps_cpp' as default
[3.100s] -- Looking for pthread.h
[3.332s] -- Looking for pthread.h - found
[3.333s] -- Performing Test CMAKE_HAVE_LIBC_PTHREAD
[3.555s] -- Performing Test CMAKE_HAVE_LIBC_PTHREAD - Success
[3.557s] -- Found Threads: TRUE  
[3.634s] -- Found rclcpp_components: 16.0.15 (/opt/ros/humble/share/rclcpp_components/cmake)
[3.675s] -- Found std_srvs: 4.9.0 (/opt/ros/humble/share/std_srvs/cmake)
[3.689s] -- Found rosidl_default_generators: 1.2.0 (/opt/ros/humble/share/rosidl_default_generators/cmake)
[3.702s] -- Found geometry_msgs: 4.9.0 (/opt/ros/humble/share/geometry_msgs/cmake)
[3.721s] -- Found nav_msgs: 4.9.0 (/opt/ros/humble/share/nav_msgs/cmake)
[3.749s] -- Found sensor_msgs: 4.9.0 (/opt/ros/humble/share/sensor_msgs/cmake)
[3.783s] -- Found tf2: 0.25.16 (/opt/ros/humble/share/tf2/cmake)
[3.792s] -- Found cv_bridge: 3.2.1 (/opt/ros/humble/share/cv_bridge/cmake)
[3.814s] -- Found robot_localization: 3.5.4 (/opt/ros/humble/share/robot_localization/cmake)
[3.931s] -- Found PkgConfig: /usr/bin/pkg-config (found version "0.29.2") 
[3.932s] -- Checking for modules 'gstreamer-1.0;gstreamer-app-1.0;gobject-2.0;glib-2.0'
[3.991s] --   Found gstreamer-1.0, version 1.20.3
[4.018s] --   Found gstreamer-app-1.0, version 1.20.1
[4.049s] --   Found gobject-2.0, version 2.72.4
[4.076s] --   Found glib-2.0, version 2.72.4
[5.016s] -- Found ament_cmake_ros: 0.10.0 (/opt/ros/humble/share/ament_cmake_ros/cmake)
[5.873s] -- Using all available rosidl_typesupport_c: rosidl_typesupport_fastrtps_c;rosidl_typesupport_introspection_c
[6.198s] -- Using all available rosidl_typesupport_cpp: rosidl_typesupport_fastrtps_cpp;rosidl_typesupport_introspection_cpp
[6.244s] -- Found PythonInterp: /usr/bin/python3 (found suitable version "3.10.12", minimum required is "3.6") 
[6.247s] -- Found python_cmake_module: 0.10.0 (/opt/ros/humble/share/python_cmake_module/cmake)
[6.303s] -- Found PythonLibs: /usr/lib/aarch64-linux-gnu/libpython3.10.so (found suitable version "3.10.12", minimum required is "3.5") 
[6.304s] -- Using PYTHON_EXECUTABLE: /usr/bin/python3
[6.304s] -- Using PYTHON_INCLUDE_DIRS: /usr/include/python3.10
[6.305s] -- Using PYTHON_LIBRARIES: /usr/lib/aarch64-linux-gnu/libpython3.10.so
[6.346s] -- Found PythonExtra: .so  
[6.455s] [0mCMake Deprecation Warning at /opt/ros/humble/share/rosidl_cmake/cmake/rosidl_target_interfaces.cmake:32 (message):
[6.456s]   Use rosidl_get_typesupport_target() and target_link_libraries() instead of
[6.456s]   rosidl_target_interfaces()
[6.456s] Call Stack (most recent call first):
[6.456s]   CMakeLists.txt:145 (rosidl_target_interfaces)
[6.456s] 
[6.456s] [0m
[6.461s] [0mCMake Deprecation Warning at /opt/ros/humble/share/rosidl_cmake/cmake/rosidl_target_interfaces.cmake:32 (message):
[6.461s]   Use rosidl_get_typesupport_target() and target_link_libraries() instead of
[6.461s]   rosidl_target_interfaces()
[6.461s] Call Stack (most recent call first):
[6.461s]   CMakeLists.txt:160 (rosidl_target_interfaces)
[6.462s] 
[6.462s] [0m
[6.463s] [0mCMake Deprecation Warning at /opt/ros/humble/share/rosidl_cmake/cmake/rosidl_target_interfaces.cmake:32 (message):
[6.464s]   Use rosidl_get_typesupport_target() and target_link_libraries() instead of
[6.464s]   rosidl_target_interfaces()
[6.464s] Call Stack (most recent call first):
[6.464s]   CMakeLists.txt:175 (rosidl_target_interfaces)
[6.464s] 
[6.464s] [0m
[6.465s] [0mCMake Deprecation Warning at /opt/ros/humble/share/rosidl_cmake/cmake/rosidl_target_interfaces.cmake:32 (message):
[6.465s]   Use rosidl_get_typesupport_target() and target_link_libraries() instead of
[6.465s]   rosidl_target_interfaces()
[6.465s] Call Stack (most recent call first):
[6.465s]   CMakeLists.txt:196 (rosidl_target_interfaces)
[6.465s] 
[6.465s] [0m
[6.467s] [0mCMake Deprecation Warning at /opt/ros/humble/share/rosidl_cmake/cmake/rosidl_target_interfaces.cmake:32 (message):
[6.467s]   Use rosidl_get_typesupport_target() and target_link_libraries() instead of
[6.467s]   rosidl_target_interfaces()
[6.467s] Call Stack (most recent call first):
[6.467s]   CMakeLists.txt:215 (rosidl_target_interfaces)
[6.467s] 
[6.468s] [0m
[6.470s] [0mCMake Deprecation Warning at /opt/ros/humble/share/rosidl_cmake/cmake/rosidl_target_interfaces.cmake:32 (message):
[6.470s]   Use rosidl_get_typesupport_target() and target_link_libraries() instead of
[6.470s]   rosidl_target_interfaces()
[6.470s] Call Stack (most recent call first):
[6.470s]   CMakeLists.txt:241 (rosidl_target_interfaces)
[6.471s] 
[6.471s] [0m
[6.476s] [0mCMake Deprecation Warning at /opt/ros/humble/share/rosidl_cmake/cmake/rosidl_target_interfaces.cmake:32 (message):
[6.477s]   Use rosidl_get_typesupport_target() and target_link_libraries() instead of
[6.477s]   rosidl_target_interfaces()
[6.477s] Call Stack (most recent call first):
[6.478s]   CMakeLists.txt:262 (rosidl_target_interfaces)
[6.478s] 
[6.478s] [0m
[6.480s] [0mCMake Deprecation Warning at /opt/ros/humble/share/rosidl_cmake/cmake/rosidl_target_interfaces.cmake:32 (message):
[6.480s]   Use rosidl_get_typesupport_target() and target_link_libraries() instead of
[6.481s]   rosidl_target_interfaces()
[6.481s] Call Stack (most recent call first):
[6.482s]   CMakeLists.txt:314 (rosidl_target_interfaces)
[6.482s] 
[6.482s] [0m
[6.489s] -- Configuring done
[6.677s] -- Generating done
[6.736s] -- Build files have been written to: /home/avcpp/AV-CPP2025/Vehicle/build/vehicle_core
[6.793s] Invoked command in '/home/avcpp/AV-CPP2025/Vehicle/build/vehicle_core' returned '0': CMAKE_PREFIX_PATH=${CMAKE_PREFIX_PATH}:/opt/ros/humble /usr/bin/cmake /home/avcpp/AV-CPP2025/Vehicle/src/vehicle_core -DCMAKE_INSTALL_PREFIX=/home/avcpp/AV-CPP2025/Vehicle/install/vehicle_core
[6.796s] Invoking command in '/home/avcpp/AV-CPP2025/Vehicle/build/vehicle_core': CMAKE_PREFIX_PATH=${CMAKE_PREFIX_PATH}:/opt/ros/humble /usr/bin/cmake --build /home/avcpp/AV-CPP2025/Vehicle/build/vehicle_core -- -j8 -l8
[6.956s] [  1%] [34m[1mGenerating C code for ROS interfaces[0m
[6.974s] [  1%] Built target ament_cmake_python_copy_vehicle_core
[6.975s] [  1%] [32mBuilding CXX object CMakeFiles/vehicle_core_container.dir/src/vehicle_core_container.cpp.o[0m
[6.989s] [  2%] [34m[1mGenerating C++ code for ROS interfaces[0m
[6.993s] [  2%] [32mBuilding CXX object CMakeFiles/rtsp_streamer_node.dir/src/rtsp_streamer_node.cpp.o[0m
[7.541s] running egg_info
[7.543s] creating vehicle_core.egg-info
[7.562s] writing vehicle_core.egg-info/PKG-INFO
[7.563s] writing dependency_links to vehicle_core.egg-info/dependency_links.txt
[7.564s] writing top-level names to vehicle_core.egg-info/top_level.txt
[7.564s] writing manifest file 'vehicle_core.egg-info/SOURCES.txt'
[7.629s] reading manifest file 'vehicle_core.egg-info/SOURCES.txt'
[7.630s] writing manifest file 'vehicle_core.egg-info/SOURCES.txt'
[7.819s] [  2%] Built target ament_cmake_python_build_vehicle_core_egg
[10.754s] [  2%] [32mBuilding C object CMakeFiles/vehicle_core__rosidl_generator_c.dir/rosidl_generator_c/vehicle_core/msg/detail/drive_target__functions.c.o[0m
[10.784s] [  3%] [32mBuilding C object CMakeFiles/vehicle_core__rosidl_generator_c.dir/rosidl_generator_c/vehicle_core/msg/detail/internal_drive_command__functions.c.o[0m
[10.793s] [  3%] [32mBuilding C object CMakeFiles/vehicle_core__rosidl_generator_c.dir/rosidl_generator_c/vehicle_core/msg/detail/manual_drive_command__functions.c.o[0m
[10.833s] [  4%] [32mBuilding C object CMakeFiles/vehicle_core__rosidl_generator_c.dir/rosidl_generator_c/vehicle_core/msg/detail/max_speed__functions.c.o[0m
[10.836s] [  4%] [32mBuilding C object CMakeFiles/vehicle_core__rosidl_generator_c.dir/rosidl_generator_c/vehicle_core/msg/detail/lights_command__functions.c.o[0m
[10.905s] [  4%] [32mBuilding C object CMakeFiles/vehicle_core__rosidl_generator_c.dir/rosidl_generator_c/vehicle_core/msg/detail/autopilot_command__functions.c.o[0m
[10.956s] [  4%] [32mBuilding C object CMakeFiles/vehicle_core__rosidl_generator_c.dir/rosidl_generator_c/vehicle_core/msg/detail/general_status__functions.c.o[0m
[10.967s] [  5%] [32mBuilding C object CMakeFiles/vehicle_core__rosidl_generator_c.dir/rosidl_generator_c/vehicle_core/msg/detail/drive_status__functions.c.o[0m
[10.971s] [  6%] [32mBuilding C object CMakeFiles/vehicle_core__rosidl_generator_c.dir/rosidl_generator_c/vehicle_core/msg/detail/lights_status__functions.c.o[0m
[10.992s] [  6%] Built target vehicle_core__cpp
[11.009s] [  6%] [32mBuilding C object CMakeFiles/vehicle_core__rosidl_generator_c.dir/rosidl_generator_c/vehicle_core/msg/detail/autopilot_status__functions.c.o[0m
[11.034s] [  7%] [34m[1mGenerating C++ type support dispatch for ROS interfaces[0m
[11.061s] [  7%] [32mBuilding C object CMakeFiles/vehicle_core__rosidl_generator_c.dir/rosidl_generator_c/vehicle_core/msg/detail/telemetry_data__functions.c.o[0m
[11.068s] [  8%] [32mBuilding C object CMakeFiles/vehicle_core__rosidl_generator_c.dir/rosidl_generator_c/vehicle_core/msg/detail/error__functions.c.o[0m
[11.118s] [  8%] [32mBuilding C object CMakeFiles/vehicle_core__rosidl_generator_c.dir/rosidl_generator_c/vehicle_core/msg/detail/server_init__functions.c.o[0m
[11.155s] [  9%] [32mBuilding C object CMakeFiles/vehicle_core__rosidl_generator_c.dir/rosidl_generator_c/vehicle_core/msg/detail/autopilot_config__functions.c.o[0m
[11.172s] [ 10%] [34m[1mGenerating C++ type support for eProsima Fast-RTPS[0m
[11.182s] [ 10%] [32mBuilding C object CMakeFiles/vehicle_core__rosidl_generator_c.dir/rosidl_generator_c/vehicle_core/msg/detail/perception_profile__functions.c.o[0m
[11.230s] [ 11%] [32mBuilding C object CMakeFiles/vehicle_core__rosidl_generator_c.dir/rosidl_generator_c/vehicle_core/msg/detail/state_mode__functions.c.o[0m
[11.246s] [ 11%] [32mBuilding C object CMakeFiles/vehicle_core__rosidl_generator_c.dir/rosidl_generator_c/vehicle_core/msg/detail/state_event__functions.c.o[0m
[11.298s] [ 12%] [32mBuilding C object CMakeFiles/vehicle_core__rosidl_generator_c.dir/rosidl_generator_c/vehicle_core/msg/detail/drive_feedback__functions.c.o[0m
[11.441s] [ 13%] [34m[1mGenerating C++ introspection for ROS interfaces[0m
[11.448s] [ 13%] [32mBuilding C object CMakeFiles/vehicle_core__rosidl_generator_c.dir/rosidl_generator_c/vehicle_core/msg/detail/imu_status__functions.c.o[0m
[11.466s] [ 13%] [32mBuilding C object CMakeFiles/vehicle_core__rosidl_generator_c.dir/rosidl_generator_c/vehicle_core/srv/detail/request_internal_control__functions.c.o[0m
[11.519s] [ 14%] [32mBuilding C object CMakeFiles/vehicle_core__rosidl_generator_c.dir/rosidl_generator_c/vehicle_core/srv/detail/release_internal_control__functions.c.o[0m
[11.693s] [ 14%] [32mBuilding C object CMakeFiles/vehicle_core__rosidl_generator_c.dir/rosidl_generator_c/vehicle_core/srv/detail/set_autopilot_profile__functions.c.o[0m
[11.864s] [ 15%] [32m[1mLinking C shared library libvehicle_core__rosidl_generator_c.so[0m
[12.067s] [ 15%] Built target vehicle_core__rosidl_generator_c
[12.116s] [ 15%] [34m[1mGenerating C introspection for ROS interfaces[0m
[12.116s] [ 15%] [34m[1mGenerating C type support for eProsima Fast-RTPS[0m
[12.125s] [ 15%] [34m[1mGenerating C type support dispatch for ROS interfaces[0m
[13.563s] [ 16%] [32m[1mLinking CXX executable vehicle_core_container[0m
[13.966s] [ 16%] Built target vehicle_core_container
[14.204s] [ 16%] [32mBuilding CXX object CMakeFiles/vehicle_core__rosidl_typesupport_fastrtps_cpp.dir/rosidl_typesupport_fastrtps_cpp/vehicle_core/msg/detail/dds_fastrtps/drive_target__type_support.cpp.o[0m
[14.304s] [ 16%] [32mBuilding CXX object CMakeFiles/vehicle_core__rosidl_typesupport_fastrtps_cpp.dir/rosidl_typesupport_fastrtps_cpp/vehicle_core/msg/detail/dds_fastrtps/internal_drive_command__type_support.cpp.o[0m
[14.366s] [ 16%] [32mBuilding CXX object CMakeFiles/vehicle_core__rosidl_typesupport_cpp.dir/rosidl_typesupport_cpp/vehicle_core/msg/drive_target__type_support.cpp.o[0m
[15.245s] [ 17%] [32mBuilding CXX object CMakeFiles/vehicle_core__rosidl_typesupport_cpp.dir/rosidl_typesupport_cpp/vehicle_core/msg/internal_drive_command__type_support.cpp.o[0m
[15.301s] [ 18%] [32mBuilding CXX object CMakeFiles/vehicle_core__rosidl_typesupport_fastrtps_c.dir/rosidl_typesupport_fastrtps_c/vehicle_core/msg/detail/drive_target__type_support_c.cpp.o[0m
[15.318s] [ 18%] [32mBuilding CXX object CMakeFiles/vehicle_core__rosidl_typesupport_cpp.dir/rosidl_typesupport_cpp/vehicle_core/msg/manual_drive_command__type_support.cpp.o[0m
[15.502s] [ 19%] [32mBuilding CXX object CMakeFiles/vehicle_core__rosidl_typesupport_fastrtps_cpp.dir/rosidl_typesupport_fastrtps_cpp/vehicle_core/msg/detail/dds_fastrtps/manual_drive_command__type_support.cpp.o[0m
[15.864s] [ 19%] [32mBuilding CXX object CMakeFiles/vehicle_core__rosidl_typesupport_fastrtps_cpp.dir/rosidl_typesupport_fastrtps_cpp/vehicle_core/msg/detail/dds_fastrtps/lights_command__type_support.cpp.o[0m
[15.990s] [ 20%] [32mBuilding C object CMakeFiles/vehicle_core__rosidl_typesupport_introspection_c.dir/rosidl_typesupport_introspection_c/vehicle_core/msg/detail/drive_target__type_support.c.o[0m
[16.071s] [ 20%] [32mBuilding CXX object CMakeFiles/vehicle_core__rosidl_typesupport_cpp.dir/rosidl_typesupport_cpp/vehicle_core/msg/lights_command__type_support.cpp.o[0m
[16.122s] [ 20%] [32mBuilding CXX object CMakeFiles/vehicle_core__rosidl_typesupport_introspection_cpp.dir/rosidl_typesupport_introspection_cpp/vehicle_core/msg/detail/drive_target__type_support.cpp.o[0m
[16.133s] [ 21%] [32mBuilding CXX object CMakeFiles/vehicle_core__rosidl_typesupport_fastrtps_cpp.dir/rosidl_typesupport_fastrtps_cpp/vehicle_core/msg/detail/dds_fastrtps/max_speed__type_support.cpp.o[0m
[16.166s] [ 21%] [32mBuilding C object CMakeFiles/vehicle_core__rosidl_typesupport_introspection_c.dir/rosidl_typesupport_introspection_c/vehicle_core/msg/detail/internal_drive_command__type_support.c.o[0m
[16.171s] [ 22%] [32mBuilding CXX object CMakeFiles/vehicle_core__rosidl_typesupport_c.dir/rosidl_typesupport_c/vehicle_core/msg/drive_target__type_support.cpp.o[0m
[16.331s] [ 22%] [32mBuilding CXX object CMakeFiles/vehicle_core__rosidl_typesupport_c.dir/rosidl_typesupport_c/vehicle_core/msg/internal_drive_command__type_support.cpp.o[0m
[16.365s] [ 22%] [32mBuilding C object CMakeFiles/vehicle_core__rosidl_typesupport_introspection_c.dir/rosidl_typesupport_introspection_c/vehicle_core/msg/detail/manual_drive_command__type_support.c.o[0m
[16.474s] [ 23%] [32mBuilding CXX object CMakeFiles/vehicle_core__rosidl_typesupport_c.dir/rosidl_typesupport_c/vehicle_core/msg/manual_drive_command__type_support.cpp.o[0m
[16.526s] [ 24%] [32mBuilding C object CMakeFiles/vehicle_core__rosidl_typesupport_introspection_c.dir/rosidl_typesupport_introspection_c/vehicle_core/msg/detail/lights_command__type_support.c.o[0m
[16.607s] [ 24%] [32mBuilding CXX object CMakeFiles/vehicle_core__rosidl_typesupport_c.dir/rosidl_typesupport_c/vehicle_core/msg/lights_command__type_support.cpp.o[0m
[16.608s] [ 25%] [32mBuilding CXX object CMakeFiles/vehicle_core__rosidl_typesupport_cpp.dir/rosidl_typesupport_cpp/vehicle_core/msg/max_speed__type_support.cpp.o[0m
[16.642s] [ 25%] [32mBuilding C object CMakeFiles/vehicle_core__rosidl_typesupport_introspection_c.dir/rosidl_typesupport_introspection_c/vehicle_core/msg/detail/max_speed__type_support.c.o[0m
[16.687s] [ 25%] [32mBuilding CXX object CMakeFiles/vehicle_core__rosidl_typesupport_c.dir/rosidl_typesupport_c/vehicle_core/msg/max_speed__type_support.cpp.o[0m
[16.731s] [ 26%] [32mBuilding CXX object CMakeFiles/vehicle_core__rosidl_typesupport_c.dir/rosidl_typesupport_c/vehicle_core/msg/autopilot_command__type_support.cpp.o[0m
[16.751s] [ 27%] [32mBuilding C object CMakeFiles/vehicle_core__rosidl_typesupport_introspection_c.dir/rosidl_typesupport_introspection_c/vehicle_core/msg/detail/autopilot_command__type_support.c.o[0m
[16.768s] [ 27%] [32mBuilding CXX object CMakeFiles/vehicle_core__rosidl_typesupport_fastrtps_cpp.dir/rosidl_typesupport_fastrtps_cpp/vehicle_core/msg/detail/dds_fastrtps/autopilot_command__type_support.cpp.o[0m
[16.781s] [ 27%] [32mBuilding CXX object CMakeFiles/vehicle_core__rosidl_typesupport_c.dir/rosidl_typesupport_c/vehicle_core/msg/lights_status__type_support.cpp.o[0m
[16.799s] [ 27%] [32mBuilding C object CMakeFiles/vehicle_core__rosidl_typesupport_introspection_c.dir/rosidl_typesupport_introspection_c/vehicle_core/msg/detail/lights_status__type_support.c.o[0m
[16.900s] [ 28%] [32mBuilding C object CMakeFiles/vehicle_core__rosidl_typesupport_introspection_c.dir/rosidl_typesupport_introspection_c/vehicle_core/msg/detail/general_status__type_support.c.o[0m
[16.908s] [ 29%] [32mBuilding CXX object CMakeFiles/vehicle_core__rosidl_typesupport_c.dir/rosidl_typesupport_c/vehicle_core/msg/general_status__type_support.cpp.o[0m
[16.955s] [ 29%] [32mBuilding CXX object CMakeFiles/vehicle_core__rosidl_typesupport_fastrtps_c.dir/rosidl_typesupport_fastrtps_c/vehicle_core/msg/detail/internal_drive_command__type_support_c.cpp.o[0m
[17.056s] [ 29%] [32mBuilding CXX object CMakeFiles/vehicle_core__rosidl_typesupport_c.dir/rosidl_typesupport_c/vehicle_core/msg/drive_status__type_support.cpp.o[0m
[17.079s] [ 29%] [32mBuilding C object CMakeFiles/vehicle_core__rosidl_typesupport_introspection_c.dir/rosidl_typesupport_introspection_c/vehicle_core/msg/detail/drive_status__type_support.c.o[0m
[17.165s] [ 30%] [32mBuilding CXX object CMakeFiles/vehicle_core__rosidl_typesupport_c.dir/rosidl_typesupport_c/vehicle_core/msg/autopilot_status__type_support.cpp.o[0m
[17.190s] [ 30%] [32mBuilding CXX object CMakeFiles/vehicle_core__rosidl_typesupport_cpp.dir/rosidl_typesupport_cpp/vehicle_core/msg/autopilot_command__type_support.cpp.o[0m
[17.202s] [ 31%] [32mBuilding C object CMakeFiles/vehicle_core__rosidl_typesupport_introspection_c.dir/rosidl_typesupport_introspection_c/vehicle_core/msg/detail/autopilot_status__type_support.c.o[0m
[17.242s] [ 31%] [32mBuilding CXX object CMakeFiles/vehicle_core__rosidl_typesupport_c.dir/rosidl_typesupport_c/vehicle_core/msg/telemetry_data__type_support.cpp.o[0m
[17.292s] [ 31%] [32mBuilding C object CMakeFiles/vehicle_core__rosidl_typesupport_introspection_c.dir/rosidl_typesupport_introspection_c/vehicle_core/msg/detail/telemetry_data__type_support.c.o[0m
[17.344s] [ 32%] [32mBuilding CXX object CMakeFiles/vehicle_core__rosidl_typesupport_c.dir/rosidl_typesupport_c/vehicle_core/msg/error__type_support.cpp.o[0m
[17.383s] [ 32%] [32mBuilding C object CMakeFiles/vehicle_core__rosidl_typesupport_introspection_c.dir/rosidl_typesupport_introspection_c/vehicle_core/msg/detail/error__type_support.c.o[0m
[17.397s] [ 32%] [32mBuilding CXX object CMakeFiles/vehicle_core__rosidl_typesupport_c.dir/rosidl_typesupport_c/vehicle_core/msg/server_init__type_support.cpp.o[0m
[17.462s] [ 33%] [32mBuilding C object CMakeFiles/vehicle_core__rosidl_typesupport_introspection_c.dir/rosidl_typesupport_introspection_c/vehicle_core/msg/detail/server_init__type_support.c.o[0m
[17.502s] [ 33%] [32mBuilding CXX object CMakeFiles/vehicle_core__rosidl_typesupport_c.dir/rosidl_typesupport_c/vehicle_core/msg/autopilot_config__type_support.cpp.o[0m
[17.542s] [ 33%] [32mBuilding C object CMakeFiles/vehicle_core__rosidl_typesupport_introspection_c.dir/rosidl_typesupport_introspection_c/vehicle_core/msg/detail/autopilot_config__type_support.c.o[0m
[17.552s] [ 34%] [32mBuilding CXX object CMakeFiles/vehicle_core__rosidl_typesupport_c.dir/rosidl_typesupport_c/vehicle_core/msg/perception_profile__type_support.cpp.o[0m
[17.619s] [ 35%] [32mBuilding C object CMakeFiles/vehicle_core__rosidl_typesupport_introspection_c.dir/rosidl_typesupport_introspection_c/vehicle_core/msg/detail/perception_profile__type_support.c.o[0m
[17.624s] [ 36%] [32mBuilding CXX object CMakeFiles/vehicle_core__rosidl_typesupport_cpp.dir/rosidl_typesupport_cpp/vehicle_core/msg/lights_status__type_support.cpp.o[0m
[17.641s] [ 36%] [32mBuilding CXX object CMakeFiles/vehicle_core__rosidl_typesupport_c.dir/rosidl_typesupport_c/vehicle_core/msg/state_mode__type_support.cpp.o[0m
[17.703s] [ 36%] [32mBuilding C object CMakeFiles/vehicle_core__rosidl_typesupport_introspection_c.dir/rosidl_typesupport_introspection_c/vehicle_core/msg/detail/state_mode__type_support.c.o[0m
[17.739s] [ 37%] [32mBuilding CXX object CMakeFiles/vehicle_core__rosidl_typesupport_c.dir/rosidl_typesupport_c/vehicle_core/msg/state_event__type_support.cpp.o[0m
[17.801s] [ 37%] [32mBuilding CXX object CMakeFiles/vehicle_core__rosidl_typesupport_introspection_cpp.dir/rosidl_typesupport_introspection_cpp/vehicle_core/msg/detail/internal_drive_command__type_support.cpp.o[0m
[17.818s] [ 38%] [32mBuilding CXX object CMakeFiles/vehicle_core__rosidl_typesupport_fastrtps_cpp.dir/rosidl_typesupport_fastrtps_cpp/vehicle_core/msg/detail/dds_fastrtps/lights_status__type_support.cpp.o[0m
[17.840s] [ 39%] [32mBuilding C object CMakeFiles/vehicle_core__rosidl_typesupport_introspection_c.dir/rosidl_typesupport_introspection_c/vehicle_core/msg/detail/state_event__type_support.c.o[0m
[17.876s] [ 39%] [32mBuilding CXX object CMakeFiles/vehicle_core__rosidl_typesupport_c.dir/rosidl_typesupport_c/vehicle_core/msg/drive_feedback__type_support.cpp.o[0m
[17.895s] [ 39%] [32mBuilding C object CMakeFiles/vehicle_core__rosidl_typesupport_introspection_c.dir/rosidl_typesupport_introspection_c/vehicle_core/msg/detail/drive_feedback__type_support.c.o[0m
[17.936s] [ 40%] [32mBuilding CXX object CMakeFiles/vehicle_core__rosidl_typesupport_c.dir/rosidl_typesupport_c/vehicle_core/msg/imu_status__type_support.cpp.o[0m
[17.945s] [ 40%] [32mBuilding C object CMakeFiles/vehicle_core__rosidl_typesupport_introspection_c.dir/rosidl_typesupport_introspection_c/vehicle_core/msg/detail/imu_status__type_support.c.o[0m
[18.006s] [ 40%] [32mBuilding CXX object CMakeFiles/vehicle_core__rosidl_typesupport_c.dir/rosidl_typesupport_c/vehicle_core/srv/request_internal_control__type_support.cpp.o[0m
[18.059s] [ 41%] [32mBuilding C object CMakeFiles/vehicle_core__rosidl_typesupport_introspection_c.dir/rosidl_typesupport_introspection_c/vehicle_core/srv/detail/request_internal_control__type_support.c.o[0m
[18.088s] [ 41%] [32mBuilding CXX object CMakeFiles/vehicle_core__rosidl_typesupport_c.dir/rosidl_typesupport_c/vehicle_core/srv/release_internal_control__type_support.cpp.o[0m
[18.100s] [ 41%] [32mBuilding CXX object CMakeFiles/vehicle_core__rosidl_typesupport_cpp.dir/rosidl_typesupport_cpp/vehicle_core/msg/general_status__type_support.cpp.o[0m
[18.168s] [ 42%] [32mBuilding CXX object CMakeFiles/vehicle_core__rosidl_typesupport_c.dir/rosidl_typesupport_c/vehicle_core/srv/set_autopilot_profile__type_support.cpp.o[0m
[18.228s] [ 43%] [32mBuilding CXX object CMakeFiles/vehicle_core__rosidl_typesupport_cpp.dir/rosidl_typesupport_cpp/vehicle_core/msg/drive_status__type_support.cpp.o[0m
[18.269s] [ 43%] [32mBuilding C object CMakeFiles/vehicle_core__rosidl_typesupport_introspection_c.dir/rosidl_typesupport_introspection_c/vehicle_core/srv/detail/release_internal_control__type_support.c.o[0m
[18.338s] [ 43%] [32m[1mLinking CXX shared library libvehicle_core__rosidl_typesupport_c.so[0m
[18.447s] [ 44%] [32mBuilding C object CMakeFiles/vehicle_core__rosidl_typesupport_introspection_c.dir/rosidl_typesupport_introspection_c/vehicle_core/srv/detail/set_autopilot_profile__type_support.c.o[0m
[18.483s] [ 45%] [32mBuilding CXX object CMakeFiles/vehicle_core__rosidl_typesupport_introspection_cpp.dir/rosidl_typesupport_introspection_cpp/vehicle_core/msg/detail/manual_drive_command__type_support.cpp.o[0m
[18.489s] [ 45%] Built target vehicle_core__rosidl_typesupport_c
[18.519s] [ 45%] [32mBuilding CXX object CMakeFiles/vehicle_core__rosidl_typesupport_fastrtps_cpp.dir/rosidl_typesupport_fastrtps_cpp/vehicle_core/msg/detail/dds_fastrtps/general_status__type_support.cpp.o[0m
[18.552s] [ 45%] [32mBuilding CXX object CMakeFiles/vehicle_core__rosidl_typesupport_cpp.dir/rosidl_typesupport_cpp/vehicle_core/msg/autopilot_status__type_support.cpp.o[0m
[18.576s] [ 45%] [32m[1mLinking C shared library libvehicle_core__rosidl_typesupport_introspection_c.so[0m
[18.635s] [ 46%] [32mBuilding CXX object CMakeFiles/vehicle_core__rosidl_typesupport_fastrtps_c.dir/rosidl_typesupport_fastrtps_c/vehicle_core/msg/detail/manual_drive_command__type_support_c.cpp.o[0m
[18.754s] [ 46%] Built target vehicle_core__rosidl_typesupport_introspection_c
[18.798s] [ 46%] [32mBuilding CXX object CMakeFiles/vehicle_core__rosidl_typesupport_fastrtps_c.dir/rosidl_typesupport_fastrtps_c/vehicle_core/msg/detail/lights_command__type_support_c.cpp.o[0m
[18.983s] [ 47%] [32mBuilding CXX object CMakeFiles/vehicle_core__rosidl_typesupport_cpp.dir/rosidl_typesupport_cpp/vehicle_core/msg/telemetry_data__type_support.cpp.o[0m
[19.322s] [ 48%] [32mBuilding CXX object CMakeFiles/vehicle_core__rosidl_typesupport_fastrtps_cpp.dir/rosidl_typesupport_fastrtps_cpp/vehicle_core/msg/detail/dds_fastrtps/drive_status__type_support.cpp.o[0m
[19.423s] [ 48%] [32mBuilding CXX object CMakeFiles/vehicle_core__rosidl_typesupport_cpp.dir/rosidl_typesupport_cpp/vehicle_core/msg/error__type_support.cpp.o[0m
[19.561s] [ 48%] [32mBuilding CXX object CMakeFiles/vehicle_core__rosidl_typesupport_fastrtps_cpp.dir/rosidl_typesupport_fastrtps_cpp/vehicle_core/msg/detail/dds_fastrtps/autopilot_status__type_support.cpp.o[0m
[19.631s] [ 48%] [32mBuilding CXX object CMakeFiles/vehicle_core__rosidl_typesupport_introspection_cpp.dir/rosidl_typesupport_introspection_cpp/vehicle_core/msg/detail/lights_command__type_support.cpp.o[0m
[19.840s] [ 48%] [32mBuilding CXX object CMakeFiles/vehicle_core__rosidl_typesupport_cpp.dir/rosidl_typesupport_cpp/vehicle_core/msg/server_init__type_support.cpp.o[0m
[19.870s] [ 49%] [32mBuilding CXX object CMakeFiles/vehicle_core__rosidl_typesupport_introspection_cpp.dir/rosidl_typesupport_introspection_cpp/vehicle_core/msg/detail/max_speed__type_support.cpp.o[0m
[20.288s] [ 49%] [32mBuilding CXX object CMakeFiles/vehicle_core__rosidl_typesupport_fastrtps_c.dir/rosidl_typesupport_fastrtps_c/vehicle_core/msg/detail/max_speed__type_support_c.cpp.o[0m
[20.302s] [ 50%] [32mBuilding CXX object CMakeFiles/vehicle_core__rosidl_typesupport_cpp.dir/rosidl_typesupport_cpp/vehicle_core/msg/autopilot_config__type_support.cpp.o[0m
[20.378s] [ 50%] [32mBuilding CXX object CMakeFiles/vehicle_core__rosidl_typesupport_introspection_cpp.dir/rosidl_typesupport_introspection_cpp/vehicle_core/msg/detail/autopilot_command__type_support.cpp.o[0m
[20.450s] [ 51%] [32mBuilding CXX object CMakeFiles/vehicle_core__rosidl_typesupport_introspection_cpp.dir/rosidl_typesupport_introspection_cpp/vehicle_core/msg/detail/lights_status__type_support.cpp.o[0m
[20.675s] [ 51%] [32mBuilding CXX object CMakeFiles/vehicle_core__rosidl_typesupport_fastrtps_cpp.dir/rosidl_typesupport_fastrtps_cpp/vehicle_core/msg/detail/dds_fastrtps/telemetry_data__type_support.cpp.o[0m
[20.823s] [ 52%] [32mBuilding CXX object CMakeFiles/vehicle_core__rosidl_typesupport_fastrtps_c.dir/rosidl_typesupport_fastrtps_c/vehicle_core/msg/detail/autopilot_command__type_support_c.cpp.o[0m
[21.075s] [ 52%] [32mBuilding CXX object CMakeFiles/vehicle_core__rosidl_typesupport_introspection_cpp.dir/rosidl_typesupport_introspection_cpp/vehicle_core/msg/detail/general_status__type_support.cpp.o[0m
[21.272s] [ 53%] [32mBuilding CXX object CMakeFiles/vehicle_core__rosidl_typesupport_fastrtps_cpp.dir/rosidl_typesupport_fastrtps_cpp/vehicle_core/msg/detail/dds_fastrtps/error__type_support.cpp.o[0m
[21.359s] [ 53%] [32mBuilding CXX object CMakeFiles/vehicle_core__rosidl_typesupport_fastrtps_c.dir/rosidl_typesupport_fastrtps_c/vehicle_core/msg/detail/lights_status__type_support_c.cpp.o[0m
[21.580s] [ 53%] [32mBuilding CXX object CMakeFiles/vehicle_core__rosidl_typesupport_cpp.dir/rosidl_typesupport_cpp/vehicle_core/msg/perception_profile__type_support.cpp.o[0m
[21.599s] [ 54%] [32mBuilding CXX object CMakeFiles/vehicle_core__rosidl_typesupport_fastrtps_c.dir/rosidl_typesupport_fastrtps_c/vehicle_core/msg/detail/general_status__type_support_c.cpp.o[0m
[21.816s] [ 54%] [32mBuilding CXX object CMakeFiles/vehicle_core__rosidl_typesupport_introspection_cpp.dir/rosidl_typesupport_introspection_cpp/vehicle_core/msg/detail/drive_status__type_support.cpp.o[0m
[21.832s] [ 54%] [32mBuilding CXX object CMakeFiles/vehicle_core__rosidl_typesupport_fastrtps_cpp.dir/rosidl_typesupport_fastrtps_cpp/vehicle_core/msg/detail/dds_fastrtps/server_init__type_support.cpp.o[0m
[22.022s] [ 55%] [32mBuilding CXX object CMakeFiles/vehicle_core__rosidl_typesupport_introspection_cpp.dir/rosidl_typesupport_introspection_cpp/vehicle_core/msg/detail/autopilot_status__type_support.cpp.o[0m
[22.072s] [ 55%] [32mBuilding CXX object CMakeFiles/vehicle_core__rosidl_typesupport_introspection_cpp.dir/rosidl_typesupport_introspection_cpp/vehicle_core/msg/detail/telemetry_data__type_support.cpp.o[0m
[22.482s] [ 56%] [32mBuilding CXX object CMakeFiles/vehicle_core__rosidl_typesupport_cpp.dir/rosidl_typesupport_cpp/vehicle_core/msg/state_mode__type_support.cpp.o[0m
[22.567s] [ 56%] [32mBuilding CXX object CMakeFiles/vehicle_core__rosidl_typesupport_cpp.dir/rosidl_typesupport_cpp/vehicle_core/msg/state_event__type_support.cpp.o[0m
[22.680s] [ 57%] [32mBuilding CXX object CMakeFiles/vehicle_core__rosidl_typesupport_fastrtps_cpp.dir/rosidl_typesupport_fastrtps_cpp/vehicle_core/msg/detail/dds_fastrtps/autopilot_config__type_support.cpp.o[0m
[22.702s] [ 58%] [32mBuilding CXX object CMakeFiles/vehicle_core__rosidl_typesupport_cpp.dir/rosidl_typesupport_cpp/vehicle_core/msg/drive_feedback__type_support.cpp.o[0m
[22.874s] [ 59%] [32mBuilding CXX object CMakeFiles/vehicle_core__rosidl_typesupport_introspection_cpp.dir/rosidl_typesupport_introspection_cpp/vehicle_core/msg/detail/error__type_support.cpp.o[0m
[22.918s] [ 59%] [32mBuilding CXX object CMakeFiles/vehicle_core__rosidl_typesupport_cpp.dir/rosidl_typesupport_cpp/vehicle_core/msg/imu_status__type_support.cpp.o[0m
[23.099s] [ 59%] [32mBuilding CXX object CMakeFiles/vehicle_core__rosidl_typesupport_cpp.dir/rosidl_typesupport_cpp/vehicle_core/srv/request_internal_control__type_support.cpp.o[0m
[23.114s] [ 60%] [32mBuilding CXX object CMakeFiles/vehicle_core__rosidl_typesupport_cpp.dir/rosidl_typesupport_cpp/vehicle_core/srv/release_internal_control__type_support.cpp.o[0m
[23.218s] [ 60%] [32mBuilding CXX object CMakeFiles/vehicle_core__rosidl_typesupport_fastrtps_c.dir/rosidl_typesupport_fastrtps_c/vehicle_core/msg/detail/drive_status__type_support_c.cpp.o[0m
[23.307s] [ 61%] [32mBuilding CXX object CMakeFiles/vehicle_core__rosidl_typesupport_fastrtps_c.dir/rosidl_typesupport_fastrtps_c/vehicle_core/msg/detail/autopilot_status__type_support_c.cpp.o[0m
[23.547s] [ 61%] [32mBuilding CXX object CMakeFiles/vehicle_core__rosidl_typesupport_introspection_cpp.dir/rosidl_typesupport_introspection_cpp/vehicle_core/msg/detail/server_init__type_support.cpp.o[0m
[23.560s] [ 61%] [32mBuilding CXX object CMakeFiles/vehicle_core__rosidl_typesupport_cpp.dir/rosidl_typesupport_cpp/vehicle_core/srv/set_autopilot_profile__type_support.cpp.o[0m
[23.561s] [ 62%] [32mBuilding CXX object CMakeFiles/vehicle_core__rosidl_typesupport_introspection_cpp.dir/rosidl_typesupport_introspection_cpp/vehicle_core/msg/detail/autopilot_config__type_support.cpp.o[0m
[23.783s] [ 62%] [32mBuilding CXX object CMakeFiles/vehicle_core__rosidl_typesupport_introspection_cpp.dir/rosidl_typesupport_introspection_cpp/vehicle_core/msg/detail/perception_profile__type_support.cpp.o[0m
[23.799s] [ 62%] [32mBuilding CXX object CMakeFiles/vehicle_core__rosidl_typesupport_fastrtps_c.dir/rosidl_typesupport_fastrtps_c/vehicle_core/msg/detail/telemetry_data__type_support_c.cpp.o[0m
[24.045s] [ 63%] [32mBuilding CXX object CMakeFiles/vehicle_core__rosidl_typesupport_introspection_cpp.dir/rosidl_typesupport_introspection_cpp/vehicle_core/msg/detail/state_mode__type_support.cpp.o[0m
[24.092s] [ 64%] [32m[1mLinking CXX shared library libvehicle_core__rosidl_typesupport_cpp.so[0m
[24.183s] [ 64%] Built target vehicle_core__rosidl_typesupport_cpp
[24.197s] [ 64%] [32mBuilding CXX object CMakeFiles/vehicle_core__rosidl_typesupport_introspection_cpp.dir/rosidl_typesupport_introspection_cpp/vehicle_core/msg/detail/state_event__type_support.cpp.o[0m
[24.353s] [ 64%] [32mBuilding CXX object CMakeFiles/vehicle_core__rosidl_typesupport_fastrtps_c.dir/rosidl_typesupport_fastrtps_c/vehicle_core/msg/detail/error__type_support_c.cpp.o[0m
[24.559s] [ 65%] [32mBuilding CXX object CMakeFiles/vehicle_core__rosidl_typesupport_fastrtps_c.dir/rosidl_typesupport_fastrtps_c/vehicle_core/msg/detail/server_init__type_support_c.cpp.o[0m
[24.814s] [ 65%] [32mBuilding CXX object CMakeFiles/vehicle_core__rosidl_typesupport_introspection_cpp.dir/rosidl_typesupport_introspection_cpp/vehicle_core/msg/detail/drive_feedback__type_support.cpp.o[0m
[24.890s] [ 66%] [32mBuilding CXX object CMakeFiles/vehicle_core__rosidl_typesupport_introspection_cpp.dir/rosidl_typesupport_introspection_cpp/vehicle_core/msg/detail/imu_status__type_support.cpp.o[0m
[25.130s] [ 66%] [32mBuilding CXX object CMakeFiles/vehicle_core__rosidl_typesupport_introspection_cpp.dir/rosidl_typesupport_introspection_cpp/vehicle_core/srv/detail/request_internal_control__type_support.cpp.o[0m
[25.136s] [ 66%] [32mBuilding CXX object CMakeFiles/vehicle_core__rosidl_typesupport_fastrtps_c.dir/rosidl_typesupport_fastrtps_c/vehicle_core/msg/detail/autopilot_config__type_support_c.cpp.o[0m
[25.170s] [ 66%] [32mBuilding CXX object CMakeFiles/vehicle_core__rosidl_typesupport_fastrtps_cpp.dir/rosidl_typesupport_fastrtps_cpp/vehicle_core/msg/detail/dds_fastrtps/perception_profile__type_support.cpp.o[0m
[25.489s] [ 67%] [32mBuilding CXX object CMakeFiles/vehicle_core__rosidl_typesupport_introspection_cpp.dir/rosidl_typesupport_introspection_cpp/vehicle_core/srv/detail/release_internal_control__type_support.cpp.o[0m
[25.504s] [ 67%] [32mBuilding CXX object CMakeFiles/vehicle_core__rosidl_typesupport_introspection_cpp.dir/rosidl_typesupport_introspection_cpp/vehicle_core/srv/detail/set_autopilot_profile__type_support.cpp.o[0m
[25.680s] [ 68%] [32mBuilding CXX object CMakeFiles/vehicle_core__rosidl_typesupport_fastrtps_cpp.dir/rosidl_typesupport_fastrtps_cpp/vehicle_core/msg/detail/dds_fastrtps/state_mode__type_support.cpp.o[0m
[25.811s] [ 68%] [32mBuilding CXX object CMakeFiles/vehicle_core__rosidl_typesupport_fastrtps_cpp.dir/rosidl_typesupport_fastrtps_cpp/vehicle_core/msg/detail/dds_fastrtps/state_event__type_support.cpp.o[0m
[25.940s] [ 69%] [32mBuilding CXX object CMakeFiles/vehicle_core__rosidl_typesupport_fastrtps_c.dir/rosidl_typesupport_fastrtps_c/vehicle_core/msg/detail/perception_profile__type_support_c.cpp.o[0m
[25.965s] [ 70%] [32mBuilding CXX object CMakeFiles/vehicle_core__rosidl_typesupport_fastrtps_cpp.dir/rosidl_typesupport_fastrtps_cpp/vehicle_core/msg/detail/dds_fastrtps/drive_feedback__type_support.cpp.o[0m
[26.305s] [ 70%] [32mBuilding CXX object CMakeFiles/vehicle_core__rosidl_typesupport_fastrtps_cpp.dir/rosidl_typesupport_fastrtps_cpp/vehicle_core/msg/detail/dds_fastrtps/imu_status__type_support.cpp.o[0m
[26.446s] [ 70%] [32mBuilding CXX object CMakeFiles/vehicle_core__rosidl_typesupport_fastrtps_c.dir/rosidl_typesupport_fastrtps_c/vehicle_core/msg/detail/state_mode__type_support_c.cpp.o[0m
[26.535s] [ 70%] [32mBuilding CXX object CMakeFiles/vehicle_core__rosidl_typesupport_fastrtps_cpp.dir/rosidl_typesupport_fastrtps_cpp/vehicle_core/srv/detail/dds_fastrtps/request_internal_control__type_support.cpp.o[0m
[26.877s] [ 71%] [32mBuilding CXX object CMakeFiles/vehicle_core__rosidl_typesupport_fastrtps_c.dir/rosidl_typesupport_fastrtps_c/vehicle_core/msg/detail/state_event__type_support_c.cpp.o[0m
[26.956s] [ 71%] [32mBuilding CXX object CMakeFiles/vehicle_core__rosidl_typesupport_fastrtps_c.dir/rosidl_typesupport_fastrtps_c/vehicle_core/msg/detail/drive_feedback__type_support_c.cpp.o[0m
[27.012s] [ 72%] [32mBuilding CXX object CMakeFiles/vehicle_core__rosidl_typesupport_fastrtps_cpp.dir/rosidl_typesupport_fastrtps_cpp/vehicle_core/srv/detail/dds_fastrtps/release_internal_control__type_support.cpp.o[0m
[27.082s] [ 72%] [32mBuilding CXX object CMakeFiles/vehicle_core__rosidl_typesupport_fastrtps_cpp.dir/rosidl_typesupport_fastrtps_cpp/vehicle_core/srv/detail/dds_fastrtps/set_autopilot_profile__type_support.cpp.o[0m
[27.336s] [ 73%] [32m[1mLinking CXX shared library libvehicle_core__rosidl_typesupport_introspection_cpp.so[0m
[27.524s] [ 74%] [32mBuilding CXX object CMakeFiles/vehicle_core__rosidl_typesupport_fastrtps_c.dir/rosidl_typesupport_fastrtps_c/vehicle_core/msg/detail/imu_status__type_support_c.cpp.o[0m
[27.626s] [ 74%] Built target vehicle_core__rosidl_typesupport_introspection_cpp
[27.634s] [ 74%] [32mBuilding CXX object CMakeFiles/vehicle_core__rosidl_typesupport_fastrtps_c.dir/rosidl_typesupport_fastrtps_c/vehicle_core/srv/detail/request_internal_control__type_support_c.cpp.o[0m
[27.637s] [ 74%] [32mBuilding CXX object CMakeFiles/vehicle_core__rosidl_typesupport_fastrtps_c.dir/rosidl_typesupport_fastrtps_c/vehicle_core/srv/detail/release_internal_control__type_support_c.cpp.o[0m
[27.751s] [ 75%] [32mBuilding CXX object CMakeFiles/vehicle_core__rosidl_typesupport_fastrtps_c.dir/rosidl_typesupport_fastrtps_c/vehicle_core/srv/detail/set_autopilot_profile__type_support_c.cpp.o[0m
[28.376s] [ 76%] [32m[1mLinking CXX shared library libvehicle_core__rosidl_typesupport_fastrtps_cpp.so[0m
[28.542s] [ 76%] [32m[1mLinking CXX shared library libvehicle_core__rosidl_typesupport_fastrtps_c.so[0m
[28.595s] [ 76%] Built target vehicle_core__rosidl_typesupport_fastrtps_cpp
[28.735s] [ 76%] Built target vehicle_core__rosidl_typesupport_fastrtps_c
[28.798s] [ 76%] Built target vehicle_core
[28.841s] [ 77%] [32mBuilding CXX object CMakeFiles/drive_arbiter_node_component.dir/src/drive_arbiter.cpp.o[0m
[28.854s] [ 77%] [32mBuilding CXX object CMakeFiles/state_manager_node_component.dir/src/state_manager.cpp.o[0m
[28.855s] [ 77%] [32mBuilding CXX object CMakeFiles/gt_u7_gps_node_component.dir/src/gt_u7_gps_node.cpp.o[0m
[28.867s] [ 77%] [34m[1mGenerating Python code for ROS interfaces[0m
[28.871s] [ 78%] [32mBuilding CXX object CMakeFiles/tcp_server_node_component.dir/src/tcp_server_node.cpp.o[0m
[28.873s] [ 79%] [32mBuilding CXX object CMakeFiles/heading_calibrator_node_component.dir/src/heading_calibrator_node.cpp.o[0m
[28.885s] [ 80%] [32mBuilding CXX object CMakeFiles/i2c_bridge_node.dir/src/i2c_bridge_node.cpp.o[0m
[30.425s] [ 81%] [32m[1mLinking CXX shared library librtsp_streamer_node.so[0m
[34.242s] [ 81%] Built target rtsp_streamer_node
[34.273s] [ 81%] [32mBuilding CXX object CMakeFiles/autopilot_node_component.dir/src/Autopilot/autopilot_node.cpp.o[0m
[38.062s] [ 82%] [32mBuilding CXX object CMakeFiles/gt_u7_gps_node_component.dir/src/Devices/GtU7Gps.cpp.o[0m
[41.597s] [ 82%] [32m[1mLinking CXX shared library libgt_u7_gps_node_component.so[0m
[42.206s] [ 82%] Built target gt_u7_gps_node_component
[42.288s] [ 83%] [32mBuilding CXX object CMakeFiles/gst_camera_component.dir/src/gst_camera_node.cpp.o[0m
[44.564s] [ 83%] Built target vehicle_core__py
[44.598s] [ 83%] [32mBuilding C object CMakeFiles/vehicle_core__rosidl_generator_py.dir/rosidl_generator_py/vehicle_core/msg/_drive_target_s.c.o[0m
[45.174s] [ 84%] [32mBuilding C object CMakeFiles/vehicle_core__rosidl_generator_py.dir/rosidl_generator_py/vehicle_core/msg/_internal_drive_command_s.c.o[0m
[45.739s] [ 84%] [32mBuilding C object CMakeFiles/vehicle_core__rosidl_generator_py.dir/rosidl_generator_py/vehicle_core/msg/_manual_drive_command_s.c.o[0m
[46.268s] [ 85%] [32mBuilding C object CMakeFiles/vehicle_core__rosidl_generator_py.dir/rosidl_generator_py/vehicle_core/msg/_lights_command_s.c.o[0m
[46.792s] [ 85%] [32mBuilding C object CMakeFiles/vehicle_core__rosidl_generator_py.dir/rosidl_generator_py/vehicle_core/msg/_max_speed_s.c.o[0m
[47.317s] [ 85%] [32mBuilding C object CMakeFiles/vehicle_core__rosidl_generator_py.dir/rosidl_generator_py/vehicle_core/msg/_autopilot_command_s.c.o[0m
[47.890s] [ 86%] [32mBuilding C object CMakeFiles/vehicle_core__rosidl_generator_py.dir/rosidl_generator_py/vehicle_core/msg/_lights_status_s.c.o[0m
[48.053s] [ 86%] [32mBuilding C object CMakeFiles/vehicle_core__rosidl_generator_py.dir/rosidl_generator_py/vehicle_core/msg/_general_status_s.c.o[0m
[48.207s] [ 87%] [32mBuilding C object CMakeFiles/vehicle_core__rosidl_generator_py.dir/rosidl_generator_py/vehicle_core/msg/_drive_status_s.c.o[0m
[48.362s] [ 87%] [32mBuilding C object CMakeFiles/vehicle_core__rosidl_generator_py.dir/rosidl_generator_py/vehicle_core/msg/_autopilot_status_s.c.o[0m
[48.574s] [ 88%] [32mBuilding C object CMakeFiles/vehicle_core__rosidl_generator_py.dir/rosidl_generator_py/vehicle_core/msg/_telemetry_data_s.c.o[0m
[48.745s] [ 88%] [32mBuilding C object CMakeFiles/vehicle_core__rosidl_generator_py.dir/rosidl_generator_py/vehicle_core/msg/_error_s.c.o[0m
[49.010s] [ 88%] [32mBuilding C object CMakeFiles/vehicle_core__rosidl_generator_py.dir/rosidl_generator_py/vehicle_core/msg/_server_init_s.c.o[0m
[49.182s] [ 89%] [32mBuilding C object CMakeFiles/vehicle_core__rosidl_generator_py.dir/rosidl_generator_py/vehicle_core/msg/_autopilot_config_s.c.o[0m
[49.370s] [ 89%] [32mBuilding C object CMakeFiles/vehicle_core__rosidl_generator_py.dir/rosidl_generator_py/vehicle_core/msg/_perception_profile_s.c.o[0m
[49.532s] [ 90%] [32mBuilding C object CMakeFiles/vehicle_core__rosidl_generator_py.dir/rosidl_generator_py/vehicle_core/msg/_state_mode_s.c.o[0m
[49.682s] [ 90%] [32mBuilding C object CMakeFiles/vehicle_core__rosidl_generator_py.dir/rosidl_generator_py/vehicle_core/msg/_state_event_s.c.o[0m
[49.838s] [ 91%] [32mBuilding C object CMakeFiles/vehicle_core__rosidl_generator_py.dir/rosidl_generator_py/vehicle_core/msg/_drive_feedback_s.c.o[0m
[49.987s] [ 91%] [32mBuilding C object CMakeFiles/vehicle_core__rosidl_generator_py.dir/rosidl_generator_py/vehicle_core/msg/_imu_status_s.c.o[0m
[50.154s] [ 92%] [32mBuilding C object CMakeFiles/vehicle_core__rosidl_generator_py.dir/rosidl_generator_py/vehicle_core/srv/_request_internal_control_s.c.o[0m
[50.322s] [ 92%] [32mBuilding C object CMakeFiles/vehicle_core__rosidl_generator_py.dir/rosidl_generator_py/vehicle_core/srv/_release_internal_control_s.c.o[0m
[50.490s] [ 92%] [32mBuilding C object CMakeFiles/vehicle_core__rosidl_generator_py.dir/rosidl_generator_py/vehicle_core/srv/_set_autopilot_profile_s.c.o[0m
[50.684s] [ 93%] [32m[1mLinking C shared library rosidl_generator_py/vehicle_core/libvehicle_core__rosidl_generator_py.so[0m
[50.763s] [ 93%] Built target vehicle_core__rosidl_generator_py
[50.794s] [ 94%] [32mBuilding C object CMakeFiles/vehicle_core__rosidl_typesupport_fastrtps_c__pyext.dir/rosidl_generator_py/vehicle_core/_vehicle_core_s.ep.rosidl_typesupport_fastrtps_c.c.o[0m
[51.082s] [ 94%] [32m[1mLinking C shared library rosidl_generator_py/vehicle_core/vehicle_core_s__rosidl_typesupport_fastrtps_c.cpython-310-aarch64-linux-gnu.so[0m
[51.143s] [ 94%] Built target vehicle_core__rosidl_typesupport_fastrtps_c__pyext
[51.175s] [ 95%] [32mBuilding C object CMakeFiles/vehicle_core__rosidl_typesupport_introspection_c__pyext.dir/rosidl_generator_py/vehicle_core/_vehicle_core_s.ep.rosidl_typesupport_introspection_c.c.o[0m
[51.464s] [ 95%] [32m[1mLinking C shared library rosidl_generator_py/vehicle_core/vehicle_core_s__rosidl_typesupport_introspection_c.cpython-310-aarch64-linux-gnu.so[0m
[51.526s] [ 95%] Built target vehicle_core__rosidl_typesupport_introspection_c__pyext
[51.558s] [ 96%] [32mBuilding C object CMakeFiles/vehicle_core__rosidl_typesupport_c__pyext.dir/rosidl_generator_py/vehicle_core/_vehicle_core_s.ep.rosidl_typesupport_c.c.o[0m
[51.861s] [ 96%] [32m[1mLinking C shared library rosidl_generator_py/vehicle_core/vehicle_core_s__rosidl_typesupport_c.cpython-310-aarch64-linux-gnu.so[0m
[51.922s] [ 96%] Built target vehicle_core__rosidl_typesupport_c__pyext
[51.935s] [ 96%] [32mBuilding CXX object CMakeFiles/autopilot_node_component.dir/src/Autopilot/KmlPathLoader.cpp.o[0m
[54.248s] [ 97%] [32mBuilding CXX object CMakeFiles/autopilot_node_component.dir/src/Autopilot/PurePursuit.cpp.o[0m
[54.984s] [ 97%] [32mBuilding CXX object CMakeFiles/i2c_bridge_node.dir/src/Devices/I2C/I2CBus.cpp.o[0m
[55.320s] [ 97%] [32m[1mLinking CXX shared library libgst_camera_component.so[0m
[57.081s] [ 98%] [32mBuilding CXX object CMakeFiles/i2c_bridge_node.dir/src/Devices/I2C/I2CBusRegistry.cpp.o[0m
[58.138s] [ 98%] Built target gst_camera_component
[58.173s] [ 98%] [32mBuilding CXX object CMakeFiles/i2c_bridge_node.dir/src/Devices/I2C/I2CDevice.cpp.o[0m
[59.136s] [ 98%] [32m[1mLinking CXX shared library libstate_manager_node_component.so[0m
[60.087s] [ 98%] [32mBuilding CXX object CMakeFiles/i2c_bridge_node.dir/src/Devices/BNO055.cpp.o[0m
[60.087s] [ 99%] [32mBuilding CXX object CMakeFiles/i2c_bridge_node.dir/src/Devices/DriveSubsys.cpp.o[0m
[61.848s] [ 99%] [32m[1mLinking CXX shared library libautopilot_node_component.so[0m
[62.344s] [ 99%] [32mBuilding CXX object CMakeFiles/i2c_bridge_node.dir/src/Devices/LightingSubsys.cpp.o[0m
[62.658s] [ 99%] Built target state_manager_node_component
[66.193s] [ 99%] Built target autopilot_node_component
[67.290s] [ 99%] [32m[1mLinking CXX shared library libheading_calibrator_node_component.so[0m
[70.509s] [ 99%] Built target heading_calibrator_node_component
[81.601s] [ 99%] [32m[1mLinking CXX shared library libtcp_server_node_component.so[0m
[81.923s] [100%] [32m[1mLinking CXX shared library libi2c_bridge_node.so[0m
[84.919s] [100%] Built target i2c_bridge_node
[85.046s] [100%] Built target tcp_server_node_component
[94.456s] [100%] [32m[1mLinking CXX shared library libdrive_arbiter_node_component.so[0m
[98.416s] [100%] Built target drive_arbiter_node_component
[98.440s] Invoked command in '/home/avcpp/AV-CPP2025/Vehicle/build/vehicle_core' returned '0': CMAKE_PREFIX_PATH=${CMAKE_PREFIX_PATH}:/opt/ros/humble /usr/bin/cmake --build /home/avcpp/AV-CPP2025/Vehicle/build/vehicle_core -- -j8 -l8
[98.446s] Invoking command in '/home/avcpp/AV-CPP2025/Vehicle/build/vehicle_core': CMAKE_PREFIX_PATH=${CMAKE_PREFIX_PATH}:/opt/ros/humble /usr/bin/cmake --install /home/avcpp/AV-CPP2025/Vehicle/build/vehicle_core
[98.471s] -- Install configuration: ""
[98.472s] -- Installing: /home/avcpp/AV-CPP2025/Vehicle/install/vehicle_core/share/ament_index/resource_index/rosidl_interfaces/vehicle_core
[98.473s] -- Installing: /home/avcpp/AV-CPP2025/Vehicle/install/vehicle_core/include/vehicle_core/vehicle_core
[98.474s] -- Installing: /home/avcpp/AV-CPP2025/Vehicle/install/vehicle_core/include/vehicle_core/vehicle_core/msg
[98.474s] -- Installing: /home/avcpp/AV-CPP2025/Vehicle/install/vehicle_core/include/vehicle_core/vehicle_core/msg/drive_feedback.h
[98.475s] -- Installing: /home/avcpp/AV-CPP2025/Vehicle/install/vehicle_core/include/vehicle_core/vehicle_core/msg/autopilot_command.h
[98.475s] -- Installing: /home/avcpp/AV-CPP2025/Vehicle/install/vehicle_core/include/vehicle_core/vehicle_core/msg/autopilot_config.h
[98.476s] -- Installing: /home/avcpp/AV-CPP2025/Vehicle/install/vehicle_core/include/vehicle_core/vehicle_core/msg/imu_status.h
[98.477s] -- Installing: /home/avcpp/AV-CPP2025/Vehicle/install/vehicle_core/include/vehicle_core/vehicle_core/msg/autopilot_status.h
[98.477s] -- Installing: /home/avcpp/AV-CPP2025/Vehicle/install/vehicle_core/include/vehicle_core/vehicle_core/msg/state_event.h
[98.478s] -- Installing: /home/avcpp/AV-CPP2025/Vehicle/install/vehicle_core/include/vehicle_core/vehicle_core/msg/detail
[98.479s] -- Installing: /home/avcpp/AV-CPP2025/Vehicle/install/vehicle_core/include/vehicle_core/vehicle_core/msg/detail/error__functions.h
[98.479s] -- Installing: /home/avcpp/AV-CPP2025/Vehicle/install/vehicle_core/include/vehicle_core/vehicle_core/msg/detail/state_mode__functions.h
[98.480s] -- Installing: /home/avcpp/AV-CPP2025/Vehicle/install/vehicle_core/include/vehicle_core/vehicle_core/msg/detail/state_event__type_support.h
[98.480s] -- Installing: /home/avcpp/AV-CPP2025/Vehicle/install/vehicle_core/include/vehicle_core/vehicle_core/msg/detail/general_status__struct.h
[98.481s] -- Installing: /home/avcpp/AV-CPP2025/Vehicle/install/vehicle_core/include/vehicle_core/vehicle_core/msg/detail/internal_drive_command__struct.h
[98.481s] -- Installing: /home/avcpp/AV-CPP2025/Vehicle/install/vehicle_core/include/vehicle_core/vehicle_core/msg/detail/imu_status__functions.h
[98.482s] -- Installing: /home/avcpp/AV-CPP2025/Vehicle/install/vehicle_core/include/vehicle_core/vehicle_core/msg/detail/general_status__functions.c
[98.482s] -- Installing: /home/avcpp/AV-CPP2025/Vehicle/install/vehicle_core/include/vehicle_core/vehicle_core/msg/detail/state_mode__struct.h
[98.483s] -- Installing: /home/avcpp/AV-CPP2025/Vehicle/install/vehicle_core/include/vehicle_core/vehicle_core/msg/detail/state_mode__type_support.h
[98.483s] -- Installing: /home/avcpp/AV-CPP2025/Vehicle/install/vehicle_core/include/vehicle_core/vehicle_core/msg/detail/imu_status__struct.h
[98.484s] -- Installing: /home/avcpp/AV-CPP2025/Vehicle/install/vehicle_core/include/vehicle_core/vehicle_core/msg/detail/manual_drive_command__struct.h
[98.484s] -- Installing: /home/avcpp/AV-CPP2025/Vehicle/install/vehicle_core/include/vehicle_core/vehicle_core/msg/detail/drive_target__struct.h
[98.485s] -- Installing: /home/avcpp/AV-CPP2025/Vehicle/install/vehicle_core/include/vehicle_core/vehicle_core/msg/detail/lights_status__functions.h
[98.485s] -- Installing: /home/avcpp/AV-CPP2025/Vehicle/install/vehicle_core/include/vehicle_core/vehicle_core/msg/detail/error__functions.c
[98.485s] -- Installing: /home/avcpp/AV-CPP2025/Vehicle/install/vehicle_core/include/vehicle_core/vehicle_core/msg/detail/drive_feedback__functions.c
[98.486s] -- Installing: /home/avcpp/AV-CPP2025/Vehicle/install/vehicle_core/include/vehicle_core/vehicle_core/msg/detail/autopilot_config__functions.c
[98.488s] -- Installing: /home/avcpp/AV-CPP2025/Vehicle/install/vehicle_core/include/vehicle_core/vehicle_core/msg/detail/max_speed__functions.c
[98.488s] -- Installing: /home/avcpp/AV-CPP2025/Vehicle/install/vehicle_core/include/vehicle_core/vehicle_core/msg/detail/autopilot_config__struct.h
[98.489s] -- Installing: /home/avcpp/AV-CPP2025/Vehicle/install/vehicle_core/include/vehicle_core/vehicle_core/msg/detail/autopilot_status__functions.c
[98.489s] -- Installing: /home/avcpp/AV-CPP2025/Vehicle/install/vehicle_core/include/vehicle_core/vehicle_core/msg/detail/telemetry_data__struct.h
[98.490s] -- Installing: /home/avcpp/AV-CPP2025/Vehicle/install/vehicle_core/include/vehicle_core/vehicle_core/msg/detail/perception_profile__struct.h
[98.490s] -- Installing: /home/avcpp/AV-CPP2025/Vehicle/install/vehicle_core/include/vehicle_core/vehicle_core/msg/detail/lights_command__functions.h
[98.491s] -- Installing: /home/avcpp/AV-CPP2025/Vehicle/install/vehicle_core/include/vehicle_core/vehicle_core/msg/detail/autopilot_command__functions.c
[98.491s] -- Installing: /home/avcpp/AV-CPP2025/Vehicle/install/vehicle_core/include/vehicle_core/vehicle_core/msg/detail/internal_drive_command__functions.c
[98.492s] -- Installing: /home/avcpp/AV-CPP2025/Vehicle/install/vehicle_core/include/vehicle_core/vehicle_core/msg/detail/telemetry_data__functions.c
[98.493s] -- Installing: /home/avcpp/AV-CPP2025/Vehicle/install/vehicle_core/include/vehicle_core/vehicle_core/msg/detail/imu_status__type_support.h
[98.493s] -- Installing: /home/avcpp/AV-CPP2025/Vehicle/install/vehicle_core/include/vehicle_core/vehicle_core/msg/detail/autopilot_command__functions.h
[98.494s] -- Installing: /home/avcpp/AV-CPP2025/Vehicle/install/vehicle_core/include/vehicle_core/vehicle_core/msg/detail/drive_status__type_support.h
[98.494s] -- Installing: /home/avcpp/AV-CPP2025/Vehicle/install/vehicle_core/include/vehicle_core/vehicle_core/msg/detail/lights_status__functions.c
[98.495s] -- Installing: /home/avcpp/AV-CPP2025/Vehicle/install/vehicle_core/include/vehicle_core/vehicle_core/msg/detail/error__struct.h
[98.495s] -- Installing: /home/avcpp/AV-CPP2025/Vehicle/install/vehicle_core/include/vehicle_core/vehicle_core/msg/detail/lights_status__type_support.h
[98.496s] -- Installing: /home/avcpp/AV-CPP2025/Vehicle/install/vehicle_core/include/vehicle_core/vehicle_core/msg/detail/drive_target__type_support.h
[98.496s] -- Installing: /home/avcpp/AV-CPP2025/Vehicle/install/vehicle_core/include/vehicle_core/vehicle_core/msg/detail/server_init__functions.c
[98.497s] -- Installing: /home/avcpp/AV-CPP2025/Vehicle/install/vehicle_core/include/vehicle_core/vehicle_core/msg/detail/state_event__struct.h
[98.497s] -- Installing: /home/avcpp/AV-CPP2025/Vehicle/install/vehicle_core/include/vehicle_core/vehicle_core/msg/detail/general_status__type_support.h
[98.498s] -- Installing: /home/avcpp/AV-CPP2025/Vehicle/install/vehicle_core/include/vehicle_core/vehicle_core/msg/detail/state_event__functions.c
[98.499s] -- Installing: /home/avcpp/AV-CPP2025/Vehicle/install/vehicle_core/include/vehicle_core/vehicle_core/msg/detail/max_speed__functions.h
[98.499s] -- Installing: /home/avcpp/AV-CPP2025/Vehicle/install/vehicle_core/include/vehicle_core/vehicle_core/msg/detail/internal_drive_command__type_support.h
[98.500s] -- Installing: /home/avcpp/AV-CPP2025/Vehicle/install/vehicle_core/include/vehicle_core/vehicle_core/msg/detail/max_speed__type_support.h
[98.500s] -- Installing: /home/avcpp/AV-CPP2025/Vehicle/install/vehicle_core/include/vehicle_core/vehicle_core/msg/detail/drive_target__functions.h
[98.501s] -- Installing: /home/avcpp/AV-CPP2025/Vehicle/install/vehicle_core/include/vehicle_core/vehicle_core/msg/detail/telemetry_data__functions.h
[98.501s] -- Installing: /home/avcpp/AV-CPP2025/Vehicle/install/vehicle_core/include/vehicle_core/vehicle_core/msg/detail/internal_drive_command__functions.h
[98.502s] -- Installing: /home/avcpp/AV-CPP2025/Vehicle/install/vehicle_core/include/vehicle_core/vehicle_core/msg/detail/autopilot_config__type_support.h
[98.502s] -- Installing: /home/avcpp/AV-CPP2025/Vehicle/install/vehicle_core/include/vehicle_core/vehicle_core/msg/detail/drive_feedback__functions.h
[98.503s] -- Installing: /home/avcpp/AV-CPP2025/Vehicle/install/vehicle_core/include/vehicle_core/vehicle_core/msg/detail/perception_profile__functions.c
[98.503s] -- Installing: /home/avcpp/AV-CPP2025/Vehicle/install/vehicle_core/include/vehicle_core/vehicle_core/msg/detail/error__type_support.h
[98.504s] -- Installing: /home/avcpp/AV-CPP2025/Vehicle/install/vehicle_core/include/vehicle_core/vehicle_core/msg/detail/manual_drive_command__functions.h
[98.505s] -- Installing: /home/avcpp/AV-CPP2025/Vehicle/install/vehicle_core/include/vehicle_core/vehicle_core/msg/detail/drive_target__functions.c
[98.505s] -- Installing: /home/avcpp/AV-CPP2025/Vehicle/install/vehicle_core/include/vehicle_core/vehicle_core/msg/detail/state_event__functions.h
[98.505s] -- Installing: /home/avcpp/AV-CPP2025/Vehicle/install/vehicle_core/include/vehicle_core/vehicle_core/msg/detail/drive_feedback__struct.h
[98.506s] -- Installing: /home/avcpp/AV-CPP2025/Vehicle/install/vehicle_core/include/vehicle_core/vehicle_core/msg/detail/autopilot_status__struct.h
[98.506s] -- Installing: /home/avcpp/AV-CPP2025/Vehicle/install/vehicle_core/include/vehicle_core/vehicle_core/msg/detail/autopilot_command__type_support.h
[98.507s] -- Installing: /home/avcpp/AV-CPP2025/Vehicle/install/vehicle_core/include/vehicle_core/vehicle_core/msg/detail/server_init__struct.h
[98.507s] -- Installing: /home/avcpp/AV-CPP2025/Vehicle/install/vehicle_core/include/vehicle_core/vehicle_core/msg/detail/lights_command__functions.c
[98.507s] -- Installing: /home/avcpp/AV-CPP2025/Vehicle/install/vehicle_core/include/vehicle_core/vehicle_core/msg/detail/server_init__type_support.h
[98.508s] -- Installing: /home/avcpp/AV-CPP2025/Vehicle/install/vehicle_core/include/vehicle_core/vehicle_core/msg/detail/perception_profile__type_support.h
[98.508s] -- Installing: /home/avcpp/AV-CPP2025/Vehicle/install/vehicle_core/include/vehicle_core/vehicle_core/msg/detail/lights_command__type_support.h
[98.509s] -- Installing: /home/avcpp/AV-CPP2025/Vehicle/install/vehicle_core/include/vehicle_core/vehicle_core/msg/detail/server_init__functions.h
[98.509s] -- Installing: /home/avcpp/AV-CPP2025/Vehicle/install/vehicle_core/include/vehicle_core/vehicle_core/msg/detail/autopilot_config__functions.h
[98.510s] -- Installing: /home/avcpp/AV-CPP2025/Vehicle/install/vehicle_core/include/vehicle_core/vehicle_core/msg/detail/lights_command__struct.h
[98.510s] -- Installing: /home/avcpp/AV-CPP2025/Vehicle/install/vehicle_core/include/vehicle_core/vehicle_core/msg/detail/state_mode__functions.c
[98.511s] -- Installing: /home/avcpp/AV-CPP2025/Vehicle/install/vehicle_core/include/vehicle_core/vehicle_core/msg/detail/max_speed__struct.h
[98.511s] -- Installing: /home/avcpp/AV-CPP2025/Vehicle/install/vehicle_core/include/vehicle_core/vehicle_core/msg/detail/manual_drive_command__type_support.h
[98.512s] -- Installing: /home/avcpp/AV-CPP2025/Vehicle/install/vehicle_core/include/vehicle_core/vehicle_core/msg/detail/perception_profile__functions.h
[98.512s] -- Installing: /home/avcpp/AV-CPP2025/Vehicle/install/vehicle_core/include/vehicle_core/vehicle_core/msg/detail/imu_status__functions.c
[98.513s] -- Installing: /home/avcpp/AV-CPP2025/Vehicle/install/vehicle_core/include/vehicle_core/vehicle_core/msg/detail/drive_status__functions.h
[98.513s] -- Installing: /home/avcpp/AV-CPP2025/Vehicle/install/vehicle_core/include/vehicle_core/vehicle_core/msg/detail/autopilot_status__type_support.h
[98.514s] -- Installing: /home/avcpp/AV-CPP2025/Vehicle/install/vehicle_core/include/vehicle_core/vehicle_core/msg/detail/drive_status__functions.c
[98.514s] -- Installing: /home/avcpp/AV-CPP2025/Vehicle/install/vehicle_core/include/vehicle_core/vehicle_core/msg/detail/drive_feedback__type_support.h
[98.515s] -- Installing: /home/avcpp/AV-CPP2025/Vehicle/install/vehicle_core/include/vehicle_core/vehicle_core/msg/detail/drive_status__struct.h
[98.515s] -- Installing: /home/avcpp/AV-CPP2025/Vehicle/install/vehicle_core/include/vehicle_core/vehicle_core/msg/detail/lights_status__struct.h
[98.515s] -- Installing: /home/avcpp/AV-CPP2025/Vehicle/install/vehicle_core/include/vehicle_core/vehicle_core/msg/detail/telemetry_data__type_support.h
[98.516s] -- Installing: /home/avcpp/AV-CPP2025/Vehicle/install/vehicle_core/include/vehicle_core/vehicle_core/msg/detail/autopilot_status__functions.h
[98.516s] -- Installing: /home/avcpp/AV-CPP2025/Vehicle/install/vehicle_core/include/vehicle_core/vehicle_core/msg/detail/general_status__functions.h
[98.517s] -- Installing: /home/avcpp/AV-CPP2025/Vehicle/install/vehicle_core/include/vehicle_core/vehicle_core/msg/detail/manual_drive_command__functions.c
[98.518s] -- Installing: /home/avcpp/AV-CPP2025/Vehicle/install/vehicle_core/include/vehicle_core/vehicle_core/msg/detail/autopilot_command__struct.h
[98.518s] -- Installing: /home/avcpp/AV-CPP2025/Vehicle/install/vehicle_core/include/vehicle_core/vehicle_core/msg/drive_target.h
[98.519s] -- Installing: /home/avcpp/AV-CPP2025/Vehicle/install/vehicle_core/include/vehicle_core/vehicle_core/msg/error.h
[98.519s] -- Installing: /home/avcpp/AV-CPP2025/Vehicle/install/vehicle_core/include/vehicle_core/vehicle_core/msg/server_init.h
[98.520s] -- Installing: /home/avcpp/AV-CPP2025/Vehicle/install/vehicle_core/include/vehicle_core/vehicle_core/msg/telemetry_data.h
[98.520s] -- Installing: /home/avcpp/AV-CPP2025/Vehicle/install/vehicle_core/include/vehicle_core/vehicle_core/msg/perception_profile.h
[98.521s] -- Installing: /home/avcpp/AV-CPP2025/Vehicle/install/vehicle_core/include/vehicle_core/vehicle_core/msg/general_status.h
[98.521s] -- Installing: /home/avcpp/AV-CPP2025/Vehicle/install/vehicle_core/include/vehicle_core/vehicle_core/msg/internal_drive_command.h
[98.522s] -- Installing: /home/avcpp/AV-CPP2025/Vehicle/install/vehicle_core/include/vehicle_core/vehicle_core/msg/max_speed.h
[98.522s] -- Installing: /home/avcpp/AV-CPP2025/Vehicle/install/vehicle_core/include/vehicle_core/vehicle_core/msg/state_mode.h
[98.523s] -- Installing: /home/avcpp/AV-CPP2025/Vehicle/install/vehicle_core/include/vehicle_core/vehicle_core/msg/drive_status.h
[98.523s] -- Installing: /home/avcpp/AV-CPP2025/Vehicle/install/vehicle_core/include/vehicle_core/vehicle_core/msg/lights_command.h
[98.524s] -- Installing: /home/avcpp/AV-CPP2025/Vehicle/install/vehicle_core/include/vehicle_core/vehicle_core/msg/lights_status.h
[98.524s] -- Installing: /home/avcpp/AV-CPP2025/Vehicle/install/vehicle_core/include/vehicle_core/vehicle_core/msg/rosidl_generator_c__visibility_control.h
[98.524s] -- Installing: /home/avcpp/AV-CPP2025/Vehicle/install/vehicle_core/include/vehicle_core/vehicle_core/msg/manual_drive_command.h
[98.525s] -- Installing: /home/avcpp/AV-CPP2025/Vehicle/install/vehicle_core/include/vehicle_core/vehicle_core/srv
[98.525s] -- Installing: /home/avcpp/AV-CPP2025/Vehicle/install/vehicle_core/include/vehicle_core/vehicle_core/srv/release_internal_control.h
[98.526s] -- Installing: /home/avcpp/AV-CPP2025/Vehicle/install/vehicle_core/include/vehicle_core/vehicle_core/srv/detail
[98.526s] -- Installing: /home/avcpp/AV-CPP2025/Vehicle/install/vehicle_core/include/vehicle_core/vehicle_core/srv/detail/request_internal_control__functions.h
[98.526s] -- Installing: /home/avcpp/AV-CPP2025/Vehicle/install/vehicle_core/include/vehicle_core/vehicle_core/srv/detail/release_internal_control__functions.h
[98.527s] -- Installing: /home/avcpp/AV-CPP2025/Vehicle/install/vehicle_core/include/vehicle_core/vehicle_core/srv/detail/release_internal_control__struct.h
[98.527s] -- Installing: /home/avcpp/AV-CPP2025/Vehicle/install/vehicle_core/include/vehicle_core/vehicle_core/srv/detail/release_internal_control__type_support.h
[98.527s] -- Installing: /home/avcpp/AV-CPP2025/Vehicle/install/vehicle_core/include/vehicle_core/vehicle_core/srv/detail/set_autopilot_profile__struct.h
[98.528s] -- Installing: /home/avcpp/AV-CPP2025/Vehicle/install/vehicle_core/include/vehicle_core/vehicle_core/srv/detail/request_internal_control__struct.h
[98.528s] -- Installing: /home/avcpp/AV-CPP2025/Vehicle/install/vehicle_core/include/vehicle_core/vehicle_core/srv/detail/set_autopilot_profile__functions.c
[98.529s] -- Installing: /home/avcpp/AV-CPP2025/Vehicle/install/vehicle_core/include/vehicle_core/vehicle_core/srv/detail/release_internal_control__functions.c
[98.529s] -- Installing: /home/avcpp/AV-CPP2025/Vehicle/install/vehicle_core/include/vehicle_core/vehicle_core/srv/detail/set_autopilot_profile__functions.h
[98.530s] -- Installing: /home/avcpp/AV-CPP2025/Vehicle/install/vehicle_core/include/vehicle_core/vehicle_core/srv/detail/request_internal_control__type_support.h
[98.530s] -- Installing: /home/avcpp/AV-CPP2025/Vehicle/install/vehicle_core/include/vehicle_core/vehicle_core/srv/detail/request_internal_control__functions.c
[98.531s] -- Installing: /home/avcpp/AV-CPP2025/Vehicle/install/vehicle_core/include/vehicle_core/vehicle_core/srv/detail/set_autopilot_profile__type_support.h
[98.531s] -- Installing: /home/avcpp/AV-CPP2025/Vehicle/install/vehicle_core/include/vehicle_core/vehicle_core/srv/request_internal_control.h
[98.532s] -- Installing: /home/avcpp/AV-CPP2025/Vehicle/install/vehicle_core/include/vehicle_core/vehicle_core/srv/set_autopilot_profile.h
[98.532s] -- Installing: /home/avcpp/AV-CPP2025/Vehicle/install/vehicle_core/share/vehicle_core/environment/library_path.sh
[98.533s] -- Installing: /home/avcpp/AV-CPP2025/Vehicle/install/vehicle_core/share/vehicle_core/environment/library_path.dsv
[98.533s] -- Installing: /home/avcpp/AV-CPP2025/Vehicle/install/vehicle_core/lib/libvehicle_core__rosidl_generator_c.so
[98.534s] -- Set runtime path of "/home/avcpp/AV-CPP2025/Vehicle/install/vehicle_core/lib/libvehicle_core__rosidl_generator_c.so" to ""
[98.534s] -- Up-to-date: /home/avcpp/AV-CPP2025/Vehicle/install/vehicle_core/include/vehicle_core/vehicle_core
[98.535s] -- Up-to-date: /home/avcpp/AV-CPP2025/Vehicle/install/vehicle_core/include/vehicle_core/vehicle_core/msg
[98.535s] -- Installing: /home/avcpp/AV-CPP2025/Vehicle/install/vehicle_core/include/vehicle_core/vehicle_core/msg/rosidl_typesupport_fastrtps_c__visibility_control.h
[98.536s] -- Up-to-date: /home/avcpp/AV-CPP2025/Vehicle/install/vehicle_core/include/vehicle_core/vehicle_core/msg/detail
[98.536s] -- Installing: /home/avcpp/AV-CPP2025/Vehicle/install/vehicle_core/include/vehicle_core/vehicle_core/msg/detail/drive_feedback__rosidl_typesupport_fastrtps_c.h
[98.537s] -- Installing: /home/avcpp/AV-CPP2025/Vehicle/install/vehicle_core/include/vehicle_core/vehicle_core/msg/detail/drive_status__rosidl_typesupport_fastrtps_c.h
[98.537s] -- Installing: /home/avcpp/AV-CPP2025/Vehicle/install/vehicle_core/include/vehicle_core/vehicle_core/msg/detail/lights_status__rosidl_typesupport_fastrtps_c.h
[98.537s] -- Installing: /home/avcpp/AV-CPP2025/Vehicle/install/vehicle_core/include/vehicle_core/vehicle_core/msg/detail/server_init__rosidl_typesupport_fastrtps_c.h
[98.538s] -- Installing: /home/avcpp/AV-CPP2025/Vehicle/install/vehicle_core/include/vehicle_core/vehicle_core/msg/detail/state_event__rosidl_typesupport_fastrtps_c.h
[98.538s] -- Installing: /home/avcpp/AV-CPP2025/Vehicle/install/vehicle_core/include/vehicle_core/vehicle_core/msg/detail/perception_profile__rosidl_typesupport_fastrtps_c.h
[98.538s] -- Installing: /home/avcpp/AV-CPP2025/Vehicle/install/vehicle_core/include/vehicle_core/vehicle_core/msg/detail/error__rosidl_typesupport_fastrtps_c.h
[98.539s] -- Installing: /home/avcpp/AV-CPP2025/Vehicle/install/vehicle_core/include/vehicle_core/vehicle_core/msg/detail/general_status__rosidl_typesupport_fastrtps_c.h
[98.539s] -- Installing: /home/avcpp/AV-CPP2025/Vehicle/install/vehicle_core/include/vehicle_core/vehicle_core/msg/detail/telemetry_data__rosidl_typesupport_fastrtps_c.h
[98.539s] -- Installing: /home/avcpp/AV-CPP2025/Vehicle/install/vehicle_core/include/vehicle_core/vehicle_core/msg/detail/max_speed__rosidl_typesupport_fastrtps_c.h
[98.540s] -- Installing: /home/avcpp/AV-CPP2025/Vehicle/install/vehicle_core/include/vehicle_core/vehicle_core/msg/detail/internal_drive_command__rosidl_typesupport_fastrtps_c.h
[98.540s] -- Installing: /home/avcpp/AV-CPP2025/Vehicle/install/vehicle_core/include/vehicle_core/vehicle_core/msg/detail/lights_command__rosidl_typesupport_fastrtps_c.h
[98.540s] -- Installing: /home/avcpp/AV-CPP2025/Vehicle/install/vehicle_core/include/vehicle_core/vehicle_core/msg/detail/autopilot_status__rosidl_typesupport_fastrtps_c.h
[98.541s] -- Installing: /home/avcpp/AV-CPP2025/Vehicle/install/vehicle_core/include/vehicle_core/vehicle_core/msg/detail/autopilot_command__rosidl_typesupport_fastrtps_c.h
[98.541s] -- Installing: /home/avcpp/AV-CPP2025/Vehicle/install/vehicle_core/include/vehicle_core/vehicle_core/msg/detail/manual_drive_command__rosidl_typesupport_fastrtps_c.h
[98.542s] -- Installing: /home/avcpp/AV-CPP2025/Vehicle/install/vehicle_core/include/vehicle_core/vehicle_core/msg/detail/imu_status__rosidl_typesupport_fastrtps_c.h
[98.542s] -- Installing: /home/avcpp/AV-CPP2025/Vehicle/install/vehicle_core/include/vehicle_core/vehicle_core/msg/detail/state_mode__rosidl_typesupport_fastrtps_c.h
[98.542s] -- Installing: /home/avcpp/AV-CPP2025/Vehicle/install/vehicle_core/include/vehicle_core/vehicle_core/msg/detail/drive_target__rosidl_typesupport_fastrtps_c.h
[98.543s] -- Installing: /home/avcpp/AV-CPP2025/Vehicle/install/vehicle_core/include/vehicle_core/vehicle_core/msg/detail/autopilot_config__rosidl_typesupport_fastrtps_c.h
[98.543s] -- Up-to-date: /home/avcpp/AV-CPP2025/Vehicle/install/vehicle_core/include/vehicle_core/vehicle_core/srv
[98.543s] -- Up-to-date: /home/avcpp/AV-CPP2025/Vehicle/install/vehicle_core/include/vehicle_core/vehicle_core/srv/detail
[98.544s] -- Installing: /home/avcpp/AV-CPP2025/Vehicle/install/vehicle_core/include/vehicle_core/vehicle_core/srv/detail/release_internal_control__rosidl_typesupport_fastrtps_c.h
[98.544s] -- Installing: /home/avcpp/AV-CPP2025/Vehicle/install/vehicle_core/include/vehicle_core/vehicle_core/srv/detail/request_internal_control__rosidl_typesupport_fastrtps_c.h
[98.544s] -- Installing: /home/avcpp/AV-CPP2025/Vehicle/install/vehicle_core/include/vehicle_core/vehicle_core/srv/detail/set_autopilot_profile__rosidl_typesupport_fastrtps_c.h
[98.545s] -- Installing: /home/avcpp/AV-CPP2025/Vehicle/install/vehicle_core/lib/libvehicle_core__rosidl_typesupport_fastrtps_c.so
[98.545s] -- Set runtime path of "/home/avcpp/AV-CPP2025/Vehicle/install/vehicle_core/lib/libvehicle_core__rosidl_typesupport_fastrtps_c.so" to ""
[98.545s] -- Up-to-date: /home/avcpp/AV-CPP2025/Vehicle/install/vehicle_core/include/vehicle_core/vehicle_core
[98.546s] -- Up-to-date: /home/avcpp/AV-CPP2025/Vehicle/install/vehicle_core/include/vehicle_core/vehicle_core/msg
[98.546s] -- Up-to-date: /home/avcpp/AV-CPP2025/Vehicle/install/vehicle_core/include/vehicle_core/vehicle_core/msg/detail
[98.546s] -- Installing: /home/avcpp/AV-CPP2025/Vehicle/install/vehicle_core/include/vehicle_core/vehicle_core/msg/detail/telemetry_data__builder.hpp
[98.547s] -- Installing: /home/avcpp/AV-CPP2025/Vehicle/install/vehicle_core/include/vehicle_core/vehicle_core/msg/detail/drive_target__traits.hpp
[98.547s] -- Installing: /home/avcpp/AV-CPP2025/Vehicle/install/vehicle_core/include/vehicle_core/vehicle_core/msg/detail/manual_drive_command__traits.hpp
[98.547s] -- Installing: /home/avcpp/AV-CPP2025/Vehicle/install/vehicle_core/include/vehicle_core/vehicle_core/msg/detail/error__type_support.hpp
[98.548s] -- Installing: /home/avcpp/AV-CPP2025/Vehicle/install/vehicle_core/include/vehicle_core/vehicle_core/msg/detail/autopilot_config__struct.hpp
[98.548s] -- Installing: /home/avcpp/AV-CPP2025/Vehicle/install/vehicle_core/include/vehicle_core/vehicle_core/msg/detail/drive_status__traits.hpp
[98.548s] -- Installing: /home/avcpp/AV-CPP2025/Vehicle/install/vehicle_core/include/vehicle_core/vehicle_core/msg/detail/drive_status__struct.hpp
[98.549s] -- Installing: /home/avcpp/AV-CPP2025/Vehicle/install/vehicle_core/include/vehicle_core/vehicle_core/msg/detail/autopilot_command__builder.hpp
[98.549s] -- Installing: /home/avcpp/AV-CPP2025/Vehicle/install/vehicle_core/include/vehicle_core/vehicle_core/msg/detail/state_mode__type_support.hpp
[98.549s] -- Installing: /home/avcpp/AV-CPP2025/Vehicle/install/vehicle_core/include/vehicle_core/vehicle_core/msg/detail/perception_profile__builder.hpp
[98.550s] -- Installing: /home/avcpp/AV-CPP2025/Vehicle/install/vehicle_core/include/vehicle_core/vehicle_core/msg/detail/lights_status__traits.hpp
[98.550s] -- Installing: /home/avcpp/AV-CPP2025/Vehicle/install/vehicle_core/include/vehicle_core/vehicle_core/msg/detail/error__struct.hpp
[98.550s] -- Installing: /home/avcpp/AV-CPP2025/Vehicle/install/vehicle_core/include/vehicle_core/vehicle_core/msg/detail/server_init__struct.hpp
[98.551s] -- Installing: /home/avcpp/AV-CPP2025/Vehicle/install/vehicle_core/include/vehicle_core/vehicle_core/msg/detail/state_event__builder.hpp
[98.551s] -- Installing: /home/avcpp/AV-CPP2025/Vehicle/install/vehicle_core/include/vehicle_core/vehicle_core/msg/detail/manual_drive_command__struct.hpp
[98.552s] -- Installing: /home/avcpp/AV-CPP2025/Vehicle/install/vehicle_core/include/vehicle_core/vehicle_core/msg/detail/autopilot_command__struct.hpp
[98.552s] -- Installing: /home/avcpp/AV-CPP2025/Vehicle/install/vehicle_core/include/vehicle_core/vehicle_core/msg/detail/state_event__struct.hpp
[98.552s] -- Installing: /home/avcpp/AV-CPP2025/Vehicle/install/vehicle_core/include/vehicle_core/vehicle_core/msg/detail/autopilot_status__builder.hpp
[98.552s] -- Installing: /home/avcpp/AV-CPP2025/Vehicle/install/vehicle_core/include/vehicle_core/vehicle_core/msg/detail/autopilot_status__traits.hpp
[98.553s] -- Installing: /home/avcpp/AV-CPP2025/Vehicle/install/vehicle_core/include/vehicle_core/vehicle_core/msg/detail/telemetry_data__type_support.hpp
[98.553s] -- Installing: /home/avcpp/AV-CPP2025/Vehicle/install/vehicle_core/include/vehicle_core/vehicle_core/msg/detail/lights_status__struct.hpp
[98.553s] -- Installing: /home/avcpp/AV-CPP2025/Vehicle/install/vehicle_core/include/vehicle_core/vehicle_core/msg/detail/state_mode__builder.hpp
[98.553s] -- Installing: /home/avcpp/AV-CPP2025/Vehicle/install/vehicle_core/include/vehicle_core/vehicle_core/msg/detail/autopilot_command__type_support.hpp
[98.554s] -- Installing: /home/avcpp/AV-CPP2025/Vehicle/install/vehicle_core/include/vehicle_core/vehicle_core/msg/detail/max_speed__type_support.hpp
[98.554s] -- Installing: /home/avcpp/AV-CPP2025/Vehicle/install/vehicle_core/include/vehicle_core/vehicle_core/msg/detail/lights_command__type_support.hpp
[98.554s] -- Installing: /home/avcpp/AV-CPP2025/Vehicle/install/vehicle_core/include/vehicle_core/vehicle_core/msg/detail/general_status__struct.hpp
[98.554s] -- Installing: /home/avcpp/AV-CPP2025/Vehicle/install/vehicle_core/include/vehicle_core/vehicle_core/msg/detail/state_event__traits.hpp
[98.554s] -- Installing: /home/avcpp/AV-CPP2025/Vehicle/install/vehicle_core/include/vehicle_core/vehicle_core/msg/detail/max_speed__struct.hpp
[98.555s] -- Installing: /home/avcpp/AV-CPP2025/Vehicle/install/vehicle_core/include/vehicle_core/vehicle_core/msg/detail/internal_drive_command__traits.hpp
[98.555s] -- Installing: /home/avcpp/AV-CPP2025/Vehicle/install/vehicle_core/include/vehicle_core/vehicle_core/msg/detail/drive_feedback__struct.hpp
[98.555s] -- Installing: /home/avcpp/AV-CPP2025/Vehicle/install/vehicle_core/include/vehicle_core/vehicle_core/msg/detail/state_mode__struct.hpp
[98.555s] -- Installing: /home/avcpp/AV-CPP2025/Vehicle/install/vehicle_core/include/vehicle_core/vehicle_core/msg/detail/internal_drive_command__type_support.hpp
[98.556s] -- Installing: /home/avcpp/AV-CPP2025/Vehicle/install/vehicle_core/include/vehicle_core/vehicle_core/msg/detail/internal_drive_command__builder.hpp
[98.556s] -- Installing: /home/avcpp/AV-CPP2025/Vehicle/install/vehicle_core/include/vehicle_core/vehicle_core/msg/detail/autopilot_config__type_support.hpp
[98.556s] -- Installing: /home/avcpp/AV-CPP2025/Vehicle/install/vehicle_core/include/vehicle_core/vehicle_core/msg/detail/state_event__type_support.hpp
[98.556s] -- Installing: /home/avcpp/AV-CPP2025/Vehicle/install/vehicle_core/include/vehicle_core/vehicle_core/msg/detail/autopilot_config__traits.hpp
[98.556s] -- Installing: /home/avcpp/AV-CPP2025/Vehicle/install/vehicle_core/include/vehicle_core/vehicle_core/msg/detail/drive_feedback__type_support.hpp
[98.557s] -- Installing: /home/avcpp/AV-CPP2025/Vehicle/install/vehicle_core/include/vehicle_core/vehicle_core/msg/detail/server_init__builder.hpp
[98.557s] -- Installing: /home/avcpp/AV-CPP2025/Vehicle/install/vehicle_core/include/vehicle_core/vehicle_core/msg/detail/lights_status__type_support.hpp
[98.557s] -- Installing: /home/avcpp/AV-CPP2025/Vehicle/install/vehicle_core/include/vehicle_core/vehicle_core/msg/detail/imu_status__traits.hpp
[98.557s] -- Installing: /home/avcpp/AV-CPP2025/Vehicle/install/vehicle_core/include/vehicle_core/vehicle_core/msg/detail/drive_target__builder.hpp
[98.558s] -- Installing: /home/avcpp/AV-CPP2025/Vehicle/install/vehicle_core/include/vehicle_core/vehicle_core/msg/detail/lights_command__struct.hpp
[98.558s] -- Installing: /home/avcpp/AV-CPP2025/Vehicle/install/vehicle_core/include/vehicle_core/vehicle_core/msg/detail/error__builder.hpp
[98.558s] -- Installing: /home/avcpp/AV-CPP2025/Vehicle/install/vehicle_core/include/vehicle_core/vehicle_core/msg/detail/server_init__traits.hpp
[98.558s] -- Installing: /home/avcpp/AV-CPP2025/Vehicle/install/vehicle_core/include/vehicle_core/vehicle_core/msg/detail/drive_target__struct.hpp
[98.559s] -- Installing: /home/avcpp/AV-CPP2025/Vehicle/install/vehicle_core/include/vehicle_core/vehicle_core/msg/detail/manual_drive_command__builder.hpp
[98.559s] -- Installing: /home/avcpp/AV-CPP2025/Vehicle/install/vehicle_core/include/vehicle_core/vehicle_core/msg/detail/lights_command__builder.hpp
[98.559s] -- Installing: /home/avcpp/AV-CPP2025/Vehicle/install/vehicle_core/include/vehicle_core/vehicle_core/msg/detail/perception_profile__type_support.hpp
[98.559s] -- Installing: /home/avcpp/AV-CPP2025/Vehicle/install/vehicle_core/include/vehicle_core/vehicle_core/msg/detail/perception_profile__struct.hpp
[98.560s] -- Installing: /home/avcpp/AV-CPP2025/Vehicle/install/vehicle_core/include/vehicle_core/vehicle_core/msg/detail/lights_command__traits.hpp
[98.560s] -- Installing: /home/avcpp/AV-CPP2025/Vehicle/install/vehicle_core/include/vehicle_core/vehicle_core/msg/detail/state_mode__traits.hpp
[98.560s] -- Installing: /home/avcpp/AV-CPP2025/Vehicle/install/vehicle_core/include/vehicle_core/vehicle_core/msg/detail/max_speed__builder.hpp
[98.560s] -- Installing: /home/avcpp/AV-CPP2025/Vehicle/install/vehicle_core/include/vehicle_core/vehicle_core/msg/detail/imu_status__struct.hpp
[98.561s] -- Installing: /home/avcpp/AV-CPP2025/Vehicle/install/vehicle_core/include/vehicle_core/vehicle_core/msg/detail/internal_drive_command__struct.hpp
[98.561s] -- Installing: /home/avcpp/AV-CPP2025/Vehicle/install/vehicle_core/include/vehicle_core/vehicle_core/msg/detail/imu_status__builder.hpp
[98.561s] -- Installing: /home/avcpp/AV-CPP2025/Vehicle/install/vehicle_core/include/vehicle_core/vehicle_core/msg/detail/drive_feedback__builder.hpp
[98.561s] -- Installing: /home/avcpp/AV-CPP2025/Vehicle/install/vehicle_core/include/vehicle_core/vehicle_core/msg/detail/general_status__type_support.hpp
[98.562s] -- Installing: /home/avcpp/AV-CPP2025/Vehicle/install/vehicle_core/include/vehicle_core/vehicle_core/msg/detail/server_init__type_support.hpp
[98.562s] -- Installing: /home/avcpp/AV-CPP2025/Vehicle/install/vehicle_core/include/vehicle_core/vehicle_core/msg/detail/error__traits.hpp
[98.562s] -- Installing: /home/avcpp/AV-CPP2025/Vehicle/install/vehicle_core/include/vehicle_core/vehicle_core/msg/detail/general_status__traits.hpp
[98.562s] -- Installing: /home/avcpp/AV-CPP2025/Vehicle/install/vehicle_core/include/vehicle_core/vehicle_core/msg/detail/lights_status__builder.hpp
[98.563s] -- Installing: /home/avcpp/AV-CPP2025/Vehicle/install/vehicle_core/include/vehicle_core/vehicle_core/msg/detail/telemetry_data__traits.hpp
[98.563s] -- Installing: /home/avcpp/AV-CPP2025/Vehicle/install/vehicle_core/include/vehicle_core/vehicle_core/msg/detail/telemetry_data__struct.hpp
[98.563s] -- Installing: /home/avcpp/AV-CPP2025/Vehicle/install/vehicle_core/include/vehicle_core/vehicle_core/msg/detail/max_speed__traits.hpp
[98.563s] -- Installing: /home/avcpp/AV-CPP2025/Vehicle/install/vehicle_core/include/vehicle_core/vehicle_core/msg/detail/autopilot_status__struct.hpp
[98.563s] -- Installing: /home/avcpp/AV-CPP2025/Vehicle/install/vehicle_core/include/vehicle_core/vehicle_core/msg/detail/general_status__builder.hpp
[98.564s] -- Installing: /home/avcpp/AV-CPP2025/Vehicle/install/vehicle_core/include/vehicle_core/vehicle_core/msg/detail/drive_status__type_support.hpp
[98.564s] -- Installing: /home/avcpp/AV-CPP2025/Vehicle/install/vehicle_core/include/vehicle_core/vehicle_core/msg/detail/autopilot_command__traits.hpp
[98.564s] -- Installing: /home/avcpp/AV-CPP2025/Vehicle/install/vehicle_core/include/vehicle_core/vehicle_core/msg/detail/imu_status__type_support.hpp
[98.564s] -- Installing: /home/avcpp/AV-CPP2025/Vehicle/install/vehicle_core/include/vehicle_core/vehicle_core/msg/detail/perception_profile__traits.hpp
[98.565s] -- Installing: /home/avcpp/AV-CPP2025/Vehicle/install/vehicle_core/include/vehicle_core/vehicle_core/msg/detail/drive_feedback__traits.hpp
[98.565s] -- Installing: /home/avcpp/AV-CPP2025/Vehicle/install/vehicle_core/include/vehicle_core/vehicle_core/msg/detail/autopilot_status__type_support.hpp
[98.565s] -- Installing: /home/avcpp/AV-CPP2025/Vehicle/install/vehicle_core/include/vehicle_core/vehicle_core/msg/detail/drive_status__builder.hpp
[98.565s] -- Installing: /home/avcpp/AV-CPP2025/Vehicle/install/vehicle_core/include/vehicle_core/vehicle_core/msg/detail/manual_drive_command__type_support.hpp
[98.565s] -- Installing: /home/avcpp/AV-CPP2025/Vehicle/install/vehicle_core/include/vehicle_core/vehicle_core/msg/detail/autopilot_config__builder.hpp
[98.565s] -- Installing: /home/avcpp/AV-CPP2025/Vehicle/install/vehicle_core/include/vehicle_core/vehicle_core/msg/detail/drive_target__type_support.hpp
[98.565s] -- Installing: /home/avcpp/AV-CPP2025/Vehicle/install/vehicle_core/include/vehicle_core/vehicle_core/msg/perception_profile.hpp
[98.565s] -- Installing: /home/avcpp/AV-CPP2025/Vehicle/install/vehicle_core/include/vehicle_core/vehicle_core/msg/error.hpp
[98.565s] -- Installing: /home/avcpp/AV-CPP2025/Vehicle/install/vehicle_core/include/vehicle_core/vehicle_core/msg/state_event.hpp
[98.566s] -- Installing: /home/avcpp/AV-CPP2025/Vehicle/install/vehicle_core/include/vehicle_core/vehicle_core/msg/autopilot_config.hpp
[98.566s] -- Installing: /home/avcpp/AV-CPP2025/Vehicle/install/vehicle_core/include/vehicle_core/vehicle_core/msg/drive_target.hpp
[98.566s] -- Installing: /home/avcpp/AV-CPP2025/Vehicle/install/vehicle_core/include/vehicle_core/vehicle_core/msg/lights_status.hpp
[98.566s] -- Installing: /home/avcpp/AV-CPP2025/Vehicle/install/vehicle_core/include/vehicle_core/vehicle_core/msg/general_status.hpp
[98.566s] -- Installing: /home/avcpp/AV-CPP2025/Vehicle/install/vehicle_core/include/vehicle_core/vehicle_core/msg/autopilot_command.hpp
[98.566s] -- Installing: /home/avcpp/AV-CPP2025/Vehicle/install/vehicle_core/include/vehicle_core/vehicle_core/msg/internal_drive_command.hpp
[98.566s] -- Installing: /home/avcpp/AV-CPP2025/Vehicle/install/vehicle_core/include/vehicle_core/vehicle_core/msg/state_mode.hpp
[98.566s] -- Installing: /home/avcpp/AV-CPP2025/Vehicle/install/vehicle_core/include/vehicle_core/vehicle_core/msg/drive_status.hpp
[98.566s] -- Installing: /home/avcpp/AV-CPP2025/Vehicle/install/vehicle_core/include/vehicle_core/vehicle_core/msg/imu_status.hpp
[98.566s] -- Installing: /home/avcpp/AV-CPP2025/Vehicle/install/vehicle_core/include/vehicle_core/vehicle_core/msg/telemetry_data.hpp
[98.566s] -- Installing: /home/avcpp/AV-CPP2025/Vehicle/install/vehicle_core/include/vehicle_core/vehicle_core/msg/autopilot_status.hpp
[98.566s] -- Installing: /home/avcpp/AV-CPP2025/Vehicle/install/vehicle_core/include/vehicle_core/vehicle_core/msg/drive_feedback.hpp
[98.566s] -- Installing: /home/avcpp/AV-CPP2025/Vehicle/install/vehicle_core/include/vehicle_core/vehicle_core/msg/server_init.hpp
[98.566s] -- Installing: /home/avcpp/AV-CPP2025/Vehicle/install/vehicle_core/include/vehicle_core/vehicle_core/msg/lights_command.hpp
[98.566s] -- Installing: /home/avcpp/AV-CPP2025/Vehicle/install/vehicle_core/include/vehicle_core/vehicle_core/msg/max_speed.hpp
[98.567s] -- Installing: /home/avcpp/AV-CPP2025/Vehicle/install/vehicle_core/include/vehicle_core/vehicle_core/msg/manual_drive_command.hpp
[98.567s] -- Installing: /home/avcpp/AV-CPP2025/Vehicle/install/vehicle_core/include/vehicle_core/vehicle_core/msg/rosidl_generator_cpp__visibility_control.hpp
[98.567s] -- Up-to-date: /home/avcpp/AV-CPP2025/Vehicle/install/vehicle_core/include/vehicle_core/vehicle_core/srv
[98.567s] -- Up-to-date: /home/avcpp/AV-CPP2025/Vehicle/install/vehicle_core/include/vehicle_core/vehicle_core/srv/detail
[98.567s] -- Installing: /home/avcpp/AV-CPP2025/Vehicle/install/vehicle_core/include/vehicle_core/vehicle_core/srv/detail/set_autopilot_profile__builder.hpp
[98.567s] -- Installing: /home/avcpp/AV-CPP2025/Vehicle/install/vehicle_core/include/vehicle_core/vehicle_core/srv/detail/request_internal_control__type_support.hpp
[98.567s] -- Installing: /home/avcpp/AV-CPP2025/Vehicle/install/vehicle_core/include/vehicle_core/vehicle_core/srv/detail/release_internal_control__traits.hpp
[98.567s] -- Installing: /home/avcpp/AV-CPP2025/Vehicle/install/vehicle_core/include/vehicle_core/vehicle_core/srv/detail/set_autopilot_profile__type_support.hpp
[98.567s] -- Installing: /home/avcpp/AV-CPP2025/Vehicle/install/vehicle_core/include/vehicle_core/vehicle_core/srv/detail/release_internal_control__builder.hpp
[98.567s] -- Installing: /home/avcpp/AV-CPP2025/Vehicle/install/vehicle_core/include/vehicle_core/vehicle_core/srv/detail/request_internal_control__builder.hpp
[98.567s] -- Installing: /home/avcpp/AV-CPP2025/Vehicle/install/vehicle_core/include/vehicle_core/vehicle_core/srv/detail/request_internal_control__traits.hpp
[98.567s] -- Installing: /home/avcpp/AV-CPP2025/Vehicle/install/vehicle_core/include/vehicle_core/vehicle_core/srv/detail/release_internal_control__type_support.hpp
[98.567s] -- Installing: /home/avcpp/AV-CPP2025/Vehicle/install/vehicle_core/include/vehicle_core/vehicle_core/srv/detail/set_autopilot_profile__traits.hpp
[98.567s] -- Installing: /home/avcpp/AV-CPP2025/Vehicle/install/vehicle_core/include/vehicle_core/vehicle_core/srv/detail/release_internal_control__struct.hpp
[98.568s] -- Installing: /home/avcpp/AV-CPP2025/Vehicle/install/vehicle_core/include/vehicle_core/vehicle_core/srv/detail/set_autopilot_profile__struct.hpp
[98.568s] -- Installing: /home/avcpp/AV-CPP2025/Vehicle/install/vehicle_core/include/vehicle_core/vehicle_core/srv/detail/request_internal_control__struct.hpp
[98.568s] -- Installing: /home/avcpp/AV-CPP2025/Vehicle/install/vehicle_core/include/vehicle_core/vehicle_core/srv/set_autopilot_profile.hpp
[98.568s] -- Installing: /home/avcpp/AV-CPP2025/Vehicle/install/vehicle_core/include/vehicle_core/vehicle_core/srv/release_internal_control.hpp
[98.568s] -- Installing: /home/avcpp/AV-CPP2025/Vehicle/install/vehicle_core/include/vehicle_core/vehicle_core/srv/request_internal_control.hpp
[98.568s] -- Up-to-date: /home/avcpp/AV-CPP2025/Vehicle/install/vehicle_core/include/vehicle_core/vehicle_core
[98.568s] -- Up-to-date: /home/avcpp/AV-CPP2025/Vehicle/install/vehicle_core/include/vehicle_core/vehicle_core/msg
[98.568s] -- Up-to-date: /home/avcpp/AV-CPP2025/Vehicle/install/vehicle_core/include/vehicle_core/vehicle_core/msg/detail
[98.568s] -- Installing: /home/avcpp/AV-CPP2025/Vehicle/install/vehicle_core/include/vehicle_core/vehicle_core/msg/detail/telemetry_data__rosidl_typesupport_fastrtps_cpp.hpp
[98.568s] -- Installing: /home/avcpp/AV-CPP2025/Vehicle/install/vehicle_core/include/vehicle_core/vehicle_core/msg/detail/server_init__rosidl_typesupport_fastrtps_cpp.hpp
[98.568s] -- Installing: /home/avcpp/AV-CPP2025/Vehicle/install/vehicle_core/include/vehicle_core/vehicle_core/msg/detail/lights_command__rosidl_typesupport_fastrtps_cpp.hpp
[98.568s] -- Installing: /home/avcpp/AV-CPP2025/Vehicle/install/vehicle_core/include/vehicle_core/vehicle_core/msg/detail/error__rosidl_typesupport_fastrtps_cpp.hpp
[98.568s] -- Installing: /home/avcpp/AV-CPP2025/Vehicle/install/vehicle_core/include/vehicle_core/vehicle_core/msg/detail/lights_status__rosidl_typesupport_fastrtps_cpp.hpp
[98.568s] -- Installing: /home/avcpp/AV-CPP2025/Vehicle/install/vehicle_core/include/vehicle_core/vehicle_core/msg/detail/state_mode__rosidl_typesupport_fastrtps_cpp.hpp
[98.569s] -- Installing: /home/avcpp/AV-CPP2025/Vehicle/install/vehicle_core/include/vehicle_core/vehicle_core/msg/detail/state_event__rosidl_typesupport_fastrtps_cpp.hpp
[98.569s] -- Installing: /home/avcpp/AV-CPP2025/Vehicle/install/vehicle_core/include/vehicle_core/vehicle_core/msg/detail/manual_drive_command__rosidl_typesupport_fastrtps_cpp.hpp
[98.569s] -- Installing: /home/avcpp/AV-CPP2025/Vehicle/install/vehicle_core/include/vehicle_core/vehicle_core/msg/detail/drive_status__rosidl_typesupport_fastrtps_cpp.hpp
[98.569s] -- Installing: /home/avcpp/AV-CPP2025/Vehicle/install/vehicle_core/include/vehicle_core/vehicle_core/msg/detail/autopilot_config__rosidl_typesupport_fastrtps_cpp.hpp
[98.569s] -- Installing: /home/avcpp/AV-CPP2025/Vehicle/install/vehicle_core/include/vehicle_core/vehicle_core/msg/detail/internal_drive_command__rosidl_typesupport_fastrtps_cpp.hpp
[98.569s] -- Installing: /home/avcpp/AV-CPP2025/Vehicle/install/vehicle_core/include/vehicle_core/vehicle_core/msg/detail/autopilot_command__rosidl_typesupport_fastrtps_cpp.hpp
[98.569s] -- Installing: /home/avcpp/AV-CPP2025/Vehicle/install/vehicle_core/include/vehicle_core/vehicle_core/msg/detail/dds_fastrtps
[98.569s] -- Installing: /home/avcpp/AV-CPP2025/Vehicle/install/vehicle_core/include/vehicle_core/vehicle_core/msg/detail/drive_feedback__rosidl_typesupport_fastrtps_cpp.hpp
[98.569s] -- Installing: /home/avcpp/AV-CPP2025/Vehicle/install/vehicle_core/include/vehicle_core/vehicle_core/msg/detail/general_status__rosidl_typesupport_fastrtps_cpp.hpp
[98.569s] -- Installing: /home/avcpp/AV-CPP2025/Vehicle/install/vehicle_core/include/vehicle_core/vehicle_core/msg/detail/max_speed__rosidl_typesupport_fastrtps_cpp.hpp
[98.569s] -- Installing: /home/avcpp/AV-CPP2025/Vehicle/install/vehicle_core/include/vehicle_core/vehicle_core/msg/detail/drive_target__rosidl_typesupport_fastrtps_cpp.hpp
[98.569s] -- Installing: /home/avcpp/AV-CPP2025/Vehicle/install/vehicle_core/include/vehicle_core/vehicle_core/msg/detail/autopilot_status__rosidl_typesupport_fastrtps_cpp.hpp
[98.569s] -- Installing: /home/avcpp/AV-CPP2025/Vehicle/install/vehicle_core/include/vehicle_core/vehicle_core/msg/detail/perception_profile__rosidl_typesupport_fastrtps_cpp.hpp
[98.569s] -- Installing: /home/avcpp/AV-CPP2025/Vehicle/install/vehicle_core/include/vehicle_core/vehicle_core/msg/detail/imu_status__rosidl_typesupport_fastrtps_cpp.hpp
[98.569s] -- Installing: /home/avcpp/AV-CPP2025/Vehicle/install/vehicle_core/include/vehicle_core/vehicle_core/msg/rosidl_typesupport_fastrtps_cpp__visibility_control.h
[98.570s] -- Up-to-date: /home/avcpp/AV-CPP2025/Vehicle/install/vehicle_core/include/vehicle_core/vehicle_core/srv
[98.570s] -- Up-to-date: /home/avcpp/AV-CPP2025/Vehicle/install/vehicle_core/include/vehicle_core/vehicle_core/srv/detail
[98.570s] -- Installing: /home/avcpp/AV-CPP2025/Vehicle/install/vehicle_core/include/vehicle_core/vehicle_core/srv/detail/request_internal_control__rosidl_typesupport_fastrtps_cpp.hpp
[98.570s] -- Installing: /home/avcpp/AV-CPP2025/Vehicle/install/vehicle_core/include/vehicle_core/vehicle_core/srv/detail/set_autopilot_profile__rosidl_typesupport_fastrtps_cpp.hpp
[98.570s] -- Installing: /home/avcpp/AV-CPP2025/Vehicle/install/vehicle_core/include/vehicle_core/vehicle_core/srv/detail/dds_fastrtps
[98.570s] -- Installing: /home/avcpp/AV-CPP2025/Vehicle/install/vehicle_core/include/vehicle_core/vehicle_core/srv/detail/release_internal_control__rosidl_typesupport_fastrtps_cpp.hpp
[98.570s] -- Installing: /home/avcpp/AV-CPP2025/Vehicle/install/vehicle_core/lib/libvehicle_core__rosidl_typesupport_fastrtps_cpp.so
[98.570s] -- Set runtime path of "/home/avcpp/AV-CPP2025/Vehicle/install/vehicle_core/lib/libvehicle_core__rosidl_typesupport_fastrtps_cpp.so" to ""
[98.570s] -- Up-to-date: /home/avcpp/AV-CPP2025/Vehicle/install/vehicle_core/include/vehicle_core/vehicle_core
[98.570s] -- Up-to-date: /home/avcpp/AV-CPP2025/Vehicle/install/vehicle_core/include/vehicle_core/vehicle_core/msg
[98.570s] -- Up-to-date: /home/avcpp/AV-CPP2025/Vehicle/install/vehicle_core/include/vehicle_core/vehicle_core/msg/detail
[98.570s] -- Installing: /home/avcpp/AV-CPP2025/Vehicle/install/vehicle_core/include/vehicle_core/vehicle_core/msg/detail/state_mode__type_support.c
[98.570s] -- Installing: /home/avcpp/AV-CPP2025/Vehicle/install/vehicle_core/include/vehicle_core/vehicle_core/msg/detail/lights_command__type_support.c
[98.570s] -- Installing: /home/avcpp/AV-CPP2025/Vehicle/install/vehicle_core/include/vehicle_core/vehicle_core/msg/detail/max_speed__rosidl_typesupport_introspection_c.h
[98.571s] -- Installing: /home/avcpp/AV-CPP2025/Vehicle/install/vehicle_core/include/vehicle_core/vehicle_core/msg/detail/internal_drive_command__rosidl_typesupport_introspection_c.h
[98.571s] -- Installing: /home/avcpp/AV-CPP2025/Vehicle/install/vehicle_core/include/vehicle_core/vehicle_core/msg/detail/autopilot_config__rosidl_typesupport_introspection_c.h
[98.571s] -- Installing: /home/avcpp/AV-CPP2025/Vehicle/install/vehicle_core/include/vehicle_core/vehicle_core/msg/detail/imu_status__type_support.c
[98.571s] -- Installing: /home/avcpp/AV-CPP2025/Vehicle/install/vehicle_core/include/vehicle_core/vehicle_core/msg/detail/internal_drive_command__type_support.c
[98.571s] -- Installing: /home/avcpp/AV-CPP2025/Vehicle/install/vehicle_core/include/vehicle_core/vehicle_core/msg/detail/server_init__type_support.c
[98.571s] -- Installing: /home/avcpp/AV-CPP2025/Vehicle/install/vehicle_core/include/vehicle_core/vehicle_core/msg/detail/drive_target__rosidl_typesupport_introspection_c.h
[98.571s] -- Installing: /home/avcpp/AV-CPP2025/Vehicle/install/vehicle_core/include/vehicle_core/vehicle_core/msg/detail/state_event__type_support.c
[98.571s] -- Installing: /home/avcpp/AV-CPP2025/Vehicle/install/vehicle_core/include/vehicle_core/vehicle_core/msg/detail/drive_feedback__rosidl_typesupport_introspection_c.h
[98.571s] -- Installing: /home/avcpp/AV-CPP2025/Vehicle/install/vehicle_core/include/vehicle_core/vehicle_core/msg/detail/drive_feedback__type_support.c
[98.571s] -- Installing: /home/avcpp/AV-CPP2025/Vehicle/install/vehicle_core/include/vehicle_core/vehicle_core/msg/detail/error__type_support.c
[98.571s] -- Installing: /home/avcpp/AV-CPP2025/Vehicle/install/vehicle_core/include/vehicle_core/vehicle_core/msg/detail/autopilot_status__type_support.c
[98.571s] -- Installing: /home/avcpp/AV-CPP2025/Vehicle/install/vehicle_core/include/vehicle_core/vehicle_core/msg/detail/manual_drive_command__rosidl_typesupport_introspection_c.h
[98.571s] -- Installing: /home/avcpp/AV-CPP2025/Vehicle/install/vehicle_core/include/vehicle_core/vehicle_core/msg/detail/autopilot_config__type_support.c
[98.571s] -- Installing: /home/avcpp/AV-CPP2025/Vehicle/install/vehicle_core/include/vehicle_core/vehicle_core/msg/detail/perception_profile__type_support.c
[98.572s] -- Installing: /home/avcpp/AV-CPP2025/Vehicle/install/vehicle_core/include/vehicle_core/vehicle_core/msg/detail/state_event__rosidl_typesupport_introspection_c.h
[98.572s] -- Installing: /home/avcpp/AV-CPP2025/Vehicle/install/vehicle_core/include/vehicle_core/vehicle_core/msg/detail/imu_status__rosidl_typesupport_introspection_c.h
[98.572s] -- Installing: /home/avcpp/AV-CPP2025/Vehicle/install/vehicle_core/include/vehicle_core/vehicle_core/msg/detail/server_init__rosidl_typesupport_introspection_c.h
[98.572s] -- Installing: /home/avcpp/AV-CPP2025/Vehicle/install/vehicle_core/include/vehicle_core/vehicle_core/msg/detail/telemetry_data__rosidl_typesupport_introspection_c.h
[98.572s] -- Installing: /home/avcpp/AV-CPP2025/Vehicle/install/vehicle_core/include/vehicle_core/vehicle_core/msg/detail/manual_drive_command__type_support.c
[98.572s] -- Installing: /home/avcpp/AV-CPP2025/Vehicle/install/vehicle_core/include/vehicle_core/vehicle_core/msg/detail/drive_status__type_support.c
[98.572s] -- Installing: /home/avcpp/AV-CPP2025/Vehicle/install/vehicle_core/include/vehicle_core/vehicle_core/msg/detail/drive_status__rosidl_typesupport_introspection_c.h
[98.572s] -- Installing: /home/avcpp/AV-CPP2025/Vehicle/install/vehicle_core/include/vehicle_core/vehicle_core/msg/detail/general_status__type_support.c
[98.572s] -- Installing: /home/avcpp/AV-CPP2025/Vehicle/install/vehicle_core/include/vehicle_core/vehicle_core/msg/detail/perception_profile__rosidl_typesupport_introspection_c.h
[98.572s] -- Installing: /home/avcpp/AV-CPP2025/Vehicle/install/vehicle_core/include/vehicle_core/vehicle_core/msg/detail/autopilot_command__type_support.c
[98.572s] -- Installing: /home/avcpp/AV-CPP2025/Vehicle/install/vehicle_core/include/vehicle_core/vehicle_core/msg/detail/error__rosidl_typesupport_introspection_c.h
[98.572s] -- Installing: /home/avcpp/AV-CPP2025/Vehicle/install/vehicle_core/include/vehicle_core/vehicle_core/msg/detail/max_speed__type_support.c
[98.572s] -- Installing: /home/avcpp/AV-CPP2025/Vehicle/install/vehicle_core/include/vehicle_core/vehicle_core/msg/detail/state_mode__rosidl_typesupport_introspection_c.h
[98.572s] -- Installing: /home/avcpp/AV-CPP2025/Vehicle/install/vehicle_core/include/vehicle_core/vehicle_core/msg/detail/general_status__rosidl_typesupport_introspection_c.h
[98.572s] -- Installing: /home/avcpp/AV-CPP2025/Vehicle/install/vehicle_core/include/vehicle_core/vehicle_core/msg/detail/drive_target__type_support.c
[98.572s] -- Installing: /home/avcpp/AV-CPP2025/Vehicle/install/vehicle_core/include/vehicle_core/vehicle_core/msg/detail/telemetry_data__type_support.c
[98.573s] -- Installing: /home/avcpp/AV-CPP2025/Vehicle/install/vehicle_core/include/vehicle_core/vehicle_core/msg/detail/lights_status__type_support.c
[98.573s] -- Installing: /home/avcpp/AV-CPP2025/Vehicle/install/vehicle_core/include/vehicle_core/vehicle_core/msg/detail/autopilot_command__rosidl_typesupport_introspection_c.h
[98.573s] -- Installing: /home/avcpp/AV-CPP2025/Vehicle/install/vehicle_core/include/vehicle_core/vehicle_core/msg/detail/autopilot_status__rosidl_typesupport_introspection_c.h
[98.573s] -- Installing: /home/avcpp/AV-CPP2025/Vehicle/install/vehicle_core/include/vehicle_core/vehicle_core/msg/detail/lights_command__rosidl_typesupport_introspection_c.h
[98.573s] -- Installing: /home/avcpp/AV-CPP2025/Vehicle/install/vehicle_core/include/vehicle_core/vehicle_core/msg/detail/lights_status__rosidl_typesupport_introspection_c.h
[98.573s] -- Installing: /home/avcpp/AV-CPP2025/Vehicle/install/vehicle_core/include/vehicle_core/vehicle_core/msg/rosidl_typesupport_introspection_c__visibility_control.h
[98.573s] -- Up-to-date: /home/avcpp/AV-CPP2025/Vehicle/install/vehicle_core/include/vehicle_core/vehicle_core/srv
[98.573s] -- Up-to-date: /home/avcpp/AV-CPP2025/Vehicle/install/vehicle_core/include/vehicle_core/vehicle_core/srv/detail
[98.573s] -- Installing: /home/avcpp/AV-CPP2025/Vehicle/install/vehicle_core/include/vehicle_core/vehicle_core/srv/detail/release_internal_control__rosidl_typesupport_introspection_c.h
[98.573s] -- Installing: /home/avcpp/AV-CPP2025/Vehicle/install/vehicle_core/include/vehicle_core/vehicle_core/srv/detail/set_autopilot_profile__rosidl_typesupport_introspection_c.h
[98.573s] -- Installing: /home/avcpp/AV-CPP2025/Vehicle/install/vehicle_core/include/vehicle_core/vehicle_core/srv/detail/request_internal_control__rosidl_typesupport_introspection_c.h
[98.573s] -- Installing: /home/avcpp/AV-CPP2025/Vehicle/install/vehicle_core/include/vehicle_core/vehicle_core/srv/detail/release_internal_control__type_support.c
[98.573s] -- Installing: /home/avcpp/AV-CPP2025/Vehicle/install/vehicle_core/include/vehicle_core/vehicle_core/srv/detail/request_internal_control__type_support.c
[98.573s] -- Installing: /home/avcpp/AV-CPP2025/Vehicle/install/vehicle_core/include/vehicle_core/vehicle_core/srv/detail/set_autopilot_profile__type_support.c
[98.573s] -- Installing: /home/avcpp/AV-CPP2025/Vehicle/install/vehicle_core/lib/libvehicle_core__rosidl_typesupport_introspection_c.so
[98.574s] -- Set runtime path of "/home/avcpp/AV-CPP2025/Vehicle/install/vehicle_core/lib/libvehicle_core__rosidl_typesupport_introspection_c.so" to ""
[98.574s] -- Installing: /home/avcpp/AV-CPP2025/Vehicle/install/vehicle_core/lib/libvehicle_core__rosidl_typesupport_c.so
[98.574s] -- Set runtime path of "/home/avcpp/AV-CPP2025/Vehicle/install/vehicle_core/lib/libvehicle_core__rosidl_typesupport_c.so" to ""
[98.574s] -- Up-to-date: /home/avcpp/AV-CPP2025/Vehicle/install/vehicle_core/include/vehicle_core/vehicle_core
[98.574s] -- Up-to-date: /home/avcpp/AV-CPP2025/Vehicle/install/vehicle_core/include/vehicle_core/vehicle_core/msg
[98.574s] -- Up-to-date: /home/avcpp/AV-CPP2025/Vehicle/install/vehicle_core/include/vehicle_core/vehicle_core/msg/detail
[98.574s] -- Installing: /home/avcpp/AV-CPP2025/Vehicle/install/vehicle_core/include/vehicle_core/vehicle_core/msg/detail/server_init__type_support.cpp
[98.574s] -- Installing: /home/avcpp/AV-CPP2025/Vehicle/install/vehicle_core/include/vehicle_core/vehicle_core/msg/detail/autopilot_config__type_support.cpp
[98.574s] -- Installing: /home/avcpp/AV-CPP2025/Vehicle/install/vehicle_core/include/vehicle_core/vehicle_core/msg/detail/autopilot_status__type_support.cpp
[98.574s] -- Installing: /home/avcpp/AV-CPP2025/Vehicle/install/vehicle_core/include/vehicle_core/vehicle_core/msg/detail/perception_profile__type_support.cpp
[98.574s] -- Installing: /home/avcpp/AV-CPP2025/Vehicle/install/vehicle_core/include/vehicle_core/vehicle_core/msg/detail/drive_status__rosidl_typesupport_introspection_cpp.hpp
[98.574s] -- Installing: /home/avcpp/AV-CPP2025/Vehicle/install/vehicle_core/include/vehicle_core/vehicle_core/msg/detail/drive_feedback__type_support.cpp
[98.574s] -- Installing: /home/avcpp/AV-CPP2025/Vehicle/install/vehicle_core/include/vehicle_core/vehicle_core/msg/detail/autopilot_command__rosidl_typesupport_introspection_cpp.hpp
[98.574s] -- Installing: /home/avcpp/AV-CPP2025/Vehicle/install/vehicle_core/include/vehicle_core/vehicle_core/msg/detail/imu_status__rosidl_typesupport_introspection_cpp.hpp
[98.574s] -- Installing: /home/avcpp/AV-CPP2025/Vehicle/install/vehicle_core/include/vehicle_core/vehicle_core/msg/detail/autopilot_status__rosidl_typesupport_introspection_cpp.hpp
[98.574s] -- Installing: /home/avcpp/AV-CPP2025/Vehicle/install/vehicle_core/include/vehicle_core/vehicle_core/msg/detail/internal_drive_command__rosidl_typesupport_introspection_cpp.hpp
[98.575s] -- Installing: /home/avcpp/AV-CPP2025/Vehicle/install/vehicle_core/include/vehicle_core/vehicle_core/msg/detail/perception_profile__rosidl_typesupport_introspection_cpp.hpp
[98.575s] -- Installing: /home/avcpp/AV-CPP2025/Vehicle/install/vehicle_core/include/vehicle_core/vehicle_core/msg/detail/internal_drive_command__type_support.cpp
[98.575s] -- Installing: /home/avcpp/AV-CPP2025/Vehicle/install/vehicle_core/include/vehicle_core/vehicle_core/msg/detail/manual_drive_command__rosidl_typesupport_introspection_cpp.hpp
[98.575s] -- Installing: /home/avcpp/AV-CPP2025/Vehicle/install/vehicle_core/include/vehicle_core/vehicle_core/msg/detail/state_mode__type_support.cpp
[98.575s] -- Installing: /home/avcpp/AV-CPP2025/Vehicle/install/vehicle_core/include/vehicle_core/vehicle_core/msg/detail/telemetry_data__rosidl_typesupport_introspection_cpp.hpp
[98.575s] -- Installing: /home/avcpp/AV-CPP2025/Vehicle/install/vehicle_core/include/vehicle_core/vehicle_core/msg/detail/lights_status__type_support.cpp
[98.575s] -- Installing: /home/avcpp/AV-CPP2025/Vehicle/install/vehicle_core/include/vehicle_core/vehicle_core/msg/detail/max_speed__rosidl_typesupport_introspection_cpp.hpp
[98.575s] -- Installing: /home/avcpp/AV-CPP2025/Vehicle/install/vehicle_core/include/vehicle_core/vehicle_core/msg/detail/general_status__type_support.cpp
[98.575s] -- Installing: /home/avcpp/AV-CPP2025/Vehicle/install/vehicle_core/include/vehicle_core/vehicle_core/msg/detail/lights_command__type_support.cpp
[98.575s] -- Installing: /home/avcpp/AV-CPP2025/Vehicle/install/vehicle_core/include/vehicle_core/vehicle_core/msg/detail/general_status__rosidl_typesupport_introspection_cpp.hpp
[98.575s] -- Installing: /home/avcpp/AV-CPP2025/Vehicle/install/vehicle_core/include/vehicle_core/vehicle_core/msg/detail/autopilot_config__rosidl_typesupport_introspection_cpp.hpp
[98.575s] -- Installing: /home/avcpp/AV-CPP2025/Vehicle/install/vehicle_core/include/vehicle_core/vehicle_core/msg/detail/manual_drive_command__type_support.cpp
[98.575s] -- Installing: /home/avcpp/AV-CPP2025/Vehicle/install/vehicle_core/include/vehicle_core/vehicle_core/msg/detail/lights_status__rosidl_typesupport_introspection_cpp.hpp
[98.575s] -- Installing: /home/avcpp/AV-CPP2025/Vehicle/install/vehicle_core/include/vehicle_core/vehicle_core/msg/detail/telemetry_data__type_support.cpp
[98.575s] -- Installing: /home/avcpp/AV-CPP2025/Vehicle/install/vehicle_core/include/vehicle_core/vehicle_core/msg/detail/imu_status__type_support.cpp
[98.575s] -- Installing: /home/avcpp/AV-CPP2025/Vehicle/install/vehicle_core/include/vehicle_core/vehicle_core/msg/detail/drive_status__type_support.cpp
[98.576s] -- Installing: /home/avcpp/AV-CPP2025/Vehicle/install/vehicle_core/include/vehicle_core/vehicle_core/msg/detail/drive_target__rosidl_typesupport_introspection_cpp.hpp
[98.576s] -- Installing: /home/avcpp/AV-CPP2025/Vehicle/install/vehicle_core/include/vehicle_core/vehicle_core/msg/detail/lights_command__rosidl_typesupport_introspection_cpp.hpp
[98.576s] -- Installing: /home/avcpp/AV-CPP2025/Vehicle/install/vehicle_core/include/vehicle_core/vehicle_core/msg/detail/state_event__type_support.cpp
[98.576s] -- Installing: /home/avcpp/AV-CPP2025/Vehicle/install/vehicle_core/include/vehicle_core/vehicle_core/msg/detail/state_mode__rosidl_typesupport_introspection_cpp.hpp
[98.576s] -- Installing: /home/avcpp/AV-CPP2025/Vehicle/install/vehicle_core/include/vehicle_core/vehicle_core/msg/detail/error__rosidl_typesupport_introspection_cpp.hpp
[98.576s] -- Installing: /home/avcpp/AV-CPP2025/Vehicle/install/vehicle_core/include/vehicle_core/vehicle_core/msg/detail/server_init__rosidl_typesupport_introspection_cpp.hpp
[98.576s] -- Installing: /home/avcpp/AV-CPP2025/Vehicle/install/vehicle_core/include/vehicle_core/vehicle_core/msg/detail/error__type_support.cpp
[98.576s] -- Installing: /home/avcpp/AV-CPP2025/Vehicle/install/vehicle_core/include/vehicle_core/vehicle_core/msg/detail/autopilot_command__type_support.cpp
[98.576s] -- Installing: /home/avcpp/AV-CPP2025/Vehicle/install/vehicle_core/include/vehicle_core/vehicle_core/msg/detail/drive_target__type_support.cpp
[98.576s] -- Installing: /home/avcpp/AV-CPP2025/Vehicle/install/vehicle_core/include/vehicle_core/vehicle_core/msg/detail/drive_feedback__rosidl_typesupport_introspection_cpp.hpp
[98.576s] -- Installing: /home/avcpp/AV-CPP2025/Vehicle/install/vehicle_core/include/vehicle_core/vehicle_core/msg/detail/max_speed__type_support.cpp
[98.576s] -- Installing: /home/avcpp/AV-CPP2025/Vehicle/install/vehicle_core/include/vehicle_core/vehicle_core/msg/detail/state_event__rosidl_typesupport_introspection_cpp.hpp
[98.576s] -- Up-to-date: /home/avcpp/AV-CPP2025/Vehicle/install/vehicle_core/include/vehicle_core/vehicle_core/srv
[98.576s] -- Up-to-date: /home/avcpp/AV-CPP2025/Vehicle/install/vehicle_core/include/vehicle_core/vehicle_core/srv/detail
[98.576s] -- Installing: /home/avcpp/AV-CPP2025/Vehicle/install/vehicle_core/include/vehicle_core/vehicle_core/srv/detail/set_autopilot_profile__type_support.cpp
[98.576s] -- Installing: /home/avcpp/AV-CPP2025/Vehicle/install/vehicle_core/include/vehicle_core/vehicle_core/srv/detail/release_internal_control__type_support.cpp
[98.576s] -- Installing: /home/avcpp/AV-CPP2025/Vehicle/install/vehicle_core/include/vehicle_core/vehicle_core/srv/detail/request_internal_control__type_support.cpp
[98.577s] -- Installing: /home/avcpp/AV-CPP2025/Vehicle/install/vehicle_core/include/vehicle_core/vehicle_core/srv/detail/request_internal_control__rosidl_typesupport_introspection_cpp.hpp
[98.577s] -- Installing: /home/avcpp/AV-CPP2025/Vehicle/install/vehicle_core/include/vehicle_core/vehicle_core/srv/detail/set_autopilot_profile__rosidl_typesupport_introspection_cpp.hpp
[98.577s] -- Installing: /home/avcpp/AV-CPP2025/Vehicle/install/vehicle_core/include/vehicle_core/vehicle_core/srv/detail/release_internal_control__rosidl_typesupport_introspection_cpp.hpp
[98.577s] -- Installing: /home/avcpp/AV-CPP2025/Vehicle/install/vehicle_core/lib/libvehicle_core__rosidl_typesupport_introspection_cpp.so
[98.577s] -- Set runtime path of "/home/avcpp/AV-CPP2025/Vehicle/install/vehicle_core/lib/libvehicle_core__rosidl_typesupport_introspection_cpp.so" to ""
[98.577s] -- Installing: /home/avcpp/AV-CPP2025/Vehicle/install/vehicle_core/lib/libvehicle_core__rosidl_typesupport_cpp.so
[98.577s] -- Set runtime path of "/home/avcpp/AV-CPP2025/Vehicle/install/vehicle_core/lib/libvehicle_core__rosidl_typesupport_cpp.so" to ""
[98.577s] -- Installing: /home/avcpp/AV-CPP2025/Vehicle/install/vehicle_core/share/vehicle_core/environment/pythonpath.sh
[98.577s] -- Installing: /home/avcpp/AV-CPP2025/Vehicle/install/vehicle_core/share/vehicle_core/environment/pythonpath.dsv
[98.577s] -- Installing: /home/avcpp/AV-CPP2025/Vehicle/install/vehicle_core/local/lib/python3.10/dist-packages/vehicle_core-0.0.0-py3.10.egg-info
[98.577s] -- Installing: /home/avcpp/AV-CPP2025/Vehicle/install/vehicle_core/local/lib/python3.10/dist-packages/vehicle_core-0.0.0-py3.10.egg-info/top_level.txt
[98.577s] -- Installing: /home/avcpp/AV-CPP2025/Vehicle/install/vehicle_core/local/lib/python3.10/dist-packages/vehicle_core-0.0.0-py3.10.egg-info/SOURCES.txt
[98.577s] -- Installing: /home/avcpp/AV-CPP2025/Vehicle/install/vehicle_core/local/lib/python3.10/dist-packages/vehicle_core-0.0.0-py3.10.egg-info/PKG-INFO
[98.577s] -- Installing: /home/avcpp/AV-CPP2025/Vehicle/install/vehicle_core/local/lib/python3.10/dist-packages/vehicle_core-0.0.0-py3.10.egg-info/dependency_links.txt
[98.577s] -- Installing: /home/avcpp/AV-CPP2025/Vehicle/install/vehicle_core/local/lib/python3.10/dist-packages/vehicle_core
[98.578s] -- Installing: /home/avcpp/AV-CPP2025/Vehicle/install/vehicle_core/local/lib/python3.10/dist-packages/vehicle_core/_vehicle_core_s.ep.rosidl_typesupport_c.c
[98.578s] -- Installing: /home/avcpp/AV-CPP2025/Vehicle/install/vehicle_core/local/lib/python3.10/dist-packages/vehicle_core/vehicle_core_s__rosidl_typesupport_fastrtps_c.cpython-310-aarch64-linux-gnu.so
[98.578s] -- Installing: /home/avcpp/AV-CPP2025/Vehicle/install/vehicle_core/local/lib/python3.10/dist-packages/vehicle_core/libvehicle_core__rosidl_generator_py.so
[98.578s] -- Installing: /home/avcpp/AV-CPP2025/Vehicle/install/vehicle_core/local/lib/python3.10/dist-packages/vehicle_core/msg
[98.578s] -- Installing: /home/avcpp/AV-CPP2025/Vehicle/install/vehicle_core/local/lib/python3.10/dist-packages/vehicle_core/msg/_general_status_s.c
[98.578s] -- Installing: /home/avcpp/AV-CPP2025/Vehicle/install/vehicle_core/local/lib/python3.10/dist-packages/vehicle_core/msg/_autopilot_config.py
[98.578s] -- Installing: /home/avcpp/AV-CPP2025/Vehicle/install/vehicle_core/local/lib/python3.10/dist-packages/vehicle_core/msg/_drive_status.py
[98.578s] -- Installing: /home/avcpp/AV-CPP2025/Vehicle/install/vehicle_core/local/lib/python3.10/dist-packages/vehicle_core/msg/_max_speed.py
[98.578s] -- Installing: /home/avcpp/AV-CPP2025/Vehicle/install/vehicle_core/local/lib/python3.10/dist-packages/vehicle_core/msg/_error.py
[98.578s] -- Installing: /home/avcpp/AV-CPP2025/Vehicle/install/vehicle_core/local/lib/python3.10/dist-packages/vehicle_core/msg/_autopilot_command_s.c
[98.578s] -- Installing: /home/avcpp/AV-CPP2025/Vehicle/install/vehicle_core/local/lib/python3.10/dist-packages/vehicle_core/msg/_lights_status_s.c
[98.578s] -- Installing: /home/avcpp/AV-CPP2025/Vehicle/install/vehicle_core/local/lib/python3.10/dist-packages/vehicle_core/msg/_internal_drive_command_s.c
[98.578s] -- Installing: /home/avcpp/AV-CPP2025/Vehicle/install/vehicle_core/local/lib/python3.10/dist-packages/vehicle_core/msg/_error_s.c
[98.578s] -- Installing: /home/avcpp/AV-CPP2025/Vehicle/install/vehicle_core/local/lib/python3.10/dist-packages/vehicle_core/msg/_lights_status.py
[98.578s] -- Installing: /home/avcpp/AV-CPP2025/Vehicle/install/vehicle_core/local/lib/python3.10/dist-packages/vehicle_core/msg/_drive_status_s.c
[98.578s] -- Installing: /home/avcpp/AV-CPP2025/Vehicle/install/vehicle_core/local/lib/python3.10/dist-packages/vehicle_core/msg/_autopilot_status.py
[98.579s] -- Installing: /home/avcpp/AV-CPP2025/Vehicle/install/vehicle_core/local/lib/python3.10/dist-packages/vehicle_core/msg/_autopilot_config_s.c
[98.579s] -- Installing: /home/avcpp/AV-CPP2025/Vehicle/install/vehicle_core/local/lib/python3.10/dist-packages/vehicle_core/msg/_telemetry_data_s.c
[98.579s] -- Installing: /home/avcpp/AV-CPP2025/Vehicle/install/vehicle_core/local/lib/python3.10/dist-packages/vehicle_core/msg/_server_init_s.c
[98.579s] -- Installing: /home/avcpp/AV-CPP2025/Vehicle/install/vehicle_core/local/lib/python3.10/dist-packages/vehicle_core/msg/_autopilot_command.py
[98.579s] -- Installing: /home/avcpp/AV-CPP2025/Vehicle/install/vehicle_core/local/lib/python3.10/dist-packages/vehicle_core/msg/_drive_target.py
[98.579s] -- Installing: /home/avcpp/AV-CPP2025/Vehicle/install/vehicle_core/local/lib/python3.10/dist-packages/vehicle_core/msg/_drive_feedback_s.c
[98.579s] -- Installing: /home/avcpp/AV-CPP2025/Vehicle/install/vehicle_core/local/lib/python3.10/dist-packages/vehicle_core/msg/_lights_command_s.c
[98.579s] -- Installing: /home/avcpp/AV-CPP2025/Vehicle/install/vehicle_core/local/lib/python3.10/dist-packages/vehicle_core/msg/_lights_command.py
[98.579s] -- Installing: /home/avcpp/AV-CPP2025/Vehicle/install/vehicle_core/local/lib/python3.10/dist-packages/vehicle_core/msg/_state_mode.py
[98.579s] -- Installing: /home/avcpp/AV-CPP2025/Vehicle/install/vehicle_core/local/lib/python3.10/dist-packages/vehicle_core/msg/_drive_target_s.c
[98.579s] -- Installing: /home/avcpp/AV-CPP2025/Vehicle/install/vehicle_core/local/lib/python3.10/dist-packages/vehicle_core/msg/_server_init.py
[98.579s] -- Installing: /home/avcpp/AV-CPP2025/Vehicle/install/vehicle_core/local/lib/python3.10/dist-packages/vehicle_core/msg/_general_status.py
[98.579s] -- Installing: /home/avcpp/AV-CPP2025/Vehicle/install/vehicle_core/local/lib/python3.10/dist-packages/vehicle_core/msg/_manual_drive_command_s.c
[98.579s] -- Installing: /home/avcpp/AV-CPP2025/Vehicle/install/vehicle_core/local/lib/python3.10/dist-packages/vehicle_core/msg/_manual_drive_command.py
[98.579s] -- Installing: /home/avcpp/AV-CPP2025/Vehicle/install/vehicle_core/local/lib/python3.10/dist-packages/vehicle_core/msg/_state_mode_s.c
[98.579s] -- Installing: /home/avcpp/AV-CPP2025/Vehicle/install/vehicle_core/local/lib/python3.10/dist-packages/vehicle_core/msg/_perception_profile.py
[98.580s] -- Installing: /home/avcpp/AV-CPP2025/Vehicle/install/vehicle_core/local/lib/python3.10/dist-packages/vehicle_core/msg/_autopilot_status_s.c
[98.580s] -- Installing: /home/avcpp/AV-CPP2025/Vehicle/install/vehicle_core/local/lib/python3.10/dist-packages/vehicle_core/msg/_imu_status.py
[98.580s] -- Installing: /home/avcpp/AV-CPP2025/Vehicle/install/vehicle_core/local/lib/python3.10/dist-packages/vehicle_core/msg/_state_event_s.c
[98.580s] -- Installing: /home/avcpp/AV-CPP2025/Vehicle/install/vehicle_core/local/lib/python3.10/dist-packages/vehicle_core/msg/_internal_drive_command.py
[98.580s] -- Installing: /home/avcpp/AV-CPP2025/Vehicle/install/vehicle_core/local/lib/python3.10/dist-packages/vehicle_core/msg/__init__.py
[98.580s] -- Installing: /home/avcpp/AV-CPP2025/Vehicle/install/vehicle_core/local/lib/python3.10/dist-packages/vehicle_core/msg/_perception_profile_s.c
[98.580s] -- Installing: /home/avcpp/AV-CPP2025/Vehicle/install/vehicle_core/local/lib/python3.10/dist-packages/vehicle_core/msg/_drive_feedback.py
[98.580s] -- Installing: /home/avcpp/AV-CPP2025/Vehicle/install/vehicle_core/local/lib/python3.10/dist-packages/vehicle_core/msg/_imu_status_s.c
[98.580s] -- Installing: /home/avcpp/AV-CPP2025/Vehicle/install/vehicle_core/local/lib/python3.10/dist-packages/vehicle_core/msg/_telemetry_data.py
[98.580s] -- Installing: /home/avcpp/AV-CPP2025/Vehicle/install/vehicle_core/local/lib/python3.10/dist-packages/vehicle_core/msg/_state_event.py
[98.580s] -- Installing: /home/avcpp/AV-CPP2025/Vehicle/install/vehicle_core/local/lib/python3.10/dist-packages/vehicle_core/msg/_max_speed_s.c
[98.580s] -- Installing: /home/avcpp/AV-CPP2025/Vehicle/install/vehicle_core/local/lib/python3.10/dist-packages/vehicle_core/vehicle_core_s__rosidl_typesupport_c.cpython-310-aarch64-linux-gnu.so
[98.580s] -- Installing: /home/avcpp/AV-CPP2025/Vehicle/install/vehicle_core/local/lib/python3.10/dist-packages/vehicle_core/__init__.py
[98.580s] -- Installing: /home/avcpp/AV-CPP2025/Vehicle/install/vehicle_core/local/lib/python3.10/dist-packages/vehicle_core/_vehicle_core_s.ep.rosidl_typesupport_fastrtps_c.c
[98.580s] -- Installing: /home/avcpp/AV-CPP2025/Vehicle/install/vehicle_core/local/lib/python3.10/dist-packages/vehicle_core/_vehicle_core_s.ep.rosidl_typesupport_introspection_c.c
[98.580s] -- Installing: /home/avcpp/AV-CPP2025/Vehicle/install/vehicle_core/local/lib/python3.10/dist-packages/vehicle_core/srv
[98.581s] -- Installing: /home/avcpp/AV-CPP2025/Vehicle/install/vehicle_core/local/lib/python3.10/dist-packages/vehicle_core/srv/_request_internal_control.py
[98.581s] -- Installing: /home/avcpp/AV-CPP2025/Vehicle/install/vehicle_core/local/lib/python3.10/dist-packages/vehicle_core/srv/_set_autopilot_profile.py
[98.581s] -- Installing: /home/avcpp/AV-CPP2025/Vehicle/install/vehicle_core/local/lib/python3.10/dist-packages/vehicle_core/srv/_release_internal_control_s.c
[98.581s] -- Installing: /home/avcpp/AV-CPP2025/Vehicle/install/vehicle_core/local/lib/python3.10/dist-packages/vehicle_core/srv/_set_autopilot_profile_s.c
[98.581s] -- Installing: /home/avcpp/AV-CPP2025/Vehicle/install/vehicle_core/local/lib/python3.10/dist-packages/vehicle_core/srv/__init__.py
[98.581s] -- Installing: /home/avcpp/AV-CPP2025/Vehicle/install/vehicle_core/local/lib/python3.10/dist-packages/vehicle_core/srv/_request_internal_control_s.c
[98.581s] -- Installing: /home/avcpp/AV-CPP2025/Vehicle/install/vehicle_core/local/lib/python3.10/dist-packages/vehicle_core/srv/_release_internal_control.py
[98.581s] -- Installing: /home/avcpp/AV-CPP2025/Vehicle/install/vehicle_core/local/lib/python3.10/dist-packages/vehicle_core/vehicle_core_s__rosidl_typesupport_introspection_c.cpython-310-aarch64-linux-gnu.so
[98.640s] Listing '/home/avcpp/AV-CPP2025/Vehicle/install/vehicle_core/local/lib/python3.10/dist-packages/vehicle_core'...
[98.640s] Compiling '/home/avcpp/AV-CPP2025/Vehicle/install/vehicle_core/local/lib/python3.10/dist-packages/vehicle_core/__init__.py'...
[98.640s] Listing '/home/avcpp/AV-CPP2025/Vehicle/install/vehicle_core/local/lib/python3.10/dist-packages/vehicle_core/msg'...
[98.640s] Compiling '/home/avcpp/AV-CPP2025/Vehicle/install/vehicle_core/local/lib/python3.10/dist-packages/vehicle_core/msg/__init__.py'...
[98.640s] Compiling '/home/avcpp/AV-CPP2025/Vehicle/install/vehicle_core/local/lib/python3.10/dist-packages/vehicle_core/msg/_autopilot_command.py'...
[98.640s] Compiling '/home/avcpp/AV-CPP2025/Vehicle/install/vehicle_core/local/lib/python3.10/dist-packages/vehicle_core/msg/_autopilot_config.py'...
[98.641s] Compiling '/home/avcpp/AV-CPP2025/Vehicle/install/vehicle_core/local/lib/python3.10/dist-packages/vehicle_core/msg/_autopilot_status.py'...
[98.641s] Compiling '/home/avcpp/AV-CPP2025/Vehicle/install/vehicle_core/local/lib/python3.10/dist-packages/vehicle_core/msg/_drive_feedback.py'...
[98.641s] Compiling '/home/avcpp/AV-CPP2025/Vehicle/install/vehicle_core/local/lib/python3.10/dist-packages/vehicle_core/msg/_drive_status.py'...
[98.641s] Compiling '/home/avcpp/AV-CPP2025/Vehicle/install/vehicle_core/local/lib/python3.10/dist-packages/vehicle_core/msg/_drive_target.py'...
[98.641s] Compiling '/home/avcpp/AV-CPP2025/Vehicle/install/vehicle_core/local/lib/python3.10/dist-packages/vehicle_core/msg/_error.py'...
[98.641s] Compiling '/home/avcpp/AV-CPP2025/Vehicle/install/vehicle_core/local/lib/python3.10/dist-packages/vehicle_core/msg/_general_status.py'...
[98.641s] Compiling '/home/avcpp/AV-CPP2025/Vehicle/install/vehicle_core/local/lib/python3.10/dist-packages/vehicle_core/msg/_imu_status.py'...
[98.641s] Compiling '/home/avcpp/AV-CPP2025/Vehicle/install/vehicle_core/local/lib/python3.10/dist-packages/vehicle_core/msg/_internal_drive_command.py'...
[98.641s] Compiling '/home/avcpp/AV-CPP2025/Vehicle/install/vehicle_core/local/lib/python3.10/dist-packages/vehicle_core/msg/_lights_command.py'...
[98.641s] Compiling '/home/avcpp/AV-CPP2025/Vehicle/install/vehicle_core/local/lib/python3.10/dist-packages/vehicle_core/msg/_lights_status.py'...
[98.641s] Compiling '/home/avcpp/AV-CPP2025/Vehicle/install/vehicle_core/local/lib/python3.10/dist-packages/vehicle_core/msg/_manual_drive_command.py'...
[98.641s] Compiling '/home/avcpp/AV-CPP2025/Vehicle/install/vehicle_core/local/lib/python3.10/dist-packages/vehicle_core/msg/_max_speed.py'...
[98.641s] Compiling '/home/avcpp/AV-CPP2025/Vehicle/install/vehicle_core/local/lib/python3.10/dist-packages/vehicle_core/msg/_perception_profile.py'...
[98.641s] Compiling '/home/avcpp/AV-CPP2025/Vehicle/install/vehicle_core/local/lib/python3.10/dist-packages/vehicle_core/msg/_server_init.py'...
[98.641s] Compiling '/home/avcpp/AV-CPP2025/Vehicle/install/vehicle_core/local/lib/python3.10/dist-packages/vehicle_core/msg/_state_event.py'...
[98.642s] Compiling '/home/avcpp/AV-CPP2025/Vehicle/install/vehicle_core/local/lib/python3.10/dist-packages/vehicle_core/msg/_state_mode.py'...
[98.642s] Compiling '/home/avcpp/AV-CPP2025/Vehicle/install/vehicle_core/local/lib/python3.10/dist-packages/vehicle_core/msg/_telemetry_data.py'...
[98.642s] Listing '/home/avcpp/AV-CPP2025/Vehicle/install/vehicle_core/local/lib/python3.10/dist-packages/vehicle_core/srv'...
[98.642s] Compiling '/home/avcpp/AV-CPP2025/Vehicle/install/vehicle_core/local/lib/python3.10/dist-packages/vehicle_core/srv/__init__.py'...
[98.642s] Compiling '/home/avcpp/AV-CPP2025/Vehicle/install/vehicle_core/local/lib/python3.10/dist-packages/vehicle_core/srv/_release_internal_control.py'...
[98.642s] Compiling '/home/avcpp/AV-CPP2025/Vehicle/install/vehicle_core/local/lib/python3.10/dist-packages/vehicle_core/srv/_request_internal_control.py'...
[98.642s] Compiling '/home/avcpp/AV-CPP2025/Vehicle/install/vehicle_core/local/lib/python3.10/dist-packages/vehicle_core/srv/_set_autopilot_profile.py'...
[98.659s] -- Installing: /home/avcpp/AV-CPP2025/Vehicle/install/vehicle_core/local/lib/python3.10/dist-packages/vehicle_core/vehicle_core_s__rosidl_typesupport_fastrtps_c.cpython-310-aarch64-linux-gnu.so
[98.660s] -- Set runtime path of "/home/avcpp/AV-CPP2025/Vehicle/install/vehicle_core/local/lib/python3.10/dist-packages/vehicle_core/vehicle_core_s__rosidl_typesupport_fastrtps_c.cpython-310-aarch64-linux-gnu.so" to ""
[98.662s] -- Installing: /home/avcpp/AV-CPP2025/Vehicle/install/vehicle_core/local/lib/python3.10/dist-packages/vehicle_core/vehicle_core_s__rosidl_typesupport_introspection_c.cpython-310-aarch64-linux-gnu.so
[98.663s] -- Set runtime path of "/home/avcpp/AV-CPP2025/Vehicle/install/vehicle_core/local/lib/python3.10/dist-packages/vehicle_core/vehicle_core_s__rosidl_typesupport_introspection_c.cpython-310-aarch64-linux-gnu.so" to ""
[98.665s] -- Installing: /home/avcpp/AV-CPP2025/Vehicle/install/vehicle_core/local/lib/python3.10/dist-packages/vehicle_core/vehicle_core_s__rosidl_typesupport_c.cpython-310-aarch64-linux-gnu.so
[98.667s] -- Set runtime path of "/home/avcpp/AV-CPP2025/Vehicle/install/vehicle_core/local/lib/python3.10/dist-packages/vehicle_core/vehicle_core_s__rosidl_typesupport_c.cpython-310-aarch64-linux-gnu.so" to ""
[98.667s] -- Installing: /home/avcpp/AV-CPP2025/Vehicle/install/vehicle_core/lib/libvehicle_core__rosidl_generator_py.so
[98.670s] -- Set runtime path of "/home/avcpp/AV-CPP2025/Vehicle/install/vehicle_core/lib/libvehicle_core__rosidl_generator_py.so" to ""
[98.671s] -- Installing: /home/avcpp/AV-CPP2025/Vehicle/install/vehicle_core/share/vehicle_core/msg/DriveTarget.idl
[98.672s] -- Installing: /home/avcpp/AV-CPP2025/Vehicle/install/vehicle_core/share/vehicle_core/msg/InternalDriveCommand.idl
[98.672s] -- Installing: /home/avcpp/AV-CPP2025/Vehicle/install/vehicle_core/share/vehicle_core/msg/ManualDriveCommand.idl
[98.674s] -- Installing: /home/avcpp/AV-CPP2025/Vehicle/install/vehicle_core/share/vehicle_core/msg/LightsCommand.idl
[98.674s] -- Installing: /home/avcpp/AV-CPP2025/Vehicle/install/vehicle_core/share/vehicle_core/msg/MaxSpeed.idl
[98.675s] -- Installing: /home/avcpp/AV-CPP2025/Vehicle/install/vehicle_core/share/vehicle_core/msg/AutopilotCommand.idl
[98.676s] -- Installing: /home/avcpp/AV-CPP2025/Vehicle/install/vehicle_core/share/vehicle_core/msg/LightsStatus.idl
[98.676s] -- Installing: /home/avcpp/AV-CPP2025/Vehicle/install/vehicle_core/share/vehicle_core/msg/GeneralStatus.idl
[98.677s] -- Installing: /home/avcpp/AV-CPP2025/Vehicle/install/vehicle_core/share/vehicle_core/msg/DriveStatus.idl
[98.678s] -- Installing: /home/avcpp/AV-CPP2025/Vehicle/install/vehicle_core/share/vehicle_core/msg/AutopilotStatus.idl
[98.678s] -- Installing: /home/avcpp/AV-CPP2025/Vehicle/install/vehicle_core/share/vehicle_core/msg/TelemetryData.idl
[98.679s] -- Installing: /home/avcpp/AV-CPP2025/Vehicle/install/vehicle_core/share/vehicle_core/msg/Error.idl
[98.680s] -- Installing: /home/avcpp/AV-CPP2025/Vehicle/install/vehicle_core/share/vehicle_core/msg/ServerInit.idl
[98.680s] -- Installing: /home/avcpp/AV-CPP2025/Vehicle/install/vehicle_core/share/vehicle_core/msg/AutopilotConfig.idl
[98.681s] -- Installing: /home/avcpp/AV-CPP2025/Vehicle/install/vehicle_core/share/vehicle_core/msg/PerceptionProfile.idl
[98.682s] -- Installing: /home/avcpp/AV-CPP2025/Vehicle/install/vehicle_core/share/vehicle_core/msg/StateMode.idl
[98.682s] -- Installing: /home/avcpp/AV-CPP2025/Vehicle/install/vehicle_core/share/vehicle_core/msg/StateEvent.idl
[98.683s] -- Installing: /home/avcpp/AV-CPP2025/Vehicle/install/vehicle_core/share/vehicle_core/msg/DriveFeedback.idl
[98.684s] -- Installing: /home/avcpp/AV-CPP2025/Vehicle/install/vehicle_core/share/vehicle_core/msg/IMUStatus.idl
[98.684s] -- Installing: /home/avcpp/AV-CPP2025/Vehicle/install/vehicle_core/share/vehicle_core/srv/RequestInternalControl.idl
[98.685s] -- Installing: /home/avcpp/AV-CPP2025/Vehicle/install/vehicle_core/share/vehicle_core/srv/ReleaseInternalControl.idl
[98.685s] -- Installing: /home/avcpp/AV-CPP2025/Vehicle/install/vehicle_core/share/vehicle_core/srv/SetAutopilotProfile.idl
[98.686s] -- Installing: /home/avcpp/AV-CPP2025/Vehicle/install/vehicle_core/share/vehicle_core/msg/DriveTarget.msg
[98.686s] -- Installing: /home/avcpp/AV-CPP2025/Vehicle/install/vehicle_core/share/vehicle_core/msg/InternalDriveCommand.msg
[98.687s] -- Installing: /home/avcpp/AV-CPP2025/Vehicle/install/vehicle_core/share/vehicle_core/msg/ManualDriveCommand.msg
[98.687s] -- Installing: /home/avcpp/AV-CPP2025/Vehicle/install/vehicle_core/share/vehicle_core/msg/LightsCommand.msg
[98.688s] -- Installing: /home/avcpp/AV-CPP2025/Vehicle/install/vehicle_core/share/vehicle_core/msg/MaxSpeed.msg
[98.688s] -- Installing: /home/avcpp/AV-CPP2025/Vehicle/install/vehicle_core/share/vehicle_core/msg/AutopilotCommand.msg
[98.688s] -- Installing: /home/avcpp/AV-CPP2025/Vehicle/install/vehicle_core/share/vehicle_core/msg/LightsStatus.msg
[98.689s] -- Installing: /home/avcpp/AV-CPP2025/Vehicle/install/vehicle_core/share/vehicle_core/msg/GeneralStatus.msg
[98.689s] -- Installing: /home/avcpp/AV-CPP2025/Vehicle/install/vehicle_core/share/vehicle_core/msg/DriveStatus.msg
[98.689s] -- Installing: /home/avcpp/AV-CPP2025/Vehicle/install/vehicle_core/share/vehicle_core/msg/AutopilotStatus.msg
[98.690s] -- Installing: /home/avcpp/AV-CPP2025/Vehicle/install/vehicle_core/share/vehicle_core/msg/TelemetryData.msg
[98.690s] -- Installing: /home/avcpp/AV-CPP2025/Vehicle/install/vehicle_core/share/vehicle_core/msg/Error.msg
[98.690s] -- Installing: /home/avcpp/AV-CPP2025/Vehicle/install/vehicle_core/share/vehicle_core/msg/ServerInit.msg
[98.691s] -- Installing: /home/avcpp/AV-CPP2025/Vehicle/install/vehicle_core/share/vehicle_core/msg/AutopilotConfig.msg
[98.691s] -- Installing: /home/avcpp/AV-CPP2025/Vehicle/install/vehicle_core/share/vehicle_core/msg/PerceptionProfile.msg
[98.691s] -- Installing: /home/avcpp/AV-CPP2025/Vehicle/install/vehicle_core/share/vehicle_core/msg/StateMode.msg
[98.692s] -- Installing: /home/avcpp/AV-CPP2025/Vehicle/install/vehicle_core/share/vehicle_core/msg/StateEvent.msg
[98.692s] -- Installing: /home/avcpp/AV-CPP2025/Vehicle/install/vehicle_core/share/vehicle_core/msg/DriveFeedback.msg
[98.692s] -- Installing: /home/avcpp/AV-CPP2025/Vehicle/install/vehicle_core/share/vehicle_core/msg/IMUStatus.msg
[98.693s] -- Installing: /home/avcpp/AV-CPP2025/Vehicle/install/vehicle_core/share/vehicle_core/srv/RequestInternalControl.srv
[98.693s] -- Installing: /home/avcpp/AV-CPP2025/Vehicle/install/vehicle_core/share/vehicle_core/srv/RequestInternalControl_Request.msg
[98.693s] -- Installing: /home/avcpp/AV-CPP2025/Vehicle/install/vehicle_core/share/vehicle_core/srv/RequestInternalControl_Response.msg
[98.694s] -- Installing: /home/avcpp/AV-CPP2025/Vehicle/install/vehicle_core/share/vehicle_core/srv/ReleaseInternalControl.srv
[98.694s] -- Installing: /home/avcpp/AV-CPP2025/Vehicle/install/vehicle_core/share/vehicle_core/srv/ReleaseInternalControl_Request.msg
[98.694s] -- Installing: /home/avcpp/AV-CPP2025/Vehicle/install/vehicle_core/share/vehicle_core/srv/ReleaseInternalControl_Response.msg
[98.695s] -- Installing: /home/avcpp/AV-CPP2025/Vehicle/install/vehicle_core/share/vehicle_core/srv/SetAutopilotProfile.srv
[98.695s] -- Installing: /home/avcpp/AV-CPP2025/Vehicle/install/vehicle_core/share/vehicle_core/srv/SetAutopilotProfile_Request.msg
[98.695s] -- Installing: /home/avcpp/AV-CPP2025/Vehicle/install/vehicle_core/share/vehicle_core/srv/SetAutopilotProfile_Response.msg
[98.696s] -- Up-to-date: /home/avcpp/AV-CPP2025/Vehicle/install/vehicle_core/include
[98.696s] -- Up-to-date: /home/avcpp/AV-CPP2025/Vehicle/install/vehicle_core/include/vehicle_core
[98.696s] -- Installing: /home/avcpp/AV-CPP2025/Vehicle/install/vehicle_core/include/vehicle_core/gst_camera_node.hpp
[98.697s] -- Installing: /home/avcpp/AV-CPP2025/Vehicle/install/vehicle_core/include/vehicle_core/rtsp_streamer_node.hpp
[98.697s] -- Installing: /home/avcpp/AV-CPP2025/Vehicle/install/vehicle_core/include/vehicle_core/drive_arbiter_node.hpp
[98.697s] -- Installing: /home/avcpp/AV-CPP2025/Vehicle/install/vehicle_core/include/vehicle_core/gt_u7_gps_node.hpp
[98.698s] -- Installing: /home/avcpp/AV-CPP2025/Vehicle/install/vehicle_core/include/vehicle_core/i2c_bridge_node.hpp
[98.698s] -- Installing: /home/avcpp/AV-CPP2025/Vehicle/install/vehicle_core/include/vehicle_core/Autopilot
[98.698s] -- Installing: /home/avcpp/AV-CPP2025/Vehicle/install/vehicle_core/include/vehicle_core/Autopilot/KmlPathLoader.hpp
[98.699s] -- Installing: /home/avcpp/AV-CPP2025/Vehicle/install/vehicle_core/include/vehicle_core/Autopilot/autopilot_node.hpp
[98.699s] -- Installing: /home/avcpp/AV-CPP2025/Vehicle/install/vehicle_core/include/vehicle_core/Autopilot/PurePursuit.hpp
[98.699s] -- Installing: /home/avcpp/AV-CPP2025/Vehicle/install/vehicle_core/include/vehicle_core/heading_calibrator_node.hpp
[98.700s] -- Installing: /home/avcpp/AV-CPP2025/Vehicle/install/vehicle_core/include/vehicle_core/Devices
[98.700s] -- Installing: /home/avcpp/AV-CPP2025/Vehicle/install/vehicle_core/include/vehicle_core/Devices/GtU7Gps.hpp
[98.700s] -- Installing: /home/avcpp/AV-CPP2025/Vehicle/install/vehicle_core/include/vehicle_core/Devices/LightingSubsys.hpp
[98.701s] -- Installing: /home/avcpp/AV-CPP2025/Vehicle/install/vehicle_core/include/vehicle_core/Devices/DriveSubsys.hpp
[98.701s] -- Installing: /home/avcpp/AV-CPP2025/Vehicle/install/vehicle_core/include/vehicle_core/Devices/I2C
[98.701s] -- Installing: /home/avcpp/AV-CPP2025/Vehicle/install/vehicle_core/include/vehicle_core/Devices/I2C/I2CBusRegistry.hpp
[98.702s] -- Installing: /home/avcpp/AV-CPP2025/Vehicle/install/vehicle_core/include/vehicle_core/Devices/I2C/I2CBus.hpp
[98.702s] -- Installing: /home/avcpp/AV-CPP2025/Vehicle/install/vehicle_core/include/vehicle_core/Devices/I2C/I2CDevice.hpp
[98.702s] -- Installing: /home/avcpp/AV-CPP2025/Vehicle/install/vehicle_core/include/vehicle_core/Devices/BNO055.hpp
[98.702s] -- Installing: /home/avcpp/AV-CPP2025/Vehicle/install/vehicle_core/include/vehicle_core/tcp_server_node.hpp
[98.703s] -- Installing: /home/avcpp/AV-CPP2025/Vehicle/install/vehicle_core/include/vehicle_core/state_manager.hpp
[98.703s] -- Installing: /home/avcpp/AV-CPP2025/Vehicle/install/vehicle_core/share/vehicle_core/data
[98.703s] -- Installing: /home/avcpp/AV-CPP2025/Vehicle/install/vehicle_core/share/vehicle_core/data/Vehicle_Path.kml
[98.704s] -- Installing: /home/avcpp/AV-CPP2025/Vehicle/install/vehicle_core/lib/libstate_manager_node_component.so
[98.707s] -- Set runtime path of "/home/avcpp/AV-CPP2025/Vehicle/install/vehicle_core/lib/libstate_manager_node_component.so" to ""
[98.707s] -- Installing: /home/avcpp/AV-CPP2025/Vehicle/install/vehicle_core/lib/libheading_calibrator_node_component.so
[98.741s] -- Set runtime path of "/home/avcpp/AV-CPP2025/Vehicle/install/vehicle_core/lib/libheading_calibrator_node_component.so" to ""
[98.742s] -- Installing: /home/avcpp/AV-CPP2025/Vehicle/install/vehicle_core/lib/libdrive_arbiter_node_component.so
[98.789s] -- Set runtime path of "/home/avcpp/AV-CPP2025/Vehicle/install/vehicle_core/lib/libdrive_arbiter_node_component.so" to ""
[98.789s] -- Installing: /home/avcpp/AV-CPP2025/Vehicle/install/vehicle_core/lib/libgt_u7_gps_node_component.so
[98.792s] -- Set runtime path of "/home/avcpp/AV-CPP2025/Vehicle/install/vehicle_core/lib/libgt_u7_gps_node_component.so" to ""
[98.793s] -- Installing: /home/avcpp/AV-CPP2025/Vehicle/install/vehicle_core/lib/libtcp_server_node_component.so
[98.840s] -- Set runtime path of "/home/avcpp/AV-CPP2025/Vehicle/install/vehicle_core/lib/libtcp_server_node_component.so" to ""
[98.840s] -- Installing: /home/avcpp/AV-CPP2025/Vehicle/install/vehicle_core/lib/libi2c_bridge_node.so
[98.871s] -- Set runtime path of "/home/avcpp/AV-CPP2025/Vehicle/install/vehicle_core/lib/libi2c_bridge_node.so" to ""
[98.871s] -- Installing: /home/avcpp/AV-CPP2025/Vehicle/install/vehicle_core/lib/libautopilot_node_component.so
[98.885s] -- Set runtime path of "/home/avcpp/AV-CPP2025/Vehicle/install/vehicle_core/lib/libautopilot_node_component.so" to ""
[98.886s] -- Installing: /home/avcpp/AV-CPP2025/Vehicle/install/vehicle_core/lib/librtsp_streamer_node.so
[98.911s] -- Set runtime path of "/home/avcpp/AV-CPP2025/Vehicle/install/vehicle_core/lib/librtsp_streamer_node.so" to ""
[98.912s] -- Installing: /home/avcpp/AV-CPP2025/Vehicle/install/vehicle_core/lib/libgst_camera_component.so
[98.914s] -- Set runtime path of "/home/avcpp/AV-CPP2025/Vehicle/install/vehicle_core/lib/libgst_camera_component.so" to ""
[98.915s] -- Installing: /home/avcpp/AV-CPP2025/Vehicle/install/vehicle_core/lib/vehicle_core/vehicle_core_container
[98.916s] -- Set runtime path of "/home/avcpp/AV-CPP2025/Vehicle/install/vehicle_core/lib/vehicle_core/vehicle_core_container" to ""
[98.916s] -- Installing: /home/avcpp/AV-CPP2025/Vehicle/install/vehicle_core/share/vehicle_core/cfg
[98.917s] -- Installing: /home/avcpp/AV-CPP2025/Vehicle/install/vehicle_core/share/vehicle_core/cfg/ekf.yaml
[98.918s] -- Installing: /home/avcpp/AV-CPP2025/Vehicle/install/vehicle_core/share/vehicle_core/cfg/heading_calib.yaml
[98.918s] -- Installing: /home/avcpp/AV-CPP2025/Vehicle/install/vehicle_core/share/vehicle_core/cfg/gt_u7_gps.yaml
[98.919s] -- Installing: /home/avcpp/AV-CPP2025/Vehicle/install/vehicle_core/share/vehicle_core/cfg/i2c_bridge.yaml
[98.920s] -- Installing: /home/avcpp/AV-CPP2025/Vehicle/install/vehicle_core/share/vehicle_core/cfg/autopilot.yaml
[98.920s] -- Installing: /home/avcpp/AV-CPP2025/Vehicle/install/vehicle_core/share/vehicle_core/cfg/drive_arbiter.yaml
[98.921s] -- Installing: /home/avcpp/AV-CPP2025/Vehicle/install/vehicle_core/share/vehicle_core/cfg/rtsp_raw_stream.yaml
[98.922s] -- Installing: /home/avcpp/AV-CPP2025/Vehicle/install/vehicle_core/share/vehicle_core/cfg/state_manager.yaml
[98.922s] -- Installing: /home/avcpp/AV-CPP2025/Vehicle/install/vehicle_core/share/vehicle_core/cfg/navsat.yaml
[98.923s] -- Installing: /home/avcpp/AV-CPP2025/Vehicle/install/vehicle_core/share/vehicle_core/cfg/camera_gscam.yaml
[98.924s] -- Installing: /home/avcpp/AV-CPP2025/Vehicle/install/vehicle_core/share/vehicle_core/launch
[98.925s] -- Installing: /home/avcpp/AV-CPP2025/Vehicle/install/vehicle_core/share/vehicle_core/launch/bringup.launch.py
[98.925s] -- Installing: /home/avcpp/AV-CPP2025/Vehicle/install/vehicle_core/share/ament_index/resource_index/package_run_dependencies/vehicle_core
[98.926s] -- Installing: /home/avcpp/AV-CPP2025/Vehicle/install/vehicle_core/share/ament_index/resource_index/parent_prefix_path/vehicle_core
[98.927s] -- Installing: /home/avcpp/AV-CPP2025/Vehicle/install/vehicle_core/share/vehicle_core/environment/ament_prefix_path.sh
[98.928s] -- Installing: /home/avcpp/AV-CPP2025/Vehicle/install/vehicle_core/share/vehicle_core/environment/ament_prefix_path.dsv
[98.928s] -- Installing: /home/avcpp/AV-CPP2025/Vehicle/install/vehicle_core/share/vehicle_core/environment/path.sh
[98.929s] -- Installing: /home/avcpp/AV-CPP2025/Vehicle/install/vehicle_core/share/vehicle_core/environment/path.dsv
[98.930s] -- Installing: /home/avcpp/AV-CPP2025/Vehicle/install/vehicle_core/share/vehicle_core/local_setup.bash
[98.930s] -- Installing: /home/avcpp/AV-CPP2025/Vehicle/install/vehicle_core/share/vehicle_core/local_setup.sh
[98.931s] -- Installing: /home/avcpp/AV-CPP2025/Vehicle/install/vehicle_core/share/vehicle_core/local_setup.zsh
[98.931s] -- Installing: /home/avcpp/AV-CPP2025/Vehicle/install/vehicle_core/share/vehicle_core/local_setup.dsv
[98.932s] -- Installing: /home/avcpp/AV-CPP2025/Vehicle/install/vehicle_core/share/vehicle_core/package.dsv
[98.932s] -- Installing: /home/avcpp/AV-CPP2025/Vehicle/install/vehicle_core/share/ament_index/resource_index/packages/vehicle_core
[98.933s] -- Installing: /home/avcpp/AV-CPP2025/Vehicle/install/vehicle_core/share/vehicle_core/cmake/export_vehicle_core__rosidl_generator_cExport.cmake
[98.933s] -- Installing: /home/avcpp/AV-CPP2025/Vehicle/install/vehicle_core/share/vehicle_core/cmake/export_vehicle_core__rosidl_generator_cExport-noconfig.cmake
[98.934s] -- Installing: /home/avcpp/AV-CPP2025/Vehicle/install/vehicle_core/share/vehicle_core/cmake/export_vehicle_core__rosidl_typesupport_fastrtps_cExport.cmake
[98.935s] -- Installing: /home/avcpp/AV-CPP2025/Vehicle/install/vehicle_core/share/vehicle_core/cmake/export_vehicle_core__rosidl_typesupport_fastrtps_cExport-noconfig.cmake
[98.937s] -- Installing: /home/avcpp/AV-CPP2025/Vehicle/install/vehicle_core/share/vehicle_core/cmake/export_vehicle_core__rosidl_generator_cppExport.cmake
[98.938s] -- Installing: /home/avcpp/AV-CPP2025/Vehicle/install/vehicle_core/share/vehicle_core/cmake/export_vehicle_core__rosidl_typesupport_fastrtps_cppExport.cmake
[98.938s] -- Installing: /home/avcpp/AV-CPP2025/Vehicle/install/vehicle_core/share/vehicle_core/cmake/export_vehicle_core__rosidl_typesupport_fastrtps_cppExport-noconfig.cmake
[98.939s] -- Installing: /home/avcpp/AV-CPP2025/Vehicle/install/vehicle_core/share/vehicle_core/cmake/vehicle_core__rosidl_typesupport_introspection_cExport.cmake
[98.940s] -- Installing: /home/avcpp/AV-CPP2025/Vehicle/install/vehicle_core/share/vehicle_core/cmake/vehicle_core__rosidl_typesupport_introspection_cExport-noconfig.cmake
[98.940s] -- Installing: /home/avcpp/AV-CPP2025/Vehicle/install/vehicle_core/share/vehicle_core/cmake/vehicle_core__rosidl_typesupport_cExport.cmake
[98.941s] -- Installing: /home/avcpp/AV-CPP2025/Vehicle/install/vehicle_core/share/vehicle_core/cmake/vehicle_core__rosidl_typesupport_cExport-noconfig.cmake
[98.941s] -- Installing: /home/avcpp/AV-CPP2025/Vehicle/install/vehicle_core/share/vehicle_core/cmake/vehicle_core__rosidl_typesupport_introspection_cppExport.cmake
[98.941s] -- Installing: /home/avcpp/AV-CPP2025/Vehicle/install/vehicle_core/share/vehicle_core/cmake/vehicle_core__rosidl_typesupport_introspection_cppExport-noconfig.cmake
[98.941s] -- Installing: /home/avcpp/AV-CPP2025/Vehicle/install/vehicle_core/share/vehicle_core/cmake/vehicle_core__rosidl_typesupport_cppExport.cmake
[98.941s] -- Installing: /home/avcpp/AV-CPP2025/Vehicle/install/vehicle_core/share/vehicle_core/cmake/vehicle_core__rosidl_typesupport_cppExport-noconfig.cmake
[98.942s] -- Installing: /home/avcpp/AV-CPP2025/Vehicle/install/vehicle_core/share/vehicle_core/cmake/export_vehicle_core__rosidl_generator_pyExport.cmake
[98.942s] -- Installing: /home/avcpp/AV-CPP2025/Vehicle/install/vehicle_core/share/vehicle_core/cmake/export_vehicle_core__rosidl_generator_pyExport-noconfig.cmake
[98.942s] -- Installing: /home/avcpp/AV-CPP2025/Vehicle/install/vehicle_core/share/ament_index/resource_index/rclcpp_components/vehicle_core
[98.942s] -- Installing: /home/avcpp/AV-CPP2025/Vehicle/install/vehicle_core/share/vehicle_core/cmake/rosidl_cmake-extras.cmake
[98.942s] -- Installing: /home/avcpp/AV-CPP2025/Vehicle/install/vehicle_core/share/vehicle_core/cmake/ament_cmake_export_dependencies-extras.cmake
[98.942s] -- Installing: /home/avcpp/AV-CPP2025/Vehicle/install/vehicle_core/share/vehicle_core/cmake/ament_cmake_export_include_directories-extras.cmake
[98.942s] -- Installing: /home/avcpp/AV-CPP2025/Vehicle/install/vehicle_core/share/vehicle_core/cmake/ament_cmake_export_libraries-extras.cmake
[98.942s] -- Installing: /home/avcpp/AV-CPP2025/Vehicle/install/vehicle_core/share/vehicle_core/cmake/ament_cmake_export_targets-extras.cmake
[98.942s] -- Installing: /home/avcpp/AV-CPP2025/Vehicle/install/vehicle_core/share/vehicle_core/cmake/rosidl_cmake_export_typesupport_targets-extras.cmake
[98.942s] -- Installing: /home/avcpp/AV-CPP2025/Vehicle/install/vehicle_core/share/vehicle_core/cmake/rosidl_cmake_export_typesupport_libraries-extras.cmake
[98.942s] -- Installing: /home/avcpp/AV-CPP2025/Vehicle/install/vehicle_core/share/vehicle_core/cmake/vehicle_coreConfig.cmake
[98.942s] -- Installing: /home/avcpp/AV-CPP2025/Vehicle/install/vehicle_core/share/vehicle_core/cmake/vehicle_coreConfig-version.cmake
[98.942s] -- Installing: /home/avcpp/AV-CPP2025/Vehicle/install/vehicle_core/share/vehicle_core/package.xml
[98.943s] Invoked command in '/home/avcpp/AV-CPP2025/Vehicle/build/vehicle_core' returned '0': CMAKE_PREFIX_PATH=${CMAKE_PREFIX_PATH}:/opt/ros/humble /usr/bin/cmake --install /home/avcpp/AV-CPP2025/Vehicle/build/vehicle_core
