[0.000000] (-) TimerEvent: {}
[0.000395] (vehicle_core) JobQueued: {'identifier': 'vehicle_core', 'dependencies': OrderedDict()}
[0.000525] (vehicle_core) JobStarted: {'identifier': 'vehicle_core'}
[0.049356] (vehicle_core) JobProgress: {'identifier': 'vehicle_core', 'progress': 'cmake'}
[0.050184] (vehicle_core) Command: {'cmd': ['/usr/bin/cmake', '/home/avcpp/AV-CPP2025/Vehicle/src/vehicle_core', '-DAMENT_CMAKE_SYMLINK_INSTALL=1', '-DCMAKE_INSTALL_PREFIX=/home/avcpp/AV-CPP2025/Vehicle/install/vehicle_core'], 'cwd': '/home/avcpp/AV-CPP2025/Vehicle/build/vehicle_core', 'env': OrderedDict([('PYTHON_BASIC_REPL', '1'), ('LESSOPEN', '| /usr/bin/lesspipe %s'), ('UMS_MOUNTPOINT', '/mnt/ums'), ('GST_V4L2_PREFERRED_FOURCC', 'NV12:YU12:NV16:YUY2'), ('LANGUAGE', 'en_US.UTF-8'), ('USER', 'avcpp'), ('SSH_CLIENT', '192.168.8.103 36553 22'), ('XDG_SESSION_TYPE', 'tty'), ('GIT_ASKPASS', '/home/avcpp/.vscode-server/cli/servers/Stable-7d842fb85a0275a4a8e4d7e040d2625abbf7f084/server/extensions/git/dist/askpass.sh'), ('SHLVL', '1'), ('USB_FUNCS', 'adb'), ('LD_LIBRARY_PATH', '/home/avcpp/AV-CPP2025/Vehicle/install/vehicle_core/lib:/opt/ros/humble/opt/rviz_ogre_vendor/lib:/opt/ros/humble/lib/aarch64-linux-gnu:/opt/ros/humble/lib'), ('BROWSER', '/home/avcpp/.vscode-server/cli/servers/Stable-7d842fb85a0275a4a8e4d7e040d2625abbf7f084/server/bin/helpers/browser.sh'), ('MOTD_SHOWN', 'pam'), ('HOME', '/home/avcpp'), ('OLDPWD', '/home/avcpp/AV-CPP2025'), ('TERM_PROGRAM_VERSION', '1.105.1'), ('VSCODE_IPC_HOOK_CLI', '/run/user/1001/vscode-ipc-16ee98b1-19f3-44ea-aada-fdaf37f059a8.sock'), ('GST_INSPECT_NO_COLORS', '1'), ('GST_MPP_NO_RGA', '1'), ('ROS_PYTHON_VERSION', '3'), ('COGL_DRIVER', 'gles2'), ('VSCODE_GIT_ASKPASS_MAIN', '/home/avcpp/.vscode-server/cli/servers/Stable-7d842fb85a0275a4a8e4d7e040d2625abbf7f084/server/extensions/git/dist/askpass-main.js'), ('VSCODE_GIT_ASKPASS_NODE', '/home/avcpp/.vscode-server/cli/servers/Stable-7d842fb85a0275a4a8e4d7e040d2625abbf7f084/server/node'), ('SSL_CERT_FILE', '/usr/lib/ssl/certs/ca-certificates.crt'), ('PYDEVD_DISABLE_FILE_VALIDATION', '1'), ('BUNDLED_DEBUGPY_PATH', '/home/avcpp/.vscode-server/extensions/ms-python.debugpy-2025.14.1-linux-arm64/bundled/libs/debugpy'), ('VSCODE_PYTHON_AUTOACTIVATE_GUARD', '1'), ('DBUS_SESSION_BUS_ADDRESS', 'unix:path=/run/user/1001/bus'), ('COLORTERM', 'truecolor'), ('COLCON_PREFIX_PATH', '/home/avcpp/AV-CPP2025/Vehicle/install'), ('GST_V4L2SRC_MAX_RESOLUTION', '3840x2160'), ('ROS_DISTRO', 'humble'), ('LOGNAME', 'avcpp'), ('_', '/usr/bin/colcon'), ('ROS_VERSION', '2'), ('XDG_SESSION_CLASS', 'user'), ('TERM', 'xterm-256color'), ('GST_GL_API', 'gles2'), ('XDG_SESSION_ID', '5'), ('GST_VIDEO_CONVERT_PREFERRED_FORMAT', 'NV12:NV16:I420:YUY2'), ('GST_V4L2SRC_RK_DEVICES', '_mainpath:_selfpath:_bypass:_scale'), ('ROS_LOCALHOST_ONLY', '0'), ('PATH', '/home/avcpp/.vscode-server/cli/servers/Stable-7d842fb85a0275a4a8e4d7e040d2625abbf7f084/server/bin/remote-cli:/home/avcpp/.local/bin:/opt/ros/humble/bin:/usr/local/sbin:/usr/local/bin:/usr/sbin:/usr/bin:/sbin:/bin:/usr/games:/usr/local/games:/snap/bin:/home/avcpp/.vscode-server/extensions/ms-python.debugpy-2025.14.1-linux-arm64/bundled/scripts/noConfigScripts'), ('XDG_RUNTIME_DIR', '/run/user/1001'), ('GST_GL_PLATFORM', 'egl'), ('GST_DEBUG_NO_COLOR', '1'), ('SSL_CERT_DIR', '/usr/lib/ssl/certs'), ('GST_V4L2SRC_DEFAULT_DEVICE', '/dev/video-camera0'), ('DISPLAY', ':0'), ('VSCODE_DEBUGPY_ADAPTER_ENDPOINTS', '/home/avcpp/.vscode-server/extensions/ms-python.debugpy-2025.14.1-linux-arm64/.noConfigDebugAdapterEndpoints/endpoint-ef25f7e9429dbf34.txt'), ('LANG', 'en_US.UTF-8'), ('PYTHONSTARTUP', '/home/avcpp/.vscode-server/data/User/workspaceStorage/da628a90441345ac74af00bc07084975/ms-python.python/pythonrc.py'), ('LS_COLORS', 'rs=0:di=01;34:ln=01;36:mh=00:pi=40;33:so=01;35:do=01;35:bd=40;33;01:cd=40;33;01:or=40;31;01:mi=00:su=37;41:sg=30;43:ca=30;41:tw=30;42:ow=34;42:st=37;44:ex=01;32:*.tar=01;31:*.tgz=01;31:*.arc=01;31:*.arj=01;31:*.taz=01;31:*.lha=01;31:*.lz4=01;31:*.lzh=01;31:*.lzma=01;31:*.tlz=01;31:*.txz=01;31:*.tzo=01;31:*.t7z=01;31:*.zip=01;31:*.z=01;31:*.dz=01;31:*.gz=01;31:*.lrz=01;31:*.lz=01;31:*.lzo=01;31:*.xz=01;31:*.zst=01;31:*.tzst=01;31:*.bz2=01;31:*.bz=01;31:*.tbz=01;31:*.tbz2=01;31:*.tz=01;31:*.deb=01;31:*.rpm=01;31:*.jar=01;31:*.war=01;31:*.ear=01;31:*.sar=01;31:*.rar=01;31:*.alz=01;31:*.ace=01;31:*.zoo=01;31:*.cpio=01;31:*.7z=01;31:*.rz=01;31:*.cab=01;31:*.wim=01;31:*.swm=01;31:*.dwm=01;31:*.esd=01;31:*.jpg=01;35:*.jpeg=01;35:*.mjpg=01;35:*.mjpeg=01;35:*.gif=01;35:*.bmp=01;35:*.pbm=01;35:*.pgm=01;35:*.ppm=01;35:*.tga=01;35:*.xbm=01;35:*.xpm=01;35:*.tif=01;35:*.tiff=01;35:*.png=01;35:*.svg=01;35:*.svgz=01;35:*.mng=01;35:*.pcx=01;35:*.mov=01;35:*.mpg=01;35:*.mpeg=01;35:*.m2v=01;35:*.mkv=01;35:*.webm=01;35:*.webp=01;35:*.ogm=01;35:*.mp4=01;35:*.m4v=01;35:*.mp4v=01;35:*.vob=01;35:*.qt=01;35:*.nuv=01;35:*.wmv=01;35:*.asf=01;35:*.rm=01;35:*.rmvb=01;35:*.flc=01;35:*.avi=01;35:*.fli=01;35:*.flv=01;35:*.gl=01;35:*.dl=01;35:*.xcf=01;35:*.xwd=01;35:*.yuv=01;35:*.cgm=01;35:*.emf=01;35:*.ogv=01;35:*.ogx=01;35:*.aac=00;36:*.au=00;36:*.flac=00;36:*.m4a=00;36:*.mid=00;36:*.midi=00;36:*.mka=00;36:*.mp3=00;36:*.mpc=00;36:*.ogg=00;36:*.ra=00;36:*.wav=00;36:*.oga=00;36:*.opus=00;36:*.spx=00;36:*.xspf=00;36:'), ('VSCODE_GIT_IPC_HANDLE', '/run/user/1001/vscode-git-c9ee365bab.sock'), ('TERM_PROGRAM', 'vscode'), ('GST_V4L2_USE_LIBV4L2', '1'), ('UMS_SIZE', '256M'), ('AMENT_PREFIX_PATH', '/home/avcpp/AV-CPP2025/Vehicle/install/vehicle_core:/opt/ros/humble'), ('LC_MESSAGES', 'en_US.UTF-8'), ('SHELL', '/bin/bash'), ('UMS_RO', '0'), ('LESSCLOSE', '/usr/bin/lesspipe %s %s'), ('UMS_FSTYPE', 'vfat'), ('VSCODE_GIT_ASKPASS_EXTRA_ARGS', ''), ('PWD', '/home/avcpp/AV-CPP2025/Vehicle/build/vehicle_core'), ('LC_ALL', 'en_US.UTF-8'), ('SSH_CONNECTION', '192.168.8.103 36553 192.168.8.176 22'), ('PYTHONPATH', '/home/avcpp/AV-CPP2025/Vehicle/install/vehicle_core/local/lib/python3.10/dist-packages:/opt/ros/humble/lib/python3.10/site-packages:/opt/ros/humble/local/lib/python3.10/dist-packages'), ('UMS_MOUNT', '0'), ('COLCON', '1'), ('CMAKE_PREFIX_PATH', '/home/avcpp/AV-CPP2025/Vehicle/install/vehicle_core:/opt/ros/humble'), ('UMS_FILE', '/userdata/ums_shared.img')]), 'shell': False}
[0.097299] (-) TimerEvent: {}
[0.198146] (-) TimerEvent: {}
[0.223381] (vehicle_core) StdoutLine: {'line': b'-- The C compiler identification is GNU 11.4.0\n'}
[0.298315] (-) TimerEvent: {}
[0.363126] (vehicle_core) StdoutLine: {'line': b'-- The CXX compiler identification is GNU 11.4.0\n'}
[0.382004] (vehicle_core) StdoutLine: {'line': b'-- Detecting C compiler ABI info\n'}
[0.398604] (-) TimerEvent: {}
[0.499481] (-) TimerEvent: {}
[0.564263] (vehicle_core) StdoutLine: {'line': b'-- Detecting C compiler ABI info - done\n'}
[0.584231] (vehicle_core) StdoutLine: {'line': b'-- Check for working C compiler: /usr/bin/cc - skipped\n'}
[0.584977] (vehicle_core) StdoutLine: {'line': b'-- Detecting C compile features\n'}
[0.585558] (vehicle_core) StdoutLine: {'line': b'-- Detecting C compile features - done\n'}
[0.588912] (vehicle_core) StdoutLine: {'line': b'-- Detecting CXX compiler ABI info\n'}
[0.599645] (-) TimerEvent: {}
[0.700394] (-) TimerEvent: {}
[0.794774] (vehicle_core) StdoutLine: {'line': b'-- Detecting CXX compiler ABI info - done\n'}
[0.800559] (-) TimerEvent: {}
[0.806529] (vehicle_core) StdoutLine: {'line': b'-- Check for working CXX compiler: /usr/bin/c++ - skipped\n'}
[0.807153] (vehicle_core) StdoutLine: {'line': b'-- Detecting CXX compile features\n'}
[0.807651] (vehicle_core) StdoutLine: {'line': b'-- Detecting CXX compile features - done\n'}
[0.810351] (vehicle_core) StdoutLine: {'line': b'-- Found ament_cmake: 1.3.12 (/opt/ros/humble/share/ament_cmake/cmake)\n'}
[0.900828] (-) TimerEvent: {}
[1.001602] (-) TimerEvent: {}
[1.088563] (vehicle_core) StdoutLine: {'line': b'-- Found Python3: /usr/bin/python3 (found version "3.10.12") found components: Interpreter \n'}
[1.101776] (-) TimerEvent: {}
[1.202633] (vehicle_core) StdoutLine: {'line': b'-- Override CMake install command with custom implementation using symlinks instead of copying resources\n'}
[1.203254] (-) TimerEvent: {}
[1.232457] (vehicle_core) StdoutLine: {'line': b'-- Found rclcpp: 16.0.15 (/opt/ros/humble/share/rclcpp/cmake)\n'}
[1.281458] (vehicle_core) StdoutLine: {'line': b'-- Found rosidl_generator_c: 3.1.7 (/opt/ros/humble/share/rosidl_generator_c/cmake)\n'}
[1.286553] (vehicle_core) StdoutLine: {'line': b'-- Found rosidl_adapter: 3.1.7 (/opt/ros/humble/share/rosidl_adapter/cmake)\n'}
[1.295766] (vehicle_core) StdoutLine: {'line': b'-- Found rosidl_generator_cpp: 3.1.7 (/opt/ros/humble/share/rosidl_generator_cpp/cmake)\n'}
[1.303406] (-) TimerEvent: {}
[1.309964] (vehicle_core) StdoutLine: {'line': b'-- Using all available rosidl_typesupport_c: rosidl_typesupport_fastrtps_c;rosidl_typesupport_introspection_c\n'}
[1.329408] (vehicle_core) StdoutLine: {'line': b'-- Using all available rosidl_typesupport_cpp: rosidl_typesupport_fastrtps_cpp;rosidl_typesupport_introspection_cpp\n'}
[1.380672] (vehicle_core) StdoutLine: {'line': b'-- Found rmw_implementation_cmake: 6.1.2 (/opt/ros/humble/share/rmw_implementation_cmake/cmake)\n'}
[1.383581] (vehicle_core) StdoutLine: {'line': b'-- Found rmw_fastrtps_cpp: 6.2.8 (/opt/ros/humble/share/rmw_fastrtps_cpp/cmake)\n'}
[1.403631] (-) TimerEvent: {}
[1.504326] (-) TimerEvent: {}
[1.560062] (vehicle_core) StdoutLine: {'line': b'-- Found OpenSSL: /usr/lib/aarch64-linux-gnu/libcrypto.so (found version "3.0.2")  \n'}
[1.596409] (vehicle_core) StdoutLine: {'line': b'-- Found FastRTPS: /opt/ros/humble/include  \n'}
[1.604540] (-) TimerEvent: {}
[1.651031] (vehicle_core) StdoutLine: {'line': b"-- Using RMW implementation 'rmw_fastrtps_cpp' as default\n"}
[1.660695] (vehicle_core) StdoutLine: {'line': b'-- Looking for pthread.h\n'}
[1.704781] (-) TimerEvent: {}
[1.805546] (-) TimerEvent: {}
[1.823110] (vehicle_core) StdoutLine: {'line': b'-- Looking for pthread.h - found\n'}
[1.823871] (vehicle_core) StdoutLine: {'line': b'-- Performing Test CMAKE_HAVE_LIBC_PTHREAD\n'}
[1.905738] (-) TimerEvent: {}
[2.006547] (-) TimerEvent: {}
[2.039594] (vehicle_core) StdoutLine: {'line': b'-- Performing Test CMAKE_HAVE_LIBC_PTHREAD - Success\n'}
[2.042430] (vehicle_core) StdoutLine: {'line': b'-- Found Threads: TRUE  \n'}
[2.106791] (-) TimerEvent: {}
[2.115934] (vehicle_core) StdoutLine: {'line': b'-- Found rclcpp_components: 16.0.15 (/opt/ros/humble/share/rclcpp_components/cmake)\n'}
[2.148954] (vehicle_core) StdoutLine: {'line': b'-- Found std_srvs: 4.9.0 (/opt/ros/humble/share/std_srvs/cmake)\n'}
[2.161750] (vehicle_core) StdoutLine: {'line': b'-- Found rosidl_default_generators: 1.2.0 (/opt/ros/humble/share/rosidl_default_generators/cmake)\n'}
[2.172666] (vehicle_core) StdoutLine: {'line': b'-- Found geometry_msgs: 4.9.0 (/opt/ros/humble/share/geometry_msgs/cmake)\n'}
[2.190937] (vehicle_core) StdoutLine: {'line': b'-- Found nav_msgs: 4.9.0 (/opt/ros/humble/share/nav_msgs/cmake)\n'}
[2.206939] (-) TimerEvent: {}
[2.216497] (vehicle_core) StdoutLine: {'line': b'-- Found sensor_msgs: 4.9.0 (/opt/ros/humble/share/sensor_msgs/cmake)\n'}
[2.242013] (vehicle_core) StdoutLine: {'line': b'-- Found tf2: 0.25.16 (/opt/ros/humble/share/tf2/cmake)\n'}
[2.247153] (vehicle_core) StdoutLine: {'line': b'-- Found cv_bridge: 3.2.1 (/opt/ros/humble/share/cv_bridge/cmake)\n'}
[2.275166] (vehicle_core) StdoutLine: {'line': b'-- Found PkgConfig: /usr/bin/pkg-config (found version "0.29.2") \n'}
[2.276489] (vehicle_core) StdoutLine: {'line': b"-- Checking for modules 'gstreamer-1.0;gstreamer-app-1.0;gobject-2.0;glib-2.0'\n"}
[2.307193] (-) TimerEvent: {}
[2.328388] (vehicle_core) StdoutLine: {'line': b'--   Found gstreamer-1.0, version 1.20.3\n'}
[2.348544] (vehicle_core) StdoutLine: {'line': b'--   Found gstreamer-app-1.0, version 1.20.1\n'}
[2.379944] (vehicle_core) StdoutLine: {'line': b'--   Found gobject-2.0, version 2.72.4\n'}
[2.405011] (vehicle_core) StdoutLine: {'line': b'--   Found glib-2.0, version 2.72.4\n'}
[2.407273] (-) TimerEvent: {}
[2.508025] (-) TimerEvent: {}
[2.608851] (-) TimerEvent: {}
[2.709622] (-) TimerEvent: {}
[2.810286] (-) TimerEvent: {}
[2.910957] (-) TimerEvent: {}
[3.011632] (-) TimerEvent: {}
[3.095232] (vehicle_core) StdoutLine: {'line': b'-- Found ament_cmake_ros: 0.10.0 (/opt/ros/humble/share/ament_cmake_ros/cmake)\n'}
[3.111837] (-) TimerEvent: {}
[3.212545] (-) TimerEvent: {}
[3.313335] (-) TimerEvent: {}
[3.414059] (-) TimerEvent: {}
[3.514965] (-) TimerEvent: {}
[3.615688] (-) TimerEvent: {}
[3.716406] (-) TimerEvent: {}
[3.817172] (-) TimerEvent: {}
[3.852340] (vehicle_core) StdoutLine: {'line': b'-- Using all available rosidl_typesupport_c: rosidl_typesupport_fastrtps_c;rosidl_typesupport_introspection_c\n'}
[3.917400] (-) TimerEvent: {}
[4.018173] (-) TimerEvent: {}
[4.118664] (-) TimerEvent: {}
[4.159260] (vehicle_core) StdoutLine: {'line': b'-- Using all available rosidl_typesupport_cpp: rosidl_typesupport_fastrtps_cpp;rosidl_typesupport_introspection_cpp\n'}
[4.218766] (-) TimerEvent: {}
[4.225789] (vehicle_core) StdoutLine: {'line': b'-- Found PythonInterp: /usr/bin/python3 (found suitable version "3.10.12", minimum required is "3.6") \n'}
[4.232922] (vehicle_core) StdoutLine: {'line': b'-- Found python_cmake_module: 0.10.0 (/opt/ros/humble/share/python_cmake_module/cmake)\n'}
[4.312069] (vehicle_core) StdoutLine: {'line': b'-- Found PythonLibs: /usr/lib/aarch64-linux-gnu/libpython3.10.so (found suitable version "3.10.12", minimum required is "3.5") \n'}
[4.312804] (vehicle_core) StdoutLine: {'line': b'-- Using PYTHON_EXECUTABLE: /usr/bin/python3\n'}
[4.313224] (vehicle_core) StdoutLine: {'line': b'-- Using PYTHON_INCLUDE_DIRS: /usr/include/python3.10\n'}
[4.313593] (vehicle_core) StdoutLine: {'line': b'-- Using PYTHON_LIBRARIES: /usr/lib/aarch64-linux-gnu/libpython3.10.so\n'}
[4.318993] (-) TimerEvent: {}
[4.371517] (vehicle_core) StdoutLine: {'line': b'-- Found PythonExtra: .so  \n'}
[4.419129] (-) TimerEvent: {}
[4.484583] (vehicle_core) StderrLine: {'line': b'\x1b[0mCMake Deprecation Warning at /opt/ros/humble/share/rosidl_cmake/cmake/rosidl_target_interfaces.cmake:32 (message):\n'}
[4.485355] (vehicle_core) StderrLine: {'line': b'  Use rosidl_get_typesupport_target() and target_link_libraries() instead of\n'}
[4.485779] (vehicle_core) StderrLine: {'line': b'  rosidl_target_interfaces()\n'}
[4.486142] (vehicle_core) StderrLine: {'line': b'Call Stack (most recent call first):\n'}
[4.486488] (vehicle_core) StderrLine: {'line': b'  CMakeLists.txt:140 (rosidl_target_interfaces)\n'}
[4.486830] (vehicle_core) StderrLine: {'line': b'\n'}
[4.487167] (vehicle_core) StderrLine: {'line': b'\x1b[0m\n'}
[4.487804] (vehicle_core) StderrLine: {'line': b'\x1b[0mCMake Deprecation Warning at /opt/ros/humble/share/rosidl_cmake/cmake/rosidl_target_interfaces.cmake:32 (message):\n'}
[4.488176] (vehicle_core) StderrLine: {'line': b'  Use rosidl_get_typesupport_target() and target_link_libraries() instead of\n'}
[4.488531] (vehicle_core) StderrLine: {'line': b'  rosidl_target_interfaces()\n'}
[4.489182] (vehicle_core) StderrLine: {'line': b'Call Stack (most recent call first):\n'}
[4.489381] (vehicle_core) StderrLine: {'line': b'  CMakeLists.txt:155 (rosidl_target_interfaces)\n'}
[4.489517] (vehicle_core) StderrLine: {'line': b'\n'}
[4.489642] (vehicle_core) StderrLine: {'line': b'\x1b[0m\n'}
[4.489763] (vehicle_core) StderrLine: {'line': b'\x1b[0mCMake Deprecation Warning at /opt/ros/humble/share/rosidl_cmake/cmake/rosidl_target_interfaces.cmake:32 (message):\n'}
[4.489885] (vehicle_core) StderrLine: {'line': b'  Use rosidl_get_typesupport_target() and target_link_libraries() instead of\n'}
[4.490004] (vehicle_core) StderrLine: {'line': b'  rosidl_target_interfaces()\n'}
[4.490123] (vehicle_core) StderrLine: {'line': b'Call Stack (most recent call first):\n'}
[4.490240] (vehicle_core) StderrLine: {'line': b'  CMakeLists.txt:172 (rosidl_target_interfaces)\n'}
[4.490358] (vehicle_core) StderrLine: {'line': b'\n'}
[4.490475] (vehicle_core) StderrLine: {'line': b'\x1b[0m\n'}
[4.491941] (vehicle_core) StderrLine: {'line': b'\x1b[0mCMake Deprecation Warning at /opt/ros/humble/share/rosidl_cmake/cmake/rosidl_target_interfaces.cmake:32 (message):\n'}
[4.492161] (vehicle_core) StderrLine: {'line': b'  Use rosidl_get_typesupport_target() and target_link_libraries() instead of\n'}
[4.492318] (vehicle_core) StderrLine: {'line': b'  rosidl_target_interfaces()\n'}
[4.492445] (vehicle_core) StderrLine: {'line': b'Call Stack (most recent call first):\n'}
[4.492568] (vehicle_core) StderrLine: {'line': b'  CMakeLists.txt:190 (rosidl_target_interfaces)\n'}
[4.492689] (vehicle_core) StderrLine: {'line': b'\n'}
[4.492807] (vehicle_core) StderrLine: {'line': b'\x1b[0m\n'}
[4.494076] (vehicle_core) StderrLine: {'line': b'\x1b[0mCMake Deprecation Warning at /opt/ros/humble/share/rosidl_cmake/cmake/rosidl_target_interfaces.cmake:32 (message):\n'}
[4.494286] (vehicle_core) StderrLine: {'line': b'  Use rosidl_get_typesupport_target() and target_link_libraries() instead of\n'}
[4.494428] (vehicle_core) StderrLine: {'line': b'  rosidl_target_interfaces()\n'}
[4.494554] (vehicle_core) StderrLine: {'line': b'Call Stack (most recent call first):\n'}
[4.494676] (vehicle_core) StderrLine: {'line': b'  CMakeLists.txt:214 (rosidl_target_interfaces)\n'}
[4.494810] (vehicle_core) StderrLine: {'line': b'\n'}
[4.494935] (vehicle_core) StderrLine: {'line': b'\x1b[0m\n'}
[4.505560] (vehicle_core) StdoutLine: {'line': b'-- Configuring done\n'}
[4.519388] (-) TimerEvent: {}
[4.618108] (vehicle_core) StdoutLine: {'line': b'-- Generating done\n'}
[4.619437] (-) TimerEvent: {}
[4.650104] (vehicle_core) StdoutLine: {'line': b'-- Build files have been written to: /home/avcpp/AV-CPP2025/Vehicle/build/vehicle_core\n'}
[4.680349] (vehicle_core) CommandEnded: {'returncode': 0}
[4.683609] (vehicle_core) JobProgress: {'identifier': 'vehicle_core', 'progress': 'build'}
[4.689824] (vehicle_core) Command: {'cmd': ['/usr/bin/cmake', '--build', '/home/avcpp/AV-CPP2025/Vehicle/build/vehicle_core', '--', '-j8', '-l8'], 'cwd': '/home/avcpp/AV-CPP2025/Vehicle/build/vehicle_core', 'env': OrderedDict([('PYTHON_BASIC_REPL', '1'), ('LESSOPEN', '| /usr/bin/lesspipe %s'), ('UMS_MOUNTPOINT', '/mnt/ums'), ('GST_V4L2_PREFERRED_FOURCC', 'NV12:YU12:NV16:YUY2'), ('LANGUAGE', 'en_US.UTF-8'), ('USER', 'avcpp'), ('SSH_CLIENT', '192.168.8.103 36553 22'), ('XDG_SESSION_TYPE', 'tty'), ('GIT_ASKPASS', '/home/avcpp/.vscode-server/cli/servers/Stable-7d842fb85a0275a4a8e4d7e040d2625abbf7f084/server/extensions/git/dist/askpass.sh'), ('SHLVL', '1'), ('USB_FUNCS', 'adb'), ('LD_LIBRARY_PATH', '/home/avcpp/AV-CPP2025/Vehicle/install/vehicle_core/lib:/opt/ros/humble/opt/rviz_ogre_vendor/lib:/opt/ros/humble/lib/aarch64-linux-gnu:/opt/ros/humble/lib'), ('BROWSER', '/home/avcpp/.vscode-server/cli/servers/Stable-7d842fb85a0275a4a8e4d7e040d2625abbf7f084/server/bin/helpers/browser.sh'), ('MOTD_SHOWN', 'pam'), ('HOME', '/home/avcpp'), ('OLDPWD', '/home/avcpp/AV-CPP2025'), ('TERM_PROGRAM_VERSION', '1.105.1'), ('VSCODE_IPC_HOOK_CLI', '/run/user/1001/vscode-ipc-16ee98b1-19f3-44ea-aada-fdaf37f059a8.sock'), ('GST_INSPECT_NO_COLORS', '1'), ('GST_MPP_NO_RGA', '1'), ('ROS_PYTHON_VERSION', '3'), ('COGL_DRIVER', 'gles2'), ('VSCODE_GIT_ASKPASS_MAIN', '/home/avcpp/.vscode-server/cli/servers/Stable-7d842fb85a0275a4a8e4d7e040d2625abbf7f084/server/extensions/git/dist/askpass-main.js'), ('VSCODE_GIT_ASKPASS_NODE', '/home/avcpp/.vscode-server/cli/servers/Stable-7d842fb85a0275a4a8e4d7e040d2625abbf7f084/server/node'), ('SSL_CERT_FILE', '/usr/lib/ssl/certs/ca-certificates.crt'), ('PYDEVD_DISABLE_FILE_VALIDATION', '1'), ('BUNDLED_DEBUGPY_PATH', '/home/avcpp/.vscode-server/extensions/ms-python.debugpy-2025.14.1-linux-arm64/bundled/libs/debugpy'), ('VSCODE_PYTHON_AUTOACTIVATE_GUARD', '1'), ('DBUS_SESSION_BUS_ADDRESS', 'unix:path=/run/user/1001/bus'), ('COLORTERM', 'truecolor'), ('COLCON_PREFIX_PATH', '/home/avcpp/AV-CPP2025/Vehicle/install'), ('GST_V4L2SRC_MAX_RESOLUTION', '3840x2160'), ('ROS_DISTRO', 'humble'), ('LOGNAME', 'avcpp'), ('_', '/usr/bin/colcon'), ('ROS_VERSION', '2'), ('XDG_SESSION_CLASS', 'user'), ('TERM', 'xterm-256color'), ('GST_GL_API', 'gles2'), ('XDG_SESSION_ID', '5'), ('GST_VIDEO_CONVERT_PREFERRED_FORMAT', 'NV12:NV16:I420:YUY2'), ('GST_V4L2SRC_RK_DEVICES', '_mainpath:_selfpath:_bypass:_scale'), ('ROS_LOCALHOST_ONLY', '0'), ('PATH', '/home/avcpp/.vscode-server/cli/servers/Stable-7d842fb85a0275a4a8e4d7e040d2625abbf7f084/server/bin/remote-cli:/home/avcpp/.local/bin:/opt/ros/humble/bin:/usr/local/sbin:/usr/local/bin:/usr/sbin:/usr/bin:/sbin:/bin:/usr/games:/usr/local/games:/snap/bin:/home/avcpp/.vscode-server/extensions/ms-python.debugpy-2025.14.1-linux-arm64/bundled/scripts/noConfigScripts'), ('XDG_RUNTIME_DIR', '/run/user/1001'), ('GST_GL_PLATFORM', 'egl'), ('GST_DEBUG_NO_COLOR', '1'), ('SSL_CERT_DIR', '/usr/lib/ssl/certs'), ('GST_V4L2SRC_DEFAULT_DEVICE', '/dev/video-camera0'), ('DISPLAY', ':0'), ('VSCODE_DEBUGPY_ADAPTER_ENDPOINTS', '/home/avcpp/.vscode-server/extensions/ms-python.debugpy-2025.14.1-linux-arm64/.noConfigDebugAdapterEndpoints/endpoint-ef25f7e9429dbf34.txt'), ('LANG', 'en_US.UTF-8'), ('PYTHONSTARTUP', '/home/avcpp/.vscode-server/data/User/workspaceStorage/da628a90441345ac74af00bc07084975/ms-python.python/pythonrc.py'), ('LS_COLORS', 'rs=0:di=01;34:ln=01;36:mh=00:pi=40;33:so=01;35:do=01;35:bd=40;33;01:cd=40;33;01:or=40;31;01:mi=00:su=37;41:sg=30;43:ca=30;41:tw=30;42:ow=34;42:st=37;44:ex=01;32:*.tar=01;31:*.tgz=01;31:*.arc=01;31:*.arj=01;31:*.taz=01;31:*.lha=01;31:*.lz4=01;31:*.lzh=01;31:*.lzma=01;31:*.tlz=01;31:*.txz=01;31:*.tzo=01;31:*.t7z=01;31:*.zip=01;31:*.z=01;31:*.dz=01;31:*.gz=01;31:*.lrz=01;31:*.lz=01;31:*.lzo=01;31:*.xz=01;31:*.zst=01;31:*.tzst=01;31:*.bz2=01;31:*.bz=01;31:*.tbz=01;31:*.tbz2=01;31:*.tz=01;31:*.deb=01;31:*.rpm=01;31:*.jar=01;31:*.war=01;31:*.ear=01;31:*.sar=01;31:*.rar=01;31:*.alz=01;31:*.ace=01;31:*.zoo=01;31:*.cpio=01;31:*.7z=01;31:*.rz=01;31:*.cab=01;31:*.wim=01;31:*.swm=01;31:*.dwm=01;31:*.esd=01;31:*.jpg=01;35:*.jpeg=01;35:*.mjpg=01;35:*.mjpeg=01;35:*.gif=01;35:*.bmp=01;35:*.pbm=01;35:*.pgm=01;35:*.ppm=01;35:*.tga=01;35:*.xbm=01;35:*.xpm=01;35:*.tif=01;35:*.tiff=01;35:*.png=01;35:*.svg=01;35:*.svgz=01;35:*.mng=01;35:*.pcx=01;35:*.mov=01;35:*.mpg=01;35:*.mpeg=01;35:*.m2v=01;35:*.mkv=01;35:*.webm=01;35:*.webp=01;35:*.ogm=01;35:*.mp4=01;35:*.m4v=01;35:*.mp4v=01;35:*.vob=01;35:*.qt=01;35:*.nuv=01;35:*.wmv=01;35:*.asf=01;35:*.rm=01;35:*.rmvb=01;35:*.flc=01;35:*.avi=01;35:*.fli=01;35:*.flv=01;35:*.gl=01;35:*.dl=01;35:*.xcf=01;35:*.xwd=01;35:*.yuv=01;35:*.cgm=01;35:*.emf=01;35:*.ogv=01;35:*.ogx=01;35:*.aac=00;36:*.au=00;36:*.flac=00;36:*.m4a=00;36:*.mid=00;36:*.midi=00;36:*.mka=00;36:*.mp3=00;36:*.mpc=00;36:*.ogg=00;36:*.ra=00;36:*.wav=00;36:*.oga=00;36:*.opus=00;36:*.spx=00;36:*.xspf=00;36:'), ('VSCODE_GIT_IPC_HANDLE', '/run/user/1001/vscode-git-c9ee365bab.sock'), ('TERM_PROGRAM', 'vscode'), ('GST_V4L2_USE_LIBV4L2', '1'), ('UMS_SIZE', '256M'), ('AMENT_PREFIX_PATH', '/home/avcpp/AV-CPP2025/Vehicle/install/vehicle_core:/opt/ros/humble'), ('LC_MESSAGES', 'en_US.UTF-8'), ('SHELL', '/bin/bash'), ('UMS_RO', '0'), ('LESSCLOSE', '/usr/bin/lesspipe %s %s'), ('UMS_FSTYPE', 'vfat'), ('VSCODE_GIT_ASKPASS_EXTRA_ARGS', ''), ('PWD', '/home/avcpp/AV-CPP2025/Vehicle/build/vehicle_core'), ('LC_ALL', 'en_US.UTF-8'), ('SSH_CONNECTION', '192.168.8.103 36553 192.168.8.176 22'), ('PYTHONPATH', '/home/avcpp/AV-CPP2025/Vehicle/install/vehicle_core/local/lib/python3.10/dist-packages:/opt/ros/humble/lib/python3.10/site-packages:/opt/ros/humble/local/lib/python3.10/dist-packages'), ('UMS_MOUNT', '0'), ('COLCON', '1'), ('CMAKE_PREFIX_PATH', '/home/avcpp/AV-CPP2025/Vehicle/install/vehicle_core:/opt/ros/humble'), ('UMS_FILE', '/userdata/ums_shared.img')]), 'shell': False}
[4.719681] (-) TimerEvent: {}
[4.820507] (-) TimerEvent: {}
[4.858480] (vehicle_core) StdoutLine: {'line': b'[  0%] \x1b[34m\x1b[1mGenerating C code for ROS interfaces\x1b[0m\n'}
[4.866503] (vehicle_core) StdoutLine: {'line': b'[  0%] Built target ament_cmake_python_symlink_vehicle_core\n'}
[4.871433] (vehicle_core) StdoutLine: {'line': b'[  0%] \x1b[34m\x1b[1mGenerating C++ code for ROS interfaces\x1b[0m\n'}
[4.879737] (vehicle_core) StdoutLine: {'line': b'[  1%] \x1b[32mBuilding CXX object CMakeFiles/vehicle_core_container.dir/src/vehicle_core_container.cpp.o\x1b[0m\n'}
[4.920822] (-) TimerEvent: {}
[5.021643] (-) TimerEvent: {}
[5.122341] (-) TimerEvent: {}
[5.165605] (vehicle_core) StdoutLine: {'line': b'running egg_info\n'}
[5.166513] (vehicle_core) StdoutLine: {'line': b'creating vehicle_core.egg-info\n'}
[5.167259] (vehicle_core) StdoutLine: {'line': b'writing vehicle_core.egg-info/PKG-INFO\n'}
[5.167778] (vehicle_core) StdoutLine: {'line': b'writing dependency_links to vehicle_core.egg-info/dependency_links.txt\n'}
[5.168276] (vehicle_core) StdoutLine: {'line': b'writing top-level names to vehicle_core.egg-info/top_level.txt\n'}
[5.168707] (vehicle_core) StdoutLine: {'line': b"writing manifest file 'vehicle_core.egg-info/SOURCES.txt'\n"}
[5.171289] (vehicle_core) StdoutLine: {'line': b"reading manifest file 'vehicle_core.egg-info/SOURCES.txt'\n"}
[5.172171] (vehicle_core) StdoutLine: {'line': b"writing manifest file 'vehicle_core.egg-info/SOURCES.txt'\n"}
[5.222510] (-) TimerEvent: {}
[5.232057] (vehicle_core) StdoutLine: {'line': b'[  1%] Built target ament_cmake_python_build_vehicle_core_egg\n'}
[5.322681] (-) TimerEvent: {}
[5.423385] (-) TimerEvent: {}
[5.524114] (-) TimerEvent: {}
[5.624916] (-) TimerEvent: {}
[5.725669] (-) TimerEvent: {}
[5.826393] (-) TimerEvent: {}
[5.927181] (-) TimerEvent: {}
[6.027999] (-) TimerEvent: {}
[6.128759] (-) TimerEvent: {}
[6.229533] (-) TimerEvent: {}
[6.330228] (-) TimerEvent: {}
[6.431063] (-) TimerEvent: {}
[6.531818] (-) TimerEvent: {}
[6.632677] (-) TimerEvent: {}
[6.733696] (-) TimerEvent: {}
[6.834718] (-) TimerEvent: {}
[6.935737] (-) TimerEvent: {}
[6.950437] (vehicle_core) StdoutLine: {'line': b'[  1%] Built target vehicle_core__cpp\n'}
[6.967772] (vehicle_core) StdoutLine: {'line': b'[  2%] \x1b[34m\x1b[1mGenerating C++ introspection for ROS interfaces\x1b[0m\n'}
[6.987398] (vehicle_core) StdoutLine: {'line': b'[  2%] \x1b[34m\x1b[1mGenerating C++ type support for eProsima Fast-RTPS\x1b[0m\n'}
[6.993114] (vehicle_core) StdoutLine: {'line': b'[  3%] \x1b[34m\x1b[1mGenerating C++ type support dispatch for ROS interfaces\x1b[0m\n'}
[7.035828] (-) TimerEvent: {}
[7.136292] (-) TimerEvent: {}
[7.136632] (vehicle_core) StdoutLine: {'line': b'[  5%] \x1b[32mBuilding C object CMakeFiles/vehicle_core__rosidl_generator_c.dir/rosidl_generator_c/vehicle_core/msg/detail/autopilot_drive_command__functions.c.o\x1b[0m\n'}
[7.136876] (vehicle_core) StdoutLine: {'line': b'[  5%] \x1b[32mBuilding C object CMakeFiles/vehicle_core__rosidl_generator_c.dir/rosidl_generator_c/vehicle_core/msg/detail/drive_target__functions.c.o\x1b[0m\n'}
[7.137016] (vehicle_core) StdoutLine: {'line': b'[  5%] \x1b[32mBuilding C object CMakeFiles/vehicle_core__rosidl_generator_c.dir/rosidl_generator_c/vehicle_core/msg/detail/manual_drive_command__functions.c.o\x1b[0m\n'}
[7.139315] (vehicle_core) StdoutLine: {'line': b'[  6%] \x1b[32mBuilding C object CMakeFiles/vehicle_core__rosidl_generator_c.dir/rosidl_generator_c/vehicle_core/msg/detail/lights_command__functions.c.o\x1b[0m\n'}
[7.236412] (-) TimerEvent: {}
[7.329519] (vehicle_core) StdoutLine: {'line': b'[  8%] \x1b[32mBuilding C object CMakeFiles/vehicle_core__rosidl_generator_c.dir/rosidl_generator_c/vehicle_core/msg/detail/max_speed__functions.c.o\x1b[0m\n'}
[7.329794] (vehicle_core) StdoutLine: {'line': b'[  8%] \x1b[32mBuilding C object CMakeFiles/vehicle_core__rosidl_generator_c.dir/rosidl_generator_c/vehicle_core/msg/detail/autopilot_command__functions.c.o\x1b[0m\n'}
[7.329899] (vehicle_core) StdoutLine: {'line': b'[  8%] \x1b[32mBuilding C object CMakeFiles/vehicle_core__rosidl_generator_c.dir/rosidl_generator_c/vehicle_core/msg/detail/general_status__functions.c.o\x1b[0m\n'}
[7.330299] (vehicle_core) StdoutLine: {'line': b'[  8%] \x1b[32mBuilding C object CMakeFiles/vehicle_core__rosidl_generator_c.dir/rosidl_generator_c/vehicle_core/msg/detail/lights_status__functions.c.o\x1b[0m\n'}
[7.336529] (-) TimerEvent: {}
[7.436941] (-) TimerEvent: {}
[7.516961] (vehicle_core) StdoutLine: {'line': b'[  8%] \x1b[32mBuilding C object CMakeFiles/vehicle_core__rosidl_generator_c.dir/rosidl_generator_c/vehicle_core/msg/detail/drive_status__functions.c.o\x1b[0m\n'}
[7.520949] (vehicle_core) StdoutLine: {'line': b'[  9%] \x1b[32mBuilding C object CMakeFiles/vehicle_core__rosidl_generator_c.dir/rosidl_generator_c/vehicle_core/msg/detail/autopilot_status__functions.c.o\x1b[0m\n'}
[7.521741] (vehicle_core) StdoutLine: {'line': b'[  9%] \x1b[32mBuilding C object CMakeFiles/vehicle_core__rosidl_generator_c.dir/rosidl_generator_c/vehicle_core/msg/detail/telemetry_data__functions.c.o\x1b[0m\n'}
[7.530516] (vehicle_core) StdoutLine: {'line': b'[ 10%] \x1b[32mBuilding C object CMakeFiles/vehicle_core__rosidl_generator_c.dir/rosidl_generator_c/vehicle_core/msg/detail/error__functions.c.o\x1b[0m\n'}
[7.537065] (-) TimerEvent: {}
[7.637476] (-) TimerEvent: {}
[7.713811] (vehicle_core) StdoutLine: {'line': b'[ 10%] \x1b[32mBuilding C object CMakeFiles/vehicle_core__rosidl_generator_c.dir/rosidl_generator_c/vehicle_core/msg/detail/server_init__functions.c.o\x1b[0m\n'}
[7.714743] (vehicle_core) StdoutLine: {'line': b'[ 11%] \x1b[32mBuilding C object CMakeFiles/vehicle_core__rosidl_generator_c.dir/rosidl_generator_c/vehicle_core/msg/detail/autopilot_config__functions.c.o\x1b[0m\n'}
[7.718615] (vehicle_core) StdoutLine: {'line': b'[ 11%] \x1b[32mBuilding C object CMakeFiles/vehicle_core__rosidl_generator_c.dir/rosidl_generator_c/vehicle_core/msg/detail/perception_profile__functions.c.o\x1b[0m\n'}
[7.724107] (vehicle_core) StdoutLine: {'line': b'[ 12%] \x1b[32mBuilding C object CMakeFiles/vehicle_core__rosidl_generator_c.dir/rosidl_generator_c/vehicle_core/msg/detail/state_mode__functions.c.o\x1b[0m\n'}
[7.737704] (-) TimerEvent: {}
[7.838543] (-) TimerEvent: {}
[7.912962] (vehicle_core) StdoutLine: {'line': b'[ 13%] \x1b[32mBuilding C object CMakeFiles/vehicle_core__rosidl_generator_c.dir/rosidl_generator_c/vehicle_core/msg/detail/state_event__functions.c.o\x1b[0m\n'}
[7.916980] (vehicle_core) StdoutLine: {'line': b'[ 13%] \x1b[32mBuilding C object CMakeFiles/vehicle_core__rosidl_generator_c.dir/rosidl_generator_c/vehicle_core/msg/detail/drive_feedback__functions.c.o\x1b[0m\n'}
[7.928264] (vehicle_core) StdoutLine: {'line': b'[ 14%] \x1b[32mBuilding C object CMakeFiles/vehicle_core__rosidl_generator_c.dir/rosidl_generator_c/vehicle_core/srv/detail/set_autopilot_profile__functions.c.o\x1b[0m\n'}
[7.961580] (-) TimerEvent: {}
[8.062413] (-) TimerEvent: {}
[8.149171] (vehicle_core) StdoutLine: {'line': b'[ 14%] \x1b[32m\x1b[1mLinking C shared library libvehicle_core__rosidl_generator_c.so\x1b[0m\n'}
[8.162588] (-) TimerEvent: {}
[8.204461] (vehicle_core) StdoutLine: {'line': b'[ 14%] \x1b[32mBuilding CXX object CMakeFiles/vehicle_core__rosidl_typesupport_cpp.dir/rosidl_typesupport_cpp/vehicle_core/msg/manual_drive_command__type_support.cpp.o\x1b[0m\n'}
[8.213602] (vehicle_core) StdoutLine: {'line': b'[ 15%] \x1b[32mBuilding CXX object CMakeFiles/vehicle_core__rosidl_typesupport_cpp.dir/rosidl_typesupport_cpp/vehicle_core/msg/autopilot_drive_command__type_support.cpp.o\x1b[0m\n'}
[8.216432] (vehicle_core) StdoutLine: {'line': b'[ 15%] \x1b[32mBuilding CXX object CMakeFiles/vehicle_core__rosidl_typesupport_cpp.dir/rosidl_typesupport_cpp/vehicle_core/msg/drive_target__type_support.cpp.o\x1b[0m\n'}
[8.219291] (vehicle_core) StdoutLine: {'line': b'[ 16%] \x1b[32mBuilding CXX object CMakeFiles/vehicle_core__rosidl_typesupport_cpp.dir/rosidl_typesupport_cpp/vehicle_core/msg/lights_command__type_support.cpp.o\x1b[0m\n'}
[8.262813] (-) TimerEvent: {}
[8.323464] (vehicle_core) StdoutLine: {'line': b'[ 16%] Built target vehicle_core__rosidl_generator_c\n'}
[8.350962] (vehicle_core) StdoutLine: {'line': b'[ 16%] \x1b[32mBuilding CXX object CMakeFiles/vehicle_core__rosidl_typesupport_cpp.dir/rosidl_typesupport_cpp/vehicle_core/msg/max_speed__type_support.cpp.o\x1b[0m\n'}
[8.362930] (-) TimerEvent: {}
[8.463656] (-) TimerEvent: {}
[8.564323] (-) TimerEvent: {}
[8.657981] (vehicle_core) StdoutLine: {'line': b'[ 17%] \x1b[32mBuilding CXX object CMakeFiles/vehicle_core__rosidl_typesupport_cpp.dir/rosidl_typesupport_cpp/vehicle_core/msg/autopilot_command__type_support.cpp.o\x1b[0m\n'}
[8.664473] (-) TimerEvent: {}
[8.706410] (vehicle_core) StdoutLine: {'line': b'[ 17%] \x1b[32mBuilding CXX object CMakeFiles/vehicle_core__rosidl_typesupport_cpp.dir/rosidl_typesupport_cpp/vehicle_core/msg/lights_status__type_support.cpp.o\x1b[0m\n'}
[8.764629] (-) TimerEvent: {}
[8.783863] (vehicle_core) StdoutLine: {'line': b'[ 18%] \x1b[32mBuilding CXX object CMakeFiles/vehicle_core__rosidl_typesupport_cpp.dir/rosidl_typesupport_cpp/vehicle_core/msg/general_status__type_support.cpp.o\x1b[0m\n'}
[8.866731] (-) TimerEvent: {}
[8.967453] (-) TimerEvent: {}
[8.995219] (vehicle_core) StdoutLine: {'line': b'[ 18%] \x1b[32mBuilding CXX object CMakeFiles/vehicle_core__rosidl_typesupport_cpp.dir/rosidl_typesupport_cpp/vehicle_core/msg/drive_status__type_support.cpp.o\x1b[0m\n'}
[9.067595] (-) TimerEvent: {}
[9.070615] (vehicle_core) StdoutLine: {'line': b'[ 19%] \x1b[32mBuilding CXX object CMakeFiles/vehicle_core__rosidl_typesupport_cpp.dir/rosidl_typesupport_cpp/vehicle_core/msg/autopilot_status__type_support.cpp.o\x1b[0m\n'}
[9.134342] (vehicle_core) StdoutLine: {'line': b'[ 20%] \x1b[32mBuilding CXX object CMakeFiles/vehicle_core__rosidl_typesupport_cpp.dir/rosidl_typesupport_cpp/vehicle_core/msg/telemetry_data__type_support.cpp.o\x1b[0m\n'}
[9.167770] (-) TimerEvent: {}
[9.268419] (-) TimerEvent: {}
[9.278487] (vehicle_core) StdoutLine: {'line': b'[ 20%] \x1b[32mBuilding CXX object CMakeFiles/vehicle_core__rosidl_typesupport_cpp.dir/rosidl_typesupport_cpp/vehicle_core/msg/error__type_support.cpp.o\x1b[0m\n'}
[9.368704] (-) TimerEvent: {}
[9.369223] (vehicle_core) StdoutLine: {'line': b'[ 21%] \x1b[32mBuilding CXX object CMakeFiles/vehicle_core__rosidl_typesupport_cpp.dir/rosidl_typesupport_cpp/vehicle_core/msg/server_init__type_support.cpp.o\x1b[0m\n'}
[9.378344] (vehicle_core) StdoutLine: {'line': b'[ 21%] \x1b[32mBuilding CXX object CMakeFiles/vehicle_core__rosidl_typesupport_introspection_cpp.dir/rosidl_typesupport_introspection_cpp/vehicle_core/msg/detail/drive_target__type_support.cpp.o\x1b[0m\n'}
[9.468988] (-) TimerEvent: {}
[9.524048] (vehicle_core) StdoutLine: {'line': b'[ 22%] \x1b[32mBuilding CXX object CMakeFiles/vehicle_core__rosidl_typesupport_cpp.dir/rosidl_typesupport_cpp/vehicle_core/msg/perception_profile__type_support.cpp.o\x1b[0m\n'}
[9.525834] (vehicle_core) StdoutLine: {'line': b'[ 22%] \x1b[32mBuilding CXX object CMakeFiles/vehicle_core__rosidl_typesupport_cpp.dir/rosidl_typesupport_cpp/vehicle_core/msg/autopilot_config__type_support.cpp.o\x1b[0m\n'}
[9.569222] (-) TimerEvent: {}
[9.670244] (-) TimerEvent: {}
[9.679146] (vehicle_core) StdoutLine: {'line': b'[ 22%] \x1b[32mBuilding CXX object CMakeFiles/vehicle_core__rosidl_typesupport_cpp.dir/rosidl_typesupport_cpp/vehicle_core/msg/state_mode__type_support.cpp.o\x1b[0m\n'}
[9.739668] (vehicle_core) StdoutLine: {'line': b'[ 23%] \x1b[32mBuilding CXX object CMakeFiles/vehicle_core__rosidl_typesupport_fastrtps_cpp.dir/rosidl_typesupport_fastrtps_cpp/vehicle_core/msg/detail/dds_fastrtps/drive_target__type_support.cpp.o\x1b[0m\n'}
[9.770364] (-) TimerEvent: {}
[9.846666] (vehicle_core) StdoutLine: {'line': b'[ 24%] \x1b[32mBuilding CXX object CMakeFiles/vehicle_core__rosidl_typesupport_cpp.dir/rosidl_typesupport_cpp/vehicle_core/msg/state_event__type_support.cpp.o\x1b[0m\n'}
[9.870530] (-) TimerEvent: {}
[9.970991] (-) TimerEvent: {}
[9.974099] (vehicle_core) StdoutLine: {'line': b'[ 24%] \x1b[32mBuilding CXX object CMakeFiles/vehicle_core__rosidl_typesupport_cpp.dir/rosidl_typesupport_cpp/vehicle_core/msg/drive_feedback__type_support.cpp.o\x1b[0m\n'}
[10.071167] (-) TimerEvent: {}
[10.075314] (vehicle_core) StdoutLine: {'line': b'[ 25%] \x1b[32m\x1b[1mLinking CXX executable vehicle_core_container\x1b[0m\n'}
[10.128734] (vehicle_core) StdoutLine: {'line': b'[ 26%] \x1b[32mBuilding CXX object CMakeFiles/vehicle_core__rosidl_typesupport_cpp.dir/rosidl_typesupport_cpp/vehicle_core/srv/set_autopilot_profile__type_support.cpp.o\x1b[0m\n'}
[10.171332] (-) TimerEvent: {}
[10.271844] (-) TimerEvent: {}
[10.273329] (vehicle_core) StdoutLine: {'line': b'[ 27%] \x1b[32mBuilding CXX object CMakeFiles/vehicle_core__rosidl_typesupport_fastrtps_cpp.dir/rosidl_typesupport_fastrtps_cpp/vehicle_core/msg/detail/dds_fastrtps/manual_drive_command__type_support.cpp.o\x1b[0m\n'}
[10.287868] (vehicle_core) StdoutLine: {'line': b'[ 27%] \x1b[32mBuilding CXX object CMakeFiles/vehicle_core__rosidl_typesupport_fastrtps_cpp.dir/rosidl_typesupport_fastrtps_cpp/vehicle_core/msg/detail/dds_fastrtps/autopilot_drive_command__type_support.cpp.o\x1b[0m\n'}
[10.289484] (vehicle_core) StdoutLine: {'line': b'[ 27%] \x1b[32mBuilding CXX object CMakeFiles/vehicle_core__rosidl_typesupport_fastrtps_cpp.dir/rosidl_typesupport_fastrtps_cpp/vehicle_core/msg/detail/dds_fastrtps/lights_command__type_support.cpp.o\x1b[0m\n'}
[10.293085] (vehicle_core) StdoutLine: {'line': b'[ 27%] Built target vehicle_core_container\n'}
[10.308841] (vehicle_core) StdoutLine: {'line': b'[ 28%] \x1b[34m\x1b[1mGenerating C type support for eProsima Fast-RTPS\x1b[0m\n'}
[10.371965] (-) TimerEvent: {}
[10.472666] (-) TimerEvent: {}
[10.535668] (vehicle_core) StdoutLine: {'line': b'[ 28%] \x1b[34m\x1b[1mGenerating C introspection for ROS interfaces\x1b[0m\n'}
[10.572802] (-) TimerEvent: {}
[10.673449] (-) TimerEvent: {}
[10.774099] (-) TimerEvent: {}
[10.872528] (vehicle_core) StdoutLine: {'line': b'[ 29%] \x1b[32mBuilding CXX object CMakeFiles/vehicle_core__rosidl_typesupport_fastrtps_cpp.dir/rosidl_typesupport_fastrtps_cpp/vehicle_core/msg/detail/dds_fastrtps/max_speed__type_support.cpp.o\x1b[0m\n'}
[10.874362] (-) TimerEvent: {}
[10.881826] (vehicle_core) StdoutLine: {'line': b'[ 29%] \x1b[32mBuilding CXX object CMakeFiles/vehicle_core__rosidl_typesupport_fastrtps_cpp.dir/rosidl_typesupport_fastrtps_cpp/vehicle_core/msg/detail/dds_fastrtps/autopilot_command__type_support.cpp.o\x1b[0m\n'}
[10.974505] (-) TimerEvent: {}
[11.001757] (vehicle_core) StdoutLine: {'line': b'[ 29%] \x1b[32m\x1b[1mLinking CXX shared library libvehicle_core__rosidl_typesupport_cpp.so\x1b[0m\n'}
[11.064943] (vehicle_core) StdoutLine: {'line': b'[ 29%] Built target vehicle_core__rosidl_typesupport_cpp\n'}
[11.074643] (-) TimerEvent: {}
[11.080717] (vehicle_core) StdoutLine: {'line': b'[ 29%] \x1b[34m\x1b[1mGenerating C type support dispatch for ROS interfaces\x1b[0m\n'}
[11.174789] (-) TimerEvent: {}
[11.275417] (-) TimerEvent: {}
[11.294629] (vehicle_core) StdoutLine: {'line': b'[ 30%] \x1b[32mBuilding CXX object CMakeFiles/vehicle_core__rosidl_typesupport_introspection_cpp.dir/rosidl_typesupport_introspection_cpp/vehicle_core/msg/detail/autopilot_drive_command__type_support.cpp.o\x1b[0m\n'}
[11.375548] (-) TimerEvent: {}
[11.454504] (vehicle_core) StdoutLine: {'line': b'[ 31%] \x1b[32mBuilding CXX object CMakeFiles/vehicle_core__rosidl_typesupport_fastrtps_cpp.dir/rosidl_typesupport_fastrtps_cpp/vehicle_core/msg/detail/dds_fastrtps/lights_status__type_support.cpp.o\x1b[0m\n'}
[11.475673] (-) TimerEvent: {}
[11.491072] (vehicle_core) StdoutLine: {'line': b'[ 31%] \x1b[32mBuilding CXX object CMakeFiles/vehicle_core__rosidl_typesupport_fastrtps_cpp.dir/rosidl_typesupport_fastrtps_cpp/vehicle_core/msg/detail/dds_fastrtps/general_status__type_support.cpp.o\x1b[0m\n'}
[11.575827] (-) TimerEvent: {}
[11.676263] (-) TimerEvent: {}
[11.776682] (-) TimerEvent: {}
[11.877126] (-) TimerEvent: {}
[11.908788] (vehicle_core) StdoutLine: {'line': b'[ 31%] \x1b[32mBuilding CXX object CMakeFiles/vehicle_core__rosidl_typesupport_introspection_cpp.dir/rosidl_typesupport_introspection_cpp/vehicle_core/msg/detail/manual_drive_command__type_support.cpp.o\x1b[0m\n'}
[11.977256] (-) TimerEvent: {}
[12.029777] (vehicle_core) StdoutLine: {'line': b'[ 32%] \x1b[32mBuilding CXX object CMakeFiles/vehicle_core__rosidl_typesupport_fastrtps_cpp.dir/rosidl_typesupport_fastrtps_cpp/vehicle_core/msg/detail/dds_fastrtps/drive_status__type_support.cpp.o\x1b[0m\n'}
[12.060696] (vehicle_core) StdoutLine: {'line': b'[ 33%] \x1b[32mBuilding CXX object CMakeFiles/vehicle_core__rosidl_typesupport_fastrtps_cpp.dir/rosidl_typesupport_fastrtps_cpp/vehicle_core/msg/detail/dds_fastrtps/autopilot_status__type_support.cpp.o\x1b[0m\n'}
[12.077402] (-) TimerEvent: {}
[12.177975] (-) TimerEvent: {}
[12.279573] (-) TimerEvent: {}
[12.380540] (-) TimerEvent: {}
[12.481586] (-) TimerEvent: {}
[12.495095] (vehicle_core) StdoutLine: {'line': b'[ 34%] \x1b[32mBuilding CXX object CMakeFiles/vehicle_core__rosidl_typesupport_introspection_cpp.dir/rosidl_typesupport_introspection_cpp/vehicle_core/msg/detail/lights_command__type_support.cpp.o\x1b[0m\n'}
[12.518189] (vehicle_core) StdoutLine: {'line': b'[ 34%] \x1b[32mBuilding CXX object CMakeFiles/vehicle_core__rosidl_typesupport_fastrtps_c.dir/rosidl_typesupport_fastrtps_c/vehicle_core/msg/detail/drive_target__type_support_c.cpp.o\x1b[0m\n'}
[12.581682] (-) TimerEvent: {}
[12.588150] (vehicle_core) StdoutLine: {'line': b'[ 34%] \x1b[32mBuilding CXX object CMakeFiles/vehicle_core__rosidl_typesupport_fastrtps_cpp.dir/rosidl_typesupport_fastrtps_cpp/vehicle_core/msg/detail/dds_fastrtps/telemetry_data__type_support.cpp.o\x1b[0m\n'}
[12.625850] (vehicle_core) StdoutLine: {'line': b'[ 35%] \x1b[32mBuilding CXX object CMakeFiles/vehicle_core__rosidl_typesupport_c.dir/rosidl_typesupport_c/vehicle_core/msg/drive_target__type_support.cpp.o\x1b[0m\n'}
[12.663684] (vehicle_core) StdoutLine: {'line': b'[ 36%] \x1b[32mBuilding CXX object CMakeFiles/vehicle_core__rosidl_typesupport_fastrtps_c.dir/rosidl_typesupport_fastrtps_c/vehicle_core/msg/detail/autopilot_drive_command__type_support_c.cpp.o\x1b[0m\n'}
[12.667114] (vehicle_core) StdoutLine: {'line': b'[ 37%] \x1b[32mBuilding CXX object CMakeFiles/vehicle_core__rosidl_typesupport_fastrtps_cpp.dir/rosidl_typesupport_fastrtps_cpp/vehicle_core/msg/detail/dds_fastrtps/error__type_support.cpp.o\x1b[0m\n'}
[12.672342] (vehicle_core) StdoutLine: {'line': b'[ 37%] \x1b[32mBuilding CXX object CMakeFiles/vehicle_core__rosidl_typesupport_c.dir/rosidl_typesupport_c/vehicle_core/msg/autopilot_drive_command__type_support.cpp.o\x1b[0m\n'}
[12.681806] (-) TimerEvent: {}
[12.701940] (vehicle_core) StdoutLine: {'line': b'[ 38%] \x1b[32mBuilding CXX object CMakeFiles/vehicle_core__rosidl_typesupport_fastrtps_c.dir/rosidl_typesupport_fastrtps_c/vehicle_core/msg/detail/manual_drive_command__type_support_c.cpp.o\x1b[0m\n'}
[12.781951] (-) TimerEvent: {}
[12.786020] (vehicle_core) StdoutLine: {'line': b'[ 39%] \x1b[32mBuilding CXX object CMakeFiles/vehicle_core__rosidl_typesupport_c.dir/rosidl_typesupport_c/vehicle_core/msg/manual_drive_command__type_support.cpp.o\x1b[0m\n'}
[12.882089] (-) TimerEvent: {}
[12.909679] (vehicle_core) StdoutLine: {'line': b'[ 40%] \x1b[32mBuilding CXX object CMakeFiles/vehicle_core__rosidl_typesupport_c.dir/rosidl_typesupport_c/vehicle_core/msg/lights_command__type_support.cpp.o\x1b[0m\n'}
[12.982234] (-) TimerEvent: {}
[13.032616] (vehicle_core) StdoutLine: {'line': b'[ 40%] \x1b[32mBuilding CXX object CMakeFiles/vehicle_core__rosidl_typesupport_c.dir/rosidl_typesupport_c/vehicle_core/msg/max_speed__type_support.cpp.o\x1b[0m\n'}
[13.082378] (-) TimerEvent: {}
[13.155693] (vehicle_core) StdoutLine: {'line': b'[ 41%] \x1b[32mBuilding CXX object CMakeFiles/vehicle_core__rosidl_typesupport_c.dir/rosidl_typesupport_c/vehicle_core/msg/autopilot_command__type_support.cpp.o\x1b[0m\n'}
[13.156092] (vehicle_core) StdoutLine: {'line': b'[ 40%] \x1b[32mBuilding CXX object CMakeFiles/vehicle_core__rosidl_typesupport_introspection_cpp.dir/rosidl_typesupport_introspection_cpp/vehicle_core/msg/detail/max_speed__type_support.cpp.o\x1b[0m\n'}
[13.182508] (-) TimerEvent: {}
[13.187256] (vehicle_core) StdoutLine: {'line': b'[ 41%] \x1b[32mBuilding CXX object CMakeFiles/vehicle_core__rosidl_typesupport_fastrtps_c.dir/rosidl_typesupport_fastrtps_c/vehicle_core/msg/detail/lights_command__type_support_c.cpp.o\x1b[0m\n'}
[13.214086] (vehicle_core) StdoutLine: {'line': b'[ 41%] \x1b[32mBuilding CXX object CMakeFiles/vehicle_core__rosidl_typesupport_fastrtps_cpp.dir/rosidl_typesupport_fastrtps_cpp/vehicle_core/msg/detail/dds_fastrtps/server_init__type_support.cpp.o\x1b[0m\n'}
[13.219107] (vehicle_core) StdoutLine: {'line': b'[ 41%] \x1b[32mBuilding CXX object CMakeFiles/vehicle_core__rosidl_typesupport_c.dir/rosidl_typesupport_c/vehicle_core/msg/lights_status__type_support.cpp.o\x1b[0m\n'}
[13.282782] (-) TimerEvent: {}
[13.337522] (vehicle_core) StdoutLine: {'line': b'[ 42%] \x1b[32mBuilding CXX object CMakeFiles/vehicle_core__rosidl_typesupport_c.dir/rosidl_typesupport_c/vehicle_core/msg/general_status__type_support.cpp.o\x1b[0m\n'}
[13.382888] (-) TimerEvent: {}
[13.453497] (vehicle_core) StdoutLine: {'line': b'[ 43%] \x1b[32mBuilding CXX object CMakeFiles/vehicle_core__rosidl_typesupport_fastrtps_c.dir/rosidl_typesupport_fastrtps_c/vehicle_core/msg/detail/max_speed__type_support_c.cpp.o\x1b[0m\n'}
[13.456327] (vehicle_core) StdoutLine: {'line': b'[ 43%] \x1b[32mBuilding CXX object CMakeFiles/vehicle_core__rosidl_typesupport_c.dir/rosidl_typesupport_c/vehicle_core/msg/drive_status__type_support.cpp.o\x1b[0m\n'}
[13.483045] (-) TimerEvent: {}
[13.495149] (vehicle_core) StdoutLine: {'line': b'[ 43%] \x1b[32mBuilding CXX object CMakeFiles/vehicle_core__rosidl_typesupport_fastrtps_c.dir/rosidl_typesupport_fastrtps_c/vehicle_core/msg/detail/autopilot_command__type_support_c.cpp.o\x1b[0m\n'}
[13.579187] (vehicle_core) StdoutLine: {'line': b'[ 44%] \x1b[32mBuilding CXX object CMakeFiles/vehicle_core__rosidl_typesupport_c.dir/rosidl_typesupport_c/vehicle_core/msg/autopilot_status__type_support.cpp.o\x1b[0m\n'}
[13.583208] (-) TimerEvent: {}
[13.593131] (vehicle_core) StdoutLine: {'line': b'[ 45%] \x1b[32mBuilding CXX object CMakeFiles/vehicle_core__rosidl_typesupport_fastrtps_cpp.dir/rosidl_typesupport_fastrtps_cpp/vehicle_core/msg/detail/dds_fastrtps/autopilot_config__type_support.cpp.o\x1b[0m\n'}
[13.675475] (vehicle_core) StdoutLine: {'line': b'[ 46%] \x1b[32mBuilding CXX object CMakeFiles/vehicle_core__rosidl_typesupport_fastrtps_c.dir/rosidl_typesupport_fastrtps_c/vehicle_core/msg/detail/lights_status__type_support_c.cpp.o\x1b[0m\n'}
[13.683361] (-) TimerEvent: {}
[13.701078] (vehicle_core) StdoutLine: {'line': b'[ 46%] \x1b[32mBuilding CXX object CMakeFiles/vehicle_core__rosidl_typesupport_c.dir/rosidl_typesupport_c/vehicle_core/msg/telemetry_data__type_support.cpp.o\x1b[0m\n'}
[13.783512] (-) TimerEvent: {}
[13.822726] (vehicle_core) StdoutLine: {'line': b'[ 47%] \x1b[32mBuilding CXX object CMakeFiles/vehicle_core__rosidl_typesupport_c.dir/rosidl_typesupport_c/vehicle_core/msg/error__type_support.cpp.o\x1b[0m\n'}
[13.833935] (vehicle_core) StdoutLine: {'line': b'[ 48%] \x1b[32mBuilding C object CMakeFiles/vehicle_core__rosidl_typesupport_introspection_c.dir/rosidl_typesupport_introspection_c/vehicle_core/msg/detail/drive_target__type_support.c.o\x1b[0m\n'}
[13.883668] (-) TimerEvent: {}
[13.945995] (vehicle_core) StdoutLine: {'line': b'[ 48%] \x1b[32mBuilding CXX object CMakeFiles/vehicle_core__rosidl_typesupport_c.dir/rosidl_typesupport_c/vehicle_core/msg/server_init__type_support.cpp.o\x1b[0m\n'}
[13.975138] (vehicle_core) StdoutLine: {'line': b'[ 49%] \x1b[32mBuilding C object CMakeFiles/vehicle_core__rosidl_typesupport_introspection_c.dir/rosidl_typesupport_introspection_c/vehicle_core/msg/detail/autopilot_drive_command__type_support.c.o\x1b[0m\n'}
[13.983823] (-) TimerEvent: {}
[14.005351] (vehicle_core) StdoutLine: {'line': b'[ 50%] \x1b[32mBuilding CXX object CMakeFiles/vehicle_core__rosidl_typesupport_c.dir/rosidl_typesupport_c/vehicle_core/msg/autopilot_config__type_support.cpp.o\x1b[0m\n'}
[14.015174] (vehicle_core) StdoutLine: {'line': b'[ 50%] \x1b[32mBuilding CXX object CMakeFiles/vehicle_core__rosidl_typesupport_fastrtps_c.dir/rosidl_typesupport_fastrtps_c/vehicle_core/msg/detail/general_status__type_support_c.cpp.o\x1b[0m\n'}
[14.043498] (vehicle_core) StdoutLine: {'line': b'[ 50%] \x1b[32mBuilding CXX object CMakeFiles/vehicle_core__rosidl_typesupport_fastrtps_cpp.dir/rosidl_typesupport_fastrtps_cpp/vehicle_core/msg/detail/dds_fastrtps/perception_profile__type_support.cpp.o\x1b[0m\n'}
[14.049242] (vehicle_core) StdoutLine: {'line': b'[ 51%] \x1b[32mBuilding CXX object CMakeFiles/vehicle_core__rosidl_typesupport_fastrtps_c.dir/rosidl_typesupport_fastrtps_c/vehicle_core/msg/detail/drive_status__type_support_c.cpp.o\x1b[0m\n'}
[14.054504] (vehicle_core) StdoutLine: {'line': b'[ 51%] \x1b[32mBuilding C object CMakeFiles/vehicle_core__rosidl_typesupport_introspection_c.dir/rosidl_typesupport_introspection_c/vehicle_core/msg/detail/manual_drive_command__type_support.c.o\x1b[0m\n'}
[14.083978] (-) TimerEvent: {}
[14.100871] (vehicle_core) StdoutLine: {'line': b'[ 52%] \x1b[32mBuilding C object CMakeFiles/vehicle_core__rosidl_typesupport_introspection_c.dir/rosidl_typesupport_introspection_c/vehicle_core/msg/detail/lights_command__type_support.c.o\x1b[0m\n'}
[14.130987] (vehicle_core) StdoutLine: {'line': b'[ 52%] \x1b[32mBuilding CXX object CMakeFiles/vehicle_core__rosidl_typesupport_c.dir/rosidl_typesupport_c/vehicle_core/msg/perception_profile__type_support.cpp.o\x1b[0m\n'}
[14.148842] (vehicle_core) StdoutLine: {'line': b'[ 52%] \x1b[32mBuilding C object CMakeFiles/vehicle_core__rosidl_typesupport_introspection_c.dir/rosidl_typesupport_introspection_c/vehicle_core/msg/detail/max_speed__type_support.c.o\x1b[0m\n'}
[14.161771] (vehicle_core) StdoutLine: {'line': b'[ 52%] \x1b[32mBuilding CXX object CMakeFiles/vehicle_core__rosidl_typesupport_fastrtps_c.dir/rosidl_typesupport_fastrtps_c/vehicle_core/msg/detail/autopilot_status__type_support_c.cpp.o\x1b[0m\n'}
[14.184120] (-) TimerEvent: {}
[14.199154] (vehicle_core) StdoutLine: {'line': b'[ 53%] \x1b[32mBuilding C object CMakeFiles/vehicle_core__rosidl_typesupport_introspection_c.dir/rosidl_typesupport_introspection_c/vehicle_core/msg/detail/autopilot_command__type_support.c.o\x1b[0m\n'}
[14.246630] (vehicle_core) StdoutLine: {'line': b'[ 53%] \x1b[32mBuilding C object CMakeFiles/vehicle_core__rosidl_typesupport_introspection_c.dir/rosidl_typesupport_introspection_c/vehicle_core/msg/detail/lights_status__type_support.c.o\x1b[0m\n'}
[14.252717] (vehicle_core) StdoutLine: {'line': b'[ 54%] \x1b[32mBuilding CXX object CMakeFiles/vehicle_core__rosidl_typesupport_c.dir/rosidl_typesupport_c/vehicle_core/msg/state_mode__type_support.cpp.o\x1b[0m\n'}
[14.284269] (-) TimerEvent: {}
[14.295229] (vehicle_core) StdoutLine: {'line': b'[ 55%] \x1b[32mBuilding C object CMakeFiles/vehicle_core__rosidl_typesupport_introspection_c.dir/rosidl_typesupport_introspection_c/vehicle_core/msg/detail/general_status__type_support.c.o\x1b[0m\n'}
[14.345826] (vehicle_core) StdoutLine: {'line': b'[ 55%] \x1b[32mBuilding C object CMakeFiles/vehicle_core__rosidl_typesupport_introspection_c.dir/rosidl_typesupport_introspection_c/vehicle_core/msg/detail/drive_status__type_support.c.o\x1b[0m\n'}
[14.371428] (vehicle_core) StdoutLine: {'line': b'[ 55%] \x1b[32mBuilding CXX object CMakeFiles/vehicle_core__rosidl_typesupport_c.dir/rosidl_typesupport_c/vehicle_core/msg/state_event__type_support.cpp.o\x1b[0m\n'}
[14.384429] (-) TimerEvent: {}
[14.416690] (vehicle_core) StdoutLine: {'line': b'[ 56%] \x1b[32mBuilding C object CMakeFiles/vehicle_core__rosidl_typesupport_introspection_c.dir/rosidl_typesupport_introspection_c/vehicle_core/msg/detail/autopilot_status__type_support.c.o\x1b[0m\n'}
[14.484574] (-) TimerEvent: {}
[14.499521] (vehicle_core) StdoutLine: {'line': b'[ 57%] \x1b[32mBuilding CXX object CMakeFiles/vehicle_core__rosidl_typesupport_c.dir/rosidl_typesupport_c/vehicle_core/msg/drive_feedback__type_support.cpp.o\x1b[0m\n'}
[14.546536] (vehicle_core) StdoutLine: {'line': b'[ 58%] \x1b[32mBuilding CXX object CMakeFiles/vehicle_core__rosidl_typesupport_fastrtps_c.dir/rosidl_typesupport_fastrtps_c/vehicle_core/msg/detail/telemetry_data__type_support_c.cpp.o\x1b[0m\n'}
[14.559990] (vehicle_core) StdoutLine: {'line': b'[ 58%] \x1b[32mBuilding C object CMakeFiles/vehicle_core__rosidl_typesupport_introspection_c.dir/rosidl_typesupport_introspection_c/vehicle_core/msg/detail/telemetry_data__type_support.c.o\x1b[0m\n'}
[14.573507] (vehicle_core) StdoutLine: {'line': b'[ 59%] \x1b[32mBuilding CXX object CMakeFiles/vehicle_core__rosidl_typesupport_introspection_cpp.dir/rosidl_typesupport_introspection_cpp/vehicle_core/msg/detail/autopilot_command__type_support.cpp.o\x1b[0m\n'}
[14.584745] (-) TimerEvent: {}
[14.624264] (vehicle_core) StdoutLine: {'line': b'[ 60%] \x1b[32mBuilding CXX object CMakeFiles/vehicle_core__rosidl_typesupport_c.dir/rosidl_typesupport_c/vehicle_core/srv/set_autopilot_profile__type_support.cpp.o\x1b[0m\n'}
[14.666847] (vehicle_core) StdoutLine: {'line': b'[ 60%] \x1b[32mBuilding CXX object CMakeFiles/vehicle_core__rosidl_typesupport_fastrtps_c.dir/rosidl_typesupport_fastrtps_c/vehicle_core/msg/detail/error__type_support_c.cpp.o\x1b[0m\n'}
[14.684857] (-) TimerEvent: {}
[14.687808] (vehicle_core) StdoutLine: {'line': b'[ 61%] \x1b[32mBuilding C object CMakeFiles/vehicle_core__rosidl_typesupport_introspection_c.dir/rosidl_typesupport_introspection_c/vehicle_core/msg/detail/error__type_support.c.o\x1b[0m\n'}
[14.700690] (vehicle_core) StdoutLine: {'line': b'[ 62%] \x1b[32mBuilding CXX object CMakeFiles/vehicle_core__rosidl_typesupport_fastrtps_cpp.dir/rosidl_typesupport_fastrtps_cpp/vehicle_core/msg/detail/dds_fastrtps/state_mode__type_support.cpp.o\x1b[0m\n'}
[14.757058] (vehicle_core) StdoutLine: {'line': b'[ 62%] \x1b[32m\x1b[1mLinking CXX shared library libvehicle_core__rosidl_typesupport_c.so\x1b[0m\n'}
[14.784989] (-) TimerEvent: {}
[14.824235] (vehicle_core) StdoutLine: {'line': b'[ 62%] \x1b[32mBuilding C object CMakeFiles/vehicle_core__rosidl_typesupport_introspection_c.dir/rosidl_typesupport_introspection_c/vehicle_core/msg/detail/server_init__type_support.c.o\x1b[0m\n'}
[14.885146] (-) TimerEvent: {}
[14.889319] (vehicle_core) StdoutLine: {'line': b'[ 63%] \x1b[32mBuilding CXX object CMakeFiles/vehicle_core__rosidl_typesupport_fastrtps_c.dir/rosidl_typesupport_fastrtps_c/vehicle_core/msg/detail/server_init__type_support_c.cpp.o\x1b[0m\n'}
[14.929772] (vehicle_core) StdoutLine: {'line': b'[ 63%] Built target vehicle_core__rosidl_typesupport_c\n'}
[14.962100] (vehicle_core) StdoutLine: {'line': b'[ 63%] \x1b[32mBuilding CXX object CMakeFiles/vehicle_core__rosidl_typesupport_fastrtps_c.dir/rosidl_typesupport_fastrtps_c/vehicle_core/msg/detail/autopilot_config__type_support_c.cpp.o\x1b[0m\n'}
[14.976229] (vehicle_core) StdoutLine: {'line': b'[ 64%] \x1b[32mBuilding C object CMakeFiles/vehicle_core__rosidl_typesupport_introspection_c.dir/rosidl_typesupport_introspection_c/vehicle_core/msg/detail/autopilot_config__type_support.c.o\x1b[0m\n'}
[14.985279] (-) TimerEvent: {}
[15.085953] (-) TimerEvent: {}
[15.153814] (vehicle_core) StdoutLine: {'line': b'[ 64%] \x1b[32mBuilding C object CMakeFiles/vehicle_core__rosidl_typesupport_introspection_c.dir/rosidl_typesupport_introspection_c/vehicle_core/msg/detail/perception_profile__type_support.c.o\x1b[0m\n'}
[15.163700] (vehicle_core) StdoutLine: {'line': b'[ 65%] \x1b[32mBuilding CXX object CMakeFiles/vehicle_core__rosidl_typesupport_fastrtps_c.dir/rosidl_typesupport_fastrtps_c/vehicle_core/msg/detail/perception_profile__type_support_c.cpp.o\x1b[0m\n'}
[15.165389] (vehicle_core) StdoutLine: {'line': b'[ 65%] \x1b[32mBuilding CXX object CMakeFiles/vehicle_core__rosidl_typesupport_introspection_cpp.dir/rosidl_typesupport_introspection_cpp/vehicle_core/msg/detail/lights_status__type_support.cpp.o\x1b[0m\n'}
[15.186103] (-) TimerEvent: {}
[15.286788] (-) TimerEvent: {}
[15.321516] (vehicle_core) StdoutLine: {'line': b'[ 66%] \x1b[32mBuilding C object CMakeFiles/vehicle_core__rosidl_typesupport_introspection_c.dir/rosidl_typesupport_introspection_c/vehicle_core/msg/detail/state_mode__type_support.c.o\x1b[0m\n'}
[15.337870] (vehicle_core) StdoutLine: {'line': b'[ 67%] \x1b[32mBuilding C object CMakeFiles/vehicle_core__rosidl_typesupport_introspection_c.dir/rosidl_typesupport_introspection_c/vehicle_core/msg/detail/state_event__type_support.c.o\x1b[0m\n'}
[15.386946] (-) TimerEvent: {}
[15.387746] (vehicle_core) StdoutLine: {'line': b'[ 67%] \x1b[32mBuilding C object CMakeFiles/vehicle_core__rosidl_typesupport_introspection_c.dir/rosidl_typesupport_introspection_c/vehicle_core/msg/detail/drive_feedback__type_support.c.o\x1b[0m\n'}
[15.409960] (vehicle_core) StdoutLine: {'line': b'[ 67%] \x1b[32mBuilding CXX object CMakeFiles/vehicle_core__rosidl_typesupport_fastrtps_c.dir/rosidl_typesupport_fastrtps_c/vehicle_core/msg/detail/state_mode__type_support_c.cpp.o\x1b[0m\n'}
[15.450748] (vehicle_core) StdoutLine: {'line': b'[ 68%] \x1b[32mBuilding C object CMakeFiles/vehicle_core__rosidl_typesupport_introspection_c.dir/rosidl_typesupport_introspection_c/vehicle_core/srv/detail/set_autopilot_profile__type_support.c.o\x1b[0m\n'}
[15.453195] (vehicle_core) StdoutLine: {'line': b'[ 69%] \x1b[32mBuilding CXX object CMakeFiles/vehicle_core__rosidl_typesupport_fastrtps_c.dir/rosidl_typesupport_fastrtps_c/vehicle_core/msg/detail/state_event__type_support_c.cpp.o\x1b[0m\n'}
[15.487096] (-) TimerEvent: {}
[15.587854] (-) TimerEvent: {}
[15.642149] (vehicle_core) StdoutLine: {'line': b'[ 69%] \x1b[32m\x1b[1mLinking C shared library libvehicle_core__rosidl_typesupport_introspection_c.so\x1b[0m\n'}
[15.688004] (-) TimerEvent: {}
[15.696478] (vehicle_core) StdoutLine: {'line': b'[ 70%] \x1b[32mBuilding CXX object CMakeFiles/vehicle_core__rosidl_typesupport_fastrtps_c.dir/rosidl_typesupport_fastrtps_c/vehicle_core/msg/detail/drive_feedback__type_support_c.cpp.o\x1b[0m\n'}
[15.738236] (vehicle_core) StdoutLine: {'line': b'[ 70%] \x1b[32mBuilding CXX object CMakeFiles/vehicle_core__rosidl_typesupport_fastrtps_c.dir/rosidl_typesupport_fastrtps_c/vehicle_core/srv/detail/set_autopilot_profile__type_support_c.cpp.o\x1b[0m\n'}
[15.778265] (vehicle_core) StdoutLine: {'line': b'[ 70%] Built target vehicle_core__rosidl_typesupport_introspection_c\n'}
[15.788172] (-) TimerEvent: {}
[15.811535] (vehicle_core) StdoutLine: {'line': b'[ 70%] \x1b[32mBuilding CXX object CMakeFiles/vehicle_core__rosidl_typesupport_fastrtps_cpp.dir/rosidl_typesupport_fastrtps_cpp/vehicle_core/msg/detail/dds_fastrtps/state_event__type_support.cpp.o\x1b[0m\n'}
[15.888384] (-) TimerEvent: {}
[15.931766] (vehicle_core) StdoutLine: {'line': b'[ 71%] \x1b[32mBuilding CXX object CMakeFiles/vehicle_core__rosidl_typesupport_fastrtps_cpp.dir/rosidl_typesupport_fastrtps_cpp/vehicle_core/msg/detail/dds_fastrtps/drive_feedback__type_support.cpp.o\x1b[0m\n'}
[15.937176] (vehicle_core) StdoutLine: {'line': b'[ 72%] \x1b[32mBuilding CXX object CMakeFiles/vehicle_core__rosidl_typesupport_introspection_cpp.dir/rosidl_typesupport_introspection_cpp/vehicle_core/msg/detail/general_status__type_support.cpp.o\x1b[0m\n'}
[15.944983] (vehicle_core) StdoutLine: {'line': b'[ 72%] \x1b[32mBuilding CXX object CMakeFiles/vehicle_core__rosidl_typesupport_fastrtps_cpp.dir/rosidl_typesupport_fastrtps_cpp/vehicle_core/srv/detail/dds_fastrtps/set_autopilot_profile__type_support.cpp.o\x1b[0m\n'}
[15.988524] (-) TimerEvent: {}
[16.047441] (vehicle_core) StdoutLine: {'line': b'[ 73%] \x1b[32mBuilding CXX object CMakeFiles/vehicle_core__rosidl_typesupport_introspection_cpp.dir/rosidl_typesupport_introspection_cpp/vehicle_core/msg/detail/drive_status__type_support.cpp.o\x1b[0m\n'}
[16.088668] (-) TimerEvent: {}
[16.189161] (-) TimerEvent: {}
[16.191702] (vehicle_core) StdoutLine: {'line': b'[ 74%] \x1b[32mBuilding CXX object CMakeFiles/vehicle_core__rosidl_typesupport_introspection_cpp.dir/rosidl_typesupport_introspection_cpp/vehicle_core/msg/detail/telemetry_data__type_support.cpp.o\x1b[0m\n'}
[16.195605] (vehicle_core) StdoutLine: {'line': b'[ 74%] \x1b[32mBuilding CXX object CMakeFiles/vehicle_core__rosidl_typesupport_introspection_cpp.dir/rosidl_typesupport_introspection_cpp/vehicle_core/msg/detail/autopilot_status__type_support.cpp.o\x1b[0m\n'}
[16.289307] (-) TimerEvent: {}
[16.389793] (-) TimerEvent: {}
[16.476770] (vehicle_core) StdoutLine: {'line': b'[ 74%] \x1b[32mBuilding CXX object CMakeFiles/vehicle_core__rosidl_typesupport_introspection_cpp.dir/rosidl_typesupport_introspection_cpp/vehicle_core/msg/detail/error__type_support.cpp.o\x1b[0m\n'}
[16.489954] (-) TimerEvent: {}
[16.590672] (-) TimerEvent: {}
[16.616872] (vehicle_core) StdoutLine: {'line': b'[ 75%] \x1b[32mBuilding CXX object CMakeFiles/vehicle_core__rosidl_typesupport_introspection_cpp.dir/rosidl_typesupport_introspection_cpp/vehicle_core/msg/detail/server_init__type_support.cpp.o\x1b[0m\n'}
[16.690822] (-) TimerEvent: {}
[16.765874] (vehicle_core) StdoutLine: {'line': b'[ 75%] \x1b[32mBuilding CXX object CMakeFiles/vehicle_core__rosidl_typesupport_introspection_cpp.dir/rosidl_typesupport_introspection_cpp/vehicle_core/msg/detail/autopilot_config__type_support.cpp.o\x1b[0m\n'}
[16.783762] (vehicle_core) StdoutLine: {'line': b'[ 76%] \x1b[32mBuilding CXX object CMakeFiles/vehicle_core__rosidl_typesupport_introspection_cpp.dir/rosidl_typesupport_introspection_cpp/vehicle_core/msg/detail/perception_profile__type_support.cpp.o\x1b[0m\n'}
[16.790968] (-) TimerEvent: {}
[16.891802] (-) TimerEvent: {}
[16.992555] (-) TimerEvent: {}
[17.039588] (vehicle_core) StdoutLine: {'line': b'[ 76%] \x1b[32mBuilding CXX object CMakeFiles/vehicle_core__rosidl_typesupport_introspection_cpp.dir/rosidl_typesupport_introspection_cpp/vehicle_core/msg/detail/state_mode__type_support.cpp.o\x1b[0m\n'}
[17.092710] (-) TimerEvent: {}
[17.185761] (vehicle_core) StdoutLine: {'line': b'[ 77%] \x1b[32mBuilding CXX object CMakeFiles/vehicle_core__rosidl_typesupport_introspection_cpp.dir/rosidl_typesupport_introspection_cpp/vehicle_core/msg/detail/state_event__type_support.cpp.o\x1b[0m\n'}
[17.192859] (-) TimerEvent: {}
[17.293550] (-) TimerEvent: {}
[17.356146] (vehicle_core) StdoutLine: {'line': b'[ 77%] \x1b[32mBuilding CXX object CMakeFiles/vehicle_core__rosidl_typesupport_introspection_cpp.dir/rosidl_typesupport_introspection_cpp/vehicle_core/msg/detail/drive_feedback__type_support.cpp.o\x1b[0m\n'}
[17.393704] (-) TimerEvent: {}
[17.477042] (vehicle_core) StdoutLine: {'line': b'[ 78%] \x1b[32m\x1b[1mLinking CXX shared library libvehicle_core__rosidl_typesupport_fastrtps_c.so\x1b[0m\n'}
[17.493869] (-) TimerEvent: {}
[17.531668] (vehicle_core) StdoutLine: {'line': b'[ 79%] \x1b[32mBuilding CXX object CMakeFiles/vehicle_core__rosidl_typesupport_introspection_cpp.dir/rosidl_typesupport_introspection_cpp/vehicle_core/srv/detail/set_autopilot_profile__type_support.cpp.o\x1b[0m\n'}
[17.594015] (-) TimerEvent: {}
[17.694554] (-) TimerEvent: {}
[17.715625] (vehicle_core) StdoutLine: {'line': b'[ 79%] Built target vehicle_core__rosidl_typesupport_fastrtps_c\n'}
[17.763841] (vehicle_core) StdoutLine: {'line': b'[ 80%] \x1b[32m\x1b[1mLinking CXX shared library libvehicle_core__rosidl_typesupport_fastrtps_cpp.so\x1b[0m\n'}
[17.794773] (-) TimerEvent: {}
[17.895691] (-) TimerEvent: {}
[17.930801] (vehicle_core) StdoutLine: {'line': b'[ 80%] Built target vehicle_core__rosidl_typesupport_fastrtps_cpp\n'}
[17.995906] (-) TimerEvent: {}
[18.096684] (-) TimerEvent: {}
[18.197528] (-) TimerEvent: {}
[18.252040] (vehicle_core) StdoutLine: {'line': b'[ 80%] \x1b[32m\x1b[1mLinking CXX shared library libvehicle_core__rosidl_typesupport_introspection_cpp.so\x1b[0m\n'}
[18.297756] (-) TimerEvent: {}
[18.398549] (-) TimerEvent: {}
[18.417540] (vehicle_core) StdoutLine: {'line': b'[ 80%] Built target vehicle_core__rosidl_typesupport_introspection_cpp\n'}
[18.467247] (vehicle_core) StdoutLine: {'line': b'[ 80%] Built target vehicle_core\n'}
[18.498848] (-) TimerEvent: {}
[18.510321] (vehicle_core) StdoutLine: {'line': b'[ 80%] \x1b[32mBuilding CXX object CMakeFiles/tcp_server_node_component.dir/src/tcp_server_node.cpp.o\x1b[0m\n'}
[18.511368] (vehicle_core) StdoutLine: {'line': b'[ 80%] \x1b[32mBuilding CXX object CMakeFiles/i2c_bridge_node.dir/src/i2c_bridge_node.cpp.o\x1b[0m\n'}
[18.512677] (vehicle_core) StdoutLine: {'line': b'[ 80%] \x1b[32mBuilding CXX object CMakeFiles/state_manager_node_component.dir/src/state_manager.cpp.o\x1b[0m\n'}
[18.518834] (vehicle_core) StdoutLine: {'line': b'[ 81%] \x1b[34m\x1b[1mGenerating Python code for ROS interfaces\x1b[0m\n'}
[18.531565] (vehicle_core) StdoutLine: {'line': b'[ 81%] \x1b[32mBuilding CXX object CMakeFiles/drive_arbiter_node_component.dir/src/drive_arbiter.cpp.o\x1b[0m\n'}
[18.531881] (vehicle_core) StdoutLine: {'line': b'[ 81%] \x1b[32mBuilding CXX object CMakeFiles/gst_camera_component.dir/src/gst_camera_node.cpp.o\x1b[0m\n'}
[18.599039] (-) TimerEvent: {}
[18.699735] (-) TimerEvent: {}
[18.800518] (-) TimerEvent: {}
[18.901332] (-) TimerEvent: {}
[19.002169] (-) TimerEvent: {}
[19.103052] (-) TimerEvent: {}
[19.204288] (-) TimerEvent: {}
[19.305526] (-) TimerEvent: {}
[19.406792] (-) TimerEvent: {}
[19.507674] (-) TimerEvent: {}
[19.608981] (-) TimerEvent: {}
[19.709934] (-) TimerEvent: {}
[19.810898] (-) TimerEvent: {}
[19.911830] (-) TimerEvent: {}
[20.012635] (-) TimerEvent: {}
[20.113478] (-) TimerEvent: {}
[20.214423] (-) TimerEvent: {}
[20.315325] (-) TimerEvent: {}
[20.416226] (-) TimerEvent: {}
[20.517155] (-) TimerEvent: {}
[20.618043] (-) TimerEvent: {}
[20.718911] (-) TimerEvent: {}
[20.819863] (-) TimerEvent: {}
[20.921174] (-) TimerEvent: {}
[21.022092] (-) TimerEvent: {}
[21.123074] (-) TimerEvent: {}
[21.224035] (-) TimerEvent: {}
[21.325034] (-) TimerEvent: {}
[21.425838] (-) TimerEvent: {}
[21.527208] (-) TimerEvent: {}
[21.628220] (-) TimerEvent: {}
[21.729277] (-) TimerEvent: {}
[21.830905] (-) TimerEvent: {}
[21.884309] (vehicle_core) StdoutLine: {'line': b'[ 81%] Built target vehicle_core__py\n'}
[21.931146] (-) TimerEvent: {}
[21.962027] (vehicle_core) StdoutLine: {'line': b'[ 82%] \x1b[32mBuilding C object CMakeFiles/vehicle_core__rosidl_generator_py.dir/rosidl_generator_py/vehicle_core/msg/_autopilot_drive_command_s.c.o\x1b[0m\n'}
[21.963615] (vehicle_core) StdoutLine: {'line': b'[ 82%] \x1b[32mBuilding C object CMakeFiles/vehicle_core__rosidl_generator_py.dir/rosidl_generator_py/vehicle_core/msg/_drive_target_s.c.o\x1b[0m\n'}
[21.965450] (vehicle_core) StdoutLine: {'line': b'[ 83%] \x1b[32mBuilding C object CMakeFiles/vehicle_core__rosidl_generator_py.dir/rosidl_generator_py/vehicle_core/msg/_manual_drive_command_s.c.o\x1b[0m\n'}
[22.031444] (-) TimerEvent: {}
[22.133105] (-) TimerEvent: {}
[22.234826] (-) TimerEvent: {}
[22.336466] (-) TimerEvent: {}
[22.437476] (-) TimerEvent: {}
[22.479063] (vehicle_core) StdoutLine: {'line': b'[ 83%] \x1b[32mBuilding C object CMakeFiles/vehicle_core__rosidl_generator_py.dir/rosidl_generator_py/vehicle_core/msg/_lights_command_s.c.o\x1b[0m\n'}
[22.482721] (vehicle_core) StdoutLine: {'line': b'[ 84%] \x1b[32mBuilding C object CMakeFiles/vehicle_core__rosidl_generator_py.dir/rosidl_generator_py/vehicle_core/msg/_max_speed_s.c.o\x1b[0m\n'}
[22.510183] (vehicle_core) StdoutLine: {'line': b'[ 84%] \x1b[32mBuilding C object CMakeFiles/vehicle_core__rosidl_generator_py.dir/rosidl_generator_py/vehicle_core/msg/_autopilot_command_s.c.o\x1b[0m\n'}
[22.537750] (-) TimerEvent: {}
[22.638823] (-) TimerEvent: {}
[22.739785] (-) TimerEvent: {}
[22.840854] (-) TimerEvent: {}
[22.941831] (-) TimerEvent: {}
[22.971324] (vehicle_core) StdoutLine: {'line': b'[ 85%] \x1b[32mBuilding C object CMakeFiles/vehicle_core__rosidl_generator_py.dir/rosidl_generator_py/vehicle_core/msg/_lights_status_s.c.o\x1b[0m\n'}
[22.975860] (vehicle_core) StdoutLine: {'line': b'[ 85%] \x1b[32mBuilding C object CMakeFiles/vehicle_core__rosidl_generator_py.dir/rosidl_generator_py/vehicle_core/msg/_general_status_s.c.o\x1b[0m\n'}
[23.009509] (vehicle_core) StdoutLine: {'line': b'[ 86%] \x1b[32mBuilding C object CMakeFiles/vehicle_core__rosidl_generator_py.dir/rosidl_generator_py/vehicle_core/msg/_drive_status_s.c.o\x1b[0m\n'}
[23.042074] (-) TimerEvent: {}
[23.143050] (-) TimerEvent: {}
[23.244089] (-) TimerEvent: {}
[23.345165] (-) TimerEvent: {}
[23.446077] (-) TimerEvent: {}
[23.475293] (vehicle_core) StdoutLine: {'line': b'[ 86%] \x1b[32mBuilding C object CMakeFiles/vehicle_core__rosidl_generator_py.dir/rosidl_generator_py/vehicle_core/msg/_autopilot_status_s.c.o\x1b[0m\n'}
[23.492107] (vehicle_core) StdoutLine: {'line': b'[ 87%] \x1b[32mBuilding C object CMakeFiles/vehicle_core__rosidl_generator_py.dir/rosidl_generator_py/vehicle_core/msg/_telemetry_data_s.c.o\x1b[0m\n'}
[23.508998] (vehicle_core) StdoutLine: {'line': b'[ 88%] \x1b[32mBuilding C object CMakeFiles/vehicle_core__rosidl_generator_py.dir/rosidl_generator_py/vehicle_core/msg/_error_s.c.o\x1b[0m\n'}
[23.546326] (-) TimerEvent: {}
[23.647401] (-) TimerEvent: {}
[23.748506] (-) TimerEvent: {}
[23.849582] (-) TimerEvent: {}
[23.950629] (-) TimerEvent: {}
[23.974043] (vehicle_core) StdoutLine: {'line': b'[ 88%] \x1b[32mBuilding C object CMakeFiles/vehicle_core__rosidl_generator_py.dir/rosidl_generator_py/vehicle_core/msg/_server_init_s.c.o\x1b[0m\n'}
[24.016488] (vehicle_core) StdoutLine: {'line': b'[ 89%] \x1b[32mBuilding C object CMakeFiles/vehicle_core__rosidl_generator_py.dir/rosidl_generator_py/vehicle_core/msg/_autopilot_config_s.c.o\x1b[0m\n'}
[24.027224] (vehicle_core) StdoutLine: {'line': b'[ 89%] \x1b[32mBuilding C object CMakeFiles/vehicle_core__rosidl_generator_py.dir/rosidl_generator_py/vehicle_core/msg/_perception_profile_s.c.o\x1b[0m\n'}
[24.050903] (-) TimerEvent: {}
[24.152276] (-) TimerEvent: {}
[24.253333] (-) TimerEvent: {}
[24.354452] (-) TimerEvent: {}
[24.455464] (-) TimerEvent: {}
[24.486490] (vehicle_core) StdoutLine: {'line': b'[ 90%] \x1b[32mBuilding C object CMakeFiles/vehicle_core__rosidl_generator_py.dir/rosidl_generator_py/vehicle_core/msg/_state_mode_s.c.o\x1b[0m\n'}
[24.522775] (vehicle_core) StdoutLine: {'line': b'[ 90%] \x1b[32mBuilding C object CMakeFiles/vehicle_core__rosidl_generator_py.dir/rosidl_generator_py/vehicle_core/msg/_state_event_s.c.o\x1b[0m\n'}
[24.555697] (-) TimerEvent: {}
[24.617950] (vehicle_core) StdoutLine: {'line': b'[ 91%] \x1b[32mBuilding C object CMakeFiles/vehicle_core__rosidl_generator_py.dir/rosidl_generator_py/vehicle_core/msg/_drive_feedback_s.c.o\x1b[0m\n'}
[24.655931] (-) TimerEvent: {}
[24.756947] (-) TimerEvent: {}
[24.858003] (-) TimerEvent: {}
[24.959055] (-) TimerEvent: {}
[24.990550] (vehicle_core) StdoutLine: {'line': b'[ 91%] \x1b[32mBuilding C object CMakeFiles/vehicle_core__rosidl_generator_py.dir/rosidl_generator_py/vehicle_core/srv/_set_autopilot_profile_s.c.o\x1b[0m\n'}
[25.059291] (-) TimerEvent: {}
[25.161058] (-) TimerEvent: {}
[25.262133] (-) TimerEvent: {}
[25.363768] (-) TimerEvent: {}
[25.464875] (-) TimerEvent: {}
[25.565836] (-) TimerEvent: {}
[25.635482] (vehicle_core) StdoutLine: {'line': b'[ 92%] \x1b[32m\x1b[1mLinking C shared library rosidl_generator_py/vehicle_core/libvehicle_core__rosidl_generator_py.so\x1b[0m\n'}
[25.666091] (-) TimerEvent: {}
[25.767497] (-) TimerEvent: {}
[25.868521] (-) TimerEvent: {}
[25.869957] (vehicle_core) StdoutLine: {'line': b'[ 92%] Built target vehicle_core__rosidl_generator_py\n'}
[25.942982] (vehicle_core) StdoutLine: {'line': b'[ 93%] \x1b[32mBuilding C object CMakeFiles/vehicle_core__rosidl_typesupport_introspection_c__pyext.dir/rosidl_generator_py/vehicle_core/_vehicle_core_s.ep.rosidl_typesupport_introspection_c.c.o\x1b[0m\n'}
[25.945287] (vehicle_core) StdoutLine: {'line': b'[ 93%] \x1b[32mBuilding C object CMakeFiles/vehicle_core__rosidl_typesupport_fastrtps_c__pyext.dir/rosidl_generator_py/vehicle_core/_vehicle_core_s.ep.rosidl_typesupport_fastrtps_c.c.o\x1b[0m\n'}
[25.948348] (vehicle_core) StdoutLine: {'line': b'[ 94%] \x1b[32mBuilding C object CMakeFiles/vehicle_core__rosidl_typesupport_c__pyext.dir/rosidl_generator_py/vehicle_core/_vehicle_core_s.ep.rosidl_typesupport_c.c.o\x1b[0m\n'}
[25.968767] (-) TimerEvent: {}
[26.069845] (-) TimerEvent: {}
[26.170922] (-) TimerEvent: {}
[26.271982] (-) TimerEvent: {}
[26.372993] (-) TimerEvent: {}
[26.473969] (-) TimerEvent: {}
[26.575475] (-) TimerEvent: {}
[26.676923] (-) TimerEvent: {}
[26.749263] (vehicle_core) StdoutLine: {'line': b'[ 94%] \x1b[32m\x1b[1mLinking C shared library rosidl_generator_py/vehicle_core/vehicle_core_s__rosidl_typesupport_introspection_c.cpython-310-aarch64-linux-gnu.so\x1b[0m\n'}
[26.769440] (vehicle_core) StdoutLine: {'line': b'[ 95%] \x1b[32m\x1b[1mLinking C shared library rosidl_generator_py/vehicle_core/vehicle_core_s__rosidl_typesupport_fastrtps_c.cpython-310-aarch64-linux-gnu.so\x1b[0m\n'}
[26.771413] (vehicle_core) StdoutLine: {'line': b'[ 95%] \x1b[32m\x1b[1mLinking C shared library rosidl_generator_py/vehicle_core/vehicle_core_s__rosidl_typesupport_c.cpython-310-aarch64-linux-gnu.so\x1b[0m\n'}
[26.777155] (-) TimerEvent: {}
[26.878244] (-) TimerEvent: {}
[26.938386] (vehicle_core) StdoutLine: {'line': b'[ 95%] Built target vehicle_core__rosidl_typesupport_c__pyext\n'}
[26.939713] (vehicle_core) StdoutLine: {'line': b'[ 95%] Built target vehicle_core__rosidl_typesupport_introspection_c__pyext\n'}
[26.945641] (vehicle_core) StdoutLine: {'line': b'[ 95%] Built target vehicle_core__rosidl_typesupport_fastrtps_c__pyext\n'}
[26.978482] (-) TimerEvent: {}
[27.079540] (-) TimerEvent: {}
[27.180620] (-) TimerEvent: {}
[27.281678] (-) TimerEvent: {}
[27.382674] (-) TimerEvent: {}
[27.483740] (-) TimerEvent: {}
[27.585263] (-) TimerEvent: {}
[27.686281] (-) TimerEvent: {}
[27.787302] (-) TimerEvent: {}
[27.888349] (-) TimerEvent: {}
[27.989374] (-) TimerEvent: {}
[28.090434] (-) TimerEvent: {}
[28.191508] (-) TimerEvent: {}
[28.292413] (-) TimerEvent: {}
[28.393415] (-) TimerEvent: {}
[28.494403] (-) TimerEvent: {}
[28.595412] (-) TimerEvent: {}
[28.696461] (-) TimerEvent: {}
[28.797514] (-) TimerEvent: {}
[28.898546] (-) TimerEvent: {}
[28.999560] (-) TimerEvent: {}
[29.100617] (-) TimerEvent: {}
[29.201665] (-) TimerEvent: {}
[29.302622] (-) TimerEvent: {}
[29.403527] (-) TimerEvent: {}
[29.504575] (-) TimerEvent: {}
[29.605599] (-) TimerEvent: {}
[29.706677] (-) TimerEvent: {}
[29.807782] (-) TimerEvent: {}
[29.908880] (-) TimerEvent: {}
[30.009971] (-) TimerEvent: {}
[30.111067] (-) TimerEvent: {}
[30.212050] (-) TimerEvent: {}
[30.313036] (-) TimerEvent: {}
[30.410793] (vehicle_core) StdoutLine: {'line': b'[ 96%] \x1b[32m\x1b[1mLinking CXX shared library libgst_camera_component.so\x1b[0m\n'}
[30.413194] (-) TimerEvent: {}
[30.514166] (-) TimerEvent: {}
[30.615129] (-) TimerEvent: {}
[30.716072] (-) TimerEvent: {}
[30.817177] (-) TimerEvent: {}
[30.918316] (-) TimerEvent: {}
[31.019279] (-) TimerEvent: {}
[31.120365] (-) TimerEvent: {}
[31.221541] (-) TimerEvent: {}
[31.322714] (-) TimerEvent: {}
[31.423710] (-) TimerEvent: {}
[31.524873] (-) TimerEvent: {}
[31.625884] (-) TimerEvent: {}
[31.726997] (-) TimerEvent: {}
[31.828053] (-) TimerEvent: {}
[31.929140] (-) TimerEvent: {}
[32.030230] (-) TimerEvent: {}
[32.131325] (-) TimerEvent: {}
[32.232414] (-) TimerEvent: {}
[32.333460] (-) TimerEvent: {}
[32.434420] (-) TimerEvent: {}
[32.535412] (-) TimerEvent: {}
[32.636382] (-) TimerEvent: {}
[32.737507] (-) TimerEvent: {}
[32.838548] (-) TimerEvent: {}
[32.936659] (vehicle_core) StdoutLine: {'line': b'[ 96%] Built target gst_camera_component\n'}
[32.938675] (-) TimerEvent: {}
[33.039638] (-) TimerEvent: {}
[33.140670] (-) TimerEvent: {}
[33.241687] (-) TimerEvent: {}
[33.342572] (-) TimerEvent: {}
[33.443564] (-) TimerEvent: {}
[33.544569] (-) TimerEvent: {}
[33.645624] (-) TimerEvent: {}
[33.746649] (-) TimerEvent: {}
[33.847683] (-) TimerEvent: {}
[33.948661] (-) TimerEvent: {}
[34.049682] (-) TimerEvent: {}
[34.150693] (-) TimerEvent: {}
[34.251757] (-) TimerEvent: {}
[34.352778] (-) TimerEvent: {}
[34.453845] (-) TimerEvent: {}
[34.554808] (-) TimerEvent: {}
[34.655795] (-) TimerEvent: {}
[34.756801] (-) TimerEvent: {}
[34.857821] (-) TimerEvent: {}
[34.958853] (-) TimerEvent: {}
[35.059846] (-) TimerEvent: {}
[35.160891] (-) TimerEvent: {}
[35.261870] (-) TimerEvent: {}
[35.362859] (-) TimerEvent: {}
[35.464006] (-) TimerEvent: {}
[35.565099] (-) TimerEvent: {}
[35.666181] (-) TimerEvent: {}
[35.767220] (-) TimerEvent: {}
[35.868292] (-) TimerEvent: {}
[35.969311] (-) TimerEvent: {}
[36.070319] (-) TimerEvent: {}
[36.171352] (-) TimerEvent: {}
[36.272305] (-) TimerEvent: {}
[36.373180] (-) TimerEvent: {}
[36.474202] (-) TimerEvent: {}
[36.575172] (-) TimerEvent: {}
[36.676037] (-) TimerEvent: {}
[36.777027] (-) TimerEvent: {}
[36.878013] (-) TimerEvent: {}
[36.979004] (-) TimerEvent: {}
[37.079978] (-) TimerEvent: {}
[37.180932] (-) TimerEvent: {}
[37.281818] (-) TimerEvent: {}
[37.382861] (-) TimerEvent: {}
[37.483866] (-) TimerEvent: {}
[37.584901] (-) TimerEvent: {}
[37.685775] (-) TimerEvent: {}
[37.786786] (-) TimerEvent: {}
[37.887833] (-) TimerEvent: {}
[37.988777] (-) TimerEvent: {}
[38.089818] (-) TimerEvent: {}
[38.190972] (-) TimerEvent: {}
[38.292007] (-) TimerEvent: {}
[38.393077] (-) TimerEvent: {}
[38.494187] (-) TimerEvent: {}
[38.595236] (-) TimerEvent: {}
[38.696278] (-) TimerEvent: {}
[38.797394] (-) TimerEvent: {}
[38.898482] (-) TimerEvent: {}
[38.982607] (vehicle_core) StdoutLine: {'line': b'[ 97%] \x1b[32m\x1b[1mLinking CXX shared library libstate_manager_node_component.so\x1b[0m\n'}
[38.998742] (-) TimerEvent: {}
[39.099800] (-) TimerEvent: {}
[39.200771] (-) TimerEvent: {}
[39.301854] (-) TimerEvent: {}
[39.403103] (-) TimerEvent: {}
[39.504396] (-) TimerEvent: {}
[39.605570] (-) TimerEvent: {}
[39.706632] (-) TimerEvent: {}
[39.807706] (-) TimerEvent: {}
[39.908946] (-) TimerEvent: {}
[40.010020] (-) TimerEvent: {}
[40.111023] (-) TimerEvent: {}
[40.212070] (-) TimerEvent: {}
[40.313060] (-) TimerEvent: {}
[40.414037] (-) TimerEvent: {}
[40.434880] (vehicle_core) StdoutLine: {'line': b'[ 97%] Built target state_manager_node_component\n'}
[40.514332] (-) TimerEvent: {}
[40.615252] (-) TimerEvent: {}
[40.716157] (-) TimerEvent: {}
[40.817053] (-) TimerEvent: {}
[40.917923] (-) TimerEvent: {}
[41.018862] (-) TimerEvent: {}
[41.119805] (-) TimerEvent: {}
[41.220763] (-) TimerEvent: {}
[41.321715] (-) TimerEvent: {}
[41.422581] (-) TimerEvent: {}
[41.523534] (-) TimerEvent: {}
[41.624476] (-) TimerEvent: {}
[41.725458] (-) TimerEvent: {}
[41.826480] (-) TimerEvent: {}
[41.927545] (-) TimerEvent: {}
[42.028567] (-) TimerEvent: {}
[42.129396] (-) TimerEvent: {}
[42.230320] (-) TimerEvent: {}
[42.331260] (-) TimerEvent: {}
[42.432211] (-) TimerEvent: {}
[42.533139] (-) TimerEvent: {}
[42.634124] (-) TimerEvent: {}
[42.735235] (-) TimerEvent: {}
[42.836308] (-) TimerEvent: {}
[42.937309] (-) TimerEvent: {}
[43.038307] (-) TimerEvent: {}
[43.139241] (-) TimerEvent: {}
[43.240337] (-) TimerEvent: {}
[43.341320] (-) TimerEvent: {}
[43.442387] (-) TimerEvent: {}
[43.543314] (-) TimerEvent: {}
[43.644256] (-) TimerEvent: {}
[43.745152] (-) TimerEvent: {}
[43.845998] (-) TimerEvent: {}
[43.946955] (-) TimerEvent: {}
[44.047872] (-) TimerEvent: {}
[44.148829] (-) TimerEvent: {}
[44.249776] (-) TimerEvent: {}
[44.350759] (-) TimerEvent: {}
[44.451724] (-) TimerEvent: {}
[44.552676] (-) TimerEvent: {}
[44.653668] (-) TimerEvent: {}
[44.754620] (-) TimerEvent: {}
[44.855528] (-) TimerEvent: {}
[44.956459] (-) TimerEvent: {}
[45.057293] (-) TimerEvent: {}
[45.158223] (-) TimerEvent: {}
[45.259050] (-) TimerEvent: {}
[45.359991] (-) TimerEvent: {}
[45.460887] (-) TimerEvent: {}
[45.561792] (-) TimerEvent: {}
[45.662684] (-) TimerEvent: {}
[45.763576] (-) TimerEvent: {}
[45.864478] (-) TimerEvent: {}
[45.965421] (-) TimerEvent: {}
[46.066328] (-) TimerEvent: {}
[46.167234] (-) TimerEvent: {}
[46.268175] (-) TimerEvent: {}
[46.369000] (-) TimerEvent: {}
[46.469883] (-) TimerEvent: {}
[46.570777] (-) TimerEvent: {}
[46.671742] (-) TimerEvent: {}
[46.772750] (-) TimerEvent: {}
[46.873694] (-) TimerEvent: {}
[46.974561] (-) TimerEvent: {}
[47.075476] (-) TimerEvent: {}
[47.176464] (-) TimerEvent: {}
[47.277365] (-) TimerEvent: {}
[47.378344] (-) TimerEvent: {}
[47.479252] (-) TimerEvent: {}
[47.580248] (-) TimerEvent: {}
[47.605997] (vehicle_core) StdoutLine: {'line': b'[ 98%] \x1b[32m\x1b[1mLinking CXX shared library libdrive_arbiter_node_component.so\x1b[0m\n'}
[47.680577] (-) TimerEvent: {}
[47.781656] (-) TimerEvent: {}
[47.882648] (-) TimerEvent: {}
[47.983722] (-) TimerEvent: {}
[48.084911] (-) TimerEvent: {}
[48.185876] (-) TimerEvent: {}
[48.286980] (-) TimerEvent: {}
[48.388157] (-) TimerEvent: {}
[48.489253] (-) TimerEvent: {}
[48.590238] (-) TimerEvent: {}
[48.691176] (-) TimerEvent: {}
[48.792152] (-) TimerEvent: {}
[48.893139] (-) TimerEvent: {}
[49.001048] (-) TimerEvent: {}
[49.104951] (-) TimerEvent: {}
[49.207973] (-) TimerEvent: {}
[49.308414] (-) TimerEvent: {}
[49.408842] (-) TimerEvent: {}
[49.509257] (-) TimerEvent: {}
[49.609656] (-) TimerEvent: {}
[49.710061] (-) TimerEvent: {}
[49.799171] (vehicle_core) StdoutLine: {'line': b'[ 98%] Built target drive_arbiter_node_component\n'}
[49.810282] (-) TimerEvent: {}
[49.910868] (-) TimerEvent: {}
[50.011689] (-) TimerEvent: {}
[50.112442] (-) TimerEvent: {}
[50.213184] (-) TimerEvent: {}
[50.313831] (-) TimerEvent: {}
[50.414578] (-) TimerEvent: {}
[50.515342] (-) TimerEvent: {}
[50.616108] (-) TimerEvent: {}
[50.716979] (-) TimerEvent: {}
[50.817881] (-) TimerEvent: {}
[50.918569] (-) TimerEvent: {}
[51.019435] (-) TimerEvent: {}
[51.120243] (-) TimerEvent: {}
[51.221139] (-) TimerEvent: {}
[51.321923] (-) TimerEvent: {}
[51.422739] (-) TimerEvent: {}
[51.523664] (-) TimerEvent: {}
[51.624615] (-) TimerEvent: {}
[51.725466] (-) TimerEvent: {}
[51.826415] (-) TimerEvent: {}
[51.927296] (-) TimerEvent: {}
[52.028251] (-) TimerEvent: {}
[52.129187] (-) TimerEvent: {}
[52.230116] (-) TimerEvent: {}
[52.331086] (-) TimerEvent: {}
[52.431844] (-) TimerEvent: {}
[52.532610] (-) TimerEvent: {}
[52.632998] (-) TimerEvent: {}
[52.733381] (-) TimerEvent: {}
[52.833781] (-) TimerEvent: {}
[52.934175] (-) TimerEvent: {}
[53.034564] (-) TimerEvent: {}
[53.134961] (-) TimerEvent: {}
[53.235345] (-) TimerEvent: {}
[53.335730] (-) TimerEvent: {}
[53.436140] (-) TimerEvent: {}
[53.536585] (-) TimerEvent: {}
[53.636983] (-) TimerEvent: {}
[53.737392] (-) TimerEvent: {}
[53.837805] (-) TimerEvent: {}
[53.938206] (-) TimerEvent: {}
[54.038562] (-) TimerEvent: {}
[54.138943] (-) TimerEvent: {}
[54.239329] (-) TimerEvent: {}
[54.339695] (-) TimerEvent: {}
[54.440079] (-) TimerEvent: {}
[54.540466] (-) TimerEvent: {}
[54.640832] (-) TimerEvent: {}
[54.741192] (-) TimerEvent: {}
[54.841563] (-) TimerEvent: {}
[54.941923] (-) TimerEvent: {}
[55.042262] (-) TimerEvent: {}
[55.142611] (-) TimerEvent: {}
[55.242982] (-) TimerEvent: {}
[55.308587] (vehicle_core) StdoutLine: {'line': b'[ 99%] \x1b[32m\x1b[1mLinking CXX shared library libi2c_bridge_node.so\x1b[0m\n'}
[55.343273] (-) TimerEvent: {}
[55.444107] (-) TimerEvent: {}
[55.545057] (-) TimerEvent: {}
[55.645990] (-) TimerEvent: {}
[55.747084] (-) TimerEvent: {}
[55.848219] (-) TimerEvent: {}
[55.949340] (-) TimerEvent: {}
[56.050442] (-) TimerEvent: {}
[56.151523] (-) TimerEvent: {}
[56.252493] (-) TimerEvent: {}
[56.353472] (-) TimerEvent: {}
[56.454394] (-) TimerEvent: {}
[56.555292] (-) TimerEvent: {}
[56.656142] (-) TimerEvent: {}
[56.757102] (-) TimerEvent: {}
[56.857976] (-) TimerEvent: {}
[56.958954] (-) TimerEvent: {}
[57.059787] (-) TimerEvent: {}
[57.160659] (-) TimerEvent: {}
[57.261628] (-) TimerEvent: {}
[57.362592] (-) TimerEvent: {}
[57.463546] (-) TimerEvent: {}
[57.564471] (-) TimerEvent: {}
[57.596847] (vehicle_core) StdoutLine: {'line': b'[ 99%] Built target i2c_bridge_node\n'}
[57.664750] (-) TimerEvent: {}
[57.765542] (-) TimerEvent: {}
[57.866371] (-) TimerEvent: {}
[57.967198] (-) TimerEvent: {}
[58.067908] (-) TimerEvent: {}
[58.168615] (-) TimerEvent: {}
[58.269519] (-) TimerEvent: {}
[58.370336] (-) TimerEvent: {}
[58.471088] (-) TimerEvent: {}
[58.508618] (vehicle_core) StdoutLine: {'line': b'[100%] \x1b[32m\x1b[1mLinking CXX shared library libtcp_server_node_component.so\x1b[0m\n'}
[58.571356] (-) TimerEvent: {}
[58.672294] (-) TimerEvent: {}
[58.773106] (-) TimerEvent: {}
[58.874116] (-) TimerEvent: {}
[58.975125] (-) TimerEvent: {}
[59.076119] (-) TimerEvent: {}
[59.177172] (-) TimerEvent: {}
[59.278325] (-) TimerEvent: {}
[59.379343] (-) TimerEvent: {}
[59.480373] (-) TimerEvent: {}
[59.581371] (-) TimerEvent: {}
[59.682325] (-) TimerEvent: {}
[59.783198] (-) TimerEvent: {}
[59.884139] (-) TimerEvent: {}
[59.984936] (-) TimerEvent: {}
[60.085763] (-) TimerEvent: {}
[60.186631] (-) TimerEvent: {}
[60.287385] (-) TimerEvent: {}
[60.388033] (-) TimerEvent: {}
[60.488831] (-) TimerEvent: {}
[60.589714] (-) TimerEvent: {}
[60.690603] (-) TimerEvent: {}
[60.791587] (-) TimerEvent: {}
[60.892378] (-) TimerEvent: {}
[60.993100] (-) TimerEvent: {}
[61.093783] (-) TimerEvent: {}
[61.194563] (-) TimerEvent: {}
[61.290421] (vehicle_core) StdoutLine: {'line': b'[100%] Built target tcp_server_node_component\n'}
[61.294686] (-) TimerEvent: {}
[61.335000] (vehicle_core) CommandEnded: {'returncode': 0}
[61.337931] (vehicle_core) JobProgress: {'identifier': 'vehicle_core', 'progress': 'install'}
[61.352610] (vehicle_core) Command: {'cmd': ['/usr/bin/cmake', '--install', '/home/avcpp/AV-CPP2025/Vehicle/build/vehicle_core'], 'cwd': '/home/avcpp/AV-CPP2025/Vehicle/build/vehicle_core', 'env': OrderedDict([('PYTHON_BASIC_REPL', '1'), ('LESSOPEN', '| /usr/bin/lesspipe %s'), ('UMS_MOUNTPOINT', '/mnt/ums'), ('GST_V4L2_PREFERRED_FOURCC', 'NV12:YU12:NV16:YUY2'), ('LANGUAGE', 'en_US.UTF-8'), ('USER', 'avcpp'), ('SSH_CLIENT', '192.168.8.103 36553 22'), ('XDG_SESSION_TYPE', 'tty'), ('GIT_ASKPASS', '/home/avcpp/.vscode-server/cli/servers/Stable-7d842fb85a0275a4a8e4d7e040d2625abbf7f084/server/extensions/git/dist/askpass.sh'), ('SHLVL', '1'), ('USB_FUNCS', 'adb'), ('LD_LIBRARY_PATH', '/home/avcpp/AV-CPP2025/Vehicle/install/vehicle_core/lib:/opt/ros/humble/opt/rviz_ogre_vendor/lib:/opt/ros/humble/lib/aarch64-linux-gnu:/opt/ros/humble/lib'), ('BROWSER', '/home/avcpp/.vscode-server/cli/servers/Stable-7d842fb85a0275a4a8e4d7e040d2625abbf7f084/server/bin/helpers/browser.sh'), ('MOTD_SHOWN', 'pam'), ('HOME', '/home/avcpp'), ('OLDPWD', '/home/avcpp/AV-CPP2025'), ('TERM_PROGRAM_VERSION', '1.105.1'), ('VSCODE_IPC_HOOK_CLI', '/run/user/1001/vscode-ipc-16ee98b1-19f3-44ea-aada-fdaf37f059a8.sock'), ('GST_INSPECT_NO_COLORS', '1'), ('GST_MPP_NO_RGA', '1'), ('ROS_PYTHON_VERSION', '3'), ('COGL_DRIVER', 'gles2'), ('VSCODE_GIT_ASKPASS_MAIN', '/home/avcpp/.vscode-server/cli/servers/Stable-7d842fb85a0275a4a8e4d7e040d2625abbf7f084/server/extensions/git/dist/askpass-main.js'), ('VSCODE_GIT_ASKPASS_NODE', '/home/avcpp/.vscode-server/cli/servers/Stable-7d842fb85a0275a4a8e4d7e040d2625abbf7f084/server/node'), ('SSL_CERT_FILE', '/usr/lib/ssl/certs/ca-certificates.crt'), ('PYDEVD_DISABLE_FILE_VALIDATION', '1'), ('BUNDLED_DEBUGPY_PATH', '/home/avcpp/.vscode-server/extensions/ms-python.debugpy-2025.14.1-linux-arm64/bundled/libs/debugpy'), ('VSCODE_PYTHON_AUTOACTIVATE_GUARD', '1'), ('DBUS_SESSION_BUS_ADDRESS', 'unix:path=/run/user/1001/bus'), ('COLORTERM', 'truecolor'), ('COLCON_PREFIX_PATH', '/home/avcpp/AV-CPP2025/Vehicle/install'), ('GST_V4L2SRC_MAX_RESOLUTION', '3840x2160'), ('ROS_DISTRO', 'humble'), ('LOGNAME', 'avcpp'), ('_', '/usr/bin/colcon'), ('ROS_VERSION', '2'), ('XDG_SESSION_CLASS', 'user'), ('TERM', 'xterm-256color'), ('GST_GL_API', 'gles2'), ('XDG_SESSION_ID', '5'), ('GST_VIDEO_CONVERT_PREFERRED_FORMAT', 'NV12:NV16:I420:YUY2'), ('GST_V4L2SRC_RK_DEVICES', '_mainpath:_selfpath:_bypass:_scale'), ('ROS_LOCALHOST_ONLY', '0'), ('PATH', '/home/avcpp/.vscode-server/cli/servers/Stable-7d842fb85a0275a4a8e4d7e040d2625abbf7f084/server/bin/remote-cli:/home/avcpp/.local/bin:/opt/ros/humble/bin:/usr/local/sbin:/usr/local/bin:/usr/sbin:/usr/bin:/sbin:/bin:/usr/games:/usr/local/games:/snap/bin:/home/avcpp/.vscode-server/extensions/ms-python.debugpy-2025.14.1-linux-arm64/bundled/scripts/noConfigScripts'), ('XDG_RUNTIME_DIR', '/run/user/1001'), ('GST_GL_PLATFORM', 'egl'), ('GST_DEBUG_NO_COLOR', '1'), ('SSL_CERT_DIR', '/usr/lib/ssl/certs'), ('GST_V4L2SRC_DEFAULT_DEVICE', '/dev/video-camera0'), ('DISPLAY', ':0'), ('VSCODE_DEBUGPY_ADAPTER_ENDPOINTS', '/home/avcpp/.vscode-server/extensions/ms-python.debugpy-2025.14.1-linux-arm64/.noConfigDebugAdapterEndpoints/endpoint-ef25f7e9429dbf34.txt'), ('LANG', 'en_US.UTF-8'), ('PYTHONSTARTUP', '/home/avcpp/.vscode-server/data/User/workspaceStorage/da628a90441345ac74af00bc07084975/ms-python.python/pythonrc.py'), ('LS_COLORS', 'rs=0:di=01;34:ln=01;36:mh=00:pi=40;33:so=01;35:do=01;35:bd=40;33;01:cd=40;33;01:or=40;31;01:mi=00:su=37;41:sg=30;43:ca=30;41:tw=30;42:ow=34;42:st=37;44:ex=01;32:*.tar=01;31:*.tgz=01;31:*.arc=01;31:*.arj=01;31:*.taz=01;31:*.lha=01;31:*.lz4=01;31:*.lzh=01;31:*.lzma=01;31:*.tlz=01;31:*.txz=01;31:*.tzo=01;31:*.t7z=01;31:*.zip=01;31:*.z=01;31:*.dz=01;31:*.gz=01;31:*.lrz=01;31:*.lz=01;31:*.lzo=01;31:*.xz=01;31:*.zst=01;31:*.tzst=01;31:*.bz2=01;31:*.bz=01;31:*.tbz=01;31:*.tbz2=01;31:*.tz=01;31:*.deb=01;31:*.rpm=01;31:*.jar=01;31:*.war=01;31:*.ear=01;31:*.sar=01;31:*.rar=01;31:*.alz=01;31:*.ace=01;31:*.zoo=01;31:*.cpio=01;31:*.7z=01;31:*.rz=01;31:*.cab=01;31:*.wim=01;31:*.swm=01;31:*.dwm=01;31:*.esd=01;31:*.jpg=01;35:*.jpeg=01;35:*.mjpg=01;35:*.mjpeg=01;35:*.gif=01;35:*.bmp=01;35:*.pbm=01;35:*.pgm=01;35:*.ppm=01;35:*.tga=01;35:*.xbm=01;35:*.xpm=01;35:*.tif=01;35:*.tiff=01;35:*.png=01;35:*.svg=01;35:*.svgz=01;35:*.mng=01;35:*.pcx=01;35:*.mov=01;35:*.mpg=01;35:*.mpeg=01;35:*.m2v=01;35:*.mkv=01;35:*.webm=01;35:*.webp=01;35:*.ogm=01;35:*.mp4=01;35:*.m4v=01;35:*.mp4v=01;35:*.vob=01;35:*.qt=01;35:*.nuv=01;35:*.wmv=01;35:*.asf=01;35:*.rm=01;35:*.rmvb=01;35:*.flc=01;35:*.avi=01;35:*.fli=01;35:*.flv=01;35:*.gl=01;35:*.dl=01;35:*.xcf=01;35:*.xwd=01;35:*.yuv=01;35:*.cgm=01;35:*.emf=01;35:*.ogv=01;35:*.ogx=01;35:*.aac=00;36:*.au=00;36:*.flac=00;36:*.m4a=00;36:*.mid=00;36:*.midi=00;36:*.mka=00;36:*.mp3=00;36:*.mpc=00;36:*.ogg=00;36:*.ra=00;36:*.wav=00;36:*.oga=00;36:*.opus=00;36:*.spx=00;36:*.xspf=00;36:'), ('VSCODE_GIT_IPC_HANDLE', '/run/user/1001/vscode-git-c9ee365bab.sock'), ('TERM_PROGRAM', 'vscode'), ('GST_V4L2_USE_LIBV4L2', '1'), ('UMS_SIZE', '256M'), ('AMENT_PREFIX_PATH', '/home/avcpp/AV-CPP2025/Vehicle/install/vehicle_core:/opt/ros/humble'), ('LC_MESSAGES', 'en_US.UTF-8'), ('SHELL', '/bin/bash'), ('UMS_RO', '0'), ('LESSCLOSE', '/usr/bin/lesspipe %s %s'), ('UMS_FSTYPE', 'vfat'), ('VSCODE_GIT_ASKPASS_EXTRA_ARGS', ''), ('PWD', '/home/avcpp/AV-CPP2025/Vehicle/build/vehicle_core'), ('LC_ALL', 'en_US.UTF-8'), ('SSH_CONNECTION', '192.168.8.103 36553 192.168.8.176 22'), ('PYTHONPATH', '/home/avcpp/AV-CPP2025/Vehicle/install/vehicle_core/local/lib/python3.10/dist-packages:/opt/ros/humble/lib/python3.10/site-packages:/opt/ros/humble/local/lib/python3.10/dist-packages'), ('UMS_MOUNT', '0'), ('COLCON', '1'), ('CMAKE_PREFIX_PATH', '/home/avcpp/AV-CPP2025/Vehicle/install/vehicle_core:/opt/ros/humble'), ('UMS_FILE', '/userdata/ums_shared.img')]), 'shell': False}
[61.380054] (vehicle_core) StdoutLine: {'line': b'-- Install configuration: ""\n'}
[61.385301] (vehicle_core) StdoutLine: {'line': b'-- Execute custom install script\n'}
[61.386760] (vehicle_core) StdoutLine: {'line': b'-- Symlinking: /home/avcpp/AV-CPP2025/Vehicle/install/vehicle_core/share/ament_index/resource_index/rosidl_interfaces/vehicle_core\n'}
[61.394857] (-) TimerEvent: {}
[61.417840] (vehicle_core) StdoutLine: {'line': b'-- Symlinking: /home/avcpp/AV-CPP2025/Vehicle/install/vehicle_core/include/vehicle_core/vehicle_core/msg/autopilot_command.h\n'}
[61.445778] (vehicle_core) StdoutLine: {'line': b'-- Symlinking: /home/avcpp/AV-CPP2025/Vehicle/install/vehicle_core/include/vehicle_core/vehicle_core/msg/autopilot_config.h\n'}
[61.474392] (vehicle_core) StdoutLine: {'line': b'-- Symlinking: /home/avcpp/AV-CPP2025/Vehicle/install/vehicle_core/include/vehicle_core/vehicle_core/msg/autopilot_drive_command.h\n'}
[61.494436] (vehicle_core) StdoutLine: {'line': b'-- Symlinking: /home/avcpp/AV-CPP2025/Vehicle/install/vehicle_core/include/vehicle_core/vehicle_core/msg/autopilot_status.h\n'}
[61.495355] (-) TimerEvent: {}
[61.508158] (vehicle_core) StdoutLine: {'line': b'-- Symlinking: /home/avcpp/AV-CPP2025/Vehicle/install/vehicle_core/include/vehicle_core/vehicle_core/msg/detail/autopilot_command__functions.h\n'}
[61.534745] (vehicle_core) StdoutLine: {'line': b'-- Symlinking: /home/avcpp/AV-CPP2025/Vehicle/install/vehicle_core/include/vehicle_core/vehicle_core/msg/detail/autopilot_command__struct.h\n'}
[61.558287] (vehicle_core) StdoutLine: {'line': b'-- Symlinking: /home/avcpp/AV-CPP2025/Vehicle/install/vehicle_core/include/vehicle_core/vehicle_core/msg/detail/autopilot_command__type_support.h\n'}
[61.570003] (vehicle_core) StdoutLine: {'line': b'-- Symlinking: /home/avcpp/AV-CPP2025/Vehicle/install/vehicle_core/include/vehicle_core/vehicle_core/msg/detail/autopilot_config__functions.h\n'}
[61.595563] (-) TimerEvent: {}
[61.597174] (vehicle_core) StdoutLine: {'line': b'-- Symlinking: /home/avcpp/AV-CPP2025/Vehicle/install/vehicle_core/include/vehicle_core/vehicle_core/msg/detail/autopilot_config__struct.h\n'}
[61.622898] (vehicle_core) StdoutLine: {'line': b'-- Symlinking: /home/avcpp/AV-CPP2025/Vehicle/install/vehicle_core/include/vehicle_core/vehicle_core/msg/detail/autopilot_config__type_support.h\n'}
[61.647891] (vehicle_core) StdoutLine: {'line': b'-- Symlinking: /home/avcpp/AV-CPP2025/Vehicle/install/vehicle_core/include/vehicle_core/vehicle_core/msg/detail/autopilot_drive_command__functions.h\n'}
[61.674528] (vehicle_core) StdoutLine: {'line': b'-- Symlinking: /home/avcpp/AV-CPP2025/Vehicle/install/vehicle_core/include/vehicle_core/vehicle_core/msg/detail/autopilot_drive_command__struct.h\n'}
[61.695731] (-) TimerEvent: {}
[61.700987] (vehicle_core) StdoutLine: {'line': b'-- Symlinking: /home/avcpp/AV-CPP2025/Vehicle/install/vehicle_core/include/vehicle_core/vehicle_core/msg/detail/autopilot_drive_command__type_support.h\n'}
[61.727611] (vehicle_core) StdoutLine: {'line': b'-- Symlinking: /home/avcpp/AV-CPP2025/Vehicle/install/vehicle_core/include/vehicle_core/vehicle_core/msg/detail/autopilot_status__functions.h\n'}
[61.751227] (vehicle_core) StdoutLine: {'line': b'-- Symlinking: /home/avcpp/AV-CPP2025/Vehicle/install/vehicle_core/include/vehicle_core/vehicle_core/msg/detail/autopilot_status__struct.h\n'}
[61.762593] (vehicle_core) StdoutLine: {'line': b'-- Symlinking: /home/avcpp/AV-CPP2025/Vehicle/install/vehicle_core/include/vehicle_core/vehicle_core/msg/detail/autopilot_status__type_support.h\n'}
[61.787616] (vehicle_core) StdoutLine: {'line': b'-- Symlinking: /home/avcpp/AV-CPP2025/Vehicle/install/vehicle_core/include/vehicle_core/vehicle_core/msg/detail/drive_feedback__functions.h\n'}
[61.795859] (-) TimerEvent: {}
[61.812583] (vehicle_core) StdoutLine: {'line': b'-- Symlinking: /home/avcpp/AV-CPP2025/Vehicle/install/vehicle_core/include/vehicle_core/vehicle_core/msg/detail/drive_feedback__struct.h\n'}
[61.840859] (vehicle_core) StdoutLine: {'line': b'-- Symlinking: /home/avcpp/AV-CPP2025/Vehicle/install/vehicle_core/include/vehicle_core/vehicle_core/msg/detail/drive_feedback__type_support.h\n'}
[61.852042] (vehicle_core) StdoutLine: {'line': b'-- Symlinking: /home/avcpp/AV-CPP2025/Vehicle/install/vehicle_core/include/vehicle_core/vehicle_core/msg/detail/drive_status__functions.h\n'}
[61.880544] (vehicle_core) StdoutLine: {'line': b'-- Symlinking: /home/avcpp/AV-CPP2025/Vehicle/install/vehicle_core/include/vehicle_core/vehicle_core/msg/detail/drive_status__struct.h\n'}
[61.896013] (-) TimerEvent: {}
[61.904846] (vehicle_core) StdoutLine: {'line': b'-- Symlinking: /home/avcpp/AV-CPP2025/Vehicle/install/vehicle_core/include/vehicle_core/vehicle_core/msg/detail/drive_status__type_support.h\n'}
[61.931408] (vehicle_core) StdoutLine: {'line': b'-- Symlinking: /home/avcpp/AV-CPP2025/Vehicle/install/vehicle_core/include/vehicle_core/vehicle_core/msg/detail/drive_target__functions.h\n'}
[61.942374] (vehicle_core) StdoutLine: {'line': b'-- Symlinking: /home/avcpp/AV-CPP2025/Vehicle/install/vehicle_core/include/vehicle_core/vehicle_core/msg/detail/drive_target__struct.h\n'}
[61.954644] (vehicle_core) StdoutLine: {'line': b'-- Symlinking: /home/avcpp/AV-CPP2025/Vehicle/install/vehicle_core/include/vehicle_core/vehicle_core/msg/detail/drive_target__type_support.h\n'}
[61.967363] (vehicle_core) StdoutLine: {'line': b'-- Symlinking: /home/avcpp/AV-CPP2025/Vehicle/install/vehicle_core/include/vehicle_core/vehicle_core/msg/detail/error__functions.h\n'}
[61.983909] (vehicle_core) StdoutLine: {'line': b'-- Symlinking: /home/avcpp/AV-CPP2025/Vehicle/install/vehicle_core/include/vehicle_core/vehicle_core/msg/detail/error__struct.h\n'}
[61.996220] (-) TimerEvent: {}
[61.997000] (vehicle_core) StdoutLine: {'line': b'-- Symlinking: /home/avcpp/AV-CPP2025/Vehicle/install/vehicle_core/include/vehicle_core/vehicle_core/msg/detail/error__type_support.h\n'}
[62.008807] (vehicle_core) StdoutLine: {'line': b'-- Symlinking: /home/avcpp/AV-CPP2025/Vehicle/install/vehicle_core/include/vehicle_core/vehicle_core/msg/detail/general_status__functions.h\n'}
[62.037201] (vehicle_core) StdoutLine: {'line': b'-- Symlinking: /home/avcpp/AV-CPP2025/Vehicle/install/vehicle_core/include/vehicle_core/vehicle_core/msg/detail/general_status__struct.h\n'}
[62.062994] (vehicle_core) StdoutLine: {'line': b'-- Symlinking: /home/avcpp/AV-CPP2025/Vehicle/install/vehicle_core/include/vehicle_core/vehicle_core/msg/detail/general_status__type_support.h\n'}
[62.090217] (vehicle_core) StdoutLine: {'line': b'-- Symlinking: /home/avcpp/AV-CPP2025/Vehicle/install/vehicle_core/include/vehicle_core/vehicle_core/msg/detail/lights_command__functions.h\n'}
[62.096353] (-) TimerEvent: {}
[62.118133] (vehicle_core) StdoutLine: {'line': b'-- Symlinking: /home/avcpp/AV-CPP2025/Vehicle/install/vehicle_core/include/vehicle_core/vehicle_core/msg/detail/lights_command__struct.h\n'}
[62.139956] (vehicle_core) StdoutLine: {'line': b'-- Symlinking: /home/avcpp/AV-CPP2025/Vehicle/install/vehicle_core/include/vehicle_core/vehicle_core/msg/detail/lights_command__type_support.h\n'}
[62.169495] (vehicle_core) StdoutLine: {'line': b'-- Symlinking: /home/avcpp/AV-CPP2025/Vehicle/install/vehicle_core/include/vehicle_core/vehicle_core/msg/detail/lights_status__functions.h\n'}
[62.195504] (vehicle_core) StdoutLine: {'line': b'-- Symlinking: /home/avcpp/AV-CPP2025/Vehicle/install/vehicle_core/include/vehicle_core/vehicle_core/msg/detail/lights_status__struct.h\n'}
[62.196460] (-) TimerEvent: {}
[62.223425] (vehicle_core) StdoutLine: {'line': b'-- Symlinking: /home/avcpp/AV-CPP2025/Vehicle/install/vehicle_core/include/vehicle_core/vehicle_core/msg/detail/lights_status__type_support.h\n'}
[62.243289] (vehicle_core) StdoutLine: {'line': b'-- Symlinking: /home/avcpp/AV-CPP2025/Vehicle/install/vehicle_core/include/vehicle_core/vehicle_core/msg/detail/manual_drive_command__functions.h\n'}
[62.257771] (vehicle_core) StdoutLine: {'line': b'-- Symlinking: /home/avcpp/AV-CPP2025/Vehicle/install/vehicle_core/include/vehicle_core/vehicle_core/msg/detail/manual_drive_command__struct.h\n'}
[62.270190] (vehicle_core) StdoutLine: {'line': b'-- Symlinking: /home/avcpp/AV-CPP2025/Vehicle/install/vehicle_core/include/vehicle_core/vehicle_core/msg/detail/manual_drive_command__type_support.h\n'}
[62.296687] (-) TimerEvent: {}
[62.297388] (vehicle_core) StdoutLine: {'line': b'-- Symlinking: /home/avcpp/AV-CPP2025/Vehicle/install/vehicle_core/include/vehicle_core/vehicle_core/msg/detail/max_speed__functions.h\n'}
[62.315249] (vehicle_core) StdoutLine: {'line': b'-- Symlinking: /home/avcpp/AV-CPP2025/Vehicle/install/vehicle_core/include/vehicle_core/vehicle_core/msg/detail/max_speed__struct.h\n'}
[62.345958] (vehicle_core) StdoutLine: {'line': b'-- Symlinking: /home/avcpp/AV-CPP2025/Vehicle/install/vehicle_core/include/vehicle_core/vehicle_core/msg/detail/max_speed__type_support.h\n'}
[62.357645] (vehicle_core) StdoutLine: {'line': b'-- Symlinking: /home/avcpp/AV-CPP2025/Vehicle/install/vehicle_core/include/vehicle_core/vehicle_core/msg/detail/perception_profile__functions.h\n'}
[62.385111] (vehicle_core) StdoutLine: {'line': b'-- Symlinking: /home/avcpp/AV-CPP2025/Vehicle/install/vehicle_core/include/vehicle_core/vehicle_core/msg/detail/perception_profile__struct.h\n'}
[62.396822] (-) TimerEvent: {}
[62.411643] (vehicle_core) StdoutLine: {'line': b'-- Symlinking: /home/avcpp/AV-CPP2025/Vehicle/install/vehicle_core/include/vehicle_core/vehicle_core/msg/detail/perception_profile__type_support.h\n'}
[62.438622] (vehicle_core) StdoutLine: {'line': b'-- Symlinking: /home/avcpp/AV-CPP2025/Vehicle/install/vehicle_core/include/vehicle_core/vehicle_core/msg/detail/server_init__functions.h\n'}
[62.463232] (vehicle_core) StdoutLine: {'line': b'-- Symlinking: /home/avcpp/AV-CPP2025/Vehicle/install/vehicle_core/include/vehicle_core/vehicle_core/msg/detail/server_init__struct.h\n'}
[62.487595] (vehicle_core) StdoutLine: {'line': b'-- Symlinking: /home/avcpp/AV-CPP2025/Vehicle/install/vehicle_core/include/vehicle_core/vehicle_core/msg/detail/server_init__type_support.h\n'}
[62.496988] (-) TimerEvent: {}
[62.510626] (vehicle_core) StdoutLine: {'line': b'-- Symlinking: /home/avcpp/AV-CPP2025/Vehicle/install/vehicle_core/include/vehicle_core/vehicle_core/msg/detail/state_event__functions.h\n'}
[62.535302] (vehicle_core) StdoutLine: {'line': b'-- Symlinking: /home/avcpp/AV-CPP2025/Vehicle/install/vehicle_core/include/vehicle_core/vehicle_core/msg/detail/state_event__struct.h\n'}
[62.561527] (vehicle_core) StdoutLine: {'line': b'-- Symlinking: /home/avcpp/AV-CPP2025/Vehicle/install/vehicle_core/include/vehicle_core/vehicle_core/msg/detail/state_event__type_support.h\n'}
[62.587857] (vehicle_core) StdoutLine: {'line': b'-- Symlinking: /home/avcpp/AV-CPP2025/Vehicle/install/vehicle_core/include/vehicle_core/vehicle_core/msg/detail/state_mode__functions.h\n'}
[62.597119] (-) TimerEvent: {}
[62.614461] (vehicle_core) StdoutLine: {'line': b'-- Symlinking: /home/avcpp/AV-CPP2025/Vehicle/install/vehicle_core/include/vehicle_core/vehicle_core/msg/detail/state_mode__struct.h\n'}
[62.639635] (vehicle_core) StdoutLine: {'line': b'-- Symlinking: /home/avcpp/AV-CPP2025/Vehicle/install/vehicle_core/include/vehicle_core/vehicle_core/msg/detail/state_mode__type_support.h\n'}
[62.650950] (vehicle_core) StdoutLine: {'line': b'-- Symlinking: /home/avcpp/AV-CPP2025/Vehicle/install/vehicle_core/include/vehicle_core/vehicle_core/msg/detail/telemetry_data__functions.h\n'}
[62.662806] (vehicle_core) StdoutLine: {'line': b'-- Symlinking: /home/avcpp/AV-CPP2025/Vehicle/install/vehicle_core/include/vehicle_core/vehicle_core/msg/detail/telemetry_data__struct.h\n'}
[62.689516] (vehicle_core) StdoutLine: {'line': b'-- Symlinking: /home/avcpp/AV-CPP2025/Vehicle/install/vehicle_core/include/vehicle_core/vehicle_core/msg/detail/telemetry_data__type_support.h\n'}
[62.697279] (-) TimerEvent: {}
[62.716897] (vehicle_core) StdoutLine: {'line': b'-- Symlinking: /home/avcpp/AV-CPP2025/Vehicle/install/vehicle_core/include/vehicle_core/vehicle_core/msg/drive_feedback.h\n'}
[62.744481] (vehicle_core) StdoutLine: {'line': b'-- Symlinking: /home/avcpp/AV-CPP2025/Vehicle/install/vehicle_core/include/vehicle_core/vehicle_core/msg/drive_status.h\n'}
[62.771385] (vehicle_core) StdoutLine: {'line': b'-- Symlinking: /home/avcpp/AV-CPP2025/Vehicle/install/vehicle_core/include/vehicle_core/vehicle_core/msg/drive_target.h\n'}
[62.795945] (vehicle_core) StdoutLine: {'line': b'-- Symlinking: /home/avcpp/AV-CPP2025/Vehicle/install/vehicle_core/include/vehicle_core/vehicle_core/msg/error.h\n'}
[62.797393] (-) TimerEvent: {}
[62.823375] (vehicle_core) StdoutLine: {'line': b'-- Symlinking: /home/avcpp/AV-CPP2025/Vehicle/install/vehicle_core/include/vehicle_core/vehicle_core/msg/general_status.h\n'}
[62.850813] (vehicle_core) StdoutLine: {'line': b'-- Symlinking: /home/avcpp/AV-CPP2025/Vehicle/install/vehicle_core/include/vehicle_core/vehicle_core/msg/lights_command.h\n'}
[62.874936] (vehicle_core) StdoutLine: {'line': b'-- Symlinking: /home/avcpp/AV-CPP2025/Vehicle/install/vehicle_core/include/vehicle_core/vehicle_core/msg/lights_status.h\n'}
[62.897604] (-) TimerEvent: {}
[62.901501] (vehicle_core) StdoutLine: {'line': b'-- Symlinking: /home/avcpp/AV-CPP2025/Vehicle/install/vehicle_core/include/vehicle_core/vehicle_core/msg/manual_drive_command.h\n'}
[62.928669] (vehicle_core) StdoutLine: {'line': b'-- Symlinking: /home/avcpp/AV-CPP2025/Vehicle/install/vehicle_core/include/vehicle_core/vehicle_core/msg/max_speed.h\n'}
[62.955707] (vehicle_core) StdoutLine: {'line': b'-- Symlinking: /home/avcpp/AV-CPP2025/Vehicle/install/vehicle_core/include/vehicle_core/vehicle_core/msg/perception_profile.h\n'}
[62.972887] (vehicle_core) StdoutLine: {'line': b'-- Symlinking: /home/avcpp/AV-CPP2025/Vehicle/install/vehicle_core/include/vehicle_core/vehicle_core/msg/rosidl_generator_c__visibility_control.h\n'}
[62.997787] (-) TimerEvent: {}
[63.004331] (vehicle_core) StdoutLine: {'line': b'-- Symlinking: /home/avcpp/AV-CPP2025/Vehicle/install/vehicle_core/include/vehicle_core/vehicle_core/msg/server_init.h\n'}
[63.027232] (vehicle_core) StdoutLine: {'line': b'-- Symlinking: /home/avcpp/AV-CPP2025/Vehicle/install/vehicle_core/include/vehicle_core/vehicle_core/msg/state_event.h\n'}
[63.038615] (vehicle_core) StdoutLine: {'line': b'-- Symlinking: /home/avcpp/AV-CPP2025/Vehicle/install/vehicle_core/include/vehicle_core/vehicle_core/msg/state_mode.h\n'}
[63.050627] (vehicle_core) StdoutLine: {'line': b'-- Symlinking: /home/avcpp/AV-CPP2025/Vehicle/install/vehicle_core/include/vehicle_core/vehicle_core/msg/telemetry_data.h\n'}
[63.079292] (vehicle_core) StdoutLine: {'line': b'-- Symlinking: /home/avcpp/AV-CPP2025/Vehicle/install/vehicle_core/include/vehicle_core/vehicle_core/srv/detail/set_autopilot_profile__functions.h\n'}
[63.098018] (-) TimerEvent: {}
[63.105584] (vehicle_core) StdoutLine: {'line': b'-- Symlinking: /home/avcpp/AV-CPP2025/Vehicle/install/vehicle_core/include/vehicle_core/vehicle_core/srv/detail/set_autopilot_profile__struct.h\n'}
[63.131639] (vehicle_core) StdoutLine: {'line': b'-- Symlinking: /home/avcpp/AV-CPP2025/Vehicle/install/vehicle_core/include/vehicle_core/vehicle_core/srv/detail/set_autopilot_profile__type_support.h\n'}
[63.158550] (vehicle_core) StdoutLine: {'line': b'-- Symlinking: /home/avcpp/AV-CPP2025/Vehicle/install/vehicle_core/include/vehicle_core/vehicle_core/srv/set_autopilot_profile.h\n'}
[63.182560] (vehicle_core) StdoutLine: {'line': b'-- Symlinking: /home/avcpp/AV-CPP2025/Vehicle/install/vehicle_core/share/vehicle_core/environment/library_path.sh\n'}
[63.194809] (vehicle_core) StdoutLine: {'line': b'-- Symlinking: /home/avcpp/AV-CPP2025/Vehicle/install/vehicle_core/share/vehicle_core/environment/library_path.dsv\n'}
[63.198128] (-) TimerEvent: {}
[63.224838] (vehicle_core) StdoutLine: {'line': b'-- Symlinking: /home/avcpp/AV-CPP2025/Vehicle/install/vehicle_core/include/vehicle_core/vehicle_core/msg/detail/autopilot_command__rosidl_typesupport_fastrtps_c.h\n'}
[63.251313] (vehicle_core) StdoutLine: {'line': b'-- Symlinking: /home/avcpp/AV-CPP2025/Vehicle/install/vehicle_core/include/vehicle_core/vehicle_core/msg/detail/autopilot_config__rosidl_typesupport_fastrtps_c.h\n'}
[63.277677] (vehicle_core) StdoutLine: {'line': b'-- Symlinking: /home/avcpp/AV-CPP2025/Vehicle/install/vehicle_core/include/vehicle_core/vehicle_core/msg/detail/autopilot_drive_command__rosidl_typesupport_fastrtps_c.h\n'}
[63.298530] (-) TimerEvent: {}
[63.304439] (vehicle_core) StdoutLine: {'line': b'-- Symlinking: /home/avcpp/AV-CPP2025/Vehicle/install/vehicle_core/include/vehicle_core/vehicle_core/msg/detail/autopilot_status__rosidl_typesupport_fastrtps_c.h\n'}
[63.321235] (vehicle_core) StdoutLine: {'line': b'-- Symlinking: /home/avcpp/AV-CPP2025/Vehicle/install/vehicle_core/include/vehicle_core/vehicle_core/msg/detail/drive_feedback__rosidl_typesupport_fastrtps_c.h\n'}
[63.333013] (vehicle_core) StdoutLine: {'line': b'-- Symlinking: /home/avcpp/AV-CPP2025/Vehicle/install/vehicle_core/include/vehicle_core/vehicle_core/msg/detail/drive_status__rosidl_typesupport_fastrtps_c.h\n'}
[63.359950] (vehicle_core) StdoutLine: {'line': b'-- Symlinking: /home/avcpp/AV-CPP2025/Vehicle/install/vehicle_core/include/vehicle_core/vehicle_core/msg/detail/drive_target__rosidl_typesupport_fastrtps_c.h\n'}
[63.380731] (vehicle_core) StdoutLine: {'line': b'-- Symlinking: /home/avcpp/AV-CPP2025/Vehicle/install/vehicle_core/include/vehicle_core/vehicle_core/msg/detail/error__rosidl_typesupport_fastrtps_c.h\n'}
[63.392479] (vehicle_core) StdoutLine: {'line': b'-- Symlinking: /home/avcpp/AV-CPP2025/Vehicle/install/vehicle_core/include/vehicle_core/vehicle_core/msg/detail/general_status__rosidl_typesupport_fastrtps_c.h\n'}
[63.398648] (-) TimerEvent: {}
[63.418408] (vehicle_core) StdoutLine: {'line': b'-- Symlinking: /home/avcpp/AV-CPP2025/Vehicle/install/vehicle_core/include/vehicle_core/vehicle_core/msg/detail/lights_command__rosidl_typesupport_fastrtps_c.h\n'}
[63.445429] (vehicle_core) StdoutLine: {'line': b'-- Symlinking: /home/avcpp/AV-CPP2025/Vehicle/install/vehicle_core/include/vehicle_core/vehicle_core/msg/detail/lights_status__rosidl_typesupport_fastrtps_c.h\n'}
[63.472138] (vehicle_core) StdoutLine: {'line': b'-- Symlinking: /home/avcpp/AV-CPP2025/Vehicle/install/vehicle_core/include/vehicle_core/vehicle_core/msg/detail/manual_drive_command__rosidl_typesupport_fastrtps_c.h\n'}
[63.498819] (vehicle_core) StdoutLine: {'line': b'-- Symlinking: /home/avcpp/AV-CPP2025/Vehicle/install/vehicle_core/include/vehicle_core/vehicle_core/msg/detail/max_speed__rosidl_typesupport_fastrtps_c.h\n'}
[63.499432] (-) TimerEvent: {}
[63.517115] (vehicle_core) StdoutLine: {'line': b'-- Symlinking: /home/avcpp/AV-CPP2025/Vehicle/install/vehicle_core/include/vehicle_core/vehicle_core/msg/detail/perception_profile__rosidl_typesupport_fastrtps_c.h\n'}
[63.529409] (vehicle_core) StdoutLine: {'line': b'-- Symlinking: /home/avcpp/AV-CPP2025/Vehicle/install/vehicle_core/include/vehicle_core/vehicle_core/msg/detail/server_init__rosidl_typesupport_fastrtps_c.h\n'}
[63.556742] (vehicle_core) StdoutLine: {'line': b'-- Symlinking: /home/avcpp/AV-CPP2025/Vehicle/install/vehicle_core/include/vehicle_core/vehicle_core/msg/detail/state_event__rosidl_typesupport_fastrtps_c.h\n'}
[63.584224] (vehicle_core) StdoutLine: {'line': b'-- Symlinking: /home/avcpp/AV-CPP2025/Vehicle/install/vehicle_core/include/vehicle_core/vehicle_core/msg/detail/state_mode__rosidl_typesupport_fastrtps_c.h\n'}
[63.599684] (-) TimerEvent: {}
[63.610952] (vehicle_core) StdoutLine: {'line': b'-- Symlinking: /home/avcpp/AV-CPP2025/Vehicle/install/vehicle_core/include/vehicle_core/vehicle_core/msg/detail/telemetry_data__rosidl_typesupport_fastrtps_c.h\n'}
[63.633585] (vehicle_core) StdoutLine: {'line': b'-- Symlinking: /home/avcpp/AV-CPP2025/Vehicle/install/vehicle_core/include/vehicle_core/vehicle_core/msg/rosidl_typesupport_fastrtps_c__visibility_control.h\n'}
[63.661146] (vehicle_core) StdoutLine: {'line': b'-- Symlinking: /home/avcpp/AV-CPP2025/Vehicle/install/vehicle_core/include/vehicle_core/vehicle_core/srv/detail/set_autopilot_profile__rosidl_typesupport_fastrtps_c.h\n'}
[63.679632] (vehicle_core) StdoutLine: {'line': b'-- Symlinking: /home/avcpp/AV-CPP2025/Vehicle/install/vehicle_core/include/vehicle_core/vehicle_core/msg/autopilot_command.hpp\n'}
[63.694339] (vehicle_core) StdoutLine: {'line': b'-- Symlinking: /home/avcpp/AV-CPP2025/Vehicle/install/vehicle_core/include/vehicle_core/vehicle_core/msg/autopilot_config.hpp\n'}
[63.699843] (-) TimerEvent: {}
[63.720466] (vehicle_core) StdoutLine: {'line': b'-- Symlinking: /home/avcpp/AV-CPP2025/Vehicle/install/vehicle_core/include/vehicle_core/vehicle_core/msg/autopilot_drive_command.hpp\n'}
[63.747529] (vehicle_core) StdoutLine: {'line': b'-- Symlinking: /home/avcpp/AV-CPP2025/Vehicle/install/vehicle_core/include/vehicle_core/vehicle_core/msg/autopilot_status.hpp\n'}
[63.776098] (vehicle_core) StdoutLine: {'line': b'-- Symlinking: /home/avcpp/AV-CPP2025/Vehicle/install/vehicle_core/include/vehicle_core/vehicle_core/msg/detail/autopilot_command__builder.hpp\n'}
[63.800088] (-) TimerEvent: {}
[63.804665] (vehicle_core) StdoutLine: {'line': b'-- Symlinking: /home/avcpp/AV-CPP2025/Vehicle/install/vehicle_core/include/vehicle_core/vehicle_core/msg/detail/autopilot_command__struct.hpp\n'}
[63.832645] (vehicle_core) StdoutLine: {'line': b'-- Symlinking: /home/avcpp/AV-CPP2025/Vehicle/install/vehicle_core/include/vehicle_core/vehicle_core/msg/detail/autopilot_command__traits.hpp\n'}
[63.857845] (vehicle_core) StdoutLine: {'line': b'-- Symlinking: /home/avcpp/AV-CPP2025/Vehicle/install/vehicle_core/include/vehicle_core/vehicle_core/msg/detail/autopilot_command__type_support.hpp\n'}
[63.886899] (vehicle_core) StdoutLine: {'line': b'-- Symlinking: /home/avcpp/AV-CPP2025/Vehicle/install/vehicle_core/include/vehicle_core/vehicle_core/msg/detail/autopilot_config__builder.hpp\n'}
[63.900311] (-) TimerEvent: {}
[63.915658] (vehicle_core) StdoutLine: {'line': b'-- Symlinking: /home/avcpp/AV-CPP2025/Vehicle/install/vehicle_core/include/vehicle_core/vehicle_core/msg/detail/autopilot_config__struct.hpp\n'}
[63.941564] (vehicle_core) StdoutLine: {'line': b'-- Symlinking: /home/avcpp/AV-CPP2025/Vehicle/install/vehicle_core/include/vehicle_core/vehicle_core/msg/detail/autopilot_config__traits.hpp\n'}
[63.967937] (vehicle_core) StdoutLine: {'line': b'-- Symlinking: /home/avcpp/AV-CPP2025/Vehicle/install/vehicle_core/include/vehicle_core/vehicle_core/msg/detail/autopilot_config__type_support.hpp\n'}
[63.990907] (vehicle_core) StdoutLine: {'line': b'-- Symlinking: /home/avcpp/AV-CPP2025/Vehicle/install/vehicle_core/include/vehicle_core/vehicle_core/msg/detail/autopilot_drive_command__builder.hpp\n'}
[64.000483] (-) TimerEvent: {}
[64.001632] (vehicle_core) StdoutLine: {'line': b'-- Symlinking: /home/avcpp/AV-CPP2025/Vehicle/install/vehicle_core/include/vehicle_core/vehicle_core/msg/detail/autopilot_drive_command__struct.hpp\n'}
[64.013419] (vehicle_core) StdoutLine: {'line': b'-- Symlinking: /home/avcpp/AV-CPP2025/Vehicle/install/vehicle_core/include/vehicle_core/vehicle_core/msg/detail/autopilot_drive_command__traits.hpp\n'}
[64.041917] (vehicle_core) StdoutLine: {'line': b'-- Symlinking: /home/avcpp/AV-CPP2025/Vehicle/install/vehicle_core/include/vehicle_core/vehicle_core/msg/detail/autopilot_drive_command__type_support.hpp\n'}
[64.067414] (vehicle_core) StdoutLine: {'line': b'-- Symlinking: /home/avcpp/AV-CPP2025/Vehicle/install/vehicle_core/include/vehicle_core/vehicle_core/msg/detail/autopilot_status__builder.hpp\n'}
[64.094092] (vehicle_core) StdoutLine: {'line': b'-- Symlinking: /home/avcpp/AV-CPP2025/Vehicle/install/vehicle_core/include/vehicle_core/vehicle_core/msg/detail/autopilot_status__struct.hpp\n'}
[64.100682] (-) TimerEvent: {}
[64.106395] (vehicle_core) StdoutLine: {'line': b'-- Symlinking: /home/avcpp/AV-CPP2025/Vehicle/install/vehicle_core/include/vehicle_core/vehicle_core/msg/detail/autopilot_status__traits.hpp\n'}
[64.130454] (vehicle_core) StdoutLine: {'line': b'-- Symlinking: /home/avcpp/AV-CPP2025/Vehicle/install/vehicle_core/include/vehicle_core/vehicle_core/msg/detail/autopilot_status__type_support.hpp\n'}
[64.158193] (vehicle_core) StdoutLine: {'line': b'-- Symlinking: /home/avcpp/AV-CPP2025/Vehicle/install/vehicle_core/include/vehicle_core/vehicle_core/msg/detail/drive_feedback__builder.hpp\n'}
[64.184695] (vehicle_core) StdoutLine: {'line': b'-- Symlinking: /home/avcpp/AV-CPP2025/Vehicle/install/vehicle_core/include/vehicle_core/vehicle_core/msg/detail/drive_feedback__struct.hpp\n'}
[64.200891] (-) TimerEvent: {}
[64.211714] (vehicle_core) StdoutLine: {'line': b'-- Symlinking: /home/avcpp/AV-CPP2025/Vehicle/install/vehicle_core/include/vehicle_core/vehicle_core/msg/detail/drive_feedback__traits.hpp\n'}
[64.240156] (vehicle_core) StdoutLine: {'line': b'-- Symlinking: /home/avcpp/AV-CPP2025/Vehicle/install/vehicle_core/include/vehicle_core/vehicle_core/msg/detail/drive_feedback__type_support.hpp\n'}
[64.266188] (vehicle_core) StdoutLine: {'line': b'-- Symlinking: /home/avcpp/AV-CPP2025/Vehicle/install/vehicle_core/include/vehicle_core/vehicle_core/msg/detail/drive_status__builder.hpp\n'}
[64.278736] (vehicle_core) StdoutLine: {'line': b'-- Symlinking: /home/avcpp/AV-CPP2025/Vehicle/install/vehicle_core/include/vehicle_core/vehicle_core/msg/detail/drive_status__struct.hpp\n'}
[64.301141] (-) TimerEvent: {}
[64.305281] (vehicle_core) StdoutLine: {'line': b'-- Symlinking: /home/avcpp/AV-CPP2025/Vehicle/install/vehicle_core/include/vehicle_core/vehicle_core/msg/detail/drive_status__traits.hpp\n'}
[64.330099] (vehicle_core) StdoutLine: {'line': b'-- Symlinking: /home/avcpp/AV-CPP2025/Vehicle/install/vehicle_core/include/vehicle_core/vehicle_core/msg/detail/drive_status__type_support.hpp\n'}
[64.352394] (vehicle_core) StdoutLine: {'line': b'-- Symlinking: /home/avcpp/AV-CPP2025/Vehicle/install/vehicle_core/include/vehicle_core/vehicle_core/msg/detail/drive_target__builder.hpp\n'}
[64.378592] (vehicle_core) StdoutLine: {'line': b'-- Symlinking: /home/avcpp/AV-CPP2025/Vehicle/install/vehicle_core/include/vehicle_core/vehicle_core/msg/detail/drive_target__struct.hpp\n'}
[64.401383] (-) TimerEvent: {}
[64.404895] (vehicle_core) StdoutLine: {'line': b'-- Symlinking: /home/avcpp/AV-CPP2025/Vehicle/install/vehicle_core/include/vehicle_core/vehicle_core/msg/detail/drive_target__traits.hpp\n'}
[64.432627] (vehicle_core) StdoutLine: {'line': b'-- Symlinking: /home/avcpp/AV-CPP2025/Vehicle/install/vehicle_core/include/vehicle_core/vehicle_core/msg/detail/drive_target__type_support.hpp\n'}
[64.457203] (vehicle_core) StdoutLine: {'line': b'-- Symlinking: /home/avcpp/AV-CPP2025/Vehicle/install/vehicle_core/include/vehicle_core/vehicle_core/msg/detail/error__builder.hpp\n'}
[64.469595] (vehicle_core) StdoutLine: {'line': b'-- Symlinking: /home/avcpp/AV-CPP2025/Vehicle/install/vehicle_core/include/vehicle_core/vehicle_core/msg/detail/error__struct.hpp\n'}
[64.496713] (vehicle_core) StdoutLine: {'line': b'-- Symlinking: /home/avcpp/AV-CPP2025/Vehicle/install/vehicle_core/include/vehicle_core/vehicle_core/msg/detail/error__traits.hpp\n'}
[64.501493] (-) TimerEvent: {}
[64.523149] (vehicle_core) StdoutLine: {'line': b'-- Symlinking: /home/avcpp/AV-CPP2025/Vehicle/install/vehicle_core/include/vehicle_core/vehicle_core/msg/detail/error__type_support.hpp\n'}
[64.551079] (vehicle_core) StdoutLine: {'line': b'-- Symlinking: /home/avcpp/AV-CPP2025/Vehicle/install/vehicle_core/include/vehicle_core/vehicle_core/msg/detail/general_status__builder.hpp\n'}
[64.570675] (vehicle_core) StdoutLine: {'line': b'-- Symlinking: /home/avcpp/AV-CPP2025/Vehicle/install/vehicle_core/include/vehicle_core/vehicle_core/msg/detail/general_status__struct.hpp\n'}
[64.583758] (vehicle_core) StdoutLine: {'line': b'-- Symlinking: /home/avcpp/AV-CPP2025/Vehicle/install/vehicle_core/include/vehicle_core/vehicle_core/msg/detail/general_status__traits.hpp\n'}
[64.596215] (vehicle_core) StdoutLine: {'line': b'-- Symlinking: /home/avcpp/AV-CPP2025/Vehicle/install/vehicle_core/include/vehicle_core/vehicle_core/msg/detail/general_status__type_support.hpp\n'}
[64.601647] (-) TimerEvent: {}
[64.609006] (vehicle_core) StdoutLine: {'line': b'-- Symlinking: /home/avcpp/AV-CPP2025/Vehicle/install/vehicle_core/include/vehicle_core/vehicle_core/msg/detail/lights_command__builder.hpp\n'}
[64.637027] (vehicle_core) StdoutLine: {'line': b'-- Symlinking: /home/avcpp/AV-CPP2025/Vehicle/install/vehicle_core/include/vehicle_core/vehicle_core/msg/detail/lights_command__struct.hpp\n'}
[64.648734] (vehicle_core) StdoutLine: {'line': b'-- Symlinking: /home/avcpp/AV-CPP2025/Vehicle/install/vehicle_core/include/vehicle_core/vehicle_core/msg/detail/lights_command__traits.hpp\n'}
[64.677000] (vehicle_core) StdoutLine: {'line': b'-- Symlinking: /home/avcpp/AV-CPP2025/Vehicle/install/vehicle_core/include/vehicle_core/vehicle_core/msg/detail/lights_command__type_support.hpp\n'}
[64.701830] (-) TimerEvent: {}
[64.703807] (vehicle_core) StdoutLine: {'line': b'-- Symlinking: /home/avcpp/AV-CPP2025/Vehicle/install/vehicle_core/include/vehicle_core/vehicle_core/msg/detail/lights_status__builder.hpp\n'}
[64.730806] (vehicle_core) StdoutLine: {'line': b'-- Symlinking: /home/avcpp/AV-CPP2025/Vehicle/install/vehicle_core/include/vehicle_core/vehicle_core/msg/detail/lights_status__struct.hpp\n'}
[64.757540] (vehicle_core) StdoutLine: {'line': b'-- Symlinking: /home/avcpp/AV-CPP2025/Vehicle/install/vehicle_core/include/vehicle_core/vehicle_core/msg/detail/lights_status__traits.hpp\n'}
[64.778952] (vehicle_core) StdoutLine: {'line': b'-- Symlinking: /home/avcpp/AV-CPP2025/Vehicle/install/vehicle_core/include/vehicle_core/vehicle_core/msg/detail/lights_status__type_support.hpp\n'}
[64.790738] (vehicle_core) StdoutLine: {'line': b'-- Symlinking: /home/avcpp/AV-CPP2025/Vehicle/install/vehicle_core/include/vehicle_core/vehicle_core/msg/detail/manual_drive_command__builder.hpp\n'}
[64.802004] (-) TimerEvent: {}
[64.802814] (vehicle_core) StdoutLine: {'line': b'-- Symlinking: /home/avcpp/AV-CPP2025/Vehicle/install/vehicle_core/include/vehicle_core/vehicle_core/msg/detail/manual_drive_command__struct.hpp\n'}
[64.831368] (vehicle_core) StdoutLine: {'line': b'-- Symlinking: /home/avcpp/AV-CPP2025/Vehicle/install/vehicle_core/include/vehicle_core/vehicle_core/msg/detail/manual_drive_command__traits.hpp\n'}
[64.849028] (vehicle_core) StdoutLine: {'line': b'-- Symlinking: /home/avcpp/AV-CPP2025/Vehicle/install/vehicle_core/include/vehicle_core/vehicle_core/msg/detail/manual_drive_command__type_support.hpp\n'}
[64.876093] (vehicle_core) StdoutLine: {'line': b'-- Symlinking: /home/avcpp/AV-CPP2025/Vehicle/install/vehicle_core/include/vehicle_core/vehicle_core/msg/detail/max_speed__builder.hpp\n'}
[64.902192] (-) TimerEvent: {}
[64.904206] (vehicle_core) StdoutLine: {'line': b'-- Symlinking: /home/avcpp/AV-CPP2025/Vehicle/install/vehicle_core/include/vehicle_core/vehicle_core/msg/detail/max_speed__struct.hpp\n'}
[64.930427] (vehicle_core) StdoutLine: {'line': b'-- Symlinking: /home/avcpp/AV-CPP2025/Vehicle/install/vehicle_core/include/vehicle_core/vehicle_core/msg/detail/max_speed__traits.hpp\n'}
[64.958807] (vehicle_core) StdoutLine: {'line': b'-- Symlinking: /home/avcpp/AV-CPP2025/Vehicle/install/vehicle_core/include/vehicle_core/vehicle_core/msg/detail/max_speed__type_support.hpp\n'}
[64.984956] (vehicle_core) StdoutLine: {'line': b'-- Symlinking: /home/avcpp/AV-CPP2025/Vehicle/install/vehicle_core/include/vehicle_core/vehicle_core/msg/detail/perception_profile__builder.hpp\n'}
[65.002409] (-) TimerEvent: {}
[65.011449] (vehicle_core) StdoutLine: {'line': b'-- Symlinking: /home/avcpp/AV-CPP2025/Vehicle/install/vehicle_core/include/vehicle_core/vehicle_core/msg/detail/perception_profile__struct.hpp\n'}
[65.037935] (vehicle_core) StdoutLine: {'line': b'-- Symlinking: /home/avcpp/AV-CPP2025/Vehicle/install/vehicle_core/include/vehicle_core/vehicle_core/msg/detail/perception_profile__traits.hpp\n'}
[65.064661] (vehicle_core) StdoutLine: {'line': b'-- Symlinking: /home/avcpp/AV-CPP2025/Vehicle/install/vehicle_core/include/vehicle_core/vehicle_core/msg/detail/perception_profile__type_support.hpp\n'}
[65.090542] (vehicle_core) StdoutLine: {'line': b'-- Symlinking: /home/avcpp/AV-CPP2025/Vehicle/install/vehicle_core/include/vehicle_core/vehicle_core/msg/detail/server_init__builder.hpp\n'}
[65.101891] (vehicle_core) StdoutLine: {'line': b'-- Symlinking: /home/avcpp/AV-CPP2025/Vehicle/install/vehicle_core/include/vehicle_core/vehicle_core/msg/detail/server_init__struct.hpp\n'}
[65.102472] (-) TimerEvent: {}
[65.128722] (vehicle_core) StdoutLine: {'line': b'-- Symlinking: /home/avcpp/AV-CPP2025/Vehicle/install/vehicle_core/include/vehicle_core/vehicle_core/msg/detail/server_init__traits.hpp\n'}
[65.155584] (vehicle_core) StdoutLine: {'line': b'-- Symlinking: /home/avcpp/AV-CPP2025/Vehicle/install/vehicle_core/include/vehicle_core/vehicle_core/msg/detail/server_init__type_support.hpp\n'}
[65.181647] (vehicle_core) StdoutLine: {'line': b'-- Symlinking: /home/avcpp/AV-CPP2025/Vehicle/install/vehicle_core/include/vehicle_core/vehicle_core/msg/detail/state_event__builder.hpp\n'}
[65.202698] (-) TimerEvent: {}
[65.208282] (vehicle_core) StdoutLine: {'line': b'-- Symlinking: /home/avcpp/AV-CPP2025/Vehicle/install/vehicle_core/include/vehicle_core/vehicle_core/msg/detail/state_event__struct.hpp\n'}
[65.235232] (vehicle_core) StdoutLine: {'line': b'-- Symlinking: /home/avcpp/AV-CPP2025/Vehicle/install/vehicle_core/include/vehicle_core/vehicle_core/msg/detail/state_event__traits.hpp\n'}
[65.261842] (vehicle_core) StdoutLine: {'line': b'-- Symlinking: /home/avcpp/AV-CPP2025/Vehicle/install/vehicle_core/include/vehicle_core/vehicle_core/msg/detail/state_event__type_support.hpp\n'}
[65.289626] (vehicle_core) StdoutLine: {'line': b'-- Symlinking: /home/avcpp/AV-CPP2025/Vehicle/install/vehicle_core/include/vehicle_core/vehicle_core/msg/detail/state_mode__builder.hpp\n'}
[65.302892] (-) TimerEvent: {}
[65.308218] (vehicle_core) StdoutLine: {'line': b'-- Symlinking: /home/avcpp/AV-CPP2025/Vehicle/install/vehicle_core/include/vehicle_core/vehicle_core/msg/detail/state_mode__struct.hpp\n'}
[65.321188] (vehicle_core) StdoutLine: {'line': b'-- Symlinking: /home/avcpp/AV-CPP2025/Vehicle/install/vehicle_core/include/vehicle_core/vehicle_core/msg/detail/state_mode__traits.hpp\n'}
[65.334534] (vehicle_core) StdoutLine: {'line': b'-- Symlinking: /home/avcpp/AV-CPP2025/Vehicle/install/vehicle_core/include/vehicle_core/vehicle_core/msg/detail/state_mode__type_support.hpp\n'}
[65.363847] (vehicle_core) StdoutLine: {'line': b'-- Symlinking: /home/avcpp/AV-CPP2025/Vehicle/install/vehicle_core/include/vehicle_core/vehicle_core/msg/detail/telemetry_data__builder.hpp\n'}
[65.390710] (vehicle_core) StdoutLine: {'line': b'-- Symlinking: /home/avcpp/AV-CPP2025/Vehicle/install/vehicle_core/include/vehicle_core/vehicle_core/msg/detail/telemetry_data__struct.hpp\n'}
[65.403057] (-) TimerEvent: {}
[65.416840] (vehicle_core) StdoutLine: {'line': b'-- Symlinking: /home/avcpp/AV-CPP2025/Vehicle/install/vehicle_core/include/vehicle_core/vehicle_core/msg/detail/telemetry_data__traits.hpp\n'}
[65.443168] (vehicle_core) StdoutLine: {'line': b'-- Symlinking: /home/avcpp/AV-CPP2025/Vehicle/install/vehicle_core/include/vehicle_core/vehicle_core/msg/detail/telemetry_data__type_support.hpp\n'}
[65.470489] (vehicle_core) StdoutLine: {'line': b'-- Symlinking: /home/avcpp/AV-CPP2025/Vehicle/install/vehicle_core/include/vehicle_core/vehicle_core/msg/drive_feedback.hpp\n'}
[65.497694] (vehicle_core) StdoutLine: {'line': b'-- Symlinking: /home/avcpp/AV-CPP2025/Vehicle/install/vehicle_core/include/vehicle_core/vehicle_core/msg/drive_status.hpp\n'}
[65.503231] (-) TimerEvent: {}
[65.524191] (vehicle_core) StdoutLine: {'line': b'-- Symlinking: /home/avcpp/AV-CPP2025/Vehicle/install/vehicle_core/include/vehicle_core/vehicle_core/msg/drive_target.hpp\n'}
[65.546669] (vehicle_core) StdoutLine: {'line': b'-- Symlinking: /home/avcpp/AV-CPP2025/Vehicle/install/vehicle_core/include/vehicle_core/vehicle_core/msg/error.hpp\n'}
[65.574046] (vehicle_core) StdoutLine: {'line': b'-- Symlinking: /home/avcpp/AV-CPP2025/Vehicle/install/vehicle_core/include/vehicle_core/vehicle_core/msg/general_status.hpp\n'}
[65.601611] (vehicle_core) StdoutLine: {'line': b'-- Symlinking: /home/avcpp/AV-CPP2025/Vehicle/install/vehicle_core/include/vehicle_core/vehicle_core/msg/lights_command.hpp\n'}
[65.603342] (-) TimerEvent: {}
[65.629205] (vehicle_core) StdoutLine: {'line': b'-- Symlinking: /home/avcpp/AV-CPP2025/Vehicle/install/vehicle_core/include/vehicle_core/vehicle_core/msg/lights_status.hpp\n'}
[65.655200] (vehicle_core) StdoutLine: {'line': b'-- Symlinking: /home/avcpp/AV-CPP2025/Vehicle/install/vehicle_core/include/vehicle_core/vehicle_core/msg/manual_drive_command.hpp\n'}
[65.681186] (vehicle_core) StdoutLine: {'line': b'-- Symlinking: /home/avcpp/AV-CPP2025/Vehicle/install/vehicle_core/include/vehicle_core/vehicle_core/msg/max_speed.hpp\n'}
[65.703562] (-) TimerEvent: {}
[65.707632] (vehicle_core) StdoutLine: {'line': b'-- Symlinking: /home/avcpp/AV-CPP2025/Vehicle/install/vehicle_core/include/vehicle_core/vehicle_core/msg/perception_profile.hpp\n'}
[65.734178] (vehicle_core) StdoutLine: {'line': b'-- Symlinking: /home/avcpp/AV-CPP2025/Vehicle/install/vehicle_core/include/vehicle_core/vehicle_core/msg/rosidl_generator_cpp__visibility_control.hpp\n'}
[65.758625] (vehicle_core) StdoutLine: {'line': b'-- Symlinking: /home/avcpp/AV-CPP2025/Vehicle/install/vehicle_core/include/vehicle_core/vehicle_core/msg/server_init.hpp\n'}
[65.785882] (vehicle_core) StdoutLine: {'line': b'-- Symlinking: /home/avcpp/AV-CPP2025/Vehicle/install/vehicle_core/include/vehicle_core/vehicle_core/msg/state_event.hpp\n'}
[65.803755] (-) TimerEvent: {}
[65.813436] (vehicle_core) StdoutLine: {'line': b'-- Symlinking: /home/avcpp/AV-CPP2025/Vehicle/install/vehicle_core/include/vehicle_core/vehicle_core/msg/state_mode.hpp\n'}
[65.838510] (vehicle_core) StdoutLine: {'line': b'-- Symlinking: /home/avcpp/AV-CPP2025/Vehicle/install/vehicle_core/include/vehicle_core/vehicle_core/msg/telemetry_data.hpp\n'}
[65.866335] (vehicle_core) StdoutLine: {'line': b'-- Symlinking: /home/avcpp/AV-CPP2025/Vehicle/install/vehicle_core/include/vehicle_core/vehicle_core/srv/detail/set_autopilot_profile__builder.hpp\n'}
[65.878521] (vehicle_core) StdoutLine: {'line': b'-- Symlinking: /home/avcpp/AV-CPP2025/Vehicle/install/vehicle_core/include/vehicle_core/vehicle_core/srv/detail/set_autopilot_profile__struct.hpp\n'}
[65.903877] (vehicle_core) StdoutLine: {'line': b'-- Symlinking: /home/avcpp/AV-CPP2025/Vehicle/install/vehicle_core/include/vehicle_core/vehicle_core/srv/detail/set_autopilot_profile__traits.hpp\n'}
[65.904511] (-) TimerEvent: {}
[65.931449] (vehicle_core) StdoutLine: {'line': b'-- Symlinking: /home/avcpp/AV-CPP2025/Vehicle/install/vehicle_core/include/vehicle_core/vehicle_core/srv/detail/set_autopilot_profile__type_support.hpp\n'}
[65.957787] (vehicle_core) StdoutLine: {'line': b'-- Symlinking: /home/avcpp/AV-CPP2025/Vehicle/install/vehicle_core/include/vehicle_core/vehicle_core/srv/set_autopilot_profile.hpp\n'}
[65.989328] (vehicle_core) StdoutLine: {'line': b'-- Symlinking: /home/avcpp/AV-CPP2025/Vehicle/install/vehicle_core/include/vehicle_core/vehicle_core/msg/detail/autopilot_command__rosidl_typesupport_fastrtps_cpp.hpp\n'}
[66.004713] (-) TimerEvent: {}
[66.016541] (vehicle_core) StdoutLine: {'line': b'-- Symlinking: /home/avcpp/AV-CPP2025/Vehicle/install/vehicle_core/include/vehicle_core/vehicle_core/msg/detail/autopilot_config__rosidl_typesupport_fastrtps_cpp.hpp\n'}
[66.044175] (vehicle_core) StdoutLine: {'line': b'-- Symlinking: /home/avcpp/AV-CPP2025/Vehicle/install/vehicle_core/include/vehicle_core/vehicle_core/msg/detail/autopilot_drive_command__rosidl_typesupport_fastrtps_cpp.hpp\n'}
[66.071628] (vehicle_core) StdoutLine: {'line': b'-- Symlinking: /home/avcpp/AV-CPP2025/Vehicle/install/vehicle_core/include/vehicle_core/vehicle_core/msg/detail/autopilot_status__rosidl_typesupport_fastrtps_cpp.hpp\n'}
[66.099659] (vehicle_core) StdoutLine: {'line': b'-- Symlinking: /home/avcpp/AV-CPP2025/Vehicle/install/vehicle_core/include/vehicle_core/vehicle_core/msg/detail/drive_feedback__rosidl_typesupport_fastrtps_cpp.hpp\n'}
[66.104855] (-) TimerEvent: {}
[66.122314] (vehicle_core) StdoutLine: {'line': b'-- Symlinking: /home/avcpp/AV-CPP2025/Vehicle/install/vehicle_core/include/vehicle_core/vehicle_core/msg/detail/drive_status__rosidl_typesupport_fastrtps_cpp.hpp\n'}
[66.134996] (vehicle_core) StdoutLine: {'line': b'-- Symlinking: /home/avcpp/AV-CPP2025/Vehicle/install/vehicle_core/include/vehicle_core/vehicle_core/msg/detail/drive_target__rosidl_typesupport_fastrtps_cpp.hpp\n'}
[66.164443] (vehicle_core) StdoutLine: {'line': b'-- Symlinking: /home/avcpp/AV-CPP2025/Vehicle/install/vehicle_core/include/vehicle_core/vehicle_core/msg/detail/error__rosidl_typesupport_fastrtps_cpp.hpp\n'}
[66.191678] (vehicle_core) StdoutLine: {'line': b'-- Symlinking: /home/avcpp/AV-CPP2025/Vehicle/install/vehicle_core/include/vehicle_core/vehicle_core/msg/detail/general_status__rosidl_typesupport_fastrtps_cpp.hpp\n'}
[66.205002] (-) TimerEvent: {}
[66.218533] (vehicle_core) StdoutLine: {'line': b'-- Symlinking: /home/avcpp/AV-CPP2025/Vehicle/install/vehicle_core/include/vehicle_core/vehicle_core/msg/detail/lights_command__rosidl_typesupport_fastrtps_cpp.hpp\n'}
[66.244457] (vehicle_core) StdoutLine: {'line': b'-- Symlinking: /home/avcpp/AV-CPP2025/Vehicle/install/vehicle_core/include/vehicle_core/vehicle_core/msg/detail/lights_status__rosidl_typesupport_fastrtps_cpp.hpp\n'}
[66.272078] (vehicle_core) StdoutLine: {'line': b'-- Symlinking: /home/avcpp/AV-CPP2025/Vehicle/install/vehicle_core/include/vehicle_core/vehicle_core/msg/detail/manual_drive_command__rosidl_typesupport_fastrtps_cpp.hpp\n'}
[66.300184] (vehicle_core) StdoutLine: {'line': b'-- Symlinking: /home/avcpp/AV-CPP2025/Vehicle/install/vehicle_core/include/vehicle_core/vehicle_core/msg/detail/max_speed__rosidl_typesupport_fastrtps_cpp.hpp\n'}
[66.305159] (-) TimerEvent: {}
[66.325403] (vehicle_core) StdoutLine: {'line': b'-- Symlinking: /home/avcpp/AV-CPP2025/Vehicle/install/vehicle_core/include/vehicle_core/vehicle_core/msg/detail/perception_profile__rosidl_typesupport_fastrtps_cpp.hpp\n'}
[66.352861] (vehicle_core) StdoutLine: {'line': b'-- Symlinking: /home/avcpp/AV-CPP2025/Vehicle/install/vehicle_core/include/vehicle_core/vehicle_core/msg/detail/server_init__rosidl_typesupport_fastrtps_cpp.hpp\n'}
[66.380510] (vehicle_core) StdoutLine: {'line': b'-- Symlinking: /home/avcpp/AV-CPP2025/Vehicle/install/vehicle_core/include/vehicle_core/vehicle_core/msg/detail/state_event__rosidl_typesupport_fastrtps_cpp.hpp\n'}
[66.405440] (-) TimerEvent: {}
[66.407757] (vehicle_core) StdoutLine: {'line': b'-- Symlinking: /home/avcpp/AV-CPP2025/Vehicle/install/vehicle_core/include/vehicle_core/vehicle_core/msg/detail/state_mode__rosidl_typesupport_fastrtps_cpp.hpp\n'}
[66.424587] (vehicle_core) StdoutLine: {'line': b'-- Symlinking: /home/avcpp/AV-CPP2025/Vehicle/install/vehicle_core/include/vehicle_core/vehicle_core/msg/detail/telemetry_data__rosidl_typesupport_fastrtps_cpp.hpp\n'}
[66.453298] (vehicle_core) StdoutLine: {'line': b'-- Symlinking: /home/avcpp/AV-CPP2025/Vehicle/install/vehicle_core/include/vehicle_core/vehicle_core/msg/rosidl_typesupport_fastrtps_cpp__visibility_control.h\n'}
[66.480123] (vehicle_core) StdoutLine: {'line': b'-- Symlinking: /home/avcpp/AV-CPP2025/Vehicle/install/vehicle_core/include/vehicle_core/vehicle_core/srv/detail/set_autopilot_profile__rosidl_typesupport_fastrtps_cpp.hpp\n'}
[66.505609] (-) TimerEvent: {}
[66.506928] (vehicle_core) StdoutLine: {'line': b'-- Symlinking: /home/avcpp/AV-CPP2025/Vehicle/install/vehicle_core/include/vehicle_core/vehicle_core/msg/detail/autopilot_command__rosidl_typesupport_introspection_c.h\n'}
[66.534884] (vehicle_core) StdoutLine: {'line': b'-- Symlinking: /home/avcpp/AV-CPP2025/Vehicle/install/vehicle_core/include/vehicle_core/vehicle_core/msg/detail/autopilot_config__rosidl_typesupport_introspection_c.h\n'}
[66.561690] (vehicle_core) StdoutLine: {'line': b'-- Symlinking: /home/avcpp/AV-CPP2025/Vehicle/install/vehicle_core/include/vehicle_core/vehicle_core/msg/detail/autopilot_drive_command__rosidl_typesupport_introspection_c.h\n'}
[66.588776] (vehicle_core) StdoutLine: {'line': b'-- Symlinking: /home/avcpp/AV-CPP2025/Vehicle/install/vehicle_core/include/vehicle_core/vehicle_core/msg/detail/autopilot_status__rosidl_typesupport_introspection_c.h\n'}
[66.605826] (-) TimerEvent: {}
[66.610465] (vehicle_core) StdoutLine: {'line': b'-- Symlinking: /home/avcpp/AV-CPP2025/Vehicle/install/vehicle_core/include/vehicle_core/vehicle_core/msg/detail/drive_feedback__rosidl_typesupport_introspection_c.h\n'}
[66.640381] (vehicle_core) StdoutLine: {'line': b'-- Symlinking: /home/avcpp/AV-CPP2025/Vehicle/install/vehicle_core/include/vehicle_core/vehicle_core/msg/detail/drive_status__rosidl_typesupport_introspection_c.h\n'}
[66.667702] (vehicle_core) StdoutLine: {'line': b'-- Symlinking: /home/avcpp/AV-CPP2025/Vehicle/install/vehicle_core/include/vehicle_core/vehicle_core/msg/detail/drive_target__rosidl_typesupport_introspection_c.h\n'}
[66.694132] (vehicle_core) StdoutLine: {'line': b'-- Symlinking: /home/avcpp/AV-CPP2025/Vehicle/install/vehicle_core/include/vehicle_core/vehicle_core/msg/detail/error__rosidl_typesupport_introspection_c.h\n'}
[66.706088] (-) TimerEvent: {}
[66.713110] (vehicle_core) StdoutLine: {'line': b'-- Symlinking: /home/avcpp/AV-CPP2025/Vehicle/install/vehicle_core/include/vehicle_core/vehicle_core/msg/detail/general_status__rosidl_typesupport_introspection_c.h\n'}
[66.742648] (vehicle_core) StdoutLine: {'line': b'-- Symlinking: /home/avcpp/AV-CPP2025/Vehicle/install/vehicle_core/include/vehicle_core/vehicle_core/msg/detail/lights_command__rosidl_typesupport_introspection_c.h\n'}
[66.767751] (vehicle_core) StdoutLine: {'line': b'-- Symlinking: /home/avcpp/AV-CPP2025/Vehicle/install/vehicle_core/include/vehicle_core/vehicle_core/msg/detail/lights_status__rosidl_typesupport_introspection_c.h\n'}
[66.793643] (vehicle_core) StdoutLine: {'line': b'-- Symlinking: /home/avcpp/AV-CPP2025/Vehicle/install/vehicle_core/include/vehicle_core/vehicle_core/msg/detail/manual_drive_command__rosidl_typesupport_introspection_c.h\n'}
[66.806195] (-) TimerEvent: {}
[66.820596] (vehicle_core) StdoutLine: {'line': b'-- Symlinking: /home/avcpp/AV-CPP2025/Vehicle/install/vehicle_core/include/vehicle_core/vehicle_core/msg/detail/max_speed__rosidl_typesupport_introspection_c.h\n'}
[66.848554] (vehicle_core) StdoutLine: {'line': b'-- Symlinking: /home/avcpp/AV-CPP2025/Vehicle/install/vehicle_core/include/vehicle_core/vehicle_core/msg/detail/perception_profile__rosidl_typesupport_introspection_c.h\n'}
[66.869583] (vehicle_core) StdoutLine: {'line': b'-- Symlinking: /home/avcpp/AV-CPP2025/Vehicle/install/vehicle_core/include/vehicle_core/vehicle_core/msg/detail/server_init__rosidl_typesupport_introspection_c.h\n'}
[66.883438] (vehicle_core) StdoutLine: {'line': b'-- Symlinking: /home/avcpp/AV-CPP2025/Vehicle/install/vehicle_core/include/vehicle_core/vehicle_core/msg/detail/state_event__rosidl_typesupport_introspection_c.h\n'}
[66.895894] (vehicle_core) StdoutLine: {'line': b'-- Symlinking: /home/avcpp/AV-CPP2025/Vehicle/install/vehicle_core/include/vehicle_core/vehicle_core/msg/detail/state_mode__rosidl_typesupport_introspection_c.h\n'}
[66.906472] (-) TimerEvent: {}
[66.923914] (vehicle_core) StdoutLine: {'line': b'-- Symlinking: /home/avcpp/AV-CPP2025/Vehicle/install/vehicle_core/include/vehicle_core/vehicle_core/msg/detail/telemetry_data__rosidl_typesupport_introspection_c.h\n'}
[66.935441] (vehicle_core) StdoutLine: {'line': b'-- Symlinking: /home/avcpp/AV-CPP2025/Vehicle/install/vehicle_core/include/vehicle_core/vehicle_core/msg/rosidl_typesupport_introspection_c__visibility_control.h\n'}
[66.947762] (vehicle_core) StdoutLine: {'line': b'-- Symlinking: /home/avcpp/AV-CPP2025/Vehicle/install/vehicle_core/include/vehicle_core/vehicle_core/srv/detail/set_autopilot_profile__rosidl_typesupport_introspection_c.h\n'}
[66.963771] (vehicle_core) StdoutLine: {'line': b'-- Symlinking: /home/avcpp/AV-CPP2025/Vehicle/install/vehicle_core/include/vehicle_core/vehicle_core/msg/detail/autopilot_command__rosidl_typesupport_introspection_cpp.hpp\n'}
[66.989264] (vehicle_core) StdoutLine: {'line': b'-- Symlinking: /home/avcpp/AV-CPP2025/Vehicle/install/vehicle_core/include/vehicle_core/vehicle_core/msg/detail/autopilot_config__rosidl_typesupport_introspection_cpp.hpp\n'}
[67.006673] (-) TimerEvent: {}
[67.015458] (vehicle_core) StdoutLine: {'line': b'-- Symlinking: /home/avcpp/AV-CPP2025/Vehicle/install/vehicle_core/include/vehicle_core/vehicle_core/msg/detail/autopilot_drive_command__rosidl_typesupport_introspection_cpp.hpp\n'}
[67.042368] (vehicle_core) StdoutLine: {'line': b'-- Symlinking: /home/avcpp/AV-CPP2025/Vehicle/install/vehicle_core/include/vehicle_core/vehicle_core/msg/detail/autopilot_status__rosidl_typesupport_introspection_cpp.hpp\n'}
[67.069415] (vehicle_core) StdoutLine: {'line': b'-- Symlinking: /home/avcpp/AV-CPP2025/Vehicle/install/vehicle_core/include/vehicle_core/vehicle_core/msg/detail/drive_feedback__rosidl_typesupport_introspection_cpp.hpp\n'}
[67.094785] (vehicle_core) StdoutLine: {'line': b'-- Symlinking: /home/avcpp/AV-CPP2025/Vehicle/install/vehicle_core/include/vehicle_core/vehicle_core/msg/detail/drive_status__rosidl_typesupport_introspection_cpp.hpp\n'}
[67.106859] (-) TimerEvent: {}
[67.121572] (vehicle_core) StdoutLine: {'line': b'-- Symlinking: /home/avcpp/AV-CPP2025/Vehicle/install/vehicle_core/include/vehicle_core/vehicle_core/msg/detail/drive_target__rosidl_typesupport_introspection_cpp.hpp\n'}
[67.148863] (vehicle_core) StdoutLine: {'line': b'-- Symlinking: /home/avcpp/AV-CPP2025/Vehicle/install/vehicle_core/include/vehicle_core/vehicle_core/msg/detail/error__rosidl_typesupport_introspection_cpp.hpp\n'}
[67.176891] (vehicle_core) StdoutLine: {'line': b'-- Symlinking: /home/avcpp/AV-CPP2025/Vehicle/install/vehicle_core/include/vehicle_core/vehicle_core/msg/detail/general_status__rosidl_typesupport_introspection_cpp.hpp\n'}
[67.204200] (vehicle_core) StdoutLine: {'line': b'-- Symlinking: /home/avcpp/AV-CPP2025/Vehicle/install/vehicle_core/include/vehicle_core/vehicle_core/msg/detail/lights_command__rosidl_typesupport_introspection_cpp.hpp\n'}
[67.207122] (-) TimerEvent: {}
[67.227780] (vehicle_core) StdoutLine: {'line': b'-- Symlinking: /home/avcpp/AV-CPP2025/Vehicle/install/vehicle_core/include/vehicle_core/vehicle_core/msg/detail/lights_status__rosidl_typesupport_introspection_cpp.hpp\n'}
[67.238523] (vehicle_core) StdoutLine: {'line': b'-- Symlinking: /home/avcpp/AV-CPP2025/Vehicle/install/vehicle_core/include/vehicle_core/vehicle_core/msg/detail/manual_drive_command__rosidl_typesupport_introspection_cpp.hpp\n'}
[67.264540] (vehicle_core) StdoutLine: {'line': b'-- Symlinking: /home/avcpp/AV-CPP2025/Vehicle/install/vehicle_core/include/vehicle_core/vehicle_core/msg/detail/max_speed__rosidl_typesupport_introspection_cpp.hpp\n'}
[67.291205] (vehicle_core) StdoutLine: {'line': b'-- Symlinking: /home/avcpp/AV-CPP2025/Vehicle/install/vehicle_core/include/vehicle_core/vehicle_core/msg/detail/perception_profile__rosidl_typesupport_introspection_cpp.hpp\n'}
[67.307442] (-) TimerEvent: {}
[67.317262] (vehicle_core) StdoutLine: {'line': b'-- Symlinking: /home/avcpp/AV-CPP2025/Vehicle/install/vehicle_core/include/vehicle_core/vehicle_core/msg/detail/server_init__rosidl_typesupport_introspection_cpp.hpp\n'}
[67.344956] (vehicle_core) StdoutLine: {'line': b'-- Symlinking: /home/avcpp/AV-CPP2025/Vehicle/install/vehicle_core/include/vehicle_core/vehicle_core/msg/detail/state_event__rosidl_typesupport_introspection_cpp.hpp\n'}
[67.371129] (vehicle_core) StdoutLine: {'line': b'-- Symlinking: /home/avcpp/AV-CPP2025/Vehicle/install/vehicle_core/include/vehicle_core/vehicle_core/msg/detail/state_mode__rosidl_typesupport_introspection_cpp.hpp\n'}
[67.397608] (vehicle_core) StdoutLine: {'line': b'-- Symlinking: /home/avcpp/AV-CPP2025/Vehicle/install/vehicle_core/include/vehicle_core/vehicle_core/msg/detail/telemetry_data__rosidl_typesupport_introspection_cpp.hpp\n'}
[67.407688] (-) TimerEvent: {}
[67.417211] (vehicle_core) StdoutLine: {'line': b'-- Symlinking: /home/avcpp/AV-CPP2025/Vehicle/install/vehicle_core/include/vehicle_core/vehicle_core/srv/detail/set_autopilot_profile__rosidl_typesupport_introspection_cpp.hpp\n'}
[67.445544] (vehicle_core) StdoutLine: {'line': b'-- Symlinking: /home/avcpp/AV-CPP2025/Vehicle/install/vehicle_core/share/vehicle_core/environment/pythonpath.sh\n'}
[67.471558] (vehicle_core) StdoutLine: {'line': b'-- Symlinking: /home/avcpp/AV-CPP2025/Vehicle/install/vehicle_core/share/vehicle_core/environment/pythonpath.dsv\n'}
[67.496390] (vehicle_core) StdoutLine: {'line': b'-- Symlinking: /home/avcpp/AV-CPP2025/Vehicle/install/vehicle_core/local/lib/python3.10/dist-packages/vehicle_core-0.0.0-py3.10.egg-info/PKG-INFO\n'}
[67.507989] (-) TimerEvent: {}
[67.522445] (vehicle_core) StdoutLine: {'line': b'-- Symlinking: /home/avcpp/AV-CPP2025/Vehicle/install/vehicle_core/local/lib/python3.10/dist-packages/vehicle_core-0.0.0-py3.10.egg-info/SOURCES.txt\n'}
[67.549120] (vehicle_core) StdoutLine: {'line': b'-- Symlinking: /home/avcpp/AV-CPP2025/Vehicle/install/vehicle_core/local/lib/python3.10/dist-packages/vehicle_core-0.0.0-py3.10.egg-info/dependency_links.txt\n'}
[67.574873] (vehicle_core) StdoutLine: {'line': b'-- Symlinking: /home/avcpp/AV-CPP2025/Vehicle/install/vehicle_core/local/lib/python3.10/dist-packages/vehicle_core-0.0.0-py3.10.egg-info/top_level.txt\n'}
[67.605262] (vehicle_core) StdoutLine: {'line': b'-- Symlinking: /home/avcpp/AV-CPP2025/Vehicle/install/vehicle_core/local/lib/python3.10/dist-packages/vehicle_core/__init__.py\n'}
[67.608135] (-) TimerEvent: {}
[67.631531] (vehicle_core) StdoutLine: {'line': b'-- Symlinking: /home/avcpp/AV-CPP2025/Vehicle/install/vehicle_core/local/lib/python3.10/dist-packages/vehicle_core/_vehicle_core_s.ep.rosidl_typesupport_c.c\n'}
[67.658636] (vehicle_core) StdoutLine: {'line': b'-- Symlinking: /home/avcpp/AV-CPP2025/Vehicle/install/vehicle_core/local/lib/python3.10/dist-packages/vehicle_core/_vehicle_core_s.ep.rosidl_typesupport_fastrtps_c.c\n'}
[67.683435] (vehicle_core) StdoutLine: {'line': b'-- Symlinking: /home/avcpp/AV-CPP2025/Vehicle/install/vehicle_core/local/lib/python3.10/dist-packages/vehicle_core/_vehicle_core_s.ep.rosidl_typesupport_introspection_c.c\n'}
[67.708355] (-) TimerEvent: {}
[67.710314] (vehicle_core) StdoutLine: {'line': b'-- Symlinking: /home/avcpp/AV-CPP2025/Vehicle/install/vehicle_core/local/lib/python3.10/dist-packages/vehicle_core/libvehicle_core__rosidl_generator_py.so\n'}
[67.731646] (vehicle_core) StdoutLine: {'line': b'-- Symlinking: /home/avcpp/AV-CPP2025/Vehicle/install/vehicle_core/local/lib/python3.10/dist-packages/vehicle_core/msg/__init__.py\n'}
[67.754090] (vehicle_core) StdoutLine: {'line': b'-- Symlinking: /home/avcpp/AV-CPP2025/Vehicle/install/vehicle_core/local/lib/python3.10/dist-packages/vehicle_core/msg/_autopilot_command.py\n'}
[67.782956] (vehicle_core) StdoutLine: {'line': b'-- Symlinking: /home/avcpp/AV-CPP2025/Vehicle/install/vehicle_core/local/lib/python3.10/dist-packages/vehicle_core/msg/_autopilot_command_s.c\n'}
[67.803489] (vehicle_core) StdoutLine: {'line': b'-- Symlinking: /home/avcpp/AV-CPP2025/Vehicle/install/vehicle_core/local/lib/python3.10/dist-packages/vehicle_core/msg/_autopilot_config.py\n'}
[67.808505] (-) TimerEvent: {}
[67.815035] (vehicle_core) StdoutLine: {'line': b'-- Symlinking: /home/avcpp/AV-CPP2025/Vehicle/install/vehicle_core/local/lib/python3.10/dist-packages/vehicle_core/msg/_autopilot_config_s.c\n'}
[67.827467] (vehicle_core) StdoutLine: {'line': b'-- Symlinking: /home/avcpp/AV-CPP2025/Vehicle/install/vehicle_core/local/lib/python3.10/dist-packages/vehicle_core/msg/_autopilot_drive_command.py\n'}
[67.851804] (vehicle_core) StdoutLine: {'line': b'-- Symlinking: /home/avcpp/AV-CPP2025/Vehicle/install/vehicle_core/local/lib/python3.10/dist-packages/vehicle_core/msg/_autopilot_drive_command_s.c\n'}
[67.864589] (vehicle_core) StdoutLine: {'line': b'-- Symlinking: /home/avcpp/AV-CPP2025/Vehicle/install/vehicle_core/local/lib/python3.10/dist-packages/vehicle_core/msg/_autopilot_status.py\n'}
[67.877025] (vehicle_core) StdoutLine: {'line': b'-- Symlinking: /home/avcpp/AV-CPP2025/Vehicle/install/vehicle_core/local/lib/python3.10/dist-packages/vehicle_core/msg/_autopilot_status_s.c\n'}
[67.891857] (vehicle_core) StdoutLine: {'line': b'-- Symlinking: /home/avcpp/AV-CPP2025/Vehicle/install/vehicle_core/local/lib/python3.10/dist-packages/vehicle_core/msg/_drive_feedback.py\n'}
[67.908677] (-) TimerEvent: {}
[67.918180] (vehicle_core) StdoutLine: {'line': b'-- Symlinking: /home/avcpp/AV-CPP2025/Vehicle/install/vehicle_core/local/lib/python3.10/dist-packages/vehicle_core/msg/_drive_feedback_s.c\n'}
[67.945025] (vehicle_core) StdoutLine: {'line': b'-- Symlinking: /home/avcpp/AV-CPP2025/Vehicle/install/vehicle_core/local/lib/python3.10/dist-packages/vehicle_core/msg/_drive_status.py\n'}
[67.970799] (vehicle_core) StdoutLine: {'line': b'-- Symlinking: /home/avcpp/AV-CPP2025/Vehicle/install/vehicle_core/local/lib/python3.10/dist-packages/vehicle_core/msg/_drive_status_s.c\n'}
[67.994796] (vehicle_core) StdoutLine: {'line': b'-- Symlinking: /home/avcpp/AV-CPP2025/Vehicle/install/vehicle_core/local/lib/python3.10/dist-packages/vehicle_core/msg/_drive_target.py\n'}
[68.008848] (-) TimerEvent: {}
[68.020809] (vehicle_core) StdoutLine: {'line': b'-- Symlinking: /home/avcpp/AV-CPP2025/Vehicle/install/vehicle_core/local/lib/python3.10/dist-packages/vehicle_core/msg/_drive_target_s.c\n'}
[68.048425] (vehicle_core) StdoutLine: {'line': b'-- Symlinking: /home/avcpp/AV-CPP2025/Vehicle/install/vehicle_core/local/lib/python3.10/dist-packages/vehicle_core/msg/_error.py\n'}
[68.075169] (vehicle_core) StdoutLine: {'line': b'-- Symlinking: /home/avcpp/AV-CPP2025/Vehicle/install/vehicle_core/local/lib/python3.10/dist-packages/vehicle_core/msg/_error_s.c\n'}
[68.099730] (vehicle_core) StdoutLine: {'line': b'-- Symlinking: /home/avcpp/AV-CPP2025/Vehicle/install/vehicle_core/local/lib/python3.10/dist-packages/vehicle_core/msg/_general_status.py\n'}
[68.108959] (-) TimerEvent: {}
[68.125627] (vehicle_core) StdoutLine: {'line': b'-- Symlinking: /home/avcpp/AV-CPP2025/Vehicle/install/vehicle_core/local/lib/python3.10/dist-packages/vehicle_core/msg/_general_status_s.c\n'}
[68.137580] (vehicle_core) StdoutLine: {'line': b'-- Symlinking: /home/avcpp/AV-CPP2025/Vehicle/install/vehicle_core/local/lib/python3.10/dist-packages/vehicle_core/msg/_lights_command.py\n'}
[68.159801] (vehicle_core) StdoutLine: {'line': b'-- Symlinking: /home/avcpp/AV-CPP2025/Vehicle/install/vehicle_core/local/lib/python3.10/dist-packages/vehicle_core/msg/_lights_command_s.c\n'}
[68.171594] (vehicle_core) StdoutLine: {'line': b'-- Symlinking: /home/avcpp/AV-CPP2025/Vehicle/install/vehicle_core/local/lib/python3.10/dist-packages/vehicle_core/msg/_lights_status.py\n'}
[68.183748] (vehicle_core) StdoutLine: {'line': b'-- Symlinking: /home/avcpp/AV-CPP2025/Vehicle/install/vehicle_core/local/lib/python3.10/dist-packages/vehicle_core/msg/_lights_status_s.c\n'}
[68.209212] (-) TimerEvent: {}
[68.210693] (vehicle_core) StdoutLine: {'line': b'-- Symlinking: /home/avcpp/AV-CPP2025/Vehicle/install/vehicle_core/local/lib/python3.10/dist-packages/vehicle_core/msg/_manual_drive_command.py\n'}
[68.223396] (vehicle_core) StdoutLine: {'line': b'-- Symlinking: /home/avcpp/AV-CPP2025/Vehicle/install/vehicle_core/local/lib/python3.10/dist-packages/vehicle_core/msg/_manual_drive_command_s.c\n'}
[68.242026] (vehicle_core) StdoutLine: {'line': b'-- Symlinking: /home/avcpp/AV-CPP2025/Vehicle/install/vehicle_core/local/lib/python3.10/dist-packages/vehicle_core/msg/_max_speed.py\n'}
[68.265585] (vehicle_core) StdoutLine: {'line': b'-- Symlinking: /home/avcpp/AV-CPP2025/Vehicle/install/vehicle_core/local/lib/python3.10/dist-packages/vehicle_core/msg/_max_speed_s.c\n'}
[68.277349] (vehicle_core) StdoutLine: {'line': b'-- Symlinking: /home/avcpp/AV-CPP2025/Vehicle/install/vehicle_core/local/lib/python3.10/dist-packages/vehicle_core/msg/_perception_profile.py\n'}
[68.289481] (vehicle_core) StdoutLine: {'line': b'-- Symlinking: /home/avcpp/AV-CPP2025/Vehicle/install/vehicle_core/local/lib/python3.10/dist-packages/vehicle_core/msg/_perception_profile_s.c\n'}
[68.309320] (-) TimerEvent: {}
[68.317661] (vehicle_core) StdoutLine: {'line': b'-- Symlinking: /home/avcpp/AV-CPP2025/Vehicle/install/vehicle_core/local/lib/python3.10/dist-packages/vehicle_core/msg/_server_init.py\n'}
[68.339473] (vehicle_core) StdoutLine: {'line': b'-- Symlinking: /home/avcpp/AV-CPP2025/Vehicle/install/vehicle_core/local/lib/python3.10/dist-packages/vehicle_core/msg/_server_init_s.c\n'}
[68.351040] (vehicle_core) StdoutLine: {'line': b'-- Symlinking: /home/avcpp/AV-CPP2025/Vehicle/install/vehicle_core/local/lib/python3.10/dist-packages/vehicle_core/msg/_state_event.py\n'}
[68.363032] (vehicle_core) StdoutLine: {'line': b'-- Symlinking: /home/avcpp/AV-CPP2025/Vehicle/install/vehicle_core/local/lib/python3.10/dist-packages/vehicle_core/msg/_state_event_s.c\n'}
[68.389160] (vehicle_core) StdoutLine: {'line': b'-- Symlinking: /home/avcpp/AV-CPP2025/Vehicle/install/vehicle_core/local/lib/python3.10/dist-packages/vehicle_core/msg/_state_mode.py\n'}
[68.409612] (-) TimerEvent: {}
[68.415124] (vehicle_core) StdoutLine: {'line': b'-- Symlinking: /home/avcpp/AV-CPP2025/Vehicle/install/vehicle_core/local/lib/python3.10/dist-packages/vehicle_core/msg/_state_mode_s.c\n'}
[68.442478] (vehicle_core) StdoutLine: {'line': b'-- Symlinking: /home/avcpp/AV-CPP2025/Vehicle/install/vehicle_core/local/lib/python3.10/dist-packages/vehicle_core/msg/_telemetry_data.py\n'}
[68.469324] (vehicle_core) StdoutLine: {'line': b'-- Symlinking: /home/avcpp/AV-CPP2025/Vehicle/install/vehicle_core/local/lib/python3.10/dist-packages/vehicle_core/msg/_telemetry_data_s.c\n'}
[68.491045] (vehicle_core) StdoutLine: {'line': b'-- Symlinking: /home/avcpp/AV-CPP2025/Vehicle/install/vehicle_core/local/lib/python3.10/dist-packages/vehicle_core/srv/__init__.py\n'}
[68.509840] (-) TimerEvent: {}
[68.517916] (vehicle_core) StdoutLine: {'line': b'-- Symlinking: /home/avcpp/AV-CPP2025/Vehicle/install/vehicle_core/local/lib/python3.10/dist-packages/vehicle_core/srv/_set_autopilot_profile.py\n'}
[68.544890] (vehicle_core) StdoutLine: {'line': b'-- Symlinking: /home/avcpp/AV-CPP2025/Vehicle/install/vehicle_core/local/lib/python3.10/dist-packages/vehicle_core/srv/_set_autopilot_profile_s.c\n'}
[68.571130] (vehicle_core) StdoutLine: {'line': b'-- Symlinking: /home/avcpp/AV-CPP2025/Vehicle/install/vehicle_core/local/lib/python3.10/dist-packages/vehicle_core/vehicle_core_s__rosidl_typesupport_c.cpython-310-aarch64-linux-gnu.so\n'}
[68.594408] (vehicle_core) StdoutLine: {'line': b'-- Symlinking: /home/avcpp/AV-CPP2025/Vehicle/install/vehicle_core/local/lib/python3.10/dist-packages/vehicle_core/vehicle_core_s__rosidl_typesupport_fastrtps_c.cpython-310-aarch64-linux-gnu.so\n'}
[68.610069] (-) TimerEvent: {}
[68.620826] (vehicle_core) StdoutLine: {'line': b'-- Symlinking: /home/avcpp/AV-CPP2025/Vehicle/install/vehicle_core/local/lib/python3.10/dist-packages/vehicle_core/vehicle_core_s__rosidl_typesupport_introspection_c.cpython-310-aarch64-linux-gnu.so\n'}
[68.649291] (vehicle_core) StdoutLine: {'line': b'-- Up-to-date symlink: /home/avcpp/AV-CPP2025/Vehicle/install/vehicle_core/local/lib/python3.10/dist-packages/vehicle_core/vehicle_core_s__rosidl_typesupport_fastrtps_c.cpython-310-aarch64-linux-gnu.so\n'}
[68.650299] (vehicle_core) StdoutLine: {'line': b'-- Up-to-date symlink: /home/avcpp/AV-CPP2025/Vehicle/install/vehicle_core/local/lib/python3.10/dist-packages/vehicle_core/vehicle_core_s__rosidl_typesupport_introspection_c.cpython-310-aarch64-linux-gnu.so\n'}
[68.651023] (vehicle_core) StdoutLine: {'line': b'-- Up-to-date symlink: /home/avcpp/AV-CPP2025/Vehicle/install/vehicle_core/local/lib/python3.10/dist-packages/vehicle_core/vehicle_core_s__rosidl_typesupport_c.cpython-310-aarch64-linux-gnu.so\n'}
[68.651842] (vehicle_core) StdoutLine: {'line': b'-- Symlinking: /home/avcpp/AV-CPP2025/Vehicle/install/vehicle_core/share/vehicle_core/msg/DriveTarget.idl\n'}
[68.679452] (vehicle_core) StdoutLine: {'line': b'-- Symlinking: /home/avcpp/AV-CPP2025/Vehicle/install/vehicle_core/share/vehicle_core/msg/AutopilotDriveCommand.idl\n'}
[68.704875] (vehicle_core) StdoutLine: {'line': b'-- Symlinking: /home/avcpp/AV-CPP2025/Vehicle/install/vehicle_core/share/vehicle_core/msg/ManualDriveCommand.idl\n'}
[68.710265] (-) TimerEvent: {}
[68.731954] (vehicle_core) StdoutLine: {'line': b'-- Symlinking: /home/avcpp/AV-CPP2025/Vehicle/install/vehicle_core/share/vehicle_core/msg/LightsCommand.idl\n'}
[68.759342] (vehicle_core) StdoutLine: {'line': b'-- Symlinking: /home/avcpp/AV-CPP2025/Vehicle/install/vehicle_core/share/vehicle_core/msg/MaxSpeed.idl\n'}
[68.779190] (vehicle_core) StdoutLine: {'line': b'-- Symlinking: /home/avcpp/AV-CPP2025/Vehicle/install/vehicle_core/share/vehicle_core/msg/AutopilotCommand.idl\n'}
[68.806064] (vehicle_core) StdoutLine: {'line': b'-- Symlinking: /home/avcpp/AV-CPP2025/Vehicle/install/vehicle_core/share/vehicle_core/msg/LightsStatus.idl\n'}
[68.810395] (-) TimerEvent: {}
[68.829455] (vehicle_core) StdoutLine: {'line': b'-- Symlinking: /home/avcpp/AV-CPP2025/Vehicle/install/vehicle_core/share/vehicle_core/msg/GeneralStatus.idl\n'}
[68.841590] (vehicle_core) StdoutLine: {'line': b'-- Symlinking: /home/avcpp/AV-CPP2025/Vehicle/install/vehicle_core/share/vehicle_core/msg/DriveStatus.idl\n'}
[68.870156] (vehicle_core) StdoutLine: {'line': b'-- Symlinking: /home/avcpp/AV-CPP2025/Vehicle/install/vehicle_core/share/vehicle_core/msg/AutopilotStatus.idl\n'}
[68.896824] (vehicle_core) StdoutLine: {'line': b'-- Symlinking: /home/avcpp/AV-CPP2025/Vehicle/install/vehicle_core/share/vehicle_core/msg/TelemetryData.idl\n'}
[68.910627] (-) TimerEvent: {}
[68.921334] (vehicle_core) StdoutLine: {'line': b'-- Symlinking: /home/avcpp/AV-CPP2025/Vehicle/install/vehicle_core/share/vehicle_core/msg/Error.idl\n'}
[68.947688] (vehicle_core) StdoutLine: {'line': b'-- Symlinking: /home/avcpp/AV-CPP2025/Vehicle/install/vehicle_core/share/vehicle_core/msg/ServerInit.idl\n'}
[68.974494] (vehicle_core) StdoutLine: {'line': b'-- Symlinking: /home/avcpp/AV-CPP2025/Vehicle/install/vehicle_core/share/vehicle_core/msg/AutopilotConfig.idl\n'}
[68.998369] (vehicle_core) StdoutLine: {'line': b'-- Symlinking: /home/avcpp/AV-CPP2025/Vehicle/install/vehicle_core/share/vehicle_core/msg/PerceptionProfile.idl\n'}
[69.009951] (vehicle_core) StdoutLine: {'line': b'-- Symlinking: /home/avcpp/AV-CPP2025/Vehicle/install/vehicle_core/share/vehicle_core/msg/StateMode.idl\n'}
[69.010725] (-) TimerEvent: {}
[69.022859] (vehicle_core) StdoutLine: {'line': b'-- Symlinking: /home/avcpp/AV-CPP2025/Vehicle/install/vehicle_core/share/vehicle_core/msg/StateEvent.idl\n'}
[69.035488] (vehicle_core) StdoutLine: {'line': b'-- Symlinking: /home/avcpp/AV-CPP2025/Vehicle/install/vehicle_core/share/vehicle_core/msg/DriveFeedback.idl\n'}
[69.063591] (vehicle_core) StdoutLine: {'line': b'-- Symlinking: /home/avcpp/AV-CPP2025/Vehicle/install/vehicle_core/share/vehicle_core/srv/SetAutopilotProfile.idl\n'}
[69.089743] (vehicle_core) StdoutLine: {'line': b'-- Symlinking: /home/avcpp/AV-CPP2025/Vehicle/install/vehicle_core/share/vehicle_core/msg/DriveTarget.msg\n'}
[69.110943] (-) TimerEvent: {}
[69.117423] (vehicle_core) StdoutLine: {'line': b'-- Symlinking: /home/avcpp/AV-CPP2025/Vehicle/install/vehicle_core/share/vehicle_core/msg/AutopilotDriveCommand.msg\n'}
[69.143453] (vehicle_core) StdoutLine: {'line': b'-- Symlinking: /home/avcpp/AV-CPP2025/Vehicle/install/vehicle_core/share/vehicle_core/msg/ManualDriveCommand.msg\n'}
[69.185245] (vehicle_core) StdoutLine: {'line': b'-- Symlinking: /home/avcpp/AV-CPP2025/Vehicle/install/vehicle_core/share/vehicle_core/msg/LightsCommand.msg\n'}
[69.211102] (-) TimerEvent: {}
[69.211677] (vehicle_core) StdoutLine: {'line': b'-- Symlinking: /home/avcpp/AV-CPP2025/Vehicle/install/vehicle_core/share/vehicle_core/msg/MaxSpeed.msg\n'}
[69.238775] (vehicle_core) StdoutLine: {'line': b'-- Symlinking: /home/avcpp/AV-CPP2025/Vehicle/install/vehicle_core/share/vehicle_core/msg/AutopilotCommand.msg\n'}
[69.263609] (vehicle_core) StdoutLine: {'line': b'-- Symlinking: /home/avcpp/AV-CPP2025/Vehicle/install/vehicle_core/share/vehicle_core/msg/LightsStatus.msg\n'}
[69.290387] (vehicle_core) StdoutLine: {'line': b'-- Symlinking: /home/avcpp/AV-CPP2025/Vehicle/install/vehicle_core/share/vehicle_core/msg/GeneralStatus.msg\n'}
[69.309698] (vehicle_core) StdoutLine: {'line': b'-- Symlinking: /home/avcpp/AV-CPP2025/Vehicle/install/vehicle_core/share/vehicle_core/msg/DriveStatus.msg\n'}
[69.311227] (-) TimerEvent: {}
[69.336862] (vehicle_core) StdoutLine: {'line': b'-- Symlinking: /home/avcpp/AV-CPP2025/Vehicle/install/vehicle_core/share/vehicle_core/msg/AutopilotStatus.msg\n'}
[69.359041] (vehicle_core) StdoutLine: {'line': b'-- Symlinking: /home/avcpp/AV-CPP2025/Vehicle/install/vehicle_core/share/vehicle_core/msg/TelemetryData.msg\n'}
[69.371097] (vehicle_core) StdoutLine: {'line': b'-- Symlinking: /home/avcpp/AV-CPP2025/Vehicle/install/vehicle_core/share/vehicle_core/msg/Error.msg\n'}
[69.401308] (vehicle_core) StdoutLine: {'line': b'-- Symlinking: /home/avcpp/AV-CPP2025/Vehicle/install/vehicle_core/share/vehicle_core/msg/ServerInit.msg\n'}
[69.411501] (-) TimerEvent: {}
[69.428842] (vehicle_core) StdoutLine: {'line': b'-- Symlinking: /home/avcpp/AV-CPP2025/Vehicle/install/vehicle_core/share/vehicle_core/msg/AutopilotConfig.msg\n'}
[69.461830] (vehicle_core) StdoutLine: {'line': b'-- Symlinking: /home/avcpp/AV-CPP2025/Vehicle/install/vehicle_core/share/vehicle_core/msg/PerceptionProfile.msg\n'}
[69.489096] (vehicle_core) StdoutLine: {'line': b'-- Symlinking: /home/avcpp/AV-CPP2025/Vehicle/install/vehicle_core/share/vehicle_core/msg/StateMode.msg\n'}
[69.511689] (-) TimerEvent: {}
[69.516817] (vehicle_core) StdoutLine: {'line': b'-- Symlinking: /home/avcpp/AV-CPP2025/Vehicle/install/vehicle_core/share/vehicle_core/msg/StateEvent.msg\n'}
[69.543490] (vehicle_core) StdoutLine: {'line': b'-- Symlinking: /home/avcpp/AV-CPP2025/Vehicle/install/vehicle_core/share/vehicle_core/msg/DriveFeedback.msg\n'}
[69.569842] (vehicle_core) StdoutLine: {'line': b'-- Symlinking: /home/avcpp/AV-CPP2025/Vehicle/install/vehicle_core/share/vehicle_core/srv/SetAutopilotProfile.srv\n'}
[69.596422] (vehicle_core) StdoutLine: {'line': b'-- Symlinking: /home/avcpp/AV-CPP2025/Vehicle/install/vehicle_core/share/vehicle_core/srv/SetAutopilotProfile_Request.msg\n'}
[69.611987] (-) TimerEvent: {}
[69.623886] (vehicle_core) StdoutLine: {'line': b'-- Symlinking: /home/avcpp/AV-CPP2025/Vehicle/install/vehicle_core/share/vehicle_core/srv/SetAutopilotProfile_Response.msg\n'}
[69.652948] (vehicle_core) StdoutLine: {'line': b'-- Symlinking: /home/avcpp/AV-CPP2025/Vehicle/install/vehicle_core/include/vehicle_core/drive_arbiter_node.hpp\n'}
[69.680496] (vehicle_core) StdoutLine: {'line': b'-- Symlinking: /home/avcpp/AV-CPP2025/Vehicle/install/vehicle_core/include/vehicle_core/gst_camera_node.hpp\n'}
[69.703227] (vehicle_core) StdoutLine: {'line': b'-- Symlinking: /home/avcpp/AV-CPP2025/Vehicle/install/vehicle_core/include/vehicle_core/i2c_bridge_node.hpp\n'}
[69.712145] (-) TimerEvent: {}
[69.728711] (vehicle_core) StdoutLine: {'line': b'-- Symlinking: /home/avcpp/AV-CPP2025/Vehicle/install/vehicle_core/include/vehicle_core/state_manager.hpp\n'}
[69.755417] (vehicle_core) StdoutLine: {'line': b'-- Symlinking: /home/avcpp/AV-CPP2025/Vehicle/install/vehicle_core/include/vehicle_core/tcp_server_node.hpp\n'}
[69.783521] (vehicle_core) StdoutLine: {'line': b'-- Symlinking: /home/avcpp/AV-CPP2025/Vehicle/install/vehicle_core/lib/libstate_manager_node_component.so\n'}
[69.805604] (vehicle_core) StdoutLine: {'line': b'-- Symlinking: /home/avcpp/AV-CPP2025/Vehicle/install/vehicle_core/lib/libdrive_arbiter_node_component.so\n'}
[69.812218] (-) TimerEvent: {}
[69.818567] (vehicle_core) StdoutLine: {'line': b'-- Symlinking: /home/avcpp/AV-CPP2025/Vehicle/install/vehicle_core/lib/libtcp_server_node_component.so\n'}
[69.842162] (vehicle_core) StdoutLine: {'line': b'-- Symlinking: /home/avcpp/AV-CPP2025/Vehicle/install/vehicle_core/lib/libi2c_bridge_node.so\n'}
[69.855295] (vehicle_core) StdoutLine: {'line': b'-- Symlinking: /home/avcpp/AV-CPP2025/Vehicle/install/vehicle_core/lib/libgst_camera_component.so\n'}
[69.869327] (vehicle_core) StdoutLine: {'line': b'-- Symlinking: /home/avcpp/AV-CPP2025/Vehicle/install/vehicle_core/lib/vehicle_core/vehicle_core_container\n'}
[69.883716] (vehicle_core) StdoutLine: {'line': b'-- Symlinking: /home/avcpp/AV-CPP2025/Vehicle/install/vehicle_core/share/vehicle_core/cfg/camera_gscam.yaml\n'}
[69.905407] (vehicle_core) StdoutLine: {'line': b'-- Symlinking: /home/avcpp/AV-CPP2025/Vehicle/install/vehicle_core/share/vehicle_core/cfg/drive_arbiter.yaml\n'}
[69.912316] (-) TimerEvent: {}
[69.918105] (vehicle_core) StdoutLine: {'line': b'-- Symlinking: /home/avcpp/AV-CPP2025/Vehicle/install/vehicle_core/share/vehicle_core/cfg/i2c_bridge.yaml\n'}
[69.930484] (vehicle_core) StdoutLine: {'line': b'-- Symlinking: /home/avcpp/AV-CPP2025/Vehicle/install/vehicle_core/share/vehicle_core/cfg/state_manager.yaml\n'}
[69.958977] (vehicle_core) StdoutLine: {'line': b'-- Symlinking: /home/avcpp/AV-CPP2025/Vehicle/install/vehicle_core/share/vehicle_core/launch/bringup.launch.py\n'}
[69.986034] (vehicle_core) StdoutLine: {'line': b'-- Symlinking: /home/avcpp/AV-CPP2025/Vehicle/install/vehicle_core/share/ament_index/resource_index/package_run_dependencies/vehicle_core\n'}
[70.011310] (vehicle_core) StdoutLine: {'line': b'-- Symlinking: /home/avcpp/AV-CPP2025/Vehicle/install/vehicle_core/share/ament_index/resource_index/parent_prefix_path/vehicle_core\n'}
[70.012386] (-) TimerEvent: {}
[70.023827] (vehicle_core) StdoutLine: {'line': b'-- Symlinking: /home/avcpp/AV-CPP2025/Vehicle/install/vehicle_core/share/vehicle_core/environment/ament_prefix_path.sh\n'}
[70.050170] (vehicle_core) StdoutLine: {'line': b'-- Symlinking: /home/avcpp/AV-CPP2025/Vehicle/install/vehicle_core/share/vehicle_core/environment/ament_prefix_path.dsv\n'}
[70.062719] (vehicle_core) StdoutLine: {'line': b'-- Symlinking: /home/avcpp/AV-CPP2025/Vehicle/install/vehicle_core/share/vehicle_core/environment/path.sh\n'}
[70.075821] (vehicle_core) StdoutLine: {'line': b'-- Symlinking: /home/avcpp/AV-CPP2025/Vehicle/install/vehicle_core/share/vehicle_core/environment/path.dsv\n'}
[70.088469] (vehicle_core) StdoutLine: {'line': b'-- Symlinking: /home/avcpp/AV-CPP2025/Vehicle/install/vehicle_core/share/vehicle_core/local_setup.bash\n'}
[70.101234] (vehicle_core) StdoutLine: {'line': b'-- Symlinking: /home/avcpp/AV-CPP2025/Vehicle/install/vehicle_core/share/vehicle_core/local_setup.sh\n'}
[70.112721] (-) TimerEvent: {}
[70.127507] (vehicle_core) StdoutLine: {'line': b'-- Symlinking: /home/avcpp/AV-CPP2025/Vehicle/install/vehicle_core/share/vehicle_core/local_setup.zsh\n'}
[70.150223] (vehicle_core) StdoutLine: {'line': b'-- Symlinking: /home/avcpp/AV-CPP2025/Vehicle/install/vehicle_core/share/vehicle_core/local_setup.dsv\n'}
[70.162411] (vehicle_core) StdoutLine: {'line': b'-- Symlinking: /home/avcpp/AV-CPP2025/Vehicle/install/vehicle_core/share/vehicle_core/package.dsv\n'}
[70.189045] (vehicle_core) StdoutLine: {'line': b'-- Symlinking: /home/avcpp/AV-CPP2025/Vehicle/install/vehicle_core/share/ament_index/resource_index/packages/vehicle_core\n'}
[70.212893] (-) TimerEvent: {}
[70.213711] (vehicle_core) StdoutLine: {'line': b'-- Symlinking: /home/avcpp/AV-CPP2025/Vehicle/install/vehicle_core/share/ament_index/resource_index/rclcpp_components/vehicle_core\n'}
[70.227454] (vehicle_core) StdoutLine: {'line': b'-- Symlinking: /home/avcpp/AV-CPP2025/Vehicle/install/vehicle_core/share/vehicle_core/cmake/rosidl_cmake-extras.cmake\n'}
[70.240682] (vehicle_core) StdoutLine: {'line': b'-- Symlinking: /home/avcpp/AV-CPP2025/Vehicle/install/vehicle_core/share/vehicle_core/cmake/ament_cmake_export_dependencies-extras.cmake\n'}
[70.253614] (vehicle_core) StdoutLine: {'line': b'-- Symlinking: /home/avcpp/AV-CPP2025/Vehicle/install/vehicle_core/share/vehicle_core/cmake/ament_cmake_export_include_directories-extras.cmake\n'}
[70.265088] (vehicle_core) StdoutLine: {'line': b'-- Symlinking: /home/avcpp/AV-CPP2025/Vehicle/install/vehicle_core/share/vehicle_core/cmake/ament_cmake_export_libraries-extras.cmake\n'}
[70.277097] (vehicle_core) StdoutLine: {'line': b'-- Symlinking: /home/avcpp/AV-CPP2025/Vehicle/install/vehicle_core/share/vehicle_core/cmake/ament_cmake_export_targets-extras.cmake\n'}
[70.288235] (vehicle_core) StdoutLine: {'line': b'-- Symlinking: /home/avcpp/AV-CPP2025/Vehicle/install/vehicle_core/share/vehicle_core/cmake/rosidl_cmake_export_typesupport_targets-extras.cmake\n'}
[70.299319] (vehicle_core) StdoutLine: {'line': b'-- Symlinking: /home/avcpp/AV-CPP2025/Vehicle/install/vehicle_core/share/vehicle_core/cmake/rosidl_cmake_export_typesupport_libraries-extras.cmake\n'}
[70.310071] (vehicle_core) StdoutLine: {'line': b'-- Symlinking: /home/avcpp/AV-CPP2025/Vehicle/install/vehicle_core/share/vehicle_core/cmake/vehicle_coreConfig.cmake\n'}
[70.312981] (-) TimerEvent: {}
[70.335350] (vehicle_core) StdoutLine: {'line': b'-- Symlinking: /home/avcpp/AV-CPP2025/Vehicle/install/vehicle_core/share/vehicle_core/cmake/vehicle_coreConfig-version.cmake\n'}
[70.348917] (vehicle_core) StdoutLine: {'line': b'-- Symlinking: /home/avcpp/AV-CPP2025/Vehicle/install/vehicle_core/share/vehicle_core/package.xml\n'}
[70.373737] (vehicle_core) StdoutLine: {'line': b'-- Installing: /home/avcpp/AV-CPP2025/Vehicle/install/vehicle_core/lib/libvehicle_core__rosidl_generator_c.so\n'}
[70.374580] (vehicle_core) StdoutLine: {'line': b'-- Set runtime path of "/home/avcpp/AV-CPP2025/Vehicle/install/vehicle_core/lib/libvehicle_core__rosidl_generator_c.so" to ""\n'}
[70.375546] (vehicle_core) StdoutLine: {'line': b'-- Installing: /home/avcpp/AV-CPP2025/Vehicle/install/vehicle_core/lib/libvehicle_core__rosidl_typesupport_fastrtps_c.so\n'}
[70.376510] (vehicle_core) StdoutLine: {'line': b'-- Set runtime path of "/home/avcpp/AV-CPP2025/Vehicle/install/vehicle_core/lib/libvehicle_core__rosidl_typesupport_fastrtps_c.so" to ""\n'}
[70.377062] (vehicle_core) StdoutLine: {'line': b'-- Installing: /home/avcpp/AV-CPP2025/Vehicle/install/vehicle_core/lib/libvehicle_core__rosidl_typesupport_fastrtps_cpp.so\n'}
[70.377564] (vehicle_core) StdoutLine: {'line': b'-- Set runtime path of "/home/avcpp/AV-CPP2025/Vehicle/install/vehicle_core/lib/libvehicle_core__rosidl_typesupport_fastrtps_cpp.so" to ""\n'}
[70.378011] (vehicle_core) StdoutLine: {'line': b'-- Installing: /home/avcpp/AV-CPP2025/Vehicle/install/vehicle_core/lib/libvehicle_core__rosidl_typesupport_introspection_c.so\n'}
[70.378404] (vehicle_core) StdoutLine: {'line': b'-- Set runtime path of "/home/avcpp/AV-CPP2025/Vehicle/install/vehicle_core/lib/libvehicle_core__rosidl_typesupport_introspection_c.so" to ""\n'}
[70.378750] (vehicle_core) StdoutLine: {'line': b'-- Installing: /home/avcpp/AV-CPP2025/Vehicle/install/vehicle_core/lib/libvehicle_core__rosidl_typesupport_c.so\n'}
[70.379079] (vehicle_core) StdoutLine: {'line': b'-- Set runtime path of "/home/avcpp/AV-CPP2025/Vehicle/install/vehicle_core/lib/libvehicle_core__rosidl_typesupport_c.so" to ""\n'}
[70.379405] (vehicle_core) StdoutLine: {'line': b'-- Installing: /home/avcpp/AV-CPP2025/Vehicle/install/vehicle_core/lib/libvehicle_core__rosidl_typesupport_introspection_cpp.so\n'}
[70.379731] (vehicle_core) StdoutLine: {'line': b'-- Set runtime path of "/home/avcpp/AV-CPP2025/Vehicle/install/vehicle_core/lib/libvehicle_core__rosidl_typesupport_introspection_cpp.so" to ""\n'}
[70.380088] (vehicle_core) StdoutLine: {'line': b'-- Installing: /home/avcpp/AV-CPP2025/Vehicle/install/vehicle_core/lib/libvehicle_core__rosidl_typesupport_cpp.so\n'}
[70.380419] (vehicle_core) StdoutLine: {'line': b'-- Set runtime path of "/home/avcpp/AV-CPP2025/Vehicle/install/vehicle_core/lib/libvehicle_core__rosidl_typesupport_cpp.so" to ""\n'}
[70.413152] (-) TimerEvent: {}
[70.448870] (vehicle_core) StdoutLine: {'line': b"Listing '/home/avcpp/AV-CPP2025/Vehicle/install/vehicle_core/local/lib/python3.10/dist-packages/vehicle_core'...\n"}
[70.449550] (vehicle_core) StdoutLine: {'line': b"Compiling '/home/avcpp/AV-CPP2025/Vehicle/install/vehicle_core/local/lib/python3.10/dist-packages/vehicle_core/__init__.py'...\n"}
[70.449966] (vehicle_core) StdoutLine: {'line': b"Listing '/home/avcpp/AV-CPP2025/Vehicle/install/vehicle_core/local/lib/python3.10/dist-packages/vehicle_core/msg'...\n"}
[70.450326] (vehicle_core) StdoutLine: {'line': b"Compiling '/home/avcpp/AV-CPP2025/Vehicle/install/vehicle_core/local/lib/python3.10/dist-packages/vehicle_core/msg/__init__.py'...\n"}
[70.450667] (vehicle_core) StdoutLine: {'line': b"Compiling '/home/avcpp/AV-CPP2025/Vehicle/install/vehicle_core/local/lib/python3.10/dist-packages/vehicle_core/msg/_autopilot_command.py'...\n"}
[70.451001] (vehicle_core) StdoutLine: {'line': b"Compiling '/home/avcpp/AV-CPP2025/Vehicle/install/vehicle_core/local/lib/python3.10/dist-packages/vehicle_core/msg/_autopilot_config.py'...\n"}
[70.451331] (vehicle_core) StdoutLine: {'line': b"Compiling '/home/avcpp/AV-CPP2025/Vehicle/install/vehicle_core/local/lib/python3.10/dist-packages/vehicle_core/msg/_autopilot_drive_command.py'...\n"}
[70.451726] (vehicle_core) StdoutLine: {'line': b"Compiling '/home/avcpp/AV-CPP2025/Vehicle/install/vehicle_core/local/lib/python3.10/dist-packages/vehicle_core/msg/_autopilot_status.py'...\n"}
[70.452069] (vehicle_core) StdoutLine: {'line': b"Compiling '/home/avcpp/AV-CPP2025/Vehicle/install/vehicle_core/local/lib/python3.10/dist-packages/vehicle_core/msg/_drive_feedback.py'...\n"}
[70.452454] (vehicle_core) StdoutLine: {'line': b"Compiling '/home/avcpp/AV-CPP2025/Vehicle/install/vehicle_core/local/lib/python3.10/dist-packages/vehicle_core/msg/_drive_status.py'...\n"}
[70.452799] (vehicle_core) StdoutLine: {'line': b"Compiling '/home/avcpp/AV-CPP2025/Vehicle/install/vehicle_core/local/lib/python3.10/dist-packages/vehicle_core/msg/_drive_target.py'...\n"}
[70.453151] (vehicle_core) StdoutLine: {'line': b"Compiling '/home/avcpp/AV-CPP2025/Vehicle/install/vehicle_core/local/lib/python3.10/dist-packages/vehicle_core/msg/_error.py'...\n"}
[70.453480] (vehicle_core) StdoutLine: {'line': b"Compiling '/home/avcpp/AV-CPP2025/Vehicle/install/vehicle_core/local/lib/python3.10/dist-packages/vehicle_core/msg/_general_status.py'...\n"}
[70.453803] (vehicle_core) StdoutLine: {'line': b"Compiling '/home/avcpp/AV-CPP2025/Vehicle/install/vehicle_core/local/lib/python3.10/dist-packages/vehicle_core/msg/_lights_command.py'...\n"}
[70.454126] (vehicle_core) StdoutLine: {'line': b"Compiling '/home/avcpp/AV-CPP2025/Vehicle/install/vehicle_core/local/lib/python3.10/dist-packages/vehicle_core/msg/_lights_status.py'...\n"}
[70.454451] (vehicle_core) StdoutLine: {'line': b"Compiling '/home/avcpp/AV-CPP2025/Vehicle/install/vehicle_core/local/lib/python3.10/dist-packages/vehicle_core/msg/_manual_drive_command.py'...\n"}
[70.454814] (vehicle_core) StdoutLine: {'line': b"Compiling '/home/avcpp/AV-CPP2025/Vehicle/install/vehicle_core/local/lib/python3.10/dist-packages/vehicle_core/msg/_max_speed.py'...\n"}
[70.455164] (vehicle_core) StdoutLine: {'line': b"Compiling '/home/avcpp/AV-CPP2025/Vehicle/install/vehicle_core/local/lib/python3.10/dist-packages/vehicle_core/msg/_perception_profile.py'...\n"}
[70.455492] (vehicle_core) StdoutLine: {'line': b"Compiling '/home/avcpp/AV-CPP2025/Vehicle/install/vehicle_core/local/lib/python3.10/dist-packages/vehicle_core/msg/_server_init.py'...\n"}
[70.455816] (vehicle_core) StdoutLine: {'line': b"Compiling '/home/avcpp/AV-CPP2025/Vehicle/install/vehicle_core/local/lib/python3.10/dist-packages/vehicle_core/msg/_state_event.py'...\n"}
[70.456176] (vehicle_core) StdoutLine: {'line': b"Compiling '/home/avcpp/AV-CPP2025/Vehicle/install/vehicle_core/local/lib/python3.10/dist-packages/vehicle_core/msg/_state_mode.py'...\n"}
[70.456503] (vehicle_core) StdoutLine: {'line': b"Compiling '/home/avcpp/AV-CPP2025/Vehicle/install/vehicle_core/local/lib/python3.10/dist-packages/vehicle_core/msg/_telemetry_data.py'...\n"}
[70.456951] (vehicle_core) StdoutLine: {'line': b"Listing '/home/avcpp/AV-CPP2025/Vehicle/install/vehicle_core/local/lib/python3.10/dist-packages/vehicle_core/srv'...\n"}
[70.457304] (vehicle_core) StdoutLine: {'line': b"Compiling '/home/avcpp/AV-CPP2025/Vehicle/install/vehicle_core/local/lib/python3.10/dist-packages/vehicle_core/srv/__init__.py'...\n"}
[70.457695] (vehicle_core) StdoutLine: {'line': b"Compiling '/home/avcpp/AV-CPP2025/Vehicle/install/vehicle_core/local/lib/python3.10/dist-packages/vehicle_core/srv/_set_autopilot_profile.py'...\n"}
[70.458182] (vehicle_core) StdoutLine: {'line': b'-- Installing: /home/avcpp/AV-CPP2025/Vehicle/install/vehicle_core/lib/libvehicle_core__rosidl_generator_py.so\n'}
[70.458571] (vehicle_core) StdoutLine: {'line': b'-- Set runtime path of "/home/avcpp/AV-CPP2025/Vehicle/install/vehicle_core/lib/libvehicle_core__rosidl_generator_py.so" to ""\n'}
[70.458930] (vehicle_core) StdoutLine: {'line': b'-- Installing: /home/avcpp/AV-CPP2025/Vehicle/install/vehicle_core/share/vehicle_core/cmake/export_vehicle_core__rosidl_generator_cExport.cmake\n'}
[70.459497] (vehicle_core) StdoutLine: {'line': b'-- Installing: /home/avcpp/AV-CPP2025/Vehicle/install/vehicle_core/share/vehicle_core/cmake/export_vehicle_core__rosidl_generator_cExport-noconfig.cmake\n'}
[70.459915] (vehicle_core) StdoutLine: {'line': b'-- Installing: /home/avcpp/AV-CPP2025/Vehicle/install/vehicle_core/share/vehicle_core/cmake/export_vehicle_core__rosidl_typesupport_fastrtps_cExport.cmake\n'}
[70.460247] (vehicle_core) StdoutLine: {'line': b'-- Installing: /home/avcpp/AV-CPP2025/Vehicle/install/vehicle_core/share/vehicle_core/cmake/export_vehicle_core__rosidl_typesupport_fastrtps_cExport-noconfig.cmake\n'}
[70.460574] (vehicle_core) StdoutLine: {'line': b'-- Installing: /home/avcpp/AV-CPP2025/Vehicle/install/vehicle_core/share/vehicle_core/cmake/export_vehicle_core__rosidl_generator_cppExport.cmake\n'}
[70.460899] (vehicle_core) StdoutLine: {'line': b'-- Installing: /home/avcpp/AV-CPP2025/Vehicle/install/vehicle_core/share/vehicle_core/cmake/export_vehicle_core__rosidl_typesupport_fastrtps_cppExport.cmake\n'}
[70.461228] (vehicle_core) StdoutLine: {'line': b'-- Installing: /home/avcpp/AV-CPP2025/Vehicle/install/vehicle_core/share/vehicle_core/cmake/export_vehicle_core__rosidl_typesupport_fastrtps_cppExport-noconfig.cmake\n'}
[70.461595] (vehicle_core) StdoutLine: {'line': b'-- Installing: /home/avcpp/AV-CPP2025/Vehicle/install/vehicle_core/share/vehicle_core/cmake/vehicle_core__rosidl_typesupport_introspection_cExport.cmake\n'}
[70.462234] (vehicle_core) StdoutLine: {'line': b'-- Installing: /home/avcpp/AV-CPP2025/Vehicle/install/vehicle_core/share/vehicle_core/cmake/vehicle_core__rosidl_typesupport_introspection_cExport-noconfig.cmake\n'}
[70.462957] (vehicle_core) StdoutLine: {'line': b'-- Installing: /home/avcpp/AV-CPP2025/Vehicle/install/vehicle_core/share/vehicle_core/cmake/vehicle_core__rosidl_typesupport_cExport.cmake\n'}
[70.464529] (vehicle_core) StdoutLine: {'line': b'-- Installing: /home/avcpp/AV-CPP2025/Vehicle/install/vehicle_core/share/vehicle_core/cmake/vehicle_core__rosidl_typesupport_cExport-noconfig.cmake\n'}
[70.465722] (vehicle_core) StdoutLine: {'line': b'-- Installing: /home/avcpp/AV-CPP2025/Vehicle/install/vehicle_core/share/vehicle_core/cmake/vehicle_core__rosidl_typesupport_introspection_cppExport.cmake\n'}
[70.466472] (vehicle_core) StdoutLine: {'line': b'-- Installing: /home/avcpp/AV-CPP2025/Vehicle/install/vehicle_core/share/vehicle_core/cmake/vehicle_core__rosidl_typesupport_introspection_cppExport-noconfig.cmake\n'}
[70.466694] (vehicle_core) StdoutLine: {'line': b'-- Installing: /home/avcpp/AV-CPP2025/Vehicle/install/vehicle_core/share/vehicle_core/cmake/vehicle_core__rosidl_typesupport_cppExport.cmake\n'}
[70.466800] (vehicle_core) StdoutLine: {'line': b'-- Installing: /home/avcpp/AV-CPP2025/Vehicle/install/vehicle_core/share/vehicle_core/cmake/vehicle_core__rosidl_typesupport_cppExport-noconfig.cmake\n'}
[70.466904] (vehicle_core) StdoutLine: {'line': b'-- Installing: /home/avcpp/AV-CPP2025/Vehicle/install/vehicle_core/share/vehicle_core/cmake/export_vehicle_core__rosidl_generator_pyExport.cmake\n'}
[70.467006] (vehicle_core) StdoutLine: {'line': b'-- Installing: /home/avcpp/AV-CPP2025/Vehicle/install/vehicle_core/share/vehicle_core/cmake/export_vehicle_core__rosidl_generator_pyExport-noconfig.cmake\n'}
[70.467109] (vehicle_core) CommandEnded: {'returncode': 0}
[70.514680] (-) TimerEvent: {}
[70.561094] (vehicle_core) JobEnded: {'identifier': 'vehicle_core', 'rc': 0}
[70.563083] (-) EventReactorShutdown: {}
