[0.000000] (-) TimerEvent: {}
[0.001420] (vehicle_core) JobQueued: {'identifier': 'vehicle_core', 'dependencies': OrderedDict()}
[0.002173] (vehicle_core) JobStarted: {'identifier': 'vehicle_core'}
[0.015203] (vehicle_core) JobProgress: {'identifier': 'vehicle_core', 'progress': 'cmake'}
[0.017911] (vehicle_core) JobProgress: {'identifier': 'vehicle_core', 'progress': 'build'}
[0.018746] (vehicle_core) Command: {'cmd': ['/usr/bin/cmake', '--build', '/home/avcpp/AV-CPP2025/Vehicle/build/vehicle_core', '--', '-j8', '-l8'], 'cwd': '/home/avcpp/AV-CPP2025/Vehicle/build/vehicle_core', 'env': OrderedDict([('PYTHON_BASIC_REPL', '1'), ('LESSOPEN', '| /usr/bin/lesspipe %s'), ('UMS_MOUNTPOINT', '/mnt/ums'), ('GST_V4L2_PREFERRED_FOURCC', 'NV12:YU12:NV16:YUY2'), ('LANGUAGE', 'en_US.UTF-8'), ('USER', 'avcpp'), ('SSH_CLIENT', '192.168.8.103 12038 22'), ('XDG_SESSION_TYPE', 'tty'), ('GIT_ASKPASS', '/home/avcpp/.vscode-server/cli/servers/Stable-1e3c50d64110be466c0b4a45222e81d2c9352888/server/extensions/git/dist/askpass.sh'), ('SHLVL', '1'), ('USB_FUNCS', 'adb'), ('LD_LIBRARY_PATH', '/home/avcpp/AV-CPP2025/Vehicle/install/vehicle_core/lib:/opt/ros/humble/opt/rviz_ogre_vendor/lib:/opt/ros/humble/lib/aarch64-linux-gnu:/opt/ros/humble/lib'), ('BROWSER', '/home/avcpp/.vscode-server/cli/servers/Stable-1e3c50d64110be466c0b4a45222e81d2c9352888/server/bin/helpers/browser.sh'), ('MOTD_SHOWN', 'pam'), ('HOME', '/home/avcpp'), ('OLDPWD', '/home/avcpp/AV-CPP2025'), ('TERM_PROGRAM_VERSION', '1.106.2'), ('VSCODE_IPC_HOOK_CLI', '/run/user/1001/vscode-ipc-7b1c62ac-2958-4cd1-b38f-0b2fd408122d.sock'), ('GST_INSPECT_NO_COLORS', '1'), ('GST_MPP_NO_RGA', '1'), ('ROS_PYTHON_VERSION', '3'), ('COGL_DRIVER', 'gles2'), ('VSCODE_GIT_ASKPASS_MAIN', '/home/avcpp/.vscode-server/cli/servers/Stable-1e3c50d64110be466c0b4a45222e81d2c9352888/server/extensions/git/dist/askpass-main.js'), ('VSCODE_GIT_ASKPASS_NODE', '/home/avcpp/.vscode-server/cli/servers/Stable-1e3c50d64110be466c0b4a45222e81d2c9352888/server/node'), ('SSL_CERT_FILE', '/usr/lib/ssl/certs/ca-certificates.crt'), ('PYDEVD_DISABLE_FILE_VALIDATION', '1'), ('BUNDLED_DEBUGPY_PATH', '/home/avcpp/.vscode-server/extensions/ms-python.debugpy-2025.16.0/bundled/libs/debugpy'), ('VSCODE_PYTHON_AUTOACTIVATE_GUARD', '1'), ('DBUS_SESSION_BUS_ADDRESS', 'unix:path=/run/user/1001/bus'), ('COLORTERM', 'truecolor'), ('COLCON_PREFIX_PATH', '/home/avcpp/AV-CPP2025/Vehicle/install'), ('GST_V4L2SRC_MAX_RESOLUTION', '3840x2160'), ('ROS_DISTRO', 'humble'), ('LOGNAME', 'avcpp'), ('_', '/usr/bin/colcon'), ('ROS_VERSION', '2'), ('XDG_SESSION_CLASS', 'user'), ('TERM', 'xterm-256color'), ('GST_GL_API', 'gles2'), ('XDG_SESSION_ID', '5'), ('GST_VIDEO_CONVERT_PREFERRED_FORMAT', 'NV12:NV16:I420:YUY2'), ('GST_V4L2SRC_RK_DEVICES', '_mainpath:_selfpath:_bypass:_scale'), ('ROS_LOCALHOST_ONLY', '0'), ('PATH', '/home/avcpp/.vscode-server/data/User/globalStorage/github.copilot-chat/copilotCli:/home/avcpp/.vscode-server/data/User/globalStorage/github.copilot-chat/debugCommand:/home/avcpp/.vscode-server/cli/servers/Stable-1e3c50d64110be466c0b4a45222e81d2c9352888/server/bin/remote-cli:/home/avcpp/.local/bin:/opt/ros/humble/bin:/usr/local/sbin:/usr/local/bin:/usr/sbin:/usr/bin:/sbin:/bin:/usr/games:/usr/local/games:/snap/bin:/home/avcpp/.vscode-server/extensions/ms-python.debugpy-2025.16.0/bundled/scripts/noConfigScripts'), ('XDG_RUNTIME_DIR', '/run/user/1001'), ('GST_GL_PLATFORM', 'egl'), ('GST_DEBUG_NO_COLOR', '1'), ('SSL_CERT_DIR', '/usr/lib/ssl/certs'), ('GST_V4L2SRC_DEFAULT_DEVICE', '/dev/video-camera0'), ('DISPLAY', ':0'), ('VSCODE_DEBUGPY_ADAPTER_ENDPOINTS', '/home/avcpp/.vscode-server/extensions/ms-python.debugpy-2025.16.0/.noConfigDebugAdapterEndpoints/endpoint-ef25f7e9429dbf34.txt'), ('LANG', 'en_US.UTF-8'), ('PYTHONSTARTUP', '/home/avcpp/.vscode-server/data/User/workspaceStorage/da628a90441345ac74af00bc07084975/ms-python.python/pythonrc.py'), ('LS_COLORS', 'rs=0:di=01;34:ln=01;36:mh=00:pi=40;33:so=01;35:do=01;35:bd=40;33;01:cd=40;33;01:or=40;31;01:mi=00:su=37;41:sg=30;43:ca=30;41:tw=30;42:ow=34;42:st=37;44:ex=01;32:*.tar=01;31:*.tgz=01;31:*.arc=01;31:*.arj=01;31:*.taz=01;31:*.lha=01;31:*.lz4=01;31:*.lzh=01;31:*.lzma=01;31:*.tlz=01;31:*.txz=01;31:*.tzo=01;31:*.t7z=01;31:*.zip=01;31:*.z=01;31:*.dz=01;31:*.gz=01;31:*.lrz=01;31:*.lz=01;31:*.lzo=01;31:*.xz=01;31:*.zst=01;31:*.tzst=01;31:*.bz2=01;31:*.bz=01;31:*.tbz=01;31:*.tbz2=01;31:*.tz=01;31:*.deb=01;31:*.rpm=01;31:*.jar=01;31:*.war=01;31:*.ear=01;31:*.sar=01;31:*.rar=01;31:*.alz=01;31:*.ace=01;31:*.zoo=01;31:*.cpio=01;31:*.7z=01;31:*.rz=01;31:*.cab=01;31:*.wim=01;31:*.swm=01;31:*.dwm=01;31:*.esd=01;31:*.jpg=01;35:*.jpeg=01;35:*.mjpg=01;35:*.mjpeg=01;35:*.gif=01;35:*.bmp=01;35:*.pbm=01;35:*.pgm=01;35:*.ppm=01;35:*.tga=01;35:*.xbm=01;35:*.xpm=01;35:*.tif=01;35:*.tiff=01;35:*.png=01;35:*.svg=01;35:*.svgz=01;35:*.mng=01;35:*.pcx=01;35:*.mov=01;35:*.mpg=01;35:*.mpeg=01;35:*.m2v=01;35:*.mkv=01;35:*.webm=01;35:*.webp=01;35:*.ogm=01;35:*.mp4=01;35:*.m4v=01;35:*.mp4v=01;35:*.vob=01;35:*.qt=01;35:*.nuv=01;35:*.wmv=01;35:*.asf=01;35:*.rm=01;35:*.rmvb=01;35:*.flc=01;35:*.avi=01;35:*.fli=01;35:*.flv=01;35:*.gl=01;35:*.dl=01;35:*.xcf=01;35:*.xwd=01;35:*.yuv=01;35:*.cgm=01;35:*.emf=01;35:*.ogv=01;35:*.ogx=01;35:*.aac=00;36:*.au=00;36:*.flac=00;36:*.m4a=00;36:*.mid=00;36:*.midi=00;36:*.mka=00;36:*.mp3=00;36:*.mpc=00;36:*.ogg=00;36:*.ra=00;36:*.wav=00;36:*.oga=00;36:*.opus=00;36:*.spx=00;36:*.xspf=00;36:'), ('VSCODE_GIT_IPC_HANDLE', '/run/user/1001/vscode-git-c9ee365bab.sock'), ('TERM_PROGRAM', 'vscode'), ('GST_V4L2_USE_LIBV4L2', '1'), ('UMS_SIZE', '256M'), ('AMENT_PREFIX_PATH', '/home/avcpp/AV-CPP2025/Vehicle/install/vehicle_core:/opt/ros/humble'), ('LC_MESSAGES', 'en_US.UTF-8'), ('SHELL', '/bin/bash'), ('UMS_RO', '0'), ('LESSCLOSE', '/usr/bin/lesspipe %s %s'), ('UMS_FSTYPE', 'vfat'), ('VSCODE_GIT_ASKPASS_EXTRA_ARGS', ''), ('PWD', '/home/avcpp/AV-CPP2025/Vehicle/build/vehicle_core'), ('LC_ALL', 'en_US.UTF-8'), ('SSH_CONNECTION', '192.168.8.103 12038 192.168.8.176 22'), ('PYTHONPATH', '/home/avcpp/AV-CPP2025/Vehicle/install/vehicle_core/local/lib/python3.10/dist-packages:/opt/ros/humble/lib/python3.10/site-packages:/opt/ros/humble/local/lib/python3.10/dist-packages'), ('UMS_MOUNT', '0'), ('COLCON', '1'), ('CMAKE_PREFIX_PATH', '/home/avcpp/AV-CPP2025/Vehicle/install/vehicle_core:/opt/ros/humble'), ('UMS_FILE', '/userdata/ums_shared.img')]), 'shell': False}
[0.099601] (-) TimerEvent: {}
[0.200322] (-) TimerEvent: {}
[0.254620] (vehicle_core) StdoutLine: {'line': b'[  0%] Built target ament_cmake_python_symlink_vehicle_core\n'}
[0.269258] (vehicle_core) StdoutLine: {'line': b'[  0%] Built target vehicle_core__cpp\n'}
[0.275445] (vehicle_core) StdoutLine: {'line': b'[  1%] Built target vehicle_core_container\n'}
[0.294971] (vehicle_core) StdoutLine: {'line': b'[ 12%] Built target vehicle_core__rosidl_generator_c\n'}
[0.300580] (-) TimerEvent: {}
[0.354010] (vehicle_core) StdoutLine: {'line': b'[ 24%] Built target vehicle_core__rosidl_typesupport_introspection_cpp\n'}
[0.358506] (vehicle_core) StdoutLine: {'line': b'[ 33%] Built target vehicle_core__rosidl_typesupport_cpp\n'}
[0.362437] (vehicle_core) StdoutLine: {'line': b'[ 44%] Built target vehicle_core__rosidl_typesupport_c\n'}
[0.375799] (vehicle_core) StdoutLine: {'line': b'[ 54%] Built target vehicle_core__rosidl_typesupport_fastrtps_cpp\n'}
[0.400648] (-) TimerEvent: {}
[0.401291] (vehicle_core) StdoutLine: {'line': b'[ 65%] Built target vehicle_core__rosidl_typesupport_introspection_c\n'}
[0.417190] (vehicle_core) StdoutLine: {'line': b'[ 76%] Built target vehicle_core__rosidl_typesupport_fastrtps_c\n'}
[0.483440] (vehicle_core) StdoutLine: {'line': b'[ 76%] Built target vehicle_core\n'}
[0.501003] (-) TimerEvent: {}
[0.533469] (vehicle_core) StdoutLine: {'line': b'[ 77%] Built target state_manager_node_component\n'}
[0.537150] (vehicle_core) StdoutLine: {'line': b'\x1b[35m\x1b[1mConsolidate compiler generated dependencies of target tcp_server_node_component\x1b[0m\n'}
[0.558883] (vehicle_core) StdoutLine: {'line': b'[ 77%] Built target vehicle_core__py\n'}
[0.572703] (vehicle_core) StdoutLine: {'line': b'[ 80%] Built target drive_arbiter_node_component\n'}
[0.574076] (vehicle_core) StdoutLine: {'line': b'[ 82%] Built target i2c_bridge_node\n'}
[0.590111] (vehicle_core) StdoutLine: {'line': b'[ 83%] Built target gt_u7_gps_node_component\n'}
[0.591170] (vehicle_core) StdoutLine: {'line': b'[ 84%] Built target heading_calibrator_node_component\n'}
[0.591829] (vehicle_core) StdoutLine: {'line': b'running egg_info\n'}
[0.593116] (vehicle_core) StdoutLine: {'line': b'\x1b[35m\x1b[1mConsolidate compiler generated dependencies of target autopilot_node_component\x1b[0m\n'}
[0.595058] (vehicle_core) StdoutLine: {'line': b'[ 84%] \x1b[32mBuilding CXX object CMakeFiles/tcp_server_node_component.dir/src/tcp_server_node.cpp.o\x1b[0m\n'}
[0.601073] (-) TimerEvent: {}
[0.608672] (vehicle_core) StdoutLine: {'line': b'[ 85%] Built target gst_camera_component\n'}
[0.611695] (vehicle_core) StdoutLine: {'line': b'writing vehicle_core.egg-info/PKG-INFO\n'}
[0.612448] (vehicle_core) StdoutLine: {'line': b'writing dependency_links to vehicle_core.egg-info/dependency_links.txt\n'}
[0.613073] (vehicle_core) StdoutLine: {'line': b'writing top-level names to vehicle_core.egg-info/top_level.txt\n'}
[0.651067] (vehicle_core) StdoutLine: {'line': b'[ 95%] Built target vehicle_core__rosidl_generator_py\n'}
[0.654181] (vehicle_core) StdoutLine: {'line': b'[ 95%] \x1b[32mBuilding CXX object CMakeFiles/autopilot_node_component.dir/src/Autopilot/autopilot_node.cpp.o\x1b[0m\n'}
[0.669269] (vehicle_core) StdoutLine: {'line': b"reading manifest file 'vehicle_core.egg-info/SOURCES.txt'\n"}
[0.671687] (vehicle_core) StdoutLine: {'line': b"writing manifest file 'vehicle_core.egg-info/SOURCES.txt'\n"}
[0.701265] (-) TimerEvent: {}
[0.714951] (vehicle_core) StdoutLine: {'line': b'[ 96%] Built target vehicle_core__rosidl_typesupport_c__pyext\n'}
[0.721144] (vehicle_core) StdoutLine: {'line': b'[ 97%] Built target vehicle_core__rosidl_typesupport_introspection_c__pyext\n'}
[0.725073] (vehicle_core) StdoutLine: {'line': b'[ 98%] Built target vehicle_core__rosidl_typesupport_fastrtps_c__pyext\n'}
[0.765330] (vehicle_core) StdoutLine: {'line': b'[ 98%] Built target ament_cmake_python_build_vehicle_core_egg\n'}
[0.801699] (-) TimerEvent: {}
[0.902896] (-) TimerEvent: {}
[1.004015] (-) TimerEvent: {}
[1.105769] (-) TimerEvent: {}
[1.207230] (-) TimerEvent: {}
[1.308758] (-) TimerEvent: {}
[1.409866] (-) TimerEvent: {}
[1.511167] (-) TimerEvent: {}
[1.612667] (-) TimerEvent: {}
[1.714085] (-) TimerEvent: {}
[1.815607] (-) TimerEvent: {}
[1.917146] (-) TimerEvent: {}
[2.018644] (-) TimerEvent: {}
[2.120223] (-) TimerEvent: {}
[2.221745] (-) TimerEvent: {}
[2.323220] (-) TimerEvent: {}
[2.424715] (-) TimerEvent: {}
[2.526152] (-) TimerEvent: {}
[2.627614] (-) TimerEvent: {}
[2.729100] (-) TimerEvent: {}
[2.830619] (-) TimerEvent: {}
[2.932101] (-) TimerEvent: {}
[3.033564] (-) TimerEvent: {}
[3.134999] (-) TimerEvent: {}
[3.236469] (-) TimerEvent: {}
[3.338024] (-) TimerEvent: {}
[3.439621] (-) TimerEvent: {}
[3.541019] (-) TimerEvent: {}
[3.642507] (-) TimerEvent: {}
[3.744113] (-) TimerEvent: {}
[3.845611] (-) TimerEvent: {}
[3.947212] (-) TimerEvent: {}
[4.048737] (-) TimerEvent: {}
[4.150315] (-) TimerEvent: {}
[4.251821] (-) TimerEvent: {}
[4.353376] (-) TimerEvent: {}
[4.454900] (-) TimerEvent: {}
[4.556447] (-) TimerEvent: {}
[4.657935] (-) TimerEvent: {}
[4.759523] (-) TimerEvent: {}
[4.861063] (-) TimerEvent: {}
[4.962637] (-) TimerEvent: {}
[5.064199] (-) TimerEvent: {}
[5.165744] (-) TimerEvent: {}
[5.267325] (-) TimerEvent: {}
[5.368864] (-) TimerEvent: {}
[5.470417] (-) TimerEvent: {}
[5.571954] (-) TimerEvent: {}
[5.673504] (-) TimerEvent: {}
[5.775005] (-) TimerEvent: {}
[5.876483] (-) TimerEvent: {}
[5.977975] (-) TimerEvent: {}
[6.079448] (-) TimerEvent: {}
[6.181052] (-) TimerEvent: {}
[6.282581] (-) TimerEvent: {}
[6.383999] (-) TimerEvent: {}
[6.485471] (-) TimerEvent: {}
[6.587052] (-) TimerEvent: {}
[6.688547] (-) TimerEvent: {}
[6.790113] (-) TimerEvent: {}
[6.891644] (-) TimerEvent: {}
[6.993196] (-) TimerEvent: {}
[7.094669] (-) TimerEvent: {}
[7.196169] (-) TimerEvent: {}
[7.297628] (-) TimerEvent: {}
[7.399122] (-) TimerEvent: {}
[7.500631] (-) TimerEvent: {}
[7.602217] (-) TimerEvent: {}
[7.703733] (-) TimerEvent: {}
[7.805263] (-) TimerEvent: {}
[7.906797] (-) TimerEvent: {}
[8.008264] (-) TimerEvent: {}
[8.109715] (-) TimerEvent: {}
[8.211238] (-) TimerEvent: {}
[8.312744] (-) TimerEvent: {}
[8.414317] (-) TimerEvent: {}
[8.515735] (-) TimerEvent: {}
[8.617230] (-) TimerEvent: {}
[8.718716] (-) TimerEvent: {}
[8.820198] (-) TimerEvent: {}
[8.921575] (-) TimerEvent: {}
[9.023012] (-) TimerEvent: {}
[9.124335] (-) TimerEvent: {}
[9.225771] (-) TimerEvent: {}
[9.327177] (-) TimerEvent: {}
[9.428585] (-) TimerEvent: {}
[9.529951] (-) TimerEvent: {}
[9.631302] (-) TimerEvent: {}
[9.732689] (-) TimerEvent: {}
[9.834070] (-) TimerEvent: {}
[9.935458] (-) TimerEvent: {}
[10.036863] (-) TimerEvent: {}
[10.138215] (-) TimerEvent: {}
[10.239608] (-) TimerEvent: {}
[10.341018] (-) TimerEvent: {}
[10.442354] (-) TimerEvent: {}
[10.543755] (-) TimerEvent: {}
[10.645106] (-) TimerEvent: {}
[10.746483] (-) TimerEvent: {}
[10.847843] (-) TimerEvent: {}
[10.949231] (-) TimerEvent: {}
[11.050584] (-) TimerEvent: {}
[11.151956] (-) TimerEvent: {}
[11.253256] (-) TimerEvent: {}
[11.354632] (-) TimerEvent: {}
[11.456009] (-) TimerEvent: {}
[11.557453] (-) TimerEvent: {}
[11.658908] (-) TimerEvent: {}
[11.760286] (-) TimerEvent: {}
[11.861608] (-) TimerEvent: {}
[11.963011] (-) TimerEvent: {}
[12.064396] (-) TimerEvent: {}
[12.165775] (-) TimerEvent: {}
[12.267206] (-) TimerEvent: {}
[12.368597] (-) TimerEvent: {}
[12.470020] (-) TimerEvent: {}
[12.571566] (-) TimerEvent: {}
[12.673139] (-) TimerEvent: {}
[12.774755] (-) TimerEvent: {}
[12.876293] (-) TimerEvent: {}
[12.977824] (-) TimerEvent: {}
[13.079316] (-) TimerEvent: {}
[13.180867] (-) TimerEvent: {}
[13.282333] (-) TimerEvent: {}
[13.383953] (-) TimerEvent: {}
[13.485482] (-) TimerEvent: {}
[13.586966] (-) TimerEvent: {}
[13.688470] (-) TimerEvent: {}
[13.790120] (-) TimerEvent: {}
[13.891604] (-) TimerEvent: {}
[13.993096] (-) TimerEvent: {}
[14.094548] (-) TimerEvent: {}
[14.196011] (-) TimerEvent: {}
[14.297529] (-) TimerEvent: {}
[14.399030] (-) TimerEvent: {}
[14.500519] (-) TimerEvent: {}
[14.601975] (-) TimerEvent: {}
[14.703490] (-) TimerEvent: {}
[14.804972] (-) TimerEvent: {}
[14.906460] (-) TimerEvent: {}
[15.007907] (-) TimerEvent: {}
[15.109361] (-) TimerEvent: {}
[15.210855] (-) TimerEvent: {}
[15.312357] (-) TimerEvent: {}
[15.413865] (-) TimerEvent: {}
[15.515315] (-) TimerEvent: {}
[15.616817] (-) TimerEvent: {}
[15.718294] (-) TimerEvent: {}
[15.819809] (-) TimerEvent: {}
[15.921326] (-) TimerEvent: {}
[16.022850] (-) TimerEvent: {}
[16.124309] (-) TimerEvent: {}
[16.225860] (-) TimerEvent: {}
[16.327396] (-) TimerEvent: {}
[16.429001] (-) TimerEvent: {}
[16.530544] (-) TimerEvent: {}
[16.632016] (-) TimerEvent: {}
[16.733407] (-) TimerEvent: {}
[16.834876] (-) TimerEvent: {}
[16.936360] (-) TimerEvent: {}
[17.037831] (-) TimerEvent: {}
[17.139279] (-) TimerEvent: {}
[17.240741] (-) TimerEvent: {}
[17.342228] (-) TimerEvent: {}
[17.443677] (-) TimerEvent: {}
[17.545123] (-) TimerEvent: {}
[17.646604] (-) TimerEvent: {}
[17.748055] (-) TimerEvent: {}
[17.849557] (-) TimerEvent: {}
[17.950917] (-) TimerEvent: {}
[18.052382] (-) TimerEvent: {}
[18.153775] (-) TimerEvent: {}
[18.255168] (-) TimerEvent: {}
[18.356684] (-) TimerEvent: {}
[18.458194] (-) TimerEvent: {}
[18.559675] (-) TimerEvent: {}
[18.661131] (-) TimerEvent: {}
[18.762662] (-) TimerEvent: {}
[18.864230] (-) TimerEvent: {}
[18.965731] (-) TimerEvent: {}
[19.067158] (-) TimerEvent: {}
[19.168640] (-) TimerEvent: {}
[19.270042] (-) TimerEvent: {}
[19.371509] (-) TimerEvent: {}
[19.472988] (-) TimerEvent: {}
[19.574456] (-) TimerEvent: {}
[19.675909] (-) TimerEvent: {}
[19.777430] (-) TimerEvent: {}
[19.878906] (-) TimerEvent: {}
[19.980433] (-) TimerEvent: {}
[20.081929] (-) TimerEvent: {}
[20.183394] (-) TimerEvent: {}
[20.284761] (-) TimerEvent: {}
[20.386192] (-) TimerEvent: {}
[20.487599] (-) TimerEvent: {}
[20.589080] (-) TimerEvent: {}
[20.690625] (-) TimerEvent: {}
[20.792081] (-) TimerEvent: {}
[20.893613] (-) TimerEvent: {}
[20.995059] (-) TimerEvent: {}
[21.096568] (-) TimerEvent: {}
[21.197948] (-) TimerEvent: {}
[21.299383] (-) TimerEvent: {}
[21.400746] (-) TimerEvent: {}
[21.502171] (-) TimerEvent: {}
[21.603561] (-) TimerEvent: {}
[21.705056] (-) TimerEvent: {}
[21.806589] (-) TimerEvent: {}
[21.908031] (-) TimerEvent: {}
[22.009445] (-) TimerEvent: {}
[22.110840] (-) TimerEvent: {}
[22.212318] (-) TimerEvent: {}
[22.313829] (-) TimerEvent: {}
[22.414811] (-) TimerEvent: {}
[22.515794] (-) TimerEvent: {}
[22.616866] (-) TimerEvent: {}
[22.717851] (-) TimerEvent: {}
[22.785006] (vehicle_core) StdoutLine: {'line': b'[ 98%] \x1b[32m\x1b[1mLinking CXX shared library libautopilot_node_component.so\x1b[0m\n'}
[22.818233] (-) TimerEvent: {}
[22.919665] (-) TimerEvent: {}
[23.021234] (-) TimerEvent: {}
[23.122756] (-) TimerEvent: {}
[23.223848] (-) TimerEvent: {}
[23.324949] (-) TimerEvent: {}
[23.425961] (-) TimerEvent: {}
[23.526994] (-) TimerEvent: {}
[23.628348] (-) TimerEvent: {}
[23.729506] (-) TimerEvent: {}
[23.830412] (-) TimerEvent: {}
[23.931350] (-) TimerEvent: {}
[24.032433] (-) TimerEvent: {}
[24.133893] (-) TimerEvent: {}
[24.235364] (-) TimerEvent: {}
[24.337080] (-) TimerEvent: {}
[24.438558] (-) TimerEvent: {}
[24.539916] (-) TimerEvent: {}
[24.586652] (vehicle_core) StdoutLine: {'line': b'[ 99%] Built target autopilot_node_component\n'}
[24.640298] (-) TimerEvent: {}
[24.741822] (-) TimerEvent: {}
[24.843206] (-) TimerEvent: {}
[24.944717] (-) TimerEvent: {}
[25.046160] (-) TimerEvent: {}
[25.147718] (-) TimerEvent: {}
[25.249313] (-) TimerEvent: {}
[25.350967] (-) TimerEvent: {}
[25.452390] (-) TimerEvent: {}
[25.553845] (-) TimerEvent: {}
[25.655159] (-) TimerEvent: {}
[25.756547] (-) TimerEvent: {}
[25.857918] (-) TimerEvent: {}
[25.959298] (-) TimerEvent: {}
[26.060702] (-) TimerEvent: {}
[26.162144] (-) TimerEvent: {}
[26.263658] (-) TimerEvent: {}
[26.365061] (-) TimerEvent: {}
[26.466455] (-) TimerEvent: {}
[26.567846] (-) TimerEvent: {}
[26.669216] (-) TimerEvent: {}
[26.770843] (-) TimerEvent: {}
[26.872356] (-) TimerEvent: {}
[26.973954] (-) TimerEvent: {}
[27.075481] (-) TimerEvent: {}
[27.177060] (-) TimerEvent: {}
[27.278567] (-) TimerEvent: {}
[27.380219] (-) TimerEvent: {}
[27.481768] (-) TimerEvent: {}
[27.583327] (-) TimerEvent: {}
[27.684834] (-) TimerEvent: {}
[27.786403] (-) TimerEvent: {}
[27.887833] (-) TimerEvent: {}
[27.989213] (-) TimerEvent: {}
[28.090643] (-) TimerEvent: {}
[28.192181] (-) TimerEvent: {}
[28.293670] (-) TimerEvent: {}
[28.395029] (-) TimerEvent: {}
[28.496442] (-) TimerEvent: {}
[28.597723] (-) TimerEvent: {}
[28.699099] (-) TimerEvent: {}
[28.800639] (-) TimerEvent: {}
[28.902044] (-) TimerEvent: {}
[29.003579] (-) TimerEvent: {}
[29.105037] (-) TimerEvent: {}
[29.206487] (-) TimerEvent: {}
[29.307854] (-) TimerEvent: {}
[29.409295] (-) TimerEvent: {}
[29.510710] (-) TimerEvent: {}
[29.612088] (-) TimerEvent: {}
[29.713553] (-) TimerEvent: {}
[29.815023] (-) TimerEvent: {}
[29.916456] (-) TimerEvent: {}
[30.017863] (-) TimerEvent: {}
[30.119249] (-) TimerEvent: {}
[30.220615] (-) TimerEvent: {}
[30.322066] (-) TimerEvent: {}
[30.423527] (-) TimerEvent: {}
[30.524907] (-) TimerEvent: {}
[30.626388] (-) TimerEvent: {}
[30.727837] (-) TimerEvent: {}
[30.829262] (-) TimerEvent: {}
[30.930688] (-) TimerEvent: {}
[31.032231] (-) TimerEvent: {}
[31.133672] (-) TimerEvent: {}
[31.235037] (-) TimerEvent: {}
[31.336425] (-) TimerEvent: {}
[31.437904] (-) TimerEvent: {}
[31.539351] (-) TimerEvent: {}
[31.640917] (-) TimerEvent: {}
[31.742411] (-) TimerEvent: {}
[31.843969] (-) TimerEvent: {}
[31.945435] (-) TimerEvent: {}
[32.046900] (-) TimerEvent: {}
[32.148260] (-) TimerEvent: {}
[32.249757] (-) TimerEvent: {}
[32.351188] (-) TimerEvent: {}
[32.452579] (-) TimerEvent: {}
[32.553996] (-) TimerEvent: {}
[32.655470] (-) TimerEvent: {}
[32.756958] (-) TimerEvent: {}
[32.858387] (-) TimerEvent: {}
[32.959858] (-) TimerEvent: {}
[33.061323] (-) TimerEvent: {}
[33.162710] (-) TimerEvent: {}
[33.264127] (-) TimerEvent: {}
[33.365527] (-) TimerEvent: {}
[33.466941] (-) TimerEvent: {}
[33.568353] (-) TimerEvent: {}
[33.669762] (-) TimerEvent: {}
[33.771184] (-) TimerEvent: {}
[33.872551] (-) TimerEvent: {}
[33.973993] (-) TimerEvent: {}
[34.075379] (-) TimerEvent: {}
[34.176935] (-) TimerEvent: {}
[34.278452] (-) TimerEvent: {}
[34.379851] (-) TimerEvent: {}
[34.481168] (-) TimerEvent: {}
[34.582520] (-) TimerEvent: {}
[34.683863] (-) TimerEvent: {}
[34.785207] (-) TimerEvent: {}
[34.886521] (-) TimerEvent: {}
[34.987866] (-) TimerEvent: {}
[35.089182] (-) TimerEvent: {}
[35.190550] (-) TimerEvent: {}
[35.291858] (-) TimerEvent: {}
[35.393224] (-) TimerEvent: {}
[35.494611] (-) TimerEvent: {}
[35.595927] (-) TimerEvent: {}
[35.697327] (-) TimerEvent: {}
[35.798745] (-) TimerEvent: {}
[35.900236] (-) TimerEvent: {}
[36.001656] (-) TimerEvent: {}
[36.103158] (-) TimerEvent: {}
[36.204579] (-) TimerEvent: {}
[36.305985] (-) TimerEvent: {}
[36.407426] (-) TimerEvent: {}
[36.508910] (-) TimerEvent: {}
[36.610304] (-) TimerEvent: {}
[36.711799] (-) TimerEvent: {}
[36.813236] (-) TimerEvent: {}
[36.914650] (-) TimerEvent: {}
[37.016106] (-) TimerEvent: {}
[37.117619] (-) TimerEvent: {}
[37.219052] (-) TimerEvent: {}
[37.320503] (-) TimerEvent: {}
[37.421895] (-) TimerEvent: {}
[37.523296] (-) TimerEvent: {}
[37.624687] (-) TimerEvent: {}
[37.726102] (-) TimerEvent: {}
[37.827595] (-) TimerEvent: {}
[37.929073] (-) TimerEvent: {}
[38.030568] (-) TimerEvent: {}
[38.131973] (-) TimerEvent: {}
[38.233399] (-) TimerEvent: {}
[38.334783] (-) TimerEvent: {}
[38.436162] (-) TimerEvent: {}
[38.537427] (-) TimerEvent: {}
[38.638798] (-) TimerEvent: {}
[38.740217] (-) TimerEvent: {}
[38.841528] (-) TimerEvent: {}
[38.942965] (-) TimerEvent: {}
[39.044197] (-) TimerEvent: {}
[39.145551] (-) TimerEvent: {}
[39.246940] (-) TimerEvent: {}
[39.348342] (-) TimerEvent: {}
[39.449719] (-) TimerEvent: {}
[39.551096] (-) TimerEvent: {}
[39.652446] (-) TimerEvent: {}
[39.753866] (-) TimerEvent: {}
[39.855225] (-) TimerEvent: {}
[39.956629] (-) TimerEvent: {}
[40.057983] (-) TimerEvent: {}
[40.159379] (-) TimerEvent: {}
[40.260761] (-) TimerEvent: {}
[40.362131] (-) TimerEvent: {}
[40.463537] (-) TimerEvent: {}
[40.564884] (-) TimerEvent: {}
[40.666252] (-) TimerEvent: {}
[40.767639] (-) TimerEvent: {}
[40.868975] (-) TimerEvent: {}
[40.970390] (-) TimerEvent: {}
[41.071757] (-) TimerEvent: {}
[41.173143] (-) TimerEvent: {}
[41.274467] (-) TimerEvent: {}
[41.375833] (-) TimerEvent: {}
[41.477194] (-) TimerEvent: {}
[41.578596] (-) TimerEvent: {}
[41.679924] (-) TimerEvent: {}
[41.781221] (-) TimerEvent: {}
[41.882543] (-) TimerEvent: {}
[41.983955] (-) TimerEvent: {}
[42.085261] (-) TimerEvent: {}
[42.186591] (-) TimerEvent: {}
[42.287912] (-) TimerEvent: {}
[42.389248] (-) TimerEvent: {}
[42.490586] (-) TimerEvent: {}
[42.591990] (-) TimerEvent: {}
[42.693414] (-) TimerEvent: {}
[42.794802] (-) TimerEvent: {}
[42.896232] (-) TimerEvent: {}
[42.997648] (-) TimerEvent: {}
[43.099064] (-) TimerEvent: {}
[43.200533] (-) TimerEvent: {}
[43.301902] (-) TimerEvent: {}
[43.403311] (-) TimerEvent: {}
[43.504694] (-) TimerEvent: {}
[43.606183] (-) TimerEvent: {}
[43.707603] (-) TimerEvent: {}
[43.809081] (-) TimerEvent: {}
[43.910447] (-) TimerEvent: {}
[44.011907] (-) TimerEvent: {}
[44.113389] (-) TimerEvent: {}
[44.214989] (-) TimerEvent: {}
[44.316543] (-) TimerEvent: {}
[44.417814] (-) TimerEvent: {}
[44.519084] (-) TimerEvent: {}
[44.620422] (-) TimerEvent: {}
[44.721751] (-) TimerEvent: {}
[44.823102] (-) TimerEvent: {}
[44.924448] (-) TimerEvent: {}
[45.025764] (-) TimerEvent: {}
[45.127143] (-) TimerEvent: {}
[45.228509] (-) TimerEvent: {}
[45.329828] (-) TimerEvent: {}
[45.431130] (-) TimerEvent: {}
[45.532428] (-) TimerEvent: {}
[45.633756] (-) TimerEvent: {}
[45.735001] (-) TimerEvent: {}
[45.836273] (-) TimerEvent: {}
[45.937508] (-) TimerEvent: {}
[46.038758] (-) TimerEvent: {}
[46.140050] (-) TimerEvent: {}
[46.241278] (-) TimerEvent: {}
[46.342544] (-) TimerEvent: {}
[46.443812] (-) TimerEvent: {}
[46.545041] (-) TimerEvent: {}
[46.646300] (-) TimerEvent: {}
[46.747556] (-) TimerEvent: {}
[46.848795] (-) TimerEvent: {}
[46.950114] (-) TimerEvent: {}
[47.051405] (-) TimerEvent: {}
[47.152928] (-) TimerEvent: {}
[47.254507] (-) TimerEvent: {}
[47.356126] (-) TimerEvent: {}
[47.457689] (-) TimerEvent: {}
[47.559212] (-) TimerEvent: {}
[47.660985] (-) TimerEvent: {}
[47.762397] (-) TimerEvent: {}
[47.863739] (-) TimerEvent: {}
[47.965228] (-) TimerEvent: {}
[48.066975] (-) TimerEvent: {}
[48.168604] (-) TimerEvent: {}
[48.270085] (-) TimerEvent: {}
[48.371562] (-) TimerEvent: {}
[48.473023] (-) TimerEvent: {}
[48.574569] (-) TimerEvent: {}
[48.676021] (-) TimerEvent: {}
[48.777443] (-) TimerEvent: {}
[48.878923] (-) TimerEvent: {}
[48.980331] (-) TimerEvent: {}
[49.081685] (-) TimerEvent: {}
[49.115321] (vehicle_core) StdoutLine: {'line': b'[100%] \x1b[32m\x1b[1mLinking CXX shared library libtcp_server_node_component.so\x1b[0m\n'}
[49.182056] (-) TimerEvent: {}
[49.283397] (-) TimerEvent: {}
[49.384874] (-) TimerEvent: {}
[49.486641] (-) TimerEvent: {}
[49.587697] (-) TimerEvent: {}
[49.688802] (-) TimerEvent: {}
[49.789918] (-) TimerEvent: {}
[49.890970] (-) TimerEvent: {}
[49.992023] (-) TimerEvent: {}
[50.093137] (-) TimerEvent: {}
[50.194219] (-) TimerEvent: {}
[50.295304] (-) TimerEvent: {}
[50.396288] (-) TimerEvent: {}
[50.497236] (-) TimerEvent: {}
[50.598192] (-) TimerEvent: {}
[50.699657] (-) TimerEvent: {}
[50.800941] (-) TimerEvent: {}
[50.902175] (-) TimerEvent: {}
[51.003524] (-) TimerEvent: {}
[51.104984] (-) TimerEvent: {}
[51.206291] (-) TimerEvent: {}
[51.307659] (-) TimerEvent: {}
[51.409279] (-) TimerEvent: {}
[51.510200] (-) TimerEvent: {}
[51.611058] (-) TimerEvent: {}
[51.712097] (-) TimerEvent: {}
[51.813658] (-) TimerEvent: {}
[51.915296] (-) TimerEvent: {}
[52.017399] (-) TimerEvent: {}
[52.119030] (-) TimerEvent: {}
[52.220228] (-) TimerEvent: {}
[52.321551] (-) TimerEvent: {}
[52.423113] (-) TimerEvent: {}
[52.524476] (-) TimerEvent: {}
[52.577488] (vehicle_core) StdoutLine: {'line': b'[100%] Built target tcp_server_node_component\n'}
[52.610529] (vehicle_core) CommandEnded: {'returncode': 0}
[52.614250] (vehicle_core) JobProgress: {'identifier': 'vehicle_core', 'progress': 'install'}
[52.624613] (-) TimerEvent: {}
[52.637685] (vehicle_core) Command: {'cmd': ['/usr/bin/cmake', '--install', '/home/avcpp/AV-CPP2025/Vehicle/build/vehicle_core'], 'cwd': '/home/avcpp/AV-CPP2025/Vehicle/build/vehicle_core', 'env': OrderedDict([('PYTHON_BASIC_REPL', '1'), ('LESSOPEN', '| /usr/bin/lesspipe %s'), ('UMS_MOUNTPOINT', '/mnt/ums'), ('GST_V4L2_PREFERRED_FOURCC', 'NV12:YU12:NV16:YUY2'), ('LANGUAGE', 'en_US.UTF-8'), ('USER', 'avcpp'), ('SSH_CLIENT', '192.168.8.103 12038 22'), ('XDG_SESSION_TYPE', 'tty'), ('GIT_ASKPASS', '/home/avcpp/.vscode-server/cli/servers/Stable-1e3c50d64110be466c0b4a45222e81d2c9352888/server/extensions/git/dist/askpass.sh'), ('SHLVL', '1'), ('USB_FUNCS', 'adb'), ('LD_LIBRARY_PATH', '/home/avcpp/AV-CPP2025/Vehicle/install/vehicle_core/lib:/opt/ros/humble/opt/rviz_ogre_vendor/lib:/opt/ros/humble/lib/aarch64-linux-gnu:/opt/ros/humble/lib'), ('BROWSER', '/home/avcpp/.vscode-server/cli/servers/Stable-1e3c50d64110be466c0b4a45222e81d2c9352888/server/bin/helpers/browser.sh'), ('MOTD_SHOWN', 'pam'), ('HOME', '/home/avcpp'), ('OLDPWD', '/home/avcpp/AV-CPP2025'), ('TERM_PROGRAM_VERSION', '1.106.2'), ('VSCODE_IPC_HOOK_CLI', '/run/user/1001/vscode-ipc-7b1c62ac-2958-4cd1-b38f-0b2fd408122d.sock'), ('GST_INSPECT_NO_COLORS', '1'), ('GST_MPP_NO_RGA', '1'), ('ROS_PYTHON_VERSION', '3'), ('COGL_DRIVER', 'gles2'), ('VSCODE_GIT_ASKPASS_MAIN', '/home/avcpp/.vscode-server/cli/servers/Stable-1e3c50d64110be466c0b4a45222e81d2c9352888/server/extensions/git/dist/askpass-main.js'), ('VSCODE_GIT_ASKPASS_NODE', '/home/avcpp/.vscode-server/cli/servers/Stable-1e3c50d64110be466c0b4a45222e81d2c9352888/server/node'), ('SSL_CERT_FILE', '/usr/lib/ssl/certs/ca-certificates.crt'), ('PYDEVD_DISABLE_FILE_VALIDATION', '1'), ('BUNDLED_DEBUGPY_PATH', '/home/avcpp/.vscode-server/extensions/ms-python.debugpy-2025.16.0/bundled/libs/debugpy'), ('VSCODE_PYTHON_AUTOACTIVATE_GUARD', '1'), ('DBUS_SESSION_BUS_ADDRESS', 'unix:path=/run/user/1001/bus'), ('COLORTERM', 'truecolor'), ('COLCON_PREFIX_PATH', '/home/avcpp/AV-CPP2025/Vehicle/install'), ('GST_V4L2SRC_MAX_RESOLUTION', '3840x2160'), ('ROS_DISTRO', 'humble'), ('LOGNAME', 'avcpp'), ('_', '/usr/bin/colcon'), ('ROS_VERSION', '2'), ('XDG_SESSION_CLASS', 'user'), ('TERM', 'xterm-256color'), ('GST_GL_API', 'gles2'), ('XDG_SESSION_ID', '5'), ('GST_VIDEO_CONVERT_PREFERRED_FORMAT', 'NV12:NV16:I420:YUY2'), ('GST_V4L2SRC_RK_DEVICES', '_mainpath:_selfpath:_bypass:_scale'), ('ROS_LOCALHOST_ONLY', '0'), ('PATH', '/home/avcpp/.vscode-server/data/User/globalStorage/github.copilot-chat/copilotCli:/home/avcpp/.vscode-server/data/User/globalStorage/github.copilot-chat/debugCommand:/home/avcpp/.vscode-server/cli/servers/Stable-1e3c50d64110be466c0b4a45222e81d2c9352888/server/bin/remote-cli:/home/avcpp/.local/bin:/opt/ros/humble/bin:/usr/local/sbin:/usr/local/bin:/usr/sbin:/usr/bin:/sbin:/bin:/usr/games:/usr/local/games:/snap/bin:/home/avcpp/.vscode-server/extensions/ms-python.debugpy-2025.16.0/bundled/scripts/noConfigScripts'), ('XDG_RUNTIME_DIR', '/run/user/1001'), ('GST_GL_PLATFORM', 'egl'), ('GST_DEBUG_NO_COLOR', '1'), ('SSL_CERT_DIR', '/usr/lib/ssl/certs'), ('GST_V4L2SRC_DEFAULT_DEVICE', '/dev/video-camera0'), ('DISPLAY', ':0'), ('VSCODE_DEBUGPY_ADAPTER_ENDPOINTS', '/home/avcpp/.vscode-server/extensions/ms-python.debugpy-2025.16.0/.noConfigDebugAdapterEndpoints/endpoint-ef25f7e9429dbf34.txt'), ('LANG', 'en_US.UTF-8'), ('PYTHONSTARTUP', '/home/avcpp/.vscode-server/data/User/workspaceStorage/da628a90441345ac74af00bc07084975/ms-python.python/pythonrc.py'), ('LS_COLORS', 'rs=0:di=01;34:ln=01;36:mh=00:pi=40;33:so=01;35:do=01;35:bd=40;33;01:cd=40;33;01:or=40;31;01:mi=00:su=37;41:sg=30;43:ca=30;41:tw=30;42:ow=34;42:st=37;44:ex=01;32:*.tar=01;31:*.tgz=01;31:*.arc=01;31:*.arj=01;31:*.taz=01;31:*.lha=01;31:*.lz4=01;31:*.lzh=01;31:*.lzma=01;31:*.tlz=01;31:*.txz=01;31:*.tzo=01;31:*.t7z=01;31:*.zip=01;31:*.z=01;31:*.dz=01;31:*.gz=01;31:*.lrz=01;31:*.lz=01;31:*.lzo=01;31:*.xz=01;31:*.zst=01;31:*.tzst=01;31:*.bz2=01;31:*.bz=01;31:*.tbz=01;31:*.tbz2=01;31:*.tz=01;31:*.deb=01;31:*.rpm=01;31:*.jar=01;31:*.war=01;31:*.ear=01;31:*.sar=01;31:*.rar=01;31:*.alz=01;31:*.ace=01;31:*.zoo=01;31:*.cpio=01;31:*.7z=01;31:*.rz=01;31:*.cab=01;31:*.wim=01;31:*.swm=01;31:*.dwm=01;31:*.esd=01;31:*.jpg=01;35:*.jpeg=01;35:*.mjpg=01;35:*.mjpeg=01;35:*.gif=01;35:*.bmp=01;35:*.pbm=01;35:*.pgm=01;35:*.ppm=01;35:*.tga=01;35:*.xbm=01;35:*.xpm=01;35:*.tif=01;35:*.tiff=01;35:*.png=01;35:*.svg=01;35:*.svgz=01;35:*.mng=01;35:*.pcx=01;35:*.mov=01;35:*.mpg=01;35:*.mpeg=01;35:*.m2v=01;35:*.mkv=01;35:*.webm=01;35:*.webp=01;35:*.ogm=01;35:*.mp4=01;35:*.m4v=01;35:*.mp4v=01;35:*.vob=01;35:*.qt=01;35:*.nuv=01;35:*.wmv=01;35:*.asf=01;35:*.rm=01;35:*.rmvb=01;35:*.flc=01;35:*.avi=01;35:*.fli=01;35:*.flv=01;35:*.gl=01;35:*.dl=01;35:*.xcf=01;35:*.xwd=01;35:*.yuv=01;35:*.cgm=01;35:*.emf=01;35:*.ogv=01;35:*.ogx=01;35:*.aac=00;36:*.au=00;36:*.flac=00;36:*.m4a=00;36:*.mid=00;36:*.midi=00;36:*.mka=00;36:*.mp3=00;36:*.mpc=00;36:*.ogg=00;36:*.ra=00;36:*.wav=00;36:*.oga=00;36:*.opus=00;36:*.spx=00;36:*.xspf=00;36:'), ('VSCODE_GIT_IPC_HANDLE', '/run/user/1001/vscode-git-c9ee365bab.sock'), ('TERM_PROGRAM', 'vscode'), ('GST_V4L2_USE_LIBV4L2', '1'), ('UMS_SIZE', '256M'), ('AMENT_PREFIX_PATH', '/home/avcpp/AV-CPP2025/Vehicle/install/vehicle_core:/opt/ros/humble'), ('LC_MESSAGES', 'en_US.UTF-8'), ('SHELL', '/bin/bash'), ('UMS_RO', '0'), ('LESSCLOSE', '/usr/bin/lesspipe %s %s'), ('UMS_FSTYPE', 'vfat'), ('VSCODE_GIT_ASKPASS_EXTRA_ARGS', ''), ('PWD', '/home/avcpp/AV-CPP2025/Vehicle/build/vehicle_core'), ('LC_ALL', 'en_US.UTF-8'), ('SSH_CONNECTION', '192.168.8.103 12038 192.168.8.176 22'), ('PYTHONPATH', '/home/avcpp/AV-CPP2025/Vehicle/install/vehicle_core/local/lib/python3.10/dist-packages:/opt/ros/humble/lib/python3.10/site-packages:/opt/ros/humble/local/lib/python3.10/dist-packages'), ('UMS_MOUNT', '0'), ('COLCON', '1'), ('CMAKE_PREFIX_PATH', '/home/avcpp/AV-CPP2025/Vehicle/install/vehicle_core:/opt/ros/humble'), ('UMS_FILE', '/userdata/ums_shared.img')]), 'shell': False}
[52.653573] (vehicle_core) StdoutLine: {'line': b'-- Install configuration: ""\n'}
[52.654973] (vehicle_core) StdoutLine: {'line': b'-- Execute custom install script\n'}
[52.655612] (vehicle_core) StdoutLine: {'line': b'-- Up-to-date symlink: /home/avcpp/AV-CPP2025/Vehicle/install/vehicle_core/share/ament_index/resource_index/rosidl_interfaces/vehicle_core\n'}
[52.657308] (vehicle_core) StdoutLine: {'line': b'-- Up-to-date symlink: /home/avcpp/AV-CPP2025/Vehicle/install/vehicle_core/include/vehicle_core/vehicle_core/msg/autopilot_command.h\n'}
[52.657779] (vehicle_core) StdoutLine: {'line': b'-- Up-to-date symlink: /home/avcpp/AV-CPP2025/Vehicle/install/vehicle_core/include/vehicle_core/vehicle_core/msg/autopilot_config.h\n'}
[52.658208] (vehicle_core) StdoutLine: {'line': b'-- Up-to-date symlink: /home/avcpp/AV-CPP2025/Vehicle/install/vehicle_core/include/vehicle_core/vehicle_core/msg/autopilot_status.h\n'}
[52.658585] (vehicle_core) StdoutLine: {'line': b'-- Up-to-date symlink: /home/avcpp/AV-CPP2025/Vehicle/install/vehicle_core/include/vehicle_core/vehicle_core/msg/detail/autopilot_command__functions.h\n'}
[52.658963] (vehicle_core) StdoutLine: {'line': b'-- Up-to-date symlink: /home/avcpp/AV-CPP2025/Vehicle/install/vehicle_core/include/vehicle_core/vehicle_core/msg/detail/autopilot_command__struct.h\n'}
[52.659370] (vehicle_core) StdoutLine: {'line': b'-- Up-to-date symlink: /home/avcpp/AV-CPP2025/Vehicle/install/vehicle_core/include/vehicle_core/vehicle_core/msg/detail/autopilot_command__type_support.h\n'}
[52.659771] (vehicle_core) StdoutLine: {'line': b'-- Up-to-date symlink: /home/avcpp/AV-CPP2025/Vehicle/install/vehicle_core/include/vehicle_core/vehicle_core/msg/detail/autopilot_config__functions.h\n'}
[52.660141] (vehicle_core) StdoutLine: {'line': b'-- Up-to-date symlink: /home/avcpp/AV-CPP2025/Vehicle/install/vehicle_core/include/vehicle_core/vehicle_core/msg/detail/autopilot_config__struct.h\n'}
[52.660510] (vehicle_core) StdoutLine: {'line': b'-- Up-to-date symlink: /home/avcpp/AV-CPP2025/Vehicle/install/vehicle_core/include/vehicle_core/vehicle_core/msg/detail/autopilot_config__type_support.h\n'}
[52.660882] (vehicle_core) StdoutLine: {'line': b'-- Up-to-date symlink: /home/avcpp/AV-CPP2025/Vehicle/install/vehicle_core/include/vehicle_core/vehicle_core/msg/detail/autopilot_status__functions.h\n'}
[52.661253] (vehicle_core) StdoutLine: {'line': b'-- Up-to-date symlink: /home/avcpp/AV-CPP2025/Vehicle/install/vehicle_core/include/vehicle_core/vehicle_core/msg/detail/autopilot_status__struct.h\n'}
[52.661624] (vehicle_core) StdoutLine: {'line': b'-- Up-to-date symlink: /home/avcpp/AV-CPP2025/Vehicle/install/vehicle_core/include/vehicle_core/vehicle_core/msg/detail/autopilot_status__type_support.h\n'}
[52.662032] (vehicle_core) StdoutLine: {'line': b'-- Up-to-date symlink: /home/avcpp/AV-CPP2025/Vehicle/install/vehicle_core/include/vehicle_core/vehicle_core/msg/detail/drive_feedback__functions.h\n'}
[52.662428] (vehicle_core) StdoutLine: {'line': b'-- Up-to-date symlink: /home/avcpp/AV-CPP2025/Vehicle/install/vehicle_core/include/vehicle_core/vehicle_core/msg/detail/drive_feedback__struct.h\n'}
[52.662815] (vehicle_core) StdoutLine: {'line': b'-- Up-to-date symlink: /home/avcpp/AV-CPP2025/Vehicle/install/vehicle_core/include/vehicle_core/vehicle_core/msg/detail/drive_feedback__type_support.h\n'}
[52.663193] (vehicle_core) StdoutLine: {'line': b'-- Up-to-date symlink: /home/avcpp/AV-CPP2025/Vehicle/install/vehicle_core/include/vehicle_core/vehicle_core/msg/detail/drive_status__functions.h\n'}
[52.663567] (vehicle_core) StdoutLine: {'line': b'-- Up-to-date symlink: /home/avcpp/AV-CPP2025/Vehicle/install/vehicle_core/include/vehicle_core/vehicle_core/msg/detail/drive_status__struct.h\n'}
[52.663941] (vehicle_core) StdoutLine: {'line': b'-- Up-to-date symlink: /home/avcpp/AV-CPP2025/Vehicle/install/vehicle_core/include/vehicle_core/vehicle_core/msg/detail/drive_status__type_support.h\n'}
[52.664313] (vehicle_core) StdoutLine: {'line': b'-- Up-to-date symlink: /home/avcpp/AV-CPP2025/Vehicle/install/vehicle_core/include/vehicle_core/vehicle_core/msg/detail/drive_target__functions.h\n'}
[52.664701] (vehicle_core) StdoutLine: {'line': b'-- Up-to-date symlink: /home/avcpp/AV-CPP2025/Vehicle/install/vehicle_core/include/vehicle_core/vehicle_core/msg/detail/drive_target__struct.h\n'}
[52.665069] (vehicle_core) StdoutLine: {'line': b'-- Up-to-date symlink: /home/avcpp/AV-CPP2025/Vehicle/install/vehicle_core/include/vehicle_core/vehicle_core/msg/detail/drive_target__type_support.h\n'}
[52.665439] (vehicle_core) StdoutLine: {'line': b'-- Up-to-date symlink: /home/avcpp/AV-CPP2025/Vehicle/install/vehicle_core/include/vehicle_core/vehicle_core/msg/detail/error__functions.h\n'}
[52.665806] (vehicle_core) StdoutLine: {'line': b'-- Up-to-date symlink: /home/avcpp/AV-CPP2025/Vehicle/install/vehicle_core/include/vehicle_core/vehicle_core/msg/detail/error__struct.h\n'}
[52.666212] (vehicle_core) StdoutLine: {'line': b'-- Up-to-date symlink: /home/avcpp/AV-CPP2025/Vehicle/install/vehicle_core/include/vehicle_core/vehicle_core/msg/detail/error__type_support.h\n'}
[52.666588] (vehicle_core) StdoutLine: {'line': b'-- Up-to-date symlink: /home/avcpp/AV-CPP2025/Vehicle/install/vehicle_core/include/vehicle_core/vehicle_core/msg/detail/general_status__functions.h\n'}
[52.666994] (vehicle_core) StdoutLine: {'line': b'-- Up-to-date symlink: /home/avcpp/AV-CPP2025/Vehicle/install/vehicle_core/include/vehicle_core/vehicle_core/msg/detail/general_status__struct.h\n'}
[52.667363] (vehicle_core) StdoutLine: {'line': b'-- Up-to-date symlink: /home/avcpp/AV-CPP2025/Vehicle/install/vehicle_core/include/vehicle_core/vehicle_core/msg/detail/general_status__type_support.h\n'}
[52.667727] (vehicle_core) StdoutLine: {'line': b'-- Up-to-date symlink: /home/avcpp/AV-CPP2025/Vehicle/install/vehicle_core/include/vehicle_core/vehicle_core/msg/detail/imu_status__functions.h\n'}
[52.668075] (vehicle_core) StdoutLine: {'line': b'-- Up-to-date symlink: /home/avcpp/AV-CPP2025/Vehicle/install/vehicle_core/include/vehicle_core/vehicle_core/msg/detail/imu_status__struct.h\n'}
[52.668421] (vehicle_core) StdoutLine: {'line': b'-- Up-to-date symlink: /home/avcpp/AV-CPP2025/Vehicle/install/vehicle_core/include/vehicle_core/vehicle_core/msg/detail/imu_status__type_support.h\n'}
[52.668769] (vehicle_core) StdoutLine: {'line': b'-- Up-to-date symlink: /home/avcpp/AV-CPP2025/Vehicle/install/vehicle_core/include/vehicle_core/vehicle_core/msg/detail/internal_drive_command__functions.h\n'}
[52.669154] (vehicle_core) StdoutLine: {'line': b'-- Up-to-date symlink: /home/avcpp/AV-CPP2025/Vehicle/install/vehicle_core/include/vehicle_core/vehicle_core/msg/detail/internal_drive_command__struct.h\n'}
[52.669540] (vehicle_core) StdoutLine: {'line': b'-- Up-to-date symlink: /home/avcpp/AV-CPP2025/Vehicle/install/vehicle_core/include/vehicle_core/vehicle_core/msg/detail/internal_drive_command__type_support.h\n'}
[52.669919] (vehicle_core) StdoutLine: {'line': b'-- Up-to-date symlink: /home/avcpp/AV-CPP2025/Vehicle/install/vehicle_core/include/vehicle_core/vehicle_core/msg/detail/lights_command__functions.h\n'}
[52.670279] (vehicle_core) StdoutLine: {'line': b'-- Up-to-date symlink: /home/avcpp/AV-CPP2025/Vehicle/install/vehicle_core/include/vehicle_core/vehicle_core/msg/detail/lights_command__struct.h\n'}
[52.670648] (vehicle_core) StdoutLine: {'line': b'-- Up-to-date symlink: /home/avcpp/AV-CPP2025/Vehicle/install/vehicle_core/include/vehicle_core/vehicle_core/msg/detail/lights_command__type_support.h\n'}
[52.671049] (vehicle_core) StdoutLine: {'line': b'-- Up-to-date symlink: /home/avcpp/AV-CPP2025/Vehicle/install/vehicle_core/include/vehicle_core/vehicle_core/msg/detail/lights_status__functions.h\n'}
[52.671414] (vehicle_core) StdoutLine: {'line': b'-- Up-to-date symlink: /home/avcpp/AV-CPP2025/Vehicle/install/vehicle_core/include/vehicle_core/vehicle_core/msg/detail/lights_status__struct.h\n'}
[52.671792] (vehicle_core) StdoutLine: {'line': b'-- Up-to-date symlink: /home/avcpp/AV-CPP2025/Vehicle/install/vehicle_core/include/vehicle_core/vehicle_core/msg/detail/lights_status__type_support.h\n'}
[52.672140] (vehicle_core) StdoutLine: {'line': b'-- Up-to-date symlink: /home/avcpp/AV-CPP2025/Vehicle/install/vehicle_core/include/vehicle_core/vehicle_core/msg/detail/manual_drive_command__functions.h\n'}
[52.672542] (vehicle_core) StdoutLine: {'line': b'-- Up-to-date symlink: /home/avcpp/AV-CPP2025/Vehicle/install/vehicle_core/include/vehicle_core/vehicle_core/msg/detail/manual_drive_command__struct.h\n'}
[52.672913] (vehicle_core) StdoutLine: {'line': b'-- Up-to-date symlink: /home/avcpp/AV-CPP2025/Vehicle/install/vehicle_core/include/vehicle_core/vehicle_core/msg/detail/manual_drive_command__type_support.h\n'}
[52.673278] (vehicle_core) StdoutLine: {'line': b'-- Up-to-date symlink: /home/avcpp/AV-CPP2025/Vehicle/install/vehicle_core/include/vehicle_core/vehicle_core/msg/detail/max_speed__functions.h\n'}
[52.673645] (vehicle_core) StdoutLine: {'line': b'-- Up-to-date symlink: /home/avcpp/AV-CPP2025/Vehicle/install/vehicle_core/include/vehicle_core/vehicle_core/msg/detail/max_speed__struct.h\n'}
[52.674018] (vehicle_core) StdoutLine: {'line': b'-- Up-to-date symlink: /home/avcpp/AV-CPP2025/Vehicle/install/vehicle_core/include/vehicle_core/vehicle_core/msg/detail/max_speed__type_support.h\n'}
[52.674385] (vehicle_core) StdoutLine: {'line': b'-- Up-to-date symlink: /home/avcpp/AV-CPP2025/Vehicle/install/vehicle_core/include/vehicle_core/vehicle_core/msg/detail/perception_profile__functions.h\n'}
[52.674761] (vehicle_core) StdoutLine: {'line': b'-- Up-to-date symlink: /home/avcpp/AV-CPP2025/Vehicle/install/vehicle_core/include/vehicle_core/vehicle_core/msg/detail/perception_profile__struct.h\n'}
[52.675131] (vehicle_core) StdoutLine: {'line': b'-- Up-to-date symlink: /home/avcpp/AV-CPP2025/Vehicle/install/vehicle_core/include/vehicle_core/vehicle_core/msg/detail/perception_profile__type_support.h\n'}
[52.675498] (vehicle_core) StdoutLine: {'line': b'-- Up-to-date symlink: /home/avcpp/AV-CPP2025/Vehicle/install/vehicle_core/include/vehicle_core/vehicle_core/msg/detail/server_init__functions.h\n'}
[52.675867] (vehicle_core) StdoutLine: {'line': b'-- Up-to-date symlink: /home/avcpp/AV-CPP2025/Vehicle/install/vehicle_core/include/vehicle_core/vehicle_core/msg/detail/server_init__struct.h\n'}
[52.676247] (vehicle_core) StdoutLine: {'line': b'-- Up-to-date symlink: /home/avcpp/AV-CPP2025/Vehicle/install/vehicle_core/include/vehicle_core/vehicle_core/msg/detail/server_init__type_support.h\n'}
[52.676621] (vehicle_core) StdoutLine: {'line': b'-- Up-to-date symlink: /home/avcpp/AV-CPP2025/Vehicle/install/vehicle_core/include/vehicle_core/vehicle_core/msg/detail/state_event__functions.h\n'}
[52.676988] (vehicle_core) StdoutLine: {'line': b'-- Up-to-date symlink: /home/avcpp/AV-CPP2025/Vehicle/install/vehicle_core/include/vehicle_core/vehicle_core/msg/detail/state_event__struct.h\n'}
[52.677351] (vehicle_core) StdoutLine: {'line': b'-- Up-to-date symlink: /home/avcpp/AV-CPP2025/Vehicle/install/vehicle_core/include/vehicle_core/vehicle_core/msg/detail/state_event__type_support.h\n'}
[52.677719] (vehicle_core) StdoutLine: {'line': b'-- Up-to-date symlink: /home/avcpp/AV-CPP2025/Vehicle/install/vehicle_core/include/vehicle_core/vehicle_core/msg/detail/state_mode__functions.h\n'}
[52.678098] (vehicle_core) StdoutLine: {'line': b'-- Up-to-date symlink: /home/avcpp/AV-CPP2025/Vehicle/install/vehicle_core/include/vehicle_core/vehicle_core/msg/detail/state_mode__struct.h\n'}
[52.678466] (vehicle_core) StdoutLine: {'line': b'-- Up-to-date symlink: /home/avcpp/AV-CPP2025/Vehicle/install/vehicle_core/include/vehicle_core/vehicle_core/msg/detail/state_mode__type_support.h\n'}
[52.678848] (vehicle_core) StdoutLine: {'line': b'-- Up-to-date symlink: /home/avcpp/AV-CPP2025/Vehicle/install/vehicle_core/include/vehicle_core/vehicle_core/msg/detail/telemetry_data__functions.h\n'}
[52.679223] (vehicle_core) StdoutLine: {'line': b'-- Up-to-date symlink: /home/avcpp/AV-CPP2025/Vehicle/install/vehicle_core/include/vehicle_core/vehicle_core/msg/detail/telemetry_data__struct.h\n'}
[52.679625] (vehicle_core) StdoutLine: {'line': b'-- Up-to-date symlink: /home/avcpp/AV-CPP2025/Vehicle/install/vehicle_core/include/vehicle_core/vehicle_core/msg/detail/telemetry_data__type_support.h\n'}
[52.680010] (vehicle_core) StdoutLine: {'line': b'-- Up-to-date symlink: /home/avcpp/AV-CPP2025/Vehicle/install/vehicle_core/include/vehicle_core/vehicle_core/msg/drive_feedback.h\n'}
[52.680501] (vehicle_core) StdoutLine: {'line': b'-- Up-to-date symlink: /home/avcpp/AV-CPP2025/Vehicle/install/vehicle_core/include/vehicle_core/vehicle_core/msg/drive_status.h\n'}
[52.680900] (vehicle_core) StdoutLine: {'line': b'-- Up-to-date symlink: /home/avcpp/AV-CPP2025/Vehicle/install/vehicle_core/include/vehicle_core/vehicle_core/msg/drive_target.h\n'}
[52.681277] (vehicle_core) StdoutLine: {'line': b'-- Up-to-date symlink: /home/avcpp/AV-CPP2025/Vehicle/install/vehicle_core/include/vehicle_core/vehicle_core/msg/error.h\n'}
[52.681646] (vehicle_core) StdoutLine: {'line': b'-- Up-to-date symlink: /home/avcpp/AV-CPP2025/Vehicle/install/vehicle_core/include/vehicle_core/vehicle_core/msg/general_status.h\n'}
[52.682016] (vehicle_core) StdoutLine: {'line': b'-- Up-to-date symlink: /home/avcpp/AV-CPP2025/Vehicle/install/vehicle_core/include/vehicle_core/vehicle_core/msg/imu_status.h\n'}
[52.682391] (vehicle_core) StdoutLine: {'line': b'-- Up-to-date symlink: /home/avcpp/AV-CPP2025/Vehicle/install/vehicle_core/include/vehicle_core/vehicle_core/msg/internal_drive_command.h\n'}
[52.682762] (vehicle_core) StdoutLine: {'line': b'-- Up-to-date symlink: /home/avcpp/AV-CPP2025/Vehicle/install/vehicle_core/include/vehicle_core/vehicle_core/msg/lights_command.h\n'}
[52.683186] (vehicle_core) StdoutLine: {'line': b'-- Up-to-date symlink: /home/avcpp/AV-CPP2025/Vehicle/install/vehicle_core/include/vehicle_core/vehicle_core/msg/lights_status.h\n'}
[52.683616] (vehicle_core) StdoutLine: {'line': b'-- Up-to-date symlink: /home/avcpp/AV-CPP2025/Vehicle/install/vehicle_core/include/vehicle_core/vehicle_core/msg/manual_drive_command.h\n'}
[52.683992] (vehicle_core) StdoutLine: {'line': b'-- Up-to-date symlink: /home/avcpp/AV-CPP2025/Vehicle/install/vehicle_core/include/vehicle_core/vehicle_core/msg/max_speed.h\n'}
[52.684356] (vehicle_core) StdoutLine: {'line': b'-- Up-to-date symlink: /home/avcpp/AV-CPP2025/Vehicle/install/vehicle_core/include/vehicle_core/vehicle_core/msg/perception_profile.h\n'}
[52.684727] (vehicle_core) StdoutLine: {'line': b'-- Up-to-date symlink: /home/avcpp/AV-CPP2025/Vehicle/install/vehicle_core/include/vehicle_core/vehicle_core/msg/rosidl_generator_c__visibility_control.h\n'}
[52.685097] (vehicle_core) StdoutLine: {'line': b'-- Up-to-date symlink: /home/avcpp/AV-CPP2025/Vehicle/install/vehicle_core/include/vehicle_core/vehicle_core/msg/server_init.h\n'}
[52.685467] (vehicle_core) StdoutLine: {'line': b'-- Up-to-date symlink: /home/avcpp/AV-CPP2025/Vehicle/install/vehicle_core/include/vehicle_core/vehicle_core/msg/state_event.h\n'}
[52.685834] (vehicle_core) StdoutLine: {'line': b'-- Up-to-date symlink: /home/avcpp/AV-CPP2025/Vehicle/install/vehicle_core/include/vehicle_core/vehicle_core/msg/state_mode.h\n'}
[52.686199] (vehicle_core) StdoutLine: {'line': b'-- Up-to-date symlink: /home/avcpp/AV-CPP2025/Vehicle/install/vehicle_core/include/vehicle_core/vehicle_core/msg/telemetry_data.h\n'}
[52.686555] (vehicle_core) StdoutLine: {'line': b'-- Up-to-date symlink: /home/avcpp/AV-CPP2025/Vehicle/install/vehicle_core/include/vehicle_core/vehicle_core/srv/detail/release_internal_control__functions.h\n'}
[52.686904] (vehicle_core) StdoutLine: {'line': b'-- Up-to-date symlink: /home/avcpp/AV-CPP2025/Vehicle/install/vehicle_core/include/vehicle_core/vehicle_core/srv/detail/release_internal_control__struct.h\n'}
[52.687268] (vehicle_core) StdoutLine: {'line': b'-- Up-to-date symlink: /home/avcpp/AV-CPP2025/Vehicle/install/vehicle_core/include/vehicle_core/vehicle_core/srv/detail/release_internal_control__type_support.h\n'}
[52.687638] (vehicle_core) StdoutLine: {'line': b'-- Up-to-date symlink: /home/avcpp/AV-CPP2025/Vehicle/install/vehicle_core/include/vehicle_core/vehicle_core/srv/detail/request_internal_control__functions.h\n'}
[52.688015] (vehicle_core) StdoutLine: {'line': b'-- Up-to-date symlink: /home/avcpp/AV-CPP2025/Vehicle/install/vehicle_core/include/vehicle_core/vehicle_core/srv/detail/request_internal_control__struct.h\n'}
[52.688397] (vehicle_core) StdoutLine: {'line': b'-- Up-to-date symlink: /home/avcpp/AV-CPP2025/Vehicle/install/vehicle_core/include/vehicle_core/vehicle_core/srv/detail/request_internal_control__type_support.h\n'}
[52.688775] (vehicle_core) StdoutLine: {'line': b'-- Up-to-date symlink: /home/avcpp/AV-CPP2025/Vehicle/install/vehicle_core/include/vehicle_core/vehicle_core/srv/detail/set_autopilot_profile__functions.h\n'}
[52.689162] (vehicle_core) StdoutLine: {'line': b'-- Up-to-date symlink: /home/avcpp/AV-CPP2025/Vehicle/install/vehicle_core/include/vehicle_core/vehicle_core/srv/detail/set_autopilot_profile__struct.h\n'}
[52.689541] (vehicle_core) StdoutLine: {'line': b'-- Up-to-date symlink: /home/avcpp/AV-CPP2025/Vehicle/install/vehicle_core/include/vehicle_core/vehicle_core/srv/detail/set_autopilot_profile__type_support.h\n'}
[52.689934] (vehicle_core) StdoutLine: {'line': b'-- Up-to-date symlink: /home/avcpp/AV-CPP2025/Vehicle/install/vehicle_core/include/vehicle_core/vehicle_core/srv/release_internal_control.h\n'}
[52.690283] (vehicle_core) StdoutLine: {'line': b'-- Up-to-date symlink: /home/avcpp/AV-CPP2025/Vehicle/install/vehicle_core/include/vehicle_core/vehicle_core/srv/request_internal_control.h\n'}
[52.690678] (vehicle_core) StdoutLine: {'line': b'-- Up-to-date symlink: /home/avcpp/AV-CPP2025/Vehicle/install/vehicle_core/include/vehicle_core/vehicle_core/srv/set_autopilot_profile.h\n'}
[52.691149] (vehicle_core) StdoutLine: {'line': b'-- Up-to-date symlink: /home/avcpp/AV-CPP2025/Vehicle/install/vehicle_core/share/vehicle_core/environment/library_path.sh\n'}
[52.691511] (vehicle_core) StdoutLine: {'line': b'-- Up-to-date symlink: /home/avcpp/AV-CPP2025/Vehicle/install/vehicle_core/share/vehicle_core/environment/library_path.dsv\n'}
[52.691876] (vehicle_core) StdoutLine: {'line': b'-- Up-to-date symlink: /home/avcpp/AV-CPP2025/Vehicle/install/vehicle_core/include/vehicle_core/vehicle_core/msg/detail/autopilot_command__rosidl_typesupport_fastrtps_c.h\n'}
[52.692336] (vehicle_core) StdoutLine: {'line': b'-- Up-to-date symlink: /home/avcpp/AV-CPP2025/Vehicle/install/vehicle_core/include/vehicle_core/vehicle_core/msg/detail/autopilot_config__rosidl_typesupport_fastrtps_c.h\n'}
[52.692758] (vehicle_core) StdoutLine: {'line': b'-- Up-to-date symlink: /home/avcpp/AV-CPP2025/Vehicle/install/vehicle_core/include/vehicle_core/vehicle_core/msg/detail/autopilot_status__rosidl_typesupport_fastrtps_c.h\n'}
[52.693140] (vehicle_core) StdoutLine: {'line': b'-- Up-to-date symlink: /home/avcpp/AV-CPP2025/Vehicle/install/vehicle_core/include/vehicle_core/vehicle_core/msg/detail/drive_feedback__rosidl_typesupport_fastrtps_c.h\n'}
[52.693490] (vehicle_core) StdoutLine: {'line': b'-- Up-to-date symlink: /home/avcpp/AV-CPP2025/Vehicle/install/vehicle_core/include/vehicle_core/vehicle_core/msg/detail/drive_status__rosidl_typesupport_fastrtps_c.h\n'}
[52.693870] (vehicle_core) StdoutLine: {'line': b'-- Up-to-date symlink: /home/avcpp/AV-CPP2025/Vehicle/install/vehicle_core/include/vehicle_core/vehicle_core/msg/detail/drive_target__rosidl_typesupport_fastrtps_c.h\n'}
[52.694272] (vehicle_core) StdoutLine: {'line': b'-- Up-to-date symlink: /home/avcpp/AV-CPP2025/Vehicle/install/vehicle_core/include/vehicle_core/vehicle_core/msg/detail/error__rosidl_typesupport_fastrtps_c.h\n'}
[52.694646] (vehicle_core) StdoutLine: {'line': b'-- Up-to-date symlink: /home/avcpp/AV-CPP2025/Vehicle/install/vehicle_core/include/vehicle_core/vehicle_core/msg/detail/general_status__rosidl_typesupport_fastrtps_c.h\n'}
[52.695011] (vehicle_core) StdoutLine: {'line': b'-- Up-to-date symlink: /home/avcpp/AV-CPP2025/Vehicle/install/vehicle_core/include/vehicle_core/vehicle_core/msg/detail/imu_status__rosidl_typesupport_fastrtps_c.h\n'}
[52.695378] (vehicle_core) StdoutLine: {'line': b'-- Up-to-date symlink: /home/avcpp/AV-CPP2025/Vehicle/install/vehicle_core/include/vehicle_core/vehicle_core/msg/detail/internal_drive_command__rosidl_typesupport_fastrtps_c.h\n'}
[52.695772] (vehicle_core) StdoutLine: {'line': b'-- Up-to-date symlink: /home/avcpp/AV-CPP2025/Vehicle/install/vehicle_core/include/vehicle_core/vehicle_core/msg/detail/lights_command__rosidl_typesupport_fastrtps_c.h\n'}
[52.696153] (vehicle_core) StdoutLine: {'line': b'-- Up-to-date symlink: /home/avcpp/AV-CPP2025/Vehicle/install/vehicle_core/include/vehicle_core/vehicle_core/msg/detail/lights_status__rosidl_typesupport_fastrtps_c.h\n'}
[52.696526] (vehicle_core) StdoutLine: {'line': b'-- Up-to-date symlink: /home/avcpp/AV-CPP2025/Vehicle/install/vehicle_core/include/vehicle_core/vehicle_core/msg/detail/manual_drive_command__rosidl_typesupport_fastrtps_c.h\n'}
[52.696889] (vehicle_core) StdoutLine: {'line': b'-- Up-to-date symlink: /home/avcpp/AV-CPP2025/Vehicle/install/vehicle_core/include/vehicle_core/vehicle_core/msg/detail/max_speed__rosidl_typesupport_fastrtps_c.h\n'}
[52.697256] (vehicle_core) StdoutLine: {'line': b'-- Up-to-date symlink: /home/avcpp/AV-CPP2025/Vehicle/install/vehicle_core/include/vehicle_core/vehicle_core/msg/detail/perception_profile__rosidl_typesupport_fastrtps_c.h\n'}
[52.697604] (vehicle_core) StdoutLine: {'line': b'-- Up-to-date symlink: /home/avcpp/AV-CPP2025/Vehicle/install/vehicle_core/include/vehicle_core/vehicle_core/msg/detail/server_init__rosidl_typesupport_fastrtps_c.h\n'}
[52.697952] (vehicle_core) StdoutLine: {'line': b'-- Up-to-date symlink: /home/avcpp/AV-CPP2025/Vehicle/install/vehicle_core/include/vehicle_core/vehicle_core/msg/detail/state_event__rosidl_typesupport_fastrtps_c.h\n'}
[52.698301] (vehicle_core) StdoutLine: {'line': b'-- Up-to-date symlink: /home/avcpp/AV-CPP2025/Vehicle/install/vehicle_core/include/vehicle_core/vehicle_core/msg/detail/state_mode__rosidl_typesupport_fastrtps_c.h\n'}
[52.698678] (vehicle_core) StdoutLine: {'line': b'-- Up-to-date symlink: /home/avcpp/AV-CPP2025/Vehicle/install/vehicle_core/include/vehicle_core/vehicle_core/msg/detail/telemetry_data__rosidl_typesupport_fastrtps_c.h\n'}
[52.699048] (vehicle_core) StdoutLine: {'line': b'-- Up-to-date symlink: /home/avcpp/AV-CPP2025/Vehicle/install/vehicle_core/include/vehicle_core/vehicle_core/msg/rosidl_typesupport_fastrtps_c__visibility_control.h\n'}
[52.699426] (vehicle_core) StdoutLine: {'line': b'-- Up-to-date symlink: /home/avcpp/AV-CPP2025/Vehicle/install/vehicle_core/include/vehicle_core/vehicle_core/srv/detail/release_internal_control__rosidl_typesupport_fastrtps_c.h\n'}
[52.699811] (vehicle_core) StdoutLine: {'line': b'-- Up-to-date symlink: /home/avcpp/AV-CPP2025/Vehicle/install/vehicle_core/include/vehicle_core/vehicle_core/srv/detail/request_internal_control__rosidl_typesupport_fastrtps_c.h\n'}
[52.700206] (vehicle_core) StdoutLine: {'line': b'-- Up-to-date symlink: /home/avcpp/AV-CPP2025/Vehicle/install/vehicle_core/include/vehicle_core/vehicle_core/srv/detail/set_autopilot_profile__rosidl_typesupport_fastrtps_c.h\n'}
[52.700575] (vehicle_core) StdoutLine: {'line': b'-- Up-to-date symlink: /home/avcpp/AV-CPP2025/Vehicle/install/vehicle_core/include/vehicle_core/vehicle_core/msg/autopilot_command.hpp\n'}
[52.700941] (vehicle_core) StdoutLine: {'line': b'-- Up-to-date symlink: /home/avcpp/AV-CPP2025/Vehicle/install/vehicle_core/include/vehicle_core/vehicle_core/msg/autopilot_config.hpp\n'}
[52.701331] (vehicle_core) StdoutLine: {'line': b'-- Up-to-date symlink: /home/avcpp/AV-CPP2025/Vehicle/install/vehicle_core/include/vehicle_core/vehicle_core/msg/autopilot_status.hpp\n'}
[52.701698] (vehicle_core) StdoutLine: {'line': b'-- Up-to-date symlink: /home/avcpp/AV-CPP2025/Vehicle/install/vehicle_core/include/vehicle_core/vehicle_core/msg/detail/autopilot_command__builder.hpp\n'}
[52.702066] (vehicle_core) StdoutLine: {'line': b'-- Up-to-date symlink: /home/avcpp/AV-CPP2025/Vehicle/install/vehicle_core/include/vehicle_core/vehicle_core/msg/detail/autopilot_command__struct.hpp\n'}
[52.702439] (vehicle_core) StdoutLine: {'line': b'-- Up-to-date symlink: /home/avcpp/AV-CPP2025/Vehicle/install/vehicle_core/include/vehicle_core/vehicle_core/msg/detail/autopilot_command__traits.hpp\n'}
[52.702853] (vehicle_core) StdoutLine: {'line': b'-- Up-to-date symlink: /home/avcpp/AV-CPP2025/Vehicle/install/vehicle_core/include/vehicle_core/vehicle_core/msg/detail/autopilot_command__type_support.hpp\n'}
[52.703234] (vehicle_core) StdoutLine: {'line': b'-- Up-to-date symlink: /home/avcpp/AV-CPP2025/Vehicle/install/vehicle_core/include/vehicle_core/vehicle_core/msg/detail/autopilot_config__builder.hpp\n'}
[52.703629] (vehicle_core) StdoutLine: {'line': b'-- Up-to-date symlink: /home/avcpp/AV-CPP2025/Vehicle/install/vehicle_core/include/vehicle_core/vehicle_core/msg/detail/autopilot_config__struct.hpp\n'}
[52.703995] (vehicle_core) StdoutLine: {'line': b'-- Up-to-date symlink: /home/avcpp/AV-CPP2025/Vehicle/install/vehicle_core/include/vehicle_core/vehicle_core/msg/detail/autopilot_config__traits.hpp\n'}
[52.704365] (vehicle_core) StdoutLine: {'line': b'-- Up-to-date symlink: /home/avcpp/AV-CPP2025/Vehicle/install/vehicle_core/include/vehicle_core/vehicle_core/msg/detail/autopilot_config__type_support.hpp\n'}
[52.704720] (vehicle_core) StdoutLine: {'line': b'-- Up-to-date symlink: /home/avcpp/AV-CPP2025/Vehicle/install/vehicle_core/include/vehicle_core/vehicle_core/msg/detail/autopilot_status__builder.hpp\n'}
[52.705080] (vehicle_core) StdoutLine: {'line': b'-- Up-to-date symlink: /home/avcpp/AV-CPP2025/Vehicle/install/vehicle_core/include/vehicle_core/vehicle_core/msg/detail/autopilot_status__struct.hpp\n'}
[52.705436] (vehicle_core) StdoutLine: {'line': b'-- Up-to-date symlink: /home/avcpp/AV-CPP2025/Vehicle/install/vehicle_core/include/vehicle_core/vehicle_core/msg/detail/autopilot_status__traits.hpp\n'}
[52.705804] (vehicle_core) StdoutLine: {'line': b'-- Up-to-date symlink: /home/avcpp/AV-CPP2025/Vehicle/install/vehicle_core/include/vehicle_core/vehicle_core/msg/detail/autopilot_status__type_support.hpp\n'}
[52.706182] (vehicle_core) StdoutLine: {'line': b'-- Up-to-date symlink: /home/avcpp/AV-CPP2025/Vehicle/install/vehicle_core/include/vehicle_core/vehicle_core/msg/detail/drive_feedback__builder.hpp\n'}
[52.706547] (vehicle_core) StdoutLine: {'line': b'-- Up-to-date symlink: /home/avcpp/AV-CPP2025/Vehicle/install/vehicle_core/include/vehicle_core/vehicle_core/msg/detail/drive_feedback__struct.hpp\n'}
[52.706902] (vehicle_core) StdoutLine: {'line': b'-- Up-to-date symlink: /home/avcpp/AV-CPP2025/Vehicle/install/vehicle_core/include/vehicle_core/vehicle_core/msg/detail/drive_feedback__traits.hpp\n'}
[52.707266] (vehicle_core) StdoutLine: {'line': b'-- Up-to-date symlink: /home/avcpp/AV-CPP2025/Vehicle/install/vehicle_core/include/vehicle_core/vehicle_core/msg/detail/drive_feedback__type_support.hpp\n'}
[52.707626] (vehicle_core) StdoutLine: {'line': b'-- Up-to-date symlink: /home/avcpp/AV-CPP2025/Vehicle/install/vehicle_core/include/vehicle_core/vehicle_core/msg/detail/drive_status__builder.hpp\n'}
[52.708011] (vehicle_core) StdoutLine: {'line': b'-- Up-to-date symlink: /home/avcpp/AV-CPP2025/Vehicle/install/vehicle_core/include/vehicle_core/vehicle_core/msg/detail/drive_status__struct.hpp\n'}
[52.708368] (vehicle_core) StdoutLine: {'line': b'-- Up-to-date symlink: /home/avcpp/AV-CPP2025/Vehicle/install/vehicle_core/include/vehicle_core/vehicle_core/msg/detail/drive_status__traits.hpp\n'}
[52.708729] (vehicle_core) StdoutLine: {'line': b'-- Up-to-date symlink: /home/avcpp/AV-CPP2025/Vehicle/install/vehicle_core/include/vehicle_core/vehicle_core/msg/detail/drive_status__type_support.hpp\n'}
[52.709094] (vehicle_core) StdoutLine: {'line': b'-- Up-to-date symlink: /home/avcpp/AV-CPP2025/Vehicle/install/vehicle_core/include/vehicle_core/vehicle_core/msg/detail/drive_target__builder.hpp\n'}
[52.709455] (vehicle_core) StdoutLine: {'line': b'-- Up-to-date symlink: /home/avcpp/AV-CPP2025/Vehicle/install/vehicle_core/include/vehicle_core/vehicle_core/msg/detail/drive_target__struct.hpp\n'}
[52.709834] (vehicle_core) StdoutLine: {'line': b'-- Up-to-date symlink: /home/avcpp/AV-CPP2025/Vehicle/install/vehicle_core/include/vehicle_core/vehicle_core/msg/detail/drive_target__traits.hpp\n'}
[52.710210] (vehicle_core) StdoutLine: {'line': b'-- Up-to-date symlink: /home/avcpp/AV-CPP2025/Vehicle/install/vehicle_core/include/vehicle_core/vehicle_core/msg/detail/drive_target__type_support.hpp\n'}
[52.710578] (vehicle_core) StdoutLine: {'line': b'-- Up-to-date symlink: /home/avcpp/AV-CPP2025/Vehicle/install/vehicle_core/include/vehicle_core/vehicle_core/msg/detail/error__builder.hpp\n'}
[52.710965] (vehicle_core) StdoutLine: {'line': b'-- Up-to-date symlink: /home/avcpp/AV-CPP2025/Vehicle/install/vehicle_core/include/vehicle_core/vehicle_core/msg/detail/error__struct.hpp\n'}
[52.711326] (vehicle_core) StdoutLine: {'line': b'-- Up-to-date symlink: /home/avcpp/AV-CPP2025/Vehicle/install/vehicle_core/include/vehicle_core/vehicle_core/msg/detail/error__traits.hpp\n'}
[52.711784] (vehicle_core) StdoutLine: {'line': b'-- Up-to-date symlink: /home/avcpp/AV-CPP2025/Vehicle/install/vehicle_core/include/vehicle_core/vehicle_core/msg/detail/error__type_support.hpp\n'}
[52.712151] (vehicle_core) StdoutLine: {'line': b'-- Up-to-date symlink: /home/avcpp/AV-CPP2025/Vehicle/install/vehicle_core/include/vehicle_core/vehicle_core/msg/detail/general_status__builder.hpp\n'}
[52.712515] (vehicle_core) StdoutLine: {'line': b'-- Up-to-date symlink: /home/avcpp/AV-CPP2025/Vehicle/install/vehicle_core/include/vehicle_core/vehicle_core/msg/detail/general_status__struct.hpp\n'}
[52.712894] (vehicle_core) StdoutLine: {'line': b'-- Up-to-date symlink: /home/avcpp/AV-CPP2025/Vehicle/install/vehicle_core/include/vehicle_core/vehicle_core/msg/detail/general_status__traits.hpp\n'}
[52.713265] (vehicle_core) StdoutLine: {'line': b'-- Up-to-date symlink: /home/avcpp/AV-CPP2025/Vehicle/install/vehicle_core/include/vehicle_core/vehicle_core/msg/detail/general_status__type_support.hpp\n'}
[52.713623] (vehicle_core) StdoutLine: {'line': b'-- Up-to-date symlink: /home/avcpp/AV-CPP2025/Vehicle/install/vehicle_core/include/vehicle_core/vehicle_core/msg/detail/imu_status__builder.hpp\n'}
[52.714071] (vehicle_core) StdoutLine: {'line': b'-- Up-to-date symlink: /home/avcpp/AV-CPP2025/Vehicle/install/vehicle_core/include/vehicle_core/vehicle_core/msg/detail/imu_status__struct.hpp\n'}
[52.714442] (vehicle_core) StdoutLine: {'line': b'-- Up-to-date symlink: /home/avcpp/AV-CPP2025/Vehicle/install/vehicle_core/include/vehicle_core/vehicle_core/msg/detail/imu_status__traits.hpp\n'}
[52.714917] (vehicle_core) StdoutLine: {'line': b'-- Up-to-date symlink: /home/avcpp/AV-CPP2025/Vehicle/install/vehicle_core/include/vehicle_core/vehicle_core/msg/detail/imu_status__type_support.hpp\n'}
[52.715498] (vehicle_core) StdoutLine: {'line': b'-- Up-to-date symlink: /home/avcpp/AV-CPP2025/Vehicle/install/vehicle_core/include/vehicle_core/vehicle_core/msg/detail/internal_drive_command__builder.hpp\n'}
[52.715948] (vehicle_core) StdoutLine: {'line': b'-- Up-to-date symlink: /home/avcpp/AV-CPP2025/Vehicle/install/vehicle_core/include/vehicle_core/vehicle_core/msg/detail/internal_drive_command__struct.hpp\n'}
[52.716371] (vehicle_core) StdoutLine: {'line': b'-- Up-to-date symlink: /home/avcpp/AV-CPP2025/Vehicle/install/vehicle_core/include/vehicle_core/vehicle_core/msg/detail/internal_drive_command__traits.hpp\n'}
[52.716827] (vehicle_core) StdoutLine: {'line': b'-- Up-to-date symlink: /home/avcpp/AV-CPP2025/Vehicle/install/vehicle_core/include/vehicle_core/vehicle_core/msg/detail/internal_drive_command__type_support.hpp\n'}
[52.717237] (vehicle_core) StdoutLine: {'line': b'-- Up-to-date symlink: /home/avcpp/AV-CPP2025/Vehicle/install/vehicle_core/include/vehicle_core/vehicle_core/msg/detail/lights_command__builder.hpp\n'}
[52.717691] (vehicle_core) StdoutLine: {'line': b'-- Up-to-date symlink: /home/avcpp/AV-CPP2025/Vehicle/install/vehicle_core/include/vehicle_core/vehicle_core/msg/detail/lights_command__struct.hpp\n'}
[52.718144] (vehicle_core) StdoutLine: {'line': b'-- Up-to-date symlink: /home/avcpp/AV-CPP2025/Vehicle/install/vehicle_core/include/vehicle_core/vehicle_core/msg/detail/lights_command__traits.hpp\n'}
[52.718574] (vehicle_core) StdoutLine: {'line': b'-- Up-to-date symlink: /home/avcpp/AV-CPP2025/Vehicle/install/vehicle_core/include/vehicle_core/vehicle_core/msg/detail/lights_command__type_support.hpp\n'}
[52.719139] (vehicle_core) StdoutLine: {'line': b'-- Up-to-date symlink: /home/avcpp/AV-CPP2025/Vehicle/install/vehicle_core/include/vehicle_core/vehicle_core/msg/detail/lights_status__builder.hpp\n'}
[52.719525] (vehicle_core) StdoutLine: {'line': b'-- Up-to-date symlink: /home/avcpp/AV-CPP2025/Vehicle/install/vehicle_core/include/vehicle_core/vehicle_core/msg/detail/lights_status__struct.hpp\n'}
[52.719894] (vehicle_core) StdoutLine: {'line': b'-- Up-to-date symlink: /home/avcpp/AV-CPP2025/Vehicle/install/vehicle_core/include/vehicle_core/vehicle_core/msg/detail/lights_status__traits.hpp\n'}
[52.720256] (vehicle_core) StdoutLine: {'line': b'-- Up-to-date symlink: /home/avcpp/AV-CPP2025/Vehicle/install/vehicle_core/include/vehicle_core/vehicle_core/msg/detail/lights_status__type_support.hpp\n'}
[52.720625] (vehicle_core) StdoutLine: {'line': b'-- Up-to-date symlink: /home/avcpp/AV-CPP2025/Vehicle/install/vehicle_core/include/vehicle_core/vehicle_core/msg/detail/manual_drive_command__builder.hpp\n'}
[52.721004] (vehicle_core) StdoutLine: {'line': b'-- Up-to-date symlink: /home/avcpp/AV-CPP2025/Vehicle/install/vehicle_core/include/vehicle_core/vehicle_core/msg/detail/manual_drive_command__struct.hpp\n'}
[52.721390] (vehicle_core) StdoutLine: {'line': b'-- Up-to-date symlink: /home/avcpp/AV-CPP2025/Vehicle/install/vehicle_core/include/vehicle_core/vehicle_core/msg/detail/manual_drive_command__traits.hpp\n'}
[52.721751] (vehicle_core) StdoutLine: {'line': b'-- Up-to-date symlink: /home/avcpp/AV-CPP2025/Vehicle/install/vehicle_core/include/vehicle_core/vehicle_core/msg/detail/manual_drive_command__type_support.hpp\n'}
[52.722100] (vehicle_core) StdoutLine: {'line': b'-- Up-to-date symlink: /home/avcpp/AV-CPP2025/Vehicle/install/vehicle_core/include/vehicle_core/vehicle_core/msg/detail/max_speed__builder.hpp\n'}
[52.722450] (vehicle_core) StdoutLine: {'line': b'-- Up-to-date symlink: /home/avcpp/AV-CPP2025/Vehicle/install/vehicle_core/include/vehicle_core/vehicle_core/msg/detail/max_speed__struct.hpp\n'}
[52.722808] (vehicle_core) StdoutLine: {'line': b'-- Up-to-date symlink: /home/avcpp/AV-CPP2025/Vehicle/install/vehicle_core/include/vehicle_core/vehicle_core/msg/detail/max_speed__traits.hpp\n'}
[52.723165] (vehicle_core) StdoutLine: {'line': b'-- Up-to-date symlink: /home/avcpp/AV-CPP2025/Vehicle/install/vehicle_core/include/vehicle_core/vehicle_core/msg/detail/max_speed__type_support.hpp\n'}
[52.723516] (vehicle_core) StdoutLine: {'line': b'-- Up-to-date symlink: /home/avcpp/AV-CPP2025/Vehicle/install/vehicle_core/include/vehicle_core/vehicle_core/msg/detail/perception_profile__builder.hpp\n'}
[52.723862] (vehicle_core) StdoutLine: {'line': b'-- Up-to-date symlink: /home/avcpp/AV-CPP2025/Vehicle/install/vehicle_core/include/vehicle_core/vehicle_core/msg/detail/perception_profile__struct.hpp\n'}
[52.724209] (vehicle_core) StdoutLine: {'line': b'-- Up-to-date symlink: /home/avcpp/AV-CPP2025/Vehicle/install/vehicle_core/include/vehicle_core/vehicle_core/msg/detail/perception_profile__traits.hpp\n'}
[52.724556] (vehicle_core) StdoutLine: {'line': b'-- Up-to-date symlink: /home/avcpp/AV-CPP2025/Vehicle/install/vehicle_core/include/vehicle_core/vehicle_core/msg/detail/perception_profile__type_support.hpp\n'}
[52.724940] (-) TimerEvent: {}
[52.725396] (vehicle_core) StdoutLine: {'line': b'-- Up-to-date symlink: /home/avcpp/AV-CPP2025/Vehicle/install/vehicle_core/include/vehicle_core/vehicle_core/msg/detail/server_init__builder.hpp\n'}
[52.725751] (vehicle_core) StdoutLine: {'line': b'-- Up-to-date symlink: /home/avcpp/AV-CPP2025/Vehicle/install/vehicle_core/include/vehicle_core/vehicle_core/msg/detail/server_init__struct.hpp\n'}
[52.726098] (vehicle_core) StdoutLine: {'line': b'-- Up-to-date symlink: /home/avcpp/AV-CPP2025/Vehicle/install/vehicle_core/include/vehicle_core/vehicle_core/msg/detail/server_init__traits.hpp\n'}
[52.726350] (vehicle_core) StdoutLine: {'line': b'-- Up-to-date symlink: /home/avcpp/AV-CPP2025/Vehicle/install/vehicle_core/include/vehicle_core/vehicle_core/msg/detail/server_init__type_support.hpp\n'}
[52.726459] (vehicle_core) StdoutLine: {'line': b'-- Up-to-date symlink: /home/avcpp/AV-CPP2025/Vehicle/install/vehicle_core/include/vehicle_core/vehicle_core/msg/detail/state_event__builder.hpp\n'}
[52.726538] (vehicle_core) StdoutLine: {'line': b'-- Up-to-date symlink: /home/avcpp/AV-CPP2025/Vehicle/install/vehicle_core/include/vehicle_core/vehicle_core/msg/detail/state_event__struct.hpp\n'}
[52.726611] (vehicle_core) StdoutLine: {'line': b'-- Up-to-date symlink: /home/avcpp/AV-CPP2025/Vehicle/install/vehicle_core/include/vehicle_core/vehicle_core/msg/detail/state_event__traits.hpp\n'}
[52.726682] (vehicle_core) StdoutLine: {'line': b'-- Up-to-date symlink: /home/avcpp/AV-CPP2025/Vehicle/install/vehicle_core/include/vehicle_core/vehicle_core/msg/detail/state_event__type_support.hpp\n'}
[52.726760] (vehicle_core) StdoutLine: {'line': b'-- Up-to-date symlink: /home/avcpp/AV-CPP2025/Vehicle/install/vehicle_core/include/vehicle_core/vehicle_core/msg/detail/state_mode__builder.hpp\n'}
[52.726834] (vehicle_core) StdoutLine: {'line': b'-- Up-to-date symlink: /home/avcpp/AV-CPP2025/Vehicle/install/vehicle_core/include/vehicle_core/vehicle_core/msg/detail/state_mode__struct.hpp\n'}
[52.726904] (vehicle_core) StdoutLine: {'line': b'-- Up-to-date symlink: /home/avcpp/AV-CPP2025/Vehicle/install/vehicle_core/include/vehicle_core/vehicle_core/msg/detail/state_mode__traits.hpp\n'}
[52.726973] (vehicle_core) StdoutLine: {'line': b'-- Up-to-date symlink: /home/avcpp/AV-CPP2025/Vehicle/install/vehicle_core/include/vehicle_core/vehicle_core/msg/detail/state_mode__type_support.hpp\n'}
[52.727042] (vehicle_core) StdoutLine: {'line': b'-- Up-to-date symlink: /home/avcpp/AV-CPP2025/Vehicle/install/vehicle_core/include/vehicle_core/vehicle_core/msg/detail/telemetry_data__builder.hpp\n'}
[52.727110] (vehicle_core) StdoutLine: {'line': b'-- Up-to-date symlink: /home/avcpp/AV-CPP2025/Vehicle/install/vehicle_core/include/vehicle_core/vehicle_core/msg/detail/telemetry_data__struct.hpp\n'}
[52.727178] (vehicle_core) StdoutLine: {'line': b'-- Up-to-date symlink: /home/avcpp/AV-CPP2025/Vehicle/install/vehicle_core/include/vehicle_core/vehicle_core/msg/detail/telemetry_data__traits.hpp\n'}
[52.727245] (vehicle_core) StdoutLine: {'line': b'-- Up-to-date symlink: /home/avcpp/AV-CPP2025/Vehicle/install/vehicle_core/include/vehicle_core/vehicle_core/msg/detail/telemetry_data__type_support.hpp\n'}
[52.727312] (vehicle_core) StdoutLine: {'line': b'-- Up-to-date symlink: /home/avcpp/AV-CPP2025/Vehicle/install/vehicle_core/include/vehicle_core/vehicle_core/msg/drive_feedback.hpp\n'}
[52.727383] (vehicle_core) StdoutLine: {'line': b'-- Up-to-date symlink: /home/avcpp/AV-CPP2025/Vehicle/install/vehicle_core/include/vehicle_core/vehicle_core/msg/drive_status.hpp\n'}
[52.727452] (vehicle_core) StdoutLine: {'line': b'-- Up-to-date symlink: /home/avcpp/AV-CPP2025/Vehicle/install/vehicle_core/include/vehicle_core/vehicle_core/msg/drive_target.hpp\n'}
[52.727519] (vehicle_core) StdoutLine: {'line': b'-- Up-to-date symlink: /home/avcpp/AV-CPP2025/Vehicle/install/vehicle_core/include/vehicle_core/vehicle_core/msg/error.hpp\n'}
[52.727589] (vehicle_core) StdoutLine: {'line': b'-- Up-to-date symlink: /home/avcpp/AV-CPP2025/Vehicle/install/vehicle_core/include/vehicle_core/vehicle_core/msg/general_status.hpp\n'}
[52.727657] (vehicle_core) StdoutLine: {'line': b'-- Up-to-date symlink: /home/avcpp/AV-CPP2025/Vehicle/install/vehicle_core/include/vehicle_core/vehicle_core/msg/imu_status.hpp\n'}
[52.727727] (vehicle_core) StdoutLine: {'line': b'-- Up-to-date symlink: /home/avcpp/AV-CPP2025/Vehicle/install/vehicle_core/include/vehicle_core/vehicle_core/msg/internal_drive_command.hpp\n'}
[52.727795] (vehicle_core) StdoutLine: {'line': b'-- Up-to-date symlink: /home/avcpp/AV-CPP2025/Vehicle/install/vehicle_core/include/vehicle_core/vehicle_core/msg/lights_command.hpp\n'}
[52.727865] (vehicle_core) StdoutLine: {'line': b'-- Up-to-date symlink: /home/avcpp/AV-CPP2025/Vehicle/install/vehicle_core/include/vehicle_core/vehicle_core/msg/lights_status.hpp\n'}
[52.727940] (vehicle_core) StdoutLine: {'line': b'-- Up-to-date symlink: /home/avcpp/AV-CPP2025/Vehicle/install/vehicle_core/include/vehicle_core/vehicle_core/msg/manual_drive_command.hpp\n'}
[52.728008] (vehicle_core) StdoutLine: {'line': b'-- Up-to-date symlink: /home/avcpp/AV-CPP2025/Vehicle/install/vehicle_core/include/vehicle_core/vehicle_core/msg/max_speed.hpp\n'}
[52.728077] (vehicle_core) StdoutLine: {'line': b'-- Up-to-date symlink: /home/avcpp/AV-CPP2025/Vehicle/install/vehicle_core/include/vehicle_core/vehicle_core/msg/perception_profile.hpp\n'}
[52.728144] (vehicle_core) StdoutLine: {'line': b'-- Up-to-date symlink: /home/avcpp/AV-CPP2025/Vehicle/install/vehicle_core/include/vehicle_core/vehicle_core/msg/rosidl_generator_cpp__visibility_control.hpp\n'}
[52.728224] (vehicle_core) StdoutLine: {'line': b'-- Up-to-date symlink: /home/avcpp/AV-CPP2025/Vehicle/install/vehicle_core/include/vehicle_core/vehicle_core/msg/server_init.hpp\n'}
[52.728292] (vehicle_core) StdoutLine: {'line': b'-- Up-to-date symlink: /home/avcpp/AV-CPP2025/Vehicle/install/vehicle_core/include/vehicle_core/vehicle_core/msg/state_event.hpp\n'}
[52.728358] (vehicle_core) StdoutLine: {'line': b'-- Up-to-date symlink: /home/avcpp/AV-CPP2025/Vehicle/install/vehicle_core/include/vehicle_core/vehicle_core/msg/state_mode.hpp\n'}
[52.728427] (vehicle_core) StdoutLine: {'line': b'-- Up-to-date symlink: /home/avcpp/AV-CPP2025/Vehicle/install/vehicle_core/include/vehicle_core/vehicle_core/msg/telemetry_data.hpp\n'}
[52.728493] (vehicle_core) StdoutLine: {'line': b'-- Up-to-date symlink: /home/avcpp/AV-CPP2025/Vehicle/install/vehicle_core/include/vehicle_core/vehicle_core/srv/detail/release_internal_control__builder.hpp\n'}
[52.728561] (vehicle_core) StdoutLine: {'line': b'-- Up-to-date symlink: /home/avcpp/AV-CPP2025/Vehicle/install/vehicle_core/include/vehicle_core/vehicle_core/srv/detail/release_internal_control__struct.hpp\n'}
[52.728628] (vehicle_core) StdoutLine: {'line': b'-- Up-to-date symlink: /home/avcpp/AV-CPP2025/Vehicle/install/vehicle_core/include/vehicle_core/vehicle_core/srv/detail/release_internal_control__traits.hpp\n'}
[52.728699] (vehicle_core) StdoutLine: {'line': b'-- Up-to-date symlink: /home/avcpp/AV-CPP2025/Vehicle/install/vehicle_core/include/vehicle_core/vehicle_core/srv/detail/release_internal_control__type_support.hpp\n'}
[52.728770] (vehicle_core) StdoutLine: {'line': b'-- Up-to-date symlink: /home/avcpp/AV-CPP2025/Vehicle/install/vehicle_core/include/vehicle_core/vehicle_core/srv/detail/request_internal_control__builder.hpp\n'}
[52.728837] (vehicle_core) StdoutLine: {'line': b'-- Up-to-date symlink: /home/avcpp/AV-CPP2025/Vehicle/install/vehicle_core/include/vehicle_core/vehicle_core/srv/detail/request_internal_control__struct.hpp\n'}
[52.728906] (vehicle_core) StdoutLine: {'line': b'-- Up-to-date symlink: /home/avcpp/AV-CPP2025/Vehicle/install/vehicle_core/include/vehicle_core/vehicle_core/srv/detail/request_internal_control__traits.hpp\n'}
[52.728976] (vehicle_core) StdoutLine: {'line': b'-- Up-to-date symlink: /home/avcpp/AV-CPP2025/Vehicle/install/vehicle_core/include/vehicle_core/vehicle_core/srv/detail/request_internal_control__type_support.hpp\n'}
[52.729045] (vehicle_core) StdoutLine: {'line': b'-- Up-to-date symlink: /home/avcpp/AV-CPP2025/Vehicle/install/vehicle_core/include/vehicle_core/vehicle_core/srv/detail/set_autopilot_profile__builder.hpp\n'}
[52.729114] (vehicle_core) StdoutLine: {'line': b'-- Up-to-date symlink: /home/avcpp/AV-CPP2025/Vehicle/install/vehicle_core/include/vehicle_core/vehicle_core/srv/detail/set_autopilot_profile__struct.hpp\n'}
[52.729182] (vehicle_core) StdoutLine: {'line': b'-- Up-to-date symlink: /home/avcpp/AV-CPP2025/Vehicle/install/vehicle_core/include/vehicle_core/vehicle_core/srv/detail/set_autopilot_profile__traits.hpp\n'}
[52.729250] (vehicle_core) StdoutLine: {'line': b'-- Up-to-date symlink: /home/avcpp/AV-CPP2025/Vehicle/install/vehicle_core/include/vehicle_core/vehicle_core/srv/detail/set_autopilot_profile__type_support.hpp\n'}
[52.729324] (vehicle_core) StdoutLine: {'line': b'-- Up-to-date symlink: /home/avcpp/AV-CPP2025/Vehicle/install/vehicle_core/include/vehicle_core/vehicle_core/srv/release_internal_control.hpp\n'}
[52.729394] (vehicle_core) StdoutLine: {'line': b'-- Up-to-date symlink: /home/avcpp/AV-CPP2025/Vehicle/install/vehicle_core/include/vehicle_core/vehicle_core/srv/request_internal_control.hpp\n'}
[52.729470] (vehicle_core) StdoutLine: {'line': b'-- Up-to-date symlink: /home/avcpp/AV-CPP2025/Vehicle/install/vehicle_core/include/vehicle_core/vehicle_core/srv/set_autopilot_profile.hpp\n'}
[52.729549] (vehicle_core) StdoutLine: {'line': b'-- Up-to-date symlink: /home/avcpp/AV-CPP2025/Vehicle/install/vehicle_core/include/vehicle_core/vehicle_core/msg/detail/autopilot_command__rosidl_typesupport_fastrtps_cpp.hpp\n'}
[52.729620] (vehicle_core) StdoutLine: {'line': b'-- Up-to-date symlink: /home/avcpp/AV-CPP2025/Vehicle/install/vehicle_core/include/vehicle_core/vehicle_core/msg/detail/autopilot_config__rosidl_typesupport_fastrtps_cpp.hpp\n'}
[52.729690] (vehicle_core) StdoutLine: {'line': b'-- Up-to-date symlink: /home/avcpp/AV-CPP2025/Vehicle/install/vehicle_core/include/vehicle_core/vehicle_core/msg/detail/autopilot_status__rosidl_typesupport_fastrtps_cpp.hpp\n'}
[52.729758] (vehicle_core) StdoutLine: {'line': b'-- Up-to-date symlink: /home/avcpp/AV-CPP2025/Vehicle/install/vehicle_core/include/vehicle_core/vehicle_core/msg/detail/drive_feedback__rosidl_typesupport_fastrtps_cpp.hpp\n'}
[52.729827] (vehicle_core) StdoutLine: {'line': b'-- Up-to-date symlink: /home/avcpp/AV-CPP2025/Vehicle/install/vehicle_core/include/vehicle_core/vehicle_core/msg/detail/drive_status__rosidl_typesupport_fastrtps_cpp.hpp\n'}
[52.729896] (vehicle_core) StdoutLine: {'line': b'-- Up-to-date symlink: /home/avcpp/AV-CPP2025/Vehicle/install/vehicle_core/include/vehicle_core/vehicle_core/msg/detail/drive_target__rosidl_typesupport_fastrtps_cpp.hpp\n'}
[52.729966] (vehicle_core) StdoutLine: {'line': b'-- Up-to-date symlink: /home/avcpp/AV-CPP2025/Vehicle/install/vehicle_core/include/vehicle_core/vehicle_core/msg/detail/error__rosidl_typesupport_fastrtps_cpp.hpp\n'}
[52.730034] (vehicle_core) StdoutLine: {'line': b'-- Up-to-date symlink: /home/avcpp/AV-CPP2025/Vehicle/install/vehicle_core/include/vehicle_core/vehicle_core/msg/detail/general_status__rosidl_typesupport_fastrtps_cpp.hpp\n'}
[52.730119] (vehicle_core) StdoutLine: {'line': b'-- Up-to-date symlink: /home/avcpp/AV-CPP2025/Vehicle/install/vehicle_core/include/vehicle_core/vehicle_core/msg/detail/imu_status__rosidl_typesupport_fastrtps_cpp.hpp\n'}
[52.730188] (vehicle_core) StdoutLine: {'line': b'-- Up-to-date symlink: /home/avcpp/AV-CPP2025/Vehicle/install/vehicle_core/include/vehicle_core/vehicle_core/msg/detail/internal_drive_command__rosidl_typesupport_fastrtps_cpp.hpp\n'}
[52.730258] (vehicle_core) StdoutLine: {'line': b'-- Up-to-date symlink: /home/avcpp/AV-CPP2025/Vehicle/install/vehicle_core/include/vehicle_core/vehicle_core/msg/detail/lights_command__rosidl_typesupport_fastrtps_cpp.hpp\n'}
[52.730327] (vehicle_core) StdoutLine: {'line': b'-- Up-to-date symlink: /home/avcpp/AV-CPP2025/Vehicle/install/vehicle_core/include/vehicle_core/vehicle_core/msg/detail/lights_status__rosidl_typesupport_fastrtps_cpp.hpp\n'}
[52.730400] (vehicle_core) StdoutLine: {'line': b'-- Up-to-date symlink: /home/avcpp/AV-CPP2025/Vehicle/install/vehicle_core/include/vehicle_core/vehicle_core/msg/detail/manual_drive_command__rosidl_typesupport_fastrtps_cpp.hpp\n'}
[52.730470] (vehicle_core) StdoutLine: {'line': b'-- Up-to-date symlink: /home/avcpp/AV-CPP2025/Vehicle/install/vehicle_core/include/vehicle_core/vehicle_core/msg/detail/max_speed__rosidl_typesupport_fastrtps_cpp.hpp\n'}
[52.730539] (vehicle_core) StdoutLine: {'line': b'-- Up-to-date symlink: /home/avcpp/AV-CPP2025/Vehicle/install/vehicle_core/include/vehicle_core/vehicle_core/msg/detail/perception_profile__rosidl_typesupport_fastrtps_cpp.hpp\n'}
[52.730607] (vehicle_core) StdoutLine: {'line': b'-- Up-to-date symlink: /home/avcpp/AV-CPP2025/Vehicle/install/vehicle_core/include/vehicle_core/vehicle_core/msg/detail/server_init__rosidl_typesupport_fastrtps_cpp.hpp\n'}
[52.730682] (vehicle_core) StdoutLine: {'line': b'-- Up-to-date symlink: /home/avcpp/AV-CPP2025/Vehicle/install/vehicle_core/include/vehicle_core/vehicle_core/msg/detail/state_event__rosidl_typesupport_fastrtps_cpp.hpp\n'}
[52.730753] (vehicle_core) StdoutLine: {'line': b'-- Up-to-date symlink: /home/avcpp/AV-CPP2025/Vehicle/install/vehicle_core/include/vehicle_core/vehicle_core/msg/detail/state_mode__rosidl_typesupport_fastrtps_cpp.hpp\n'}
[52.730823] (vehicle_core) StdoutLine: {'line': b'-- Up-to-date symlink: /home/avcpp/AV-CPP2025/Vehicle/install/vehicle_core/include/vehicle_core/vehicle_core/msg/detail/telemetry_data__rosidl_typesupport_fastrtps_cpp.hpp\n'}
[52.730891] (vehicle_core) StdoutLine: {'line': b'-- Up-to-date symlink: /home/avcpp/AV-CPP2025/Vehicle/install/vehicle_core/include/vehicle_core/vehicle_core/msg/rosidl_typesupport_fastrtps_cpp__visibility_control.h\n'}
[52.730959] (vehicle_core) StdoutLine: {'line': b'-- Up-to-date symlink: /home/avcpp/AV-CPP2025/Vehicle/install/vehicle_core/include/vehicle_core/vehicle_core/srv/detail/release_internal_control__rosidl_typesupport_fastrtps_cpp.hpp\n'}
[52.731029] (vehicle_core) StdoutLine: {'line': b'-- Up-to-date symlink: /home/avcpp/AV-CPP2025/Vehicle/install/vehicle_core/include/vehicle_core/vehicle_core/srv/detail/request_internal_control__rosidl_typesupport_fastrtps_cpp.hpp\n'}
[52.731097] (vehicle_core) StdoutLine: {'line': b'-- Up-to-date symlink: /home/avcpp/AV-CPP2025/Vehicle/install/vehicle_core/include/vehicle_core/vehicle_core/srv/detail/set_autopilot_profile__rosidl_typesupport_fastrtps_cpp.hpp\n'}
[52.731166] (vehicle_core) StdoutLine: {'line': b'-- Up-to-date symlink: /home/avcpp/AV-CPP2025/Vehicle/install/vehicle_core/include/vehicle_core/vehicle_core/msg/detail/autopilot_command__rosidl_typesupport_introspection_c.h\n'}
[52.731237] (vehicle_core) StdoutLine: {'line': b'-- Up-to-date symlink: /home/avcpp/AV-CPP2025/Vehicle/install/vehicle_core/include/vehicle_core/vehicle_core/msg/detail/autopilot_config__rosidl_typesupport_introspection_c.h\n'}
[52.731307] (vehicle_core) StdoutLine: {'line': b'-- Up-to-date symlink: /home/avcpp/AV-CPP2025/Vehicle/install/vehicle_core/include/vehicle_core/vehicle_core/msg/detail/autopilot_status__rosidl_typesupport_introspection_c.h\n'}
[52.731375] (vehicle_core) StdoutLine: {'line': b'-- Up-to-date symlink: /home/avcpp/AV-CPP2025/Vehicle/install/vehicle_core/include/vehicle_core/vehicle_core/msg/detail/drive_feedback__rosidl_typesupport_introspection_c.h\n'}
[52.731445] (vehicle_core) StdoutLine: {'line': b'-- Up-to-date symlink: /home/avcpp/AV-CPP2025/Vehicle/install/vehicle_core/include/vehicle_core/vehicle_core/msg/detail/drive_status__rosidl_typesupport_introspection_c.h\n'}
[52.731513] (vehicle_core) StdoutLine: {'line': b'-- Up-to-date symlink: /home/avcpp/AV-CPP2025/Vehicle/install/vehicle_core/include/vehicle_core/vehicle_core/msg/detail/drive_target__rosidl_typesupport_introspection_c.h\n'}
[52.731581] (vehicle_core) StdoutLine: {'line': b'-- Up-to-date symlink: /home/avcpp/AV-CPP2025/Vehicle/install/vehicle_core/include/vehicle_core/vehicle_core/msg/detail/error__rosidl_typesupport_introspection_c.h\n'}
[52.731650] (vehicle_core) StdoutLine: {'line': b'-- Up-to-date symlink: /home/avcpp/AV-CPP2025/Vehicle/install/vehicle_core/include/vehicle_core/vehicle_core/msg/detail/general_status__rosidl_typesupport_introspection_c.h\n'}
[52.731740] (vehicle_core) StdoutLine: {'line': b'-- Up-to-date symlink: /home/avcpp/AV-CPP2025/Vehicle/install/vehicle_core/include/vehicle_core/vehicle_core/msg/detail/imu_status__rosidl_typesupport_introspection_c.h\n'}
[52.731831] (vehicle_core) StdoutLine: {'line': b'-- Up-to-date symlink: /home/avcpp/AV-CPP2025/Vehicle/install/vehicle_core/include/vehicle_core/vehicle_core/msg/detail/internal_drive_command__rosidl_typesupport_introspection_c.h\n'}
[52.731901] (vehicle_core) StdoutLine: {'line': b'-- Up-to-date symlink: /home/avcpp/AV-CPP2025/Vehicle/install/vehicle_core/include/vehicle_core/vehicle_core/msg/detail/lights_command__rosidl_typesupport_introspection_c.h\n'}
[52.731980] (vehicle_core) StdoutLine: {'line': b'-- Up-to-date symlink: /home/avcpp/AV-CPP2025/Vehicle/install/vehicle_core/include/vehicle_core/vehicle_core/msg/detail/lights_status__rosidl_typesupport_introspection_c.h\n'}
[52.732051] (vehicle_core) StdoutLine: {'line': b'-- Up-to-date symlink: /home/avcpp/AV-CPP2025/Vehicle/install/vehicle_core/include/vehicle_core/vehicle_core/msg/detail/manual_drive_command__rosidl_typesupport_introspection_c.h\n'}
[52.732119] (vehicle_core) StdoutLine: {'line': b'-- Up-to-date symlink: /home/avcpp/AV-CPP2025/Vehicle/install/vehicle_core/include/vehicle_core/vehicle_core/msg/detail/max_speed__rosidl_typesupport_introspection_c.h\n'}
[52.732188] (vehicle_core) StdoutLine: {'line': b'-- Up-to-date symlink: /home/avcpp/AV-CPP2025/Vehicle/install/vehicle_core/include/vehicle_core/vehicle_core/msg/detail/perception_profile__rosidl_typesupport_introspection_c.h\n'}
[52.732257] (vehicle_core) StdoutLine: {'line': b'-- Up-to-date symlink: /home/avcpp/AV-CPP2025/Vehicle/install/vehicle_core/include/vehicle_core/vehicle_core/msg/detail/server_init__rosidl_typesupport_introspection_c.h\n'}
[52.732326] (vehicle_core) StdoutLine: {'line': b'-- Up-to-date symlink: /home/avcpp/AV-CPP2025/Vehicle/install/vehicle_core/include/vehicle_core/vehicle_core/msg/detail/state_event__rosidl_typesupport_introspection_c.h\n'}
[52.732396] (vehicle_core) StdoutLine: {'line': b'-- Up-to-date symlink: /home/avcpp/AV-CPP2025/Vehicle/install/vehicle_core/include/vehicle_core/vehicle_core/msg/detail/state_mode__rosidl_typesupport_introspection_c.h\n'}
[52.732466] (vehicle_core) StdoutLine: {'line': b'-- Up-to-date symlink: /home/avcpp/AV-CPP2025/Vehicle/install/vehicle_core/include/vehicle_core/vehicle_core/msg/detail/telemetry_data__rosidl_typesupport_introspection_c.h\n'}
[52.732535] (vehicle_core) StdoutLine: {'line': b'-- Up-to-date symlink: /home/avcpp/AV-CPP2025/Vehicle/install/vehicle_core/include/vehicle_core/vehicle_core/msg/rosidl_typesupport_introspection_c__visibility_control.h\n'}
[52.732603] (vehicle_core) StdoutLine: {'line': b'-- Up-to-date symlink: /home/avcpp/AV-CPP2025/Vehicle/install/vehicle_core/include/vehicle_core/vehicle_core/srv/detail/release_internal_control__rosidl_typesupport_introspection_c.h\n'}
[52.732672] (vehicle_core) StdoutLine: {'line': b'-- Up-to-date symlink: /home/avcpp/AV-CPP2025/Vehicle/install/vehicle_core/include/vehicle_core/vehicle_core/srv/detail/request_internal_control__rosidl_typesupport_introspection_c.h\n'}
[52.732740] (vehicle_core) StdoutLine: {'line': b'-- Up-to-date symlink: /home/avcpp/AV-CPP2025/Vehicle/install/vehicle_core/include/vehicle_core/vehicle_core/srv/detail/set_autopilot_profile__rosidl_typesupport_introspection_c.h\n'}
[52.732817] (vehicle_core) StdoutLine: {'line': b'-- Up-to-date symlink: /home/avcpp/AV-CPP2025/Vehicle/install/vehicle_core/include/vehicle_core/vehicle_core/msg/detail/autopilot_command__rosidl_typesupport_introspection_cpp.hpp\n'}
[52.732893] (vehicle_core) StdoutLine: {'line': b'-- Up-to-date symlink: /home/avcpp/AV-CPP2025/Vehicle/install/vehicle_core/include/vehicle_core/vehicle_core/msg/detail/autopilot_config__rosidl_typesupport_introspection_cpp.hpp\n'}
[52.732965] (vehicle_core) StdoutLine: {'line': b'-- Up-to-date symlink: /home/avcpp/AV-CPP2025/Vehicle/install/vehicle_core/include/vehicle_core/vehicle_core/msg/detail/autopilot_status__rosidl_typesupport_introspection_cpp.hpp\n'}
[52.733044] (vehicle_core) StdoutLine: {'line': b'-- Up-to-date symlink: /home/avcpp/AV-CPP2025/Vehicle/install/vehicle_core/include/vehicle_core/vehicle_core/msg/detail/drive_feedback__rosidl_typesupport_introspection_cpp.hpp\n'}
[52.733117] (vehicle_core) StdoutLine: {'line': b'-- Up-to-date symlink: /home/avcpp/AV-CPP2025/Vehicle/install/vehicle_core/include/vehicle_core/vehicle_core/msg/detail/drive_status__rosidl_typesupport_introspection_cpp.hpp\n'}
[52.733196] (vehicle_core) StdoutLine: {'line': b'-- Up-to-date symlink: /home/avcpp/AV-CPP2025/Vehicle/install/vehicle_core/include/vehicle_core/vehicle_core/msg/detail/drive_target__rosidl_typesupport_introspection_cpp.hpp\n'}
[52.733267] (vehicle_core) StdoutLine: {'line': b'-- Up-to-date symlink: /home/avcpp/AV-CPP2025/Vehicle/install/vehicle_core/include/vehicle_core/vehicle_core/msg/detail/error__rosidl_typesupport_introspection_cpp.hpp\n'}
[52.733339] (vehicle_core) StdoutLine: {'line': b'-- Up-to-date symlink: /home/avcpp/AV-CPP2025/Vehicle/install/vehicle_core/include/vehicle_core/vehicle_core/msg/detail/general_status__rosidl_typesupport_introspection_cpp.hpp\n'}
[52.733410] (vehicle_core) StdoutLine: {'line': b'-- Up-to-date symlink: /home/avcpp/AV-CPP2025/Vehicle/install/vehicle_core/include/vehicle_core/vehicle_core/msg/detail/imu_status__rosidl_typesupport_introspection_cpp.hpp\n'}
[52.733490] (vehicle_core) StdoutLine: {'line': b'-- Up-to-date symlink: /home/avcpp/AV-CPP2025/Vehicle/install/vehicle_core/include/vehicle_core/vehicle_core/msg/detail/internal_drive_command__rosidl_typesupport_introspection_cpp.hpp\n'}
[52.733570] (vehicle_core) StdoutLine: {'line': b'-- Up-to-date symlink: /home/avcpp/AV-CPP2025/Vehicle/install/vehicle_core/include/vehicle_core/vehicle_core/msg/detail/lights_command__rosidl_typesupport_introspection_cpp.hpp\n'}
[52.733643] (vehicle_core) StdoutLine: {'line': b'-- Up-to-date symlink: /home/avcpp/AV-CPP2025/Vehicle/install/vehicle_core/include/vehicle_core/vehicle_core/msg/detail/lights_status__rosidl_typesupport_introspection_cpp.hpp\n'}
[52.733714] (vehicle_core) StdoutLine: {'line': b'-- Up-to-date symlink: /home/avcpp/AV-CPP2025/Vehicle/install/vehicle_core/include/vehicle_core/vehicle_core/msg/detail/manual_drive_command__rosidl_typesupport_introspection_cpp.hpp\n'}
[52.733787] (vehicle_core) StdoutLine: {'line': b'-- Up-to-date symlink: /home/avcpp/AV-CPP2025/Vehicle/install/vehicle_core/include/vehicle_core/vehicle_core/msg/detail/max_speed__rosidl_typesupport_introspection_cpp.hpp\n'}
[52.733858] (vehicle_core) StdoutLine: {'line': b'-- Up-to-date symlink: /home/avcpp/AV-CPP2025/Vehicle/install/vehicle_core/include/vehicle_core/vehicle_core/msg/detail/perception_profile__rosidl_typesupport_introspection_cpp.hpp\n'}
[52.733929] (vehicle_core) StdoutLine: {'line': b'-- Up-to-date symlink: /home/avcpp/AV-CPP2025/Vehicle/install/vehicle_core/include/vehicle_core/vehicle_core/msg/detail/server_init__rosidl_typesupport_introspection_cpp.hpp\n'}
[52.734000] (vehicle_core) StdoutLine: {'line': b'-- Up-to-date symlink: /home/avcpp/AV-CPP2025/Vehicle/install/vehicle_core/include/vehicle_core/vehicle_core/msg/detail/state_event__rosidl_typesupport_introspection_cpp.hpp\n'}
[52.734072] (vehicle_core) StdoutLine: {'line': b'-- Up-to-date symlink: /home/avcpp/AV-CPP2025/Vehicle/install/vehicle_core/include/vehicle_core/vehicle_core/msg/detail/state_mode__rosidl_typesupport_introspection_cpp.hpp\n'}
[52.734144] (vehicle_core) StdoutLine: {'line': b'-- Up-to-date symlink: /home/avcpp/AV-CPP2025/Vehicle/install/vehicle_core/include/vehicle_core/vehicle_core/msg/detail/telemetry_data__rosidl_typesupport_introspection_cpp.hpp\n'}
[52.734215] (vehicle_core) StdoutLine: {'line': b'-- Up-to-date symlink: /home/avcpp/AV-CPP2025/Vehicle/install/vehicle_core/include/vehicle_core/vehicle_core/srv/detail/release_internal_control__rosidl_typesupport_introspection_cpp.hpp\n'}
[52.734287] (vehicle_core) StdoutLine: {'line': b'-- Up-to-date symlink: /home/avcpp/AV-CPP2025/Vehicle/install/vehicle_core/include/vehicle_core/vehicle_core/srv/detail/request_internal_control__rosidl_typesupport_introspection_cpp.hpp\n'}
[52.734357] (vehicle_core) StdoutLine: {'line': b'-- Up-to-date symlink: /home/avcpp/AV-CPP2025/Vehicle/install/vehicle_core/include/vehicle_core/vehicle_core/srv/detail/set_autopilot_profile__rosidl_typesupport_introspection_cpp.hpp\n'}
[52.734428] (vehicle_core) StdoutLine: {'line': b'-- Up-to-date symlink: /home/avcpp/AV-CPP2025/Vehicle/install/vehicle_core/share/vehicle_core/environment/pythonpath.sh\n'}
[52.734504] (vehicle_core) StdoutLine: {'line': b'-- Up-to-date symlink: /home/avcpp/AV-CPP2025/Vehicle/install/vehicle_core/share/vehicle_core/environment/pythonpath.dsv\n'}
[52.734576] (vehicle_core) StdoutLine: {'line': b'-- Up-to-date symlink: /home/avcpp/AV-CPP2025/Vehicle/install/vehicle_core/local/lib/python3.10/dist-packages/vehicle_core-0.0.0-py3.10.egg-info/PKG-INFO\n'}
[52.734647] (vehicle_core) StdoutLine: {'line': b'-- Up-to-date symlink: /home/avcpp/AV-CPP2025/Vehicle/install/vehicle_core/local/lib/python3.10/dist-packages/vehicle_core-0.0.0-py3.10.egg-info/SOURCES.txt\n'}
[52.734719] (vehicle_core) StdoutLine: {'line': b'-- Up-to-date symlink: /home/avcpp/AV-CPP2025/Vehicle/install/vehicle_core/local/lib/python3.10/dist-packages/vehicle_core-0.0.0-py3.10.egg-info/dependency_links.txt\n'}
[52.734792] (vehicle_core) StdoutLine: {'line': b'-- Up-to-date symlink: /home/avcpp/AV-CPP2025/Vehicle/install/vehicle_core/local/lib/python3.10/dist-packages/vehicle_core-0.0.0-py3.10.egg-info/top_level.txt\n'}
[52.734865] (vehicle_core) StdoutLine: {'line': b'-- Up-to-date symlink: /home/avcpp/AV-CPP2025/Vehicle/install/vehicle_core/local/lib/python3.10/dist-packages/vehicle_core/__init__.py\n'}
[52.734935] (vehicle_core) StdoutLine: {'line': b'-- Up-to-date symlink: /home/avcpp/AV-CPP2025/Vehicle/install/vehicle_core/local/lib/python3.10/dist-packages/vehicle_core/_vehicle_core_s.ep.rosidl_typesupport_c.c\n'}
[52.735005] (vehicle_core) StdoutLine: {'line': b'-- Up-to-date symlink: /home/avcpp/AV-CPP2025/Vehicle/install/vehicle_core/local/lib/python3.10/dist-packages/vehicle_core/_vehicle_core_s.ep.rosidl_typesupport_fastrtps_c.c\n'}
[52.735076] (vehicle_core) StdoutLine: {'line': b'-- Up-to-date symlink: /home/avcpp/AV-CPP2025/Vehicle/install/vehicle_core/local/lib/python3.10/dist-packages/vehicle_core/_vehicle_core_s.ep.rosidl_typesupport_introspection_c.c\n'}
[52.735147] (vehicle_core) StdoutLine: {'line': b'-- Up-to-date symlink: /home/avcpp/AV-CPP2025/Vehicle/install/vehicle_core/local/lib/python3.10/dist-packages/vehicle_core/libvehicle_core__rosidl_generator_py.so\n'}
[52.735232] (vehicle_core) StdoutLine: {'line': b'-- Up-to-date symlink: /home/avcpp/AV-CPP2025/Vehicle/install/vehicle_core/local/lib/python3.10/dist-packages/vehicle_core/msg/__init__.py\n'}
[52.735304] (vehicle_core) StdoutLine: {'line': b'-- Up-to-date symlink: /home/avcpp/AV-CPP2025/Vehicle/install/vehicle_core/local/lib/python3.10/dist-packages/vehicle_core/msg/_autopilot_command.py\n'}
[52.735375] (vehicle_core) StdoutLine: {'line': b'-- Up-to-date symlink: /home/avcpp/AV-CPP2025/Vehicle/install/vehicle_core/local/lib/python3.10/dist-packages/vehicle_core/msg/_autopilot_command_s.c\n'}
[52.735445] (vehicle_core) StdoutLine: {'line': b'-- Up-to-date symlink: /home/avcpp/AV-CPP2025/Vehicle/install/vehicle_core/local/lib/python3.10/dist-packages/vehicle_core/msg/_autopilot_config.py\n'}
[52.735516] (vehicle_core) StdoutLine: {'line': b'-- Up-to-date symlink: /home/avcpp/AV-CPP2025/Vehicle/install/vehicle_core/local/lib/python3.10/dist-packages/vehicle_core/msg/_autopilot_config_s.c\n'}
[52.735586] (vehicle_core) StdoutLine: {'line': b'-- Up-to-date symlink: /home/avcpp/AV-CPP2025/Vehicle/install/vehicle_core/local/lib/python3.10/dist-packages/vehicle_core/msg/_autopilot_status.py\n'}
[52.735657] (vehicle_core) StdoutLine: {'line': b'-- Up-to-date symlink: /home/avcpp/AV-CPP2025/Vehicle/install/vehicle_core/local/lib/python3.10/dist-packages/vehicle_core/msg/_autopilot_status_s.c\n'}
[52.735727] (vehicle_core) StdoutLine: {'line': b'-- Up-to-date symlink: /home/avcpp/AV-CPP2025/Vehicle/install/vehicle_core/local/lib/python3.10/dist-packages/vehicle_core/msg/_drive_feedback.py\n'}
[52.735796] (vehicle_core) StdoutLine: {'line': b'-- Up-to-date symlink: /home/avcpp/AV-CPP2025/Vehicle/install/vehicle_core/local/lib/python3.10/dist-packages/vehicle_core/msg/_drive_feedback_s.c\n'}
[52.735866] (vehicle_core) StdoutLine: {'line': b'-- Up-to-date symlink: /home/avcpp/AV-CPP2025/Vehicle/install/vehicle_core/local/lib/python3.10/dist-packages/vehicle_core/msg/_drive_status.py\n'}
[52.735945] (vehicle_core) StdoutLine: {'line': b'-- Up-to-date symlink: /home/avcpp/AV-CPP2025/Vehicle/install/vehicle_core/local/lib/python3.10/dist-packages/vehicle_core/msg/_drive_status_s.c\n'}
[52.736015] (vehicle_core) StdoutLine: {'line': b'-- Up-to-date symlink: /home/avcpp/AV-CPP2025/Vehicle/install/vehicle_core/local/lib/python3.10/dist-packages/vehicle_core/msg/_drive_target.py\n'}
[52.736085] (vehicle_core) StdoutLine: {'line': b'-- Up-to-date symlink: /home/avcpp/AV-CPP2025/Vehicle/install/vehicle_core/local/lib/python3.10/dist-packages/vehicle_core/msg/_drive_target_s.c\n'}
[52.736165] (vehicle_core) StdoutLine: {'line': b'-- Up-to-date symlink: /home/avcpp/AV-CPP2025/Vehicle/install/vehicle_core/local/lib/python3.10/dist-packages/vehicle_core/msg/_error.py\n'}
[52.736243] (vehicle_core) StdoutLine: {'line': b'-- Up-to-date symlink: /home/avcpp/AV-CPP2025/Vehicle/install/vehicle_core/local/lib/python3.10/dist-packages/vehicle_core/msg/_error_s.c\n'}
[52.736315] (vehicle_core) StdoutLine: {'line': b'-- Up-to-date symlink: /home/avcpp/AV-CPP2025/Vehicle/install/vehicle_core/local/lib/python3.10/dist-packages/vehicle_core/msg/_general_status.py\n'}
[52.736387] (vehicle_core) StdoutLine: {'line': b'-- Up-to-date symlink: /home/avcpp/AV-CPP2025/Vehicle/install/vehicle_core/local/lib/python3.10/dist-packages/vehicle_core/msg/_general_status_s.c\n'}
[52.736458] (vehicle_core) StdoutLine: {'line': b'-- Up-to-date symlink: /home/avcpp/AV-CPP2025/Vehicle/install/vehicle_core/local/lib/python3.10/dist-packages/vehicle_core/msg/_imu_status.py\n'}
[52.736528] (vehicle_core) StdoutLine: {'line': b'-- Up-to-date symlink: /home/avcpp/AV-CPP2025/Vehicle/install/vehicle_core/local/lib/python3.10/dist-packages/vehicle_core/msg/_imu_status_s.c\n'}
[52.736600] (vehicle_core) StdoutLine: {'line': b'-- Up-to-date symlink: /home/avcpp/AV-CPP2025/Vehicle/install/vehicle_core/local/lib/python3.10/dist-packages/vehicle_core/msg/_internal_drive_command.py\n'}
[52.736670] (vehicle_core) StdoutLine: {'line': b'-- Up-to-date symlink: /home/avcpp/AV-CPP2025/Vehicle/install/vehicle_core/local/lib/python3.10/dist-packages/vehicle_core/msg/_internal_drive_command_s.c\n'}
[52.736740] (vehicle_core) StdoutLine: {'line': b'-- Up-to-date symlink: /home/avcpp/AV-CPP2025/Vehicle/install/vehicle_core/local/lib/python3.10/dist-packages/vehicle_core/msg/_lights_command.py\n'}
[52.736813] (vehicle_core) StdoutLine: {'line': b'-- Up-to-date symlink: /home/avcpp/AV-CPP2025/Vehicle/install/vehicle_core/local/lib/python3.10/dist-packages/vehicle_core/msg/_lights_command_s.c\n'}
[52.736883] (vehicle_core) StdoutLine: {'line': b'-- Up-to-date symlink: /home/avcpp/AV-CPP2025/Vehicle/install/vehicle_core/local/lib/python3.10/dist-packages/vehicle_core/msg/_lights_status.py\n'}
[52.736953] (vehicle_core) StdoutLine: {'line': b'-- Up-to-date symlink: /home/avcpp/AV-CPP2025/Vehicle/install/vehicle_core/local/lib/python3.10/dist-packages/vehicle_core/msg/_lights_status_s.c\n'}
[52.737023] (vehicle_core) StdoutLine: {'line': b'-- Up-to-date symlink: /home/avcpp/AV-CPP2025/Vehicle/install/vehicle_core/local/lib/python3.10/dist-packages/vehicle_core/msg/_manual_drive_command.py\n'}
[52.737093] (vehicle_core) StdoutLine: {'line': b'-- Up-to-date symlink: /home/avcpp/AV-CPP2025/Vehicle/install/vehicle_core/local/lib/python3.10/dist-packages/vehicle_core/msg/_manual_drive_command_s.c\n'}
[52.737170] (vehicle_core) StdoutLine: {'line': b'-- Up-to-date symlink: /home/avcpp/AV-CPP2025/Vehicle/install/vehicle_core/local/lib/python3.10/dist-packages/vehicle_core/msg/_max_speed.py\n'}
[52.737251] (vehicle_core) StdoutLine: {'line': b'-- Up-to-date symlink: /home/avcpp/AV-CPP2025/Vehicle/install/vehicle_core/local/lib/python3.10/dist-packages/vehicle_core/msg/_max_speed_s.c\n'}
[52.737323] (vehicle_core) StdoutLine: {'line': b'-- Up-to-date symlink: /home/avcpp/AV-CPP2025/Vehicle/install/vehicle_core/local/lib/python3.10/dist-packages/vehicle_core/msg/_perception_profile.py\n'}
[52.737395] (vehicle_core) StdoutLine: {'line': b'-- Up-to-date symlink: /home/avcpp/AV-CPP2025/Vehicle/install/vehicle_core/local/lib/python3.10/dist-packages/vehicle_core/msg/_perception_profile_s.c\n'}
[52.737472] (vehicle_core) StdoutLine: {'line': b'-- Up-to-date symlink: /home/avcpp/AV-CPP2025/Vehicle/install/vehicle_core/local/lib/python3.10/dist-packages/vehicle_core/msg/_server_init.py\n'}
[52.737543] (vehicle_core) StdoutLine: {'line': b'-- Up-to-date symlink: /home/avcpp/AV-CPP2025/Vehicle/install/vehicle_core/local/lib/python3.10/dist-packages/vehicle_core/msg/_server_init_s.c\n'}
[52.737615] (vehicle_core) StdoutLine: {'line': b'-- Up-to-date symlink: /home/avcpp/AV-CPP2025/Vehicle/install/vehicle_core/local/lib/python3.10/dist-packages/vehicle_core/msg/_state_event.py\n'}
[52.737686] (vehicle_core) StdoutLine: {'line': b'-- Up-to-date symlink: /home/avcpp/AV-CPP2025/Vehicle/install/vehicle_core/local/lib/python3.10/dist-packages/vehicle_core/msg/_state_event_s.c\n'}
[52.737758] (vehicle_core) StdoutLine: {'line': b'-- Up-to-date symlink: /home/avcpp/AV-CPP2025/Vehicle/install/vehicle_core/local/lib/python3.10/dist-packages/vehicle_core/msg/_state_mode.py\n'}
[52.737830] (vehicle_core) StdoutLine: {'line': b'-- Up-to-date symlink: /home/avcpp/AV-CPP2025/Vehicle/install/vehicle_core/local/lib/python3.10/dist-packages/vehicle_core/msg/_state_mode_s.c\n'}
[52.737901] (vehicle_core) StdoutLine: {'line': b'-- Up-to-date symlink: /home/avcpp/AV-CPP2025/Vehicle/install/vehicle_core/local/lib/python3.10/dist-packages/vehicle_core/msg/_telemetry_data.py\n'}
[52.737974] (vehicle_core) StdoutLine: {'line': b'-- Up-to-date symlink: /home/avcpp/AV-CPP2025/Vehicle/install/vehicle_core/local/lib/python3.10/dist-packages/vehicle_core/msg/_telemetry_data_s.c\n'}
[52.738044] (vehicle_core) StdoutLine: {'line': b'-- Up-to-date symlink: /home/avcpp/AV-CPP2025/Vehicle/install/vehicle_core/local/lib/python3.10/dist-packages/vehicle_core/srv/__init__.py\n'}
[52.738115] (vehicle_core) StdoutLine: {'line': b'-- Up-to-date symlink: /home/avcpp/AV-CPP2025/Vehicle/install/vehicle_core/local/lib/python3.10/dist-packages/vehicle_core/srv/_release_internal_control.py\n'}
[52.738187] (vehicle_core) StdoutLine: {'line': b'-- Up-to-date symlink: /home/avcpp/AV-CPP2025/Vehicle/install/vehicle_core/local/lib/python3.10/dist-packages/vehicle_core/srv/_release_internal_control_s.c\n'}
[52.738259] (vehicle_core) StdoutLine: {'line': b'-- Up-to-date symlink: /home/avcpp/AV-CPP2025/Vehicle/install/vehicle_core/local/lib/python3.10/dist-packages/vehicle_core/srv/_request_internal_control.py\n'}
[52.738331] (vehicle_core) StdoutLine: {'line': b'-- Up-to-date symlink: /home/avcpp/AV-CPP2025/Vehicle/install/vehicle_core/local/lib/python3.10/dist-packages/vehicle_core/srv/_request_internal_control_s.c\n'}
[52.738401] (vehicle_core) StdoutLine: {'line': b'-- Up-to-date symlink: /home/avcpp/AV-CPP2025/Vehicle/install/vehicle_core/local/lib/python3.10/dist-packages/vehicle_core/srv/_set_autopilot_profile.py\n'}
[52.738473] (vehicle_core) StdoutLine: {'line': b'-- Up-to-date symlink: /home/avcpp/AV-CPP2025/Vehicle/install/vehicle_core/local/lib/python3.10/dist-packages/vehicle_core/srv/_set_autopilot_profile_s.c\n'}
[52.738547] (vehicle_core) StdoutLine: {'line': b'-- Up-to-date symlink: /home/avcpp/AV-CPP2025/Vehicle/install/vehicle_core/local/lib/python3.10/dist-packages/vehicle_core/vehicle_core_s__rosidl_typesupport_c.cpython-310-aarch64-linux-gnu.so\n'}
[52.738622] (vehicle_core) StdoutLine: {'line': b'-- Up-to-date symlink: /home/avcpp/AV-CPP2025/Vehicle/install/vehicle_core/local/lib/python3.10/dist-packages/vehicle_core/vehicle_core_s__rosidl_typesupport_fastrtps_c.cpython-310-aarch64-linux-gnu.so\n'}
[52.738694] (vehicle_core) StdoutLine: {'line': b'-- Up-to-date symlink: /home/avcpp/AV-CPP2025/Vehicle/install/vehicle_core/local/lib/python3.10/dist-packages/vehicle_core/vehicle_core_s__rosidl_typesupport_introspection_c.cpython-310-aarch64-linux-gnu.so\n'}
[52.738768] (vehicle_core) StdoutLine: {'line': b'-- Up-to-date symlink: /home/avcpp/AV-CPP2025/Vehicle/install/vehicle_core/local/lib/python3.10/dist-packages/vehicle_core/vehicle_core_s__rosidl_typesupport_fastrtps_c.cpython-310-aarch64-linux-gnu.so\n'}
[52.738849] (vehicle_core) StdoutLine: {'line': b'-- Up-to-date symlink: /home/avcpp/AV-CPP2025/Vehicle/install/vehicle_core/local/lib/python3.10/dist-packages/vehicle_core/vehicle_core_s__rosidl_typesupport_introspection_c.cpython-310-aarch64-linux-gnu.so\n'}
[52.738945] (vehicle_core) StdoutLine: {'line': b'-- Up-to-date symlink: /home/avcpp/AV-CPP2025/Vehicle/install/vehicle_core/local/lib/python3.10/dist-packages/vehicle_core/vehicle_core_s__rosidl_typesupport_c.cpython-310-aarch64-linux-gnu.so\n'}
[52.739036] (vehicle_core) StdoutLine: {'line': b'-- Up-to-date symlink: /home/avcpp/AV-CPP2025/Vehicle/install/vehicle_core/share/vehicle_core/msg/DriveTarget.idl\n'}
[52.739127] (vehicle_core) StdoutLine: {'line': b'-- Up-to-date symlink: /home/avcpp/AV-CPP2025/Vehicle/install/vehicle_core/share/vehicle_core/msg/InternalDriveCommand.idl\n'}
[52.739233] (vehicle_core) StdoutLine: {'line': b'-- Up-to-date symlink: /home/avcpp/AV-CPP2025/Vehicle/install/vehicle_core/share/vehicle_core/msg/ManualDriveCommand.idl\n'}
[52.739325] (vehicle_core) StdoutLine: {'line': b'-- Up-to-date symlink: /home/avcpp/AV-CPP2025/Vehicle/install/vehicle_core/share/vehicle_core/msg/LightsCommand.idl\n'}
[52.739416] (vehicle_core) StdoutLine: {'line': b'-- Up-to-date symlink: /home/avcpp/AV-CPP2025/Vehicle/install/vehicle_core/share/vehicle_core/msg/MaxSpeed.idl\n'}
[52.739516] (vehicle_core) StdoutLine: {'line': b'-- Up-to-date symlink: /home/avcpp/AV-CPP2025/Vehicle/install/vehicle_core/share/vehicle_core/msg/AutopilotCommand.idl\n'}
[52.739609] (vehicle_core) StdoutLine: {'line': b'-- Up-to-date symlink: /home/avcpp/AV-CPP2025/Vehicle/install/vehicle_core/share/vehicle_core/msg/LightsStatus.idl\n'}
[52.739701] (vehicle_core) StdoutLine: {'line': b'-- Up-to-date symlink: /home/avcpp/AV-CPP2025/Vehicle/install/vehicle_core/share/vehicle_core/msg/GeneralStatus.idl\n'}
[52.739791] (vehicle_core) StdoutLine: {'line': b'-- Up-to-date symlink: /home/avcpp/AV-CPP2025/Vehicle/install/vehicle_core/share/vehicle_core/msg/DriveStatus.idl\n'}
[52.739882] (vehicle_core) StdoutLine: {'line': b'-- Up-to-date symlink: /home/avcpp/AV-CPP2025/Vehicle/install/vehicle_core/share/vehicle_core/msg/AutopilotStatus.idl\n'}
[52.739974] (vehicle_core) StdoutLine: {'line': b'-- Up-to-date symlink: /home/avcpp/AV-CPP2025/Vehicle/install/vehicle_core/share/vehicle_core/msg/TelemetryData.idl\n'}
[52.740066] (vehicle_core) StdoutLine: {'line': b'-- Up-to-date symlink: /home/avcpp/AV-CPP2025/Vehicle/install/vehicle_core/share/vehicle_core/msg/Error.idl\n'}
[52.740158] (vehicle_core) StdoutLine: {'line': b'-- Up-to-date symlink: /home/avcpp/AV-CPP2025/Vehicle/install/vehicle_core/share/vehicle_core/msg/ServerInit.idl\n'}
[52.740249] (vehicle_core) StdoutLine: {'line': b'-- Up-to-date symlink: /home/avcpp/AV-CPP2025/Vehicle/install/vehicle_core/share/vehicle_core/msg/AutopilotConfig.idl\n'}
[52.740339] (vehicle_core) StdoutLine: {'line': b'-- Up-to-date symlink: /home/avcpp/AV-CPP2025/Vehicle/install/vehicle_core/share/vehicle_core/msg/PerceptionProfile.idl\n'}
[52.740430] (vehicle_core) StdoutLine: {'line': b'-- Up-to-date symlink: /home/avcpp/AV-CPP2025/Vehicle/install/vehicle_core/share/vehicle_core/msg/StateMode.idl\n'}
[52.740520] (vehicle_core) StdoutLine: {'line': b'-- Up-to-date symlink: /home/avcpp/AV-CPP2025/Vehicle/install/vehicle_core/share/vehicle_core/msg/StateEvent.idl\n'}
[52.740612] (vehicle_core) StdoutLine: {'line': b'-- Up-to-date symlink: /home/avcpp/AV-CPP2025/Vehicle/install/vehicle_core/share/vehicle_core/msg/DriveFeedback.idl\n'}
[52.740707] (vehicle_core) StdoutLine: {'line': b'-- Up-to-date symlink: /home/avcpp/AV-CPP2025/Vehicle/install/vehicle_core/share/vehicle_core/msg/IMUStatus.idl\n'}
[52.740799] (vehicle_core) StdoutLine: {'line': b'-- Up-to-date symlink: /home/avcpp/AV-CPP2025/Vehicle/install/vehicle_core/share/vehicle_core/srv/RequestInternalControl.idl\n'}
[52.740890] (vehicle_core) StdoutLine: {'line': b'-- Up-to-date symlink: /home/avcpp/AV-CPP2025/Vehicle/install/vehicle_core/share/vehicle_core/srv/ReleaseInternalControl.idl\n'}
[52.740989] (vehicle_core) StdoutLine: {'line': b'-- Up-to-date symlink: /home/avcpp/AV-CPP2025/Vehicle/install/vehicle_core/share/vehicle_core/srv/SetAutopilotProfile.idl\n'}
[52.741079] (vehicle_core) StdoutLine: {'line': b'-- Up-to-date symlink: /home/avcpp/AV-CPP2025/Vehicle/install/vehicle_core/share/vehicle_core/msg/DriveTarget.msg\n'}
[52.741169] (vehicle_core) StdoutLine: {'line': b'-- Up-to-date symlink: /home/avcpp/AV-CPP2025/Vehicle/install/vehicle_core/share/vehicle_core/msg/InternalDriveCommand.msg\n'}
[52.741260] (vehicle_core) StdoutLine: {'line': b'-- Up-to-date symlink: /home/avcpp/AV-CPP2025/Vehicle/install/vehicle_core/share/vehicle_core/msg/ManualDriveCommand.msg\n'}
[52.741350] (vehicle_core) StdoutLine: {'line': b'-- Up-to-date symlink: /home/avcpp/AV-CPP2025/Vehicle/install/vehicle_core/share/vehicle_core/msg/LightsCommand.msg\n'}
[52.741442] (vehicle_core) StdoutLine: {'line': b'-- Up-to-date symlink: /home/avcpp/AV-CPP2025/Vehicle/install/vehicle_core/share/vehicle_core/msg/MaxSpeed.msg\n'}
[52.741534] (vehicle_core) StdoutLine: {'line': b'-- Up-to-date symlink: /home/avcpp/AV-CPP2025/Vehicle/install/vehicle_core/share/vehicle_core/msg/AutopilotCommand.msg\n'}
[52.741624] (vehicle_core) StdoutLine: {'line': b'-- Up-to-date symlink: /home/avcpp/AV-CPP2025/Vehicle/install/vehicle_core/share/vehicle_core/msg/LightsStatus.msg\n'}
[52.741714] (vehicle_core) StdoutLine: {'line': b'-- Up-to-date symlink: /home/avcpp/AV-CPP2025/Vehicle/install/vehicle_core/share/vehicle_core/msg/GeneralStatus.msg\n'}
[52.741809] (vehicle_core) StdoutLine: {'line': b'-- Up-to-date symlink: /home/avcpp/AV-CPP2025/Vehicle/install/vehicle_core/share/vehicle_core/msg/DriveStatus.msg\n'}
[52.741902] (vehicle_core) StdoutLine: {'line': b'-- Up-to-date symlink: /home/avcpp/AV-CPP2025/Vehicle/install/vehicle_core/share/vehicle_core/msg/AutopilotStatus.msg\n'}
[52.741992] (vehicle_core) StdoutLine: {'line': b'-- Up-to-date symlink: /home/avcpp/AV-CPP2025/Vehicle/install/vehicle_core/share/vehicle_core/msg/TelemetryData.msg\n'}
[52.742083] (vehicle_core) StdoutLine: {'line': b'-- Up-to-date symlink: /home/avcpp/AV-CPP2025/Vehicle/install/vehicle_core/share/vehicle_core/msg/Error.msg\n'}
[52.742176] (vehicle_core) StdoutLine: {'line': b'-- Up-to-date symlink: /home/avcpp/AV-CPP2025/Vehicle/install/vehicle_core/share/vehicle_core/msg/ServerInit.msg\n'}
[52.742265] (vehicle_core) StdoutLine: {'line': b'-- Up-to-date symlink: /home/avcpp/AV-CPP2025/Vehicle/install/vehicle_core/share/vehicle_core/msg/AutopilotConfig.msg\n'}
[52.742356] (vehicle_core) StdoutLine: {'line': b'-- Up-to-date symlink: /home/avcpp/AV-CPP2025/Vehicle/install/vehicle_core/share/vehicle_core/msg/PerceptionProfile.msg\n'}
[52.742459] (vehicle_core) StdoutLine: {'line': b'-- Up-to-date symlink: /home/avcpp/AV-CPP2025/Vehicle/install/vehicle_core/share/vehicle_core/msg/StateMode.msg\n'}
[52.742551] (vehicle_core) StdoutLine: {'line': b'-- Up-to-date symlink: /home/avcpp/AV-CPP2025/Vehicle/install/vehicle_core/share/vehicle_core/msg/StateEvent.msg\n'}
[52.742642] (vehicle_core) StdoutLine: {'line': b'-- Up-to-date symlink: /home/avcpp/AV-CPP2025/Vehicle/install/vehicle_core/share/vehicle_core/msg/DriveFeedback.msg\n'}
[52.742732] (vehicle_core) StdoutLine: {'line': b'-- Up-to-date symlink: /home/avcpp/AV-CPP2025/Vehicle/install/vehicle_core/share/vehicle_core/msg/IMUStatus.msg\n'}
[52.742831] (vehicle_core) StdoutLine: {'line': b'-- Up-to-date symlink: /home/avcpp/AV-CPP2025/Vehicle/install/vehicle_core/share/vehicle_core/srv/RequestInternalControl.srv\n'}
[52.742926] (vehicle_core) StdoutLine: {'line': b'-- Up-to-date symlink: /home/avcpp/AV-CPP2025/Vehicle/install/vehicle_core/share/vehicle_core/srv/RequestInternalControl_Request.msg\n'}
[52.743019] (vehicle_core) StdoutLine: {'line': b'-- Up-to-date symlink: /home/avcpp/AV-CPP2025/Vehicle/install/vehicle_core/share/vehicle_core/srv/RequestInternalControl_Response.msg\n'}
[52.743111] (vehicle_core) StdoutLine: {'line': b'-- Up-to-date symlink: /home/avcpp/AV-CPP2025/Vehicle/install/vehicle_core/share/vehicle_core/srv/ReleaseInternalControl.srv\n'}
[52.743210] (vehicle_core) StdoutLine: {'line': b'-- Up-to-date symlink: /home/avcpp/AV-CPP2025/Vehicle/install/vehicle_core/share/vehicle_core/srv/ReleaseInternalControl_Request.msg\n'}
[52.743301] (vehicle_core) StdoutLine: {'line': b'-- Up-to-date symlink: /home/avcpp/AV-CPP2025/Vehicle/install/vehicle_core/share/vehicle_core/srv/ReleaseInternalControl_Response.msg\n'}
[52.743392] (vehicle_core) StdoutLine: {'line': b'-- Up-to-date symlink: /home/avcpp/AV-CPP2025/Vehicle/install/vehicle_core/share/vehicle_core/srv/SetAutopilotProfile.srv\n'}
[52.743483] (vehicle_core) StdoutLine: {'line': b'-- Up-to-date symlink: /home/avcpp/AV-CPP2025/Vehicle/install/vehicle_core/share/vehicle_core/srv/SetAutopilotProfile_Request.msg\n'}
[52.743573] (vehicle_core) StdoutLine: {'line': b'-- Up-to-date symlink: /home/avcpp/AV-CPP2025/Vehicle/install/vehicle_core/share/vehicle_core/srv/SetAutopilotProfile_Response.msg\n'}
[52.743666] (vehicle_core) StdoutLine: {'line': b'-- Up-to-date symlink: /home/avcpp/AV-CPP2025/Vehicle/install/vehicle_core/include/vehicle_core/Autopilot/KmlPathLoader.hpp\n'}
[52.743757] (vehicle_core) StdoutLine: {'line': b'-- Up-to-date symlink: /home/avcpp/AV-CPP2025/Vehicle/install/vehicle_core/include/vehicle_core/Autopilot/PurePursuit.hpp\n'}
[52.743847] (vehicle_core) StdoutLine: {'line': b'-- Up-to-date symlink: /home/avcpp/AV-CPP2025/Vehicle/install/vehicle_core/include/vehicle_core/Autopilot/autopilot_node.hpp\n'}
[52.743937] (vehicle_core) StdoutLine: {'line': b'-- Up-to-date symlink: /home/avcpp/AV-CPP2025/Vehicle/install/vehicle_core/include/vehicle_core/Devices/BNO055.hpp\n'}
[52.744028] (vehicle_core) StdoutLine: {'line': b'-- Up-to-date symlink: /home/avcpp/AV-CPP2025/Vehicle/install/vehicle_core/include/vehicle_core/Devices/DriveSubsys.hpp\n'}
[52.744119] (vehicle_core) StdoutLine: {'line': b'-- Up-to-date symlink: /home/avcpp/AV-CPP2025/Vehicle/install/vehicle_core/include/vehicle_core/Devices/GtU7Gps.hpp\n'}
[52.744209] (vehicle_core) StdoutLine: {'line': b'-- Up-to-date symlink: /home/avcpp/AV-CPP2025/Vehicle/install/vehicle_core/include/vehicle_core/Devices/I2C/I2CBus.hpp\n'}
[52.744300] (vehicle_core) StdoutLine: {'line': b'-- Up-to-date symlink: /home/avcpp/AV-CPP2025/Vehicle/install/vehicle_core/include/vehicle_core/Devices/I2C/I2CBusRegistry.hpp\n'}
[52.744393] (vehicle_core) StdoutLine: {'line': b'-- Up-to-date symlink: /home/avcpp/AV-CPP2025/Vehicle/install/vehicle_core/include/vehicle_core/Devices/I2C/I2CDevice.hpp\n'}
[52.744484] (vehicle_core) StdoutLine: {'line': b'-- Up-to-date symlink: /home/avcpp/AV-CPP2025/Vehicle/install/vehicle_core/include/vehicle_core/Devices/LightingSubsys.hpp\n'}
[52.744574] (vehicle_core) StdoutLine: {'line': b'-- Up-to-date symlink: /home/avcpp/AV-CPP2025/Vehicle/install/vehicle_core/include/vehicle_core/drive_arbiter_node.hpp\n'}
[52.744664] (vehicle_core) StdoutLine: {'line': b'-- Up-to-date symlink: /home/avcpp/AV-CPP2025/Vehicle/install/vehicle_core/include/vehicle_core/gst_camera_node.hpp\n'}
[52.744760] (vehicle_core) StdoutLine: {'line': b'-- Up-to-date symlink: /home/avcpp/AV-CPP2025/Vehicle/install/vehicle_core/include/vehicle_core/gt_u7_gps_node.hpp\n'}
[52.744853] (vehicle_core) StdoutLine: {'line': b'-- Up-to-date symlink: /home/avcpp/AV-CPP2025/Vehicle/install/vehicle_core/include/vehicle_core/heading_calibrator_node.hpp\n'}
[52.744945] (vehicle_core) StdoutLine: {'line': b'-- Up-to-date symlink: /home/avcpp/AV-CPP2025/Vehicle/install/vehicle_core/include/vehicle_core/i2c_bridge_node.hpp\n'}
[52.745036] (vehicle_core) StdoutLine: {'line': b'-- Up-to-date symlink: /home/avcpp/AV-CPP2025/Vehicle/install/vehicle_core/include/vehicle_core/state_manager.hpp\n'}
[52.745130] (vehicle_core) StdoutLine: {'line': b'-- Up-to-date symlink: /home/avcpp/AV-CPP2025/Vehicle/install/vehicle_core/include/vehicle_core/tcp_server_node.hpp\n'}
[52.745223] (vehicle_core) StdoutLine: {'line': b'-- Up-to-date symlink: /home/avcpp/AV-CPP2025/Vehicle/install/vehicle_core/share/vehicle_core/data/Vehicle_Path.kml\n'}
[52.745323] (vehicle_core) StdoutLine: {'line': b'-- Up-to-date symlink: /home/avcpp/AV-CPP2025/Vehicle/install/vehicle_core/lib/libstate_manager_node_component.so\n'}
[52.745414] (vehicle_core) StdoutLine: {'line': b'-- Up-to-date symlink: /home/avcpp/AV-CPP2025/Vehicle/install/vehicle_core/lib/libheading_calibrator_node_component.so\n'}
[52.745505] (vehicle_core) StdoutLine: {'line': b'-- Up-to-date symlink: /home/avcpp/AV-CPP2025/Vehicle/install/vehicle_core/lib/libdrive_arbiter_node_component.so\n'}
[52.745609] (vehicle_core) StdoutLine: {'line': b'-- Up-to-date symlink: /home/avcpp/AV-CPP2025/Vehicle/install/vehicle_core/lib/libgt_u7_gps_node_component.so\n'}
[52.745700] (vehicle_core) StdoutLine: {'line': b'-- Up-to-date symlink: /home/avcpp/AV-CPP2025/Vehicle/install/vehicle_core/lib/libtcp_server_node_component.so\n'}
[52.745790] (vehicle_core) StdoutLine: {'line': b'-- Up-to-date symlink: /home/avcpp/AV-CPP2025/Vehicle/install/vehicle_core/lib/libi2c_bridge_node.so\n'}
[52.745884] (vehicle_core) StdoutLine: {'line': b'-- Up-to-date symlink: /home/avcpp/AV-CPP2025/Vehicle/install/vehicle_core/lib/libautopilot_node_component.so\n'}
[52.745974] (vehicle_core) StdoutLine: {'line': b'-- Up-to-date symlink: /home/avcpp/AV-CPP2025/Vehicle/install/vehicle_core/lib/libgst_camera_component.so\n'}
[52.746089] (vehicle_core) StdoutLine: {'line': b'-- Up-to-date symlink: /home/avcpp/AV-CPP2025/Vehicle/install/vehicle_core/lib/vehicle_core/vehicle_core_container\n'}
[52.746197] (vehicle_core) StdoutLine: {'line': b'-- Up-to-date symlink: /home/avcpp/AV-CPP2025/Vehicle/install/vehicle_core/share/vehicle_core/cfg/autopilot.yaml\n'}
[52.746291] (vehicle_core) StdoutLine: {'line': b'-- Up-to-date symlink: /home/avcpp/AV-CPP2025/Vehicle/install/vehicle_core/share/vehicle_core/cfg/camera_gscam.yaml\n'}
[52.746383] (vehicle_core) StdoutLine: {'line': b'-- Up-to-date symlink: /home/avcpp/AV-CPP2025/Vehicle/install/vehicle_core/share/vehicle_core/cfg/drive_arbiter.yaml\n'}
[52.746474] (vehicle_core) StdoutLine: {'line': b'-- Up-to-date symlink: /home/avcpp/AV-CPP2025/Vehicle/install/vehicle_core/share/vehicle_core/cfg/ekf.yaml\n'}
[52.746566] (vehicle_core) StdoutLine: {'line': b'-- Up-to-date symlink: /home/avcpp/AV-CPP2025/Vehicle/install/vehicle_core/share/vehicle_core/cfg/gt_u7_gps.yaml\n'}
[52.746660] (vehicle_core) StdoutLine: {'line': b'-- Up-to-date symlink: /home/avcpp/AV-CPP2025/Vehicle/install/vehicle_core/share/vehicle_core/cfg/heading_calib.yaml\n'}
[52.746751] (vehicle_core) StdoutLine: {'line': b'-- Up-to-date symlink: /home/avcpp/AV-CPP2025/Vehicle/install/vehicle_core/share/vehicle_core/cfg/i2c_bridge.yaml\n'}
[52.746842] (vehicle_core) StdoutLine: {'line': b'-- Up-to-date symlink: /home/avcpp/AV-CPP2025/Vehicle/install/vehicle_core/share/vehicle_core/cfg/navsat.yaml\n'}
[52.746932] (vehicle_core) StdoutLine: {'line': b'-- Up-to-date symlink: /home/avcpp/AV-CPP2025/Vehicle/install/vehicle_core/share/vehicle_core/cfg/state_manager.yaml\n'}
[52.747022] (vehicle_core) StdoutLine: {'line': b'-- Up-to-date symlink: /home/avcpp/AV-CPP2025/Vehicle/install/vehicle_core/share/vehicle_core/launch/bringup.launch.py\n'}
[52.747097] (vehicle_core) StdoutLine: {'line': b'-- Up-to-date symlink: /home/avcpp/AV-CPP2025/Vehicle/install/vehicle_core/share/ament_index/resource_index/package_run_dependencies/vehicle_core\n'}
[52.747169] (vehicle_core) StdoutLine: {'line': b'-- Up-to-date symlink: /home/avcpp/AV-CPP2025/Vehicle/install/vehicle_core/share/ament_index/resource_index/parent_prefix_path/vehicle_core\n'}
[52.747247] (vehicle_core) StdoutLine: {'line': b'-- Up-to-date symlink: /home/avcpp/AV-CPP2025/Vehicle/install/vehicle_core/share/vehicle_core/environment/ament_prefix_path.sh\n'}
[52.747320] (vehicle_core) StdoutLine: {'line': b'-- Up-to-date symlink: /home/avcpp/AV-CPP2025/Vehicle/install/vehicle_core/share/vehicle_core/environment/ament_prefix_path.dsv\n'}
[52.747391] (vehicle_core) StdoutLine: {'line': b'-- Up-to-date symlink: /home/avcpp/AV-CPP2025/Vehicle/install/vehicle_core/share/vehicle_core/environment/path.sh\n'}
[52.747470] (vehicle_core) StdoutLine: {'line': b'-- Up-to-date symlink: /home/avcpp/AV-CPP2025/Vehicle/install/vehicle_core/share/vehicle_core/environment/path.dsv\n'}
[52.747542] (vehicle_core) StdoutLine: {'line': b'-- Up-to-date symlink: /home/avcpp/AV-CPP2025/Vehicle/install/vehicle_core/share/vehicle_core/local_setup.bash\n'}
[52.747617] (vehicle_core) StdoutLine: {'line': b'-- Up-to-date symlink: /home/avcpp/AV-CPP2025/Vehicle/install/vehicle_core/share/vehicle_core/local_setup.sh\n'}
[52.747689] (vehicle_core) StdoutLine: {'line': b'-- Up-to-date symlink: /home/avcpp/AV-CPP2025/Vehicle/install/vehicle_core/share/vehicle_core/local_setup.zsh\n'}
[52.747758] (vehicle_core) StdoutLine: {'line': b'-- Up-to-date symlink: /home/avcpp/AV-CPP2025/Vehicle/install/vehicle_core/share/vehicle_core/local_setup.dsv\n'}
[52.747827] (vehicle_core) StdoutLine: {'line': b'-- Symlinking: /home/avcpp/AV-CPP2025/Vehicle/install/vehicle_core/share/vehicle_core/package.dsv\n'}
[52.748494] (vehicle_core) StdoutLine: {'line': b'-- Up-to-date symlink: /home/avcpp/AV-CPP2025/Vehicle/install/vehicle_core/share/ament_index/resource_index/packages/vehicle_core\n'}
[52.748697] (vehicle_core) StdoutLine: {'line': b'-- Up-to-date symlink: /home/avcpp/AV-CPP2025/Vehicle/install/vehicle_core/share/ament_index/resource_index/rclcpp_components/vehicle_core\n'}
[52.748846] (vehicle_core) StdoutLine: {'line': b'-- Up-to-date symlink: /home/avcpp/AV-CPP2025/Vehicle/install/vehicle_core/share/vehicle_core/cmake/rosidl_cmake-extras.cmake\n'}
[52.749030] (vehicle_core) StdoutLine: {'line': b'-- Up-to-date symlink: /home/avcpp/AV-CPP2025/Vehicle/install/vehicle_core/share/vehicle_core/cmake/ament_cmake_export_dependencies-extras.cmake\n'}
[52.749221] (vehicle_core) StdoutLine: {'line': b'-- Up-to-date symlink: /home/avcpp/AV-CPP2025/Vehicle/install/vehicle_core/share/vehicle_core/cmake/ament_cmake_export_include_directories-extras.cmake\n'}
[52.749392] (vehicle_core) StdoutLine: {'line': b'-- Up-to-date symlink: /home/avcpp/AV-CPP2025/Vehicle/install/vehicle_core/share/vehicle_core/cmake/ament_cmake_export_libraries-extras.cmake\n'}
[52.749689] (vehicle_core) StdoutLine: {'line': b'-- Up-to-date symlink: /home/avcpp/AV-CPP2025/Vehicle/install/vehicle_core/share/vehicle_core/cmake/ament_cmake_export_targets-extras.cmake\n'}
[52.749819] (vehicle_core) StdoutLine: {'line': b'-- Up-to-date symlink: /home/avcpp/AV-CPP2025/Vehicle/install/vehicle_core/share/vehicle_core/cmake/rosidl_cmake_export_typesupport_targets-extras.cmake\n'}
[52.749978] (vehicle_core) StdoutLine: {'line': b'-- Up-to-date symlink: /home/avcpp/AV-CPP2025/Vehicle/install/vehicle_core/share/vehicle_core/cmake/rosidl_cmake_export_typesupport_libraries-extras.cmake\n'}
[52.750145] (vehicle_core) StdoutLine: {'line': b'-- Up-to-date symlink: /home/avcpp/AV-CPP2025/Vehicle/install/vehicle_core/share/vehicle_core/cmake/vehicle_coreConfig.cmake\n'}
[52.750304] (vehicle_core) StdoutLine: {'line': b'-- Up-to-date symlink: /home/avcpp/AV-CPP2025/Vehicle/install/vehicle_core/share/vehicle_core/cmake/vehicle_coreConfig-version.cmake\n'}
[52.750478] (vehicle_core) StdoutLine: {'line': b'-- Up-to-date symlink: /home/avcpp/AV-CPP2025/Vehicle/install/vehicle_core/share/vehicle_core/package.xml\n'}
[52.750866] (vehicle_core) StdoutLine: {'line': b'-- Up-to-date: /home/avcpp/AV-CPP2025/Vehicle/install/vehicle_core/lib/libvehicle_core__rosidl_generator_c.so\n'}
[52.751196] (vehicle_core) StdoutLine: {'line': b'-- Up-to-date: /home/avcpp/AV-CPP2025/Vehicle/install/vehicle_core/lib/libvehicle_core__rosidl_typesupport_fastrtps_c.so\n'}
[52.751493] (vehicle_core) StdoutLine: {'line': b'-- Up-to-date: /home/avcpp/AV-CPP2025/Vehicle/install/vehicle_core/lib/libvehicle_core__rosidl_typesupport_fastrtps_cpp.so\n'}
[52.751776] (vehicle_core) StdoutLine: {'line': b'-- Up-to-date: /home/avcpp/AV-CPP2025/Vehicle/install/vehicle_core/lib/libvehicle_core__rosidl_typesupport_introspection_c.so\n'}
[52.752043] (vehicle_core) StdoutLine: {'line': b'-- Up-to-date: /home/avcpp/AV-CPP2025/Vehicle/install/vehicle_core/lib/libvehicle_core__rosidl_typesupport_c.so\n'}
[52.752271] (vehicle_core) StdoutLine: {'line': b'-- Up-to-date: /home/avcpp/AV-CPP2025/Vehicle/install/vehicle_core/lib/libvehicle_core__rosidl_typesupport_introspection_cpp.so\n'}
[52.752547] (vehicle_core) StdoutLine: {'line': b'-- Up-to-date: /home/avcpp/AV-CPP2025/Vehicle/install/vehicle_core/lib/libvehicle_core__rosidl_typesupport_cpp.so\n'}
[52.813280] (vehicle_core) StdoutLine: {'line': b"Listing '/home/avcpp/AV-CPP2025/Vehicle/install/vehicle_core/local/lib/python3.10/dist-packages/vehicle_core'...\n"}
[52.814076] (vehicle_core) StdoutLine: {'line': b"Listing '/home/avcpp/AV-CPP2025/Vehicle/install/vehicle_core/local/lib/python3.10/dist-packages/vehicle_core/msg'...\n"}
[52.814516] (vehicle_core) StdoutLine: {'line': b"Listing '/home/avcpp/AV-CPP2025/Vehicle/install/vehicle_core/local/lib/python3.10/dist-packages/vehicle_core/srv'...\n"}
[52.825172] (-) TimerEvent: {}
[52.826285] (vehicle_core) StdoutLine: {'line': b'-- Up-to-date: /home/avcpp/AV-CPP2025/Vehicle/install/vehicle_core/lib/libvehicle_core__rosidl_generator_py.so\n'}
[52.827169] (vehicle_core) StdoutLine: {'line': b'-- Up-to-date: /home/avcpp/AV-CPP2025/Vehicle/install/vehicle_core/share/vehicle_core/cmake/export_vehicle_core__rosidl_generator_cExport.cmake\n'}
[52.827349] (vehicle_core) StdoutLine: {'line': b'-- Up-to-date: /home/avcpp/AV-CPP2025/Vehicle/install/vehicle_core/share/vehicle_core/cmake/export_vehicle_core__rosidl_generator_cExport-noconfig.cmake\n'}
[52.827681] (vehicle_core) StdoutLine: {'line': b'-- Up-to-date: /home/avcpp/AV-CPP2025/Vehicle/install/vehicle_core/share/vehicle_core/cmake/export_vehicle_core__rosidl_typesupport_fastrtps_cExport.cmake\n'}
[52.827815] (vehicle_core) StdoutLine: {'line': b'-- Up-to-date: /home/avcpp/AV-CPP2025/Vehicle/install/vehicle_core/share/vehicle_core/cmake/export_vehicle_core__rosidl_typesupport_fastrtps_cExport-noconfig.cmake\n'}
[52.828011] (vehicle_core) StdoutLine: {'line': b'-- Up-to-date: /home/avcpp/AV-CPP2025/Vehicle/install/vehicle_core/share/vehicle_core/cmake/export_vehicle_core__rosidl_generator_cppExport.cmake\n'}
[52.828322] (vehicle_core) StdoutLine: {'line': b'-- Up-to-date: /home/avcpp/AV-CPP2025/Vehicle/install/vehicle_core/share/vehicle_core/cmake/export_vehicle_core__rosidl_typesupport_fastrtps_cppExport.cmake\n'}
[52.828616] (vehicle_core) StdoutLine: {'line': b'-- Up-to-date: /home/avcpp/AV-CPP2025/Vehicle/install/vehicle_core/share/vehicle_core/cmake/export_vehicle_core__rosidl_typesupport_fastrtps_cppExport-noconfig.cmake\n'}
[52.828941] (vehicle_core) StdoutLine: {'line': b'-- Up-to-date: /home/avcpp/AV-CPP2025/Vehicle/install/vehicle_core/share/vehicle_core/cmake/vehicle_core__rosidl_typesupport_introspection_cExport.cmake\n'}
[52.829014] (vehicle_core) StdoutLine: {'line': b'-- Up-to-date: /home/avcpp/AV-CPP2025/Vehicle/install/vehicle_core/share/vehicle_core/cmake/vehicle_core__rosidl_typesupport_introspection_cExport-noconfig.cmake\n'}
[52.829331] (vehicle_core) StdoutLine: {'line': b'-- Up-to-date: /home/avcpp/AV-CPP2025/Vehicle/install/vehicle_core/share/vehicle_core/cmake/vehicle_core__rosidl_typesupport_cExport.cmake\n'}
[52.829473] (vehicle_core) StdoutLine: {'line': b'-- Up-to-date: /home/avcpp/AV-CPP2025/Vehicle/install/vehicle_core/share/vehicle_core/cmake/vehicle_core__rosidl_typesupport_cExport-noconfig.cmake\n'}
[52.829725] (vehicle_core) StdoutLine: {'line': b'-- Up-to-date: /home/avcpp/AV-CPP2025/Vehicle/install/vehicle_core/share/vehicle_core/cmake/vehicle_core__rosidl_typesupport_introspection_cppExport.cmake\n'}
[52.829871] (vehicle_core) StdoutLine: {'line': b'-- Up-to-date: /home/avcpp/AV-CPP2025/Vehicle/install/vehicle_core/share/vehicle_core/cmake/vehicle_core__rosidl_typesupport_introspection_cppExport-noconfig.cmake\n'}
[52.830175] (vehicle_core) StdoutLine: {'line': b'-- Up-to-date: /home/avcpp/AV-CPP2025/Vehicle/install/vehicle_core/share/vehicle_core/cmake/vehicle_core__rosidl_typesupport_cppExport.cmake\n'}
[52.830323] (vehicle_core) StdoutLine: {'line': b'-- Up-to-date: /home/avcpp/AV-CPP2025/Vehicle/install/vehicle_core/share/vehicle_core/cmake/vehicle_core__rosidl_typesupport_cppExport-noconfig.cmake\n'}
[52.830771] (vehicle_core) StdoutLine: {'line': b'-- Up-to-date: /home/avcpp/AV-CPP2025/Vehicle/install/vehicle_core/share/vehicle_core/cmake/export_vehicle_core__rosidl_generator_pyExport.cmake\n'}
[52.830843] (vehicle_core) StdoutLine: {'line': b'-- Up-to-date: /home/avcpp/AV-CPP2025/Vehicle/install/vehicle_core/share/vehicle_core/cmake/export_vehicle_core__rosidl_generator_pyExport-noconfig.cmake\n'}
[52.837668] (vehicle_core) CommandEnded: {'returncode': 0}
[52.872651] (vehicle_core) JobEnded: {'identifier': 'vehicle_core', 'rc': 0}
[52.874601] (-) EventReactorShutdown: {}
